"발생년","발생년월일시","발생분","주야","요일","사망자수","사상자수","중상자수","경상자수","부상신고자수","발생지시도","발생지시군구","사고유형_대분류","사고유형_중분류","사고유형","법규위반_대분류","법규위반","도로형태_대분류","도로형태","당사자종별_1당_대분류","당사자종별_1당","당사자종별_2당_대분류","당사자종별_2당","발생위치X_UTMK","발생위치Y_UTMK","경도","위도"
"2012","2012061018","00","야간","일",1,2,0,1,0,"광주","광산구","차대차","측면직각충돌","측면직각충돌","운전자법규위반","신호위반","교차로","교차로내","원동기장치자전거","원동기장치자전거","승용차","소형","938882  ","1688076 ",126.82870737,35.18613189
"2012","2012060906","10","주간","토",1,1,0,0,0,"강원","양양군","차량단독","전도전복","전도전복","운전자법규위반","안전운전 의무 불이행","단일로","기타단일로","원동기장치자전거","원동기장치자전거","00","00","1094923 ","2014709 ",128.58302391,38.12757675
"2012","2012060820","10","야간","금",1,1,0,0,0,"제주","서귀포시","차대사람","기타","기타","운전자법규위반","안전운전 의무 불이행","단일로","기타단일로","승용차","중형","보행자","보행자","913503  ","1474110 ",126.57140231,33.25485375
"2012","2012060903","20","야간","토",1,1,0,0,0,"울산","남구","차량단독","공작물충돌","공작물충돌","운전자법규위반","안전운전 의무 불이행","교차로","교차로부근","승용차","대형","00","00","1162082 ","1729290 ",129.28808112,35.54635421
"2012","2012061216","50","주간","화",1,1,0,0,0,"부산","연제구","차대차","측면직각충돌","측면직각충돌","운전자법규위반","안전운전 의무 불이행","단일로","기타단일로","건설기계","건설기계","이륜차","중형","1144344 ","1688079 ",129.0851885,35.17764477
"2012","2012061304","47","야간","수",1,1,0,0,0,"전남","여수시","차량단독","공작물충돌","공작물충돌","운전자법규위반","안전운전 의무 불이행","단일로","기타단일로","승용차","소형","00","00","1020107 ","1640184 ",127.7204721,34.75599956
"2012","2012042608","10","주간","목",1,1,0,0,0,"대구","동구","차대차","측면직각충돌","측면직각충돌","운전자법규위반","과속","교차로","교차로내","화물차","소형","자전거","자전거","1109564 ","1764623 ",128.71366787,35.87205813
"2012","2012042712","50","주간","금",1,1,0,0,0,"경남","산청군","차대사람","횡단중","횡단중","운전자법규위반","안전운전 의무 불이행","단일로","횡단보도부근","화물차","소형","보행자","보행자","1048593 ","1705316 ",128.03475001,35.34226337
"2012","2012042603","08","야간","목",1,1,0,0,0,"부산","연제구","차대사람","기타","기타","운전자법규위반","신호위반","단일로","횡단보도상","승용차","중형","보행자","보행자","1146340 ","1688421 ",129.10716168,35.18043861
"2012","2012042514","35","주간","수",1,2,1,0,0,"강원","양구군","차량단독","공작물충돌","공작물충돌","운전자법규위반","안전운전 의무 불이행","단일로","기타단일로","승용차","소형","00","00","1044703 ","2009118 ",128.00972133,38.08107367
"2012","2012050101","43","야간","화",1,1,0,0,0,"경기","성남시","차대사람","기타","기타","운전자법규위반","안전운전 의무 불이행","단일로","기타단일로","승용차","중형","보행자","보행자","967194  ","1937106 ",127.12953737,37.43647378
"2012","2012043005","55","야간","월",1,1,0,0,0,"경기","김포시","차량단독","공작물충돌","공작물충돌","운전자법규위반","안전운전 의무 불이행","단일로","기타단일로","승용차","중형","00","00","936845  ","1956739 ",126.77208196,37.60031791
"2012","2012043008","40","주간","월",1,3,0,2,0,"서울","강동구","차대차","추돌","진행중 추돌","운전자법규위반","안전운전 의무 불이행","단일로","기타단일로","승용차","소형","승용차","중형","968532  ","1950156 ",127.14362484,37.55015195
"2012","2012042813","55","주간","토",1,5,1,3,0,"전남","화순군","차대차","정면충돌","정면충돌","운전자법규위반","중앙선 침범","단일로","기타단일로","승용차","중형","승합차","대형","950546  ","1663123 ",126.95830277,34.96177486
"2012","2012042917","35","주간","일",2,5,3,0,0,"경북","영천시","차량단독","공작물충돌","공작물충돌","운전자법규위반","안전운전 의무 불이행","단일로","기타단일로","화물차","소형","00","00","1112073 ","1788896 ",128.744887,36.09056719
"2012","2012050510","45","주간","토",1,1,0,0,0,"충남","홍성군","차대차","기타","기타","운전자법규위반","교차로 통행방법 위반","교차로","교차로내","원동기장치자전거","원동기장치자전거","화물차","소형","912453  ","1847470 ",126.52102374,36.62109807
"2012","2012050508","40","주간","토",1,1,0,0,0,"부산","진구","차대사람","기타","기타","운전자법규위반","안전운전 의무 불이행","단일로","기타단일로","화물차","경형","보행자","보행자","1142056 ","1685924 ",129.05969895,35.15854615
"2012","2012050302","14","야간","목",1,1,0,0,0,"경남","창원시(통합)","차대사람","기타","기타","운전자법규위반","안전운전 의무 불이행","단일로","기타단일로","화물차","소형","보행자","보행자","1090812 ","1693364 ",128.49771211,35.23174316
"2012","2012050308","30","주간","목",1,1,0,0,0,"강원","원주시","차대차","추돌","진행중 추돌","운전자법규위반","보행자 보호의무 위반","단일로","기타단일로","승용차","중형","자전거","자전거","1040426 ","1924435 ",127.95558804,37.31820399
"2012","2012050619","26","야간","일",1,1,0,0,0,"전북","익산시","차량단독","전도전복","전도전복","운전자법규위반","안전운전 의무 불이행","단일로","기타단일로","이륜차","소형","00","00","958808  ","1778273 ",127.04295848,36.00038765
"2012","2012050623","19","야간","일",1,1,0,0,0,"경북","경산시","차대차","추돌","주정차중 추돌","운전자법규위반","안전운전 의무 불이행","단일로","기타단일로","화물차","소형","화물차","대형","1111310 ","1755621 ",128.72666323,35.76717434
"2012","2012050620","30","야간","일",1,1,0,0,0,"경기","고양시","차대차","추돌","진행중 추돌","운전자법규위반","안전운전 의무 불이행","단일로","기타단일로","이륜차","대형","화물차","중형","944074  ","1960196 ",126.86610375,37.63953661
"2012","2012050513","40","주간","토",1,1,0,0,0,"전남","완도군","차량단독","전도전복","전도전복","운전자법규위반","안전운전 의무 불이행","교차로","교차로부근","화물차","중형","00","00","942789  ","1600023 ",126.87752355,34.39253114
"2012","2012051305","47","야간","일",1,1,0,0,0,"부산","강서구","차량단독","전도전복","전도전복","운전자법규위반","안전운전 의무 불이행","기타/불명","기타/불명","원동기장치자전거","원동기장치자전거","00","00","1128991 ","1678030 ",128.91506165,35.0891474
"2012","2012051309","20","주간","일",1,2,0,1,0,"충북","증평군","차대차","측면직각충돌","측면직각충돌","운전자법규위반","신호위반","교차로","교차로내","원동기장치자전거","원동기장치자전거","승용차","중형","1010086 ","1866936 ",127.61306165,36.80053155
"2012","2012051316","50","주간","일",1,1,0,0,0,"충남","당진시","차대차","정면충돌","정면충돌","운전자법규위반","중앙선 침범","단일로","기타단일로","이륜차","소형","화물차","소형","917090  ","1875473 ",126.5697219,36.8739025
"2012","2012051510","52","주간","화",1,1,0,0,0,"경북","포항시","차량단독","전도전복","전도전복","운전자법규위반","안전운전 의무 불이행","단일로","기타단일로","승용차","중형","00","00","1163761 ","1785748 ",129.31815574,36.0548619
"2012","2012051520","20","야간","화",1,2,1,0,0,"대구","수성구","차대사람","기타","기타","운전자법규위반","신호위반","단일로","횡단보도상","승용차","중형","보행자","보행자","1101505 ","1760588 ",128.62389882,35.83655362
"2012","2012051923","30","야간","토",1,1,0,0,0,"대구","북구","차대사람","횡단중","횡단중","운전자법규위반","안전운전 의무 불이행","단일로","기타단일로","승용차","중형","보행자","보행자","1094687 ","1767238 ",128.54920927,35.89718314
"2012","2012052023","00","야간","일",1,1,0,0,0,"경남","밀양시","차대사람","차도통행중","차도통행중","운전자법규위반","안전운전 의무 불이행","단일로","기타단일로","화물차","소형","보행자","보행자","1114915 ","1726270 ",128.76695468,35.52184334
"2012","2012052015","20","주간","일",1,1,0,0,0,"경남","밀양시","차대사람","횡단중","횡단중","운전자법규위반","안전운전 의무 불이행","교차로","교차로부근","승용차","소형","보행자","보행자","1112882 ","1722487 ",128.74450141,35.49185553
"2012","2012051914","35","주간","토",4,12,1,7,0,"광주","남구","차대차","기타","기타","운전자법규위반","신호위반","교차로","교차로부근","건설기계","건설기계","승용차","소형","946018  ","1681204 ",126.90753141,35.12457801
"2012","2012052518","10","야간","금",1,1,0,0,0,"충북","괴산군","차량단독","도로이탈","도로이탈 추락","운전자법규위반","안전운전 의무 불이행","단일로","기타단일로","승용차","대형","00","00","1021448 ","1873835 ",127.74062091,36.86253405
"2012","2012052409","23","주간","목",1,3,0,1,1,"전남","화순군","차대차","기타","기타","운전자법규위반","신호위반","교차로","교차로부근","승용차","중형","승합차","소형","953520  ","1674066 ",126.99026565,35.06058955
"2012","2012052804","35","야간","월",1,1,0,0,0,"경기","화성시","차량단독","공작물충돌","공작물충돌","운전자법규위반","안전운전 의무 불이행","단일로","횡단보도부근","화물차","중형","00","00","961200  ","1912779 ",127.06270587,37.21302609
"2012","2012052620","11","야간","토",1,1,0,0,0,"충남","당진시","차대사람","횡단중","횡단중","운전자법규위반","안전운전 의무 불이행","교차로","교차로부근","화물차","경형","보행자","보행자","918513  ","1882493 ",126.58493118,36.93730062
"2012","2012052620","19","야간","토",1,1,0,0,0,"충남","서산시","차대차","측면직각충돌","측면직각충돌","운전자법규위반","중앙선 침범","교차로","교차로부근","자전거","자전거","승용차","중형","911567  ","1861336 ",126.50940325,36.74597935
"2012","2012052604","12","야간","토",1,4,2,1,0,"부산","동래구","차대차","정면충돌","정면충돌","운전자법규위반","중앙선 침범","단일로","기타단일로","승용차","소형","화물차","대형","1145984 ","1690223 ",129.10357247,35.19673296
"2012","2012052607","15","주간","토",1,1,0,0,0,"부산","기장군","차대차","추돌","진행중 추돌","운전자법규위반","안전운전 의무 불이행","단일로","기타단일로","승용차","대형","이륜차","사발이","1158734 ","1705135 ",129.24645252,35.32919741
"2012","2012052522","30","야간","금",1,1,0,0,0,"경남","창원시(통합)","차대사람","차도통행중","차도통행중","운전자법규위반","안전운전 의무 불이행","단일로","기타단일로","승용차","소형","보행자","보행자","1104251 ","1694993 ",128.64585536,35.24493884
"2012","2012053018","45","야간","수",1,5,4,0,0,"충북","보은군","차량단독","공작물충돌","공작물충돌","운전자법규위반","안전운전 의무 불이행","단일로","기타단일로","화물차","소형","00","00","1022692 ","1823344 ",127.75308396,36.40733388
"2012","2012052917","10","주간","화",2,3,0,1,0,"인천","중구","차대차","정면충돌","정면충돌","운전자법규위반","중앙선 침범","단일로","기타단일로","승용차","중형","승용차","소형","910405  ","1942937 ",126.48663421,37.48132838
"2012","2012052920","50","야간","화",1,1,0,0,0,"충남","당진시","차대차","추돌","진행중 추돌","운전자법규위반","안전운전 의무 불이행","단일로","기타단일로","승용차","소형","농기계","농기계","934565  ","1867035 ",126.76650738,36.79921593
"2012","2012060518","05","야간","화",1,2,0,1,0,"전북","남원시","차대차","측면직각충돌","측면직각충돌","운전자법규위반","신호위반","교차로","교차로내","승합차","대형","자전거","자전거","988949  ","1711741 ",127.37829819,35.40131835
"2012","2012060314","50","주간","일",1,1,0,0,0,"충북","청원군","차대차","기타","기타","운전자법규위반","신호위반","교차로","교차로내","이륜차","사발이","승용차","대형","998582  ","1862336 ",127.48411311,36.75911631
"2012","2012060922","37","야간","토",1,1,0,0,0,"경기","여주시","차량단독","전도전복","전도전복","운전자법규위반","안전운전 의무 불이행","단일로","기타단일로","화물차","소형","00","00","1014827 ","1914999 ",127.66715327,37.23372659
"2012","2012060919","30","야간","토",1,3,1,1,0,"경기","이천시","차대차","추돌","진행중 추돌","운전자법규위반","안전운전 의무 불이행","단일로","기타단일로","승용차","중형","화물차","소형","996739  ","1919997 ",127.46321491,37.27889101
"2012","2012061316","42","주간","수",1,3,1,1,0,"인천","부평구","차대사람","기타","기타","운전자법규위반","안전운전 의무 불이행","단일로","횡단보도상","승용차","중형","보행자","보행자","932594  ","1943353 ",126.73754149,37.48696371
"2012","2012042619","55","야간","목",1,3,1,1,0,"충남","예산군","차대차","측면직각충돌","측면직각충돌","운전자법규위반","신호위반","교차로","교차로내","승용차","중형","화물차","소형","940074  ","1855847 ",126.82913496,36.69872997
"2012","2012042620","08","야간","목",1,2,1,0,0,"충남","예산군","차대차","측면직각충돌","측면직각충돌","운전자법규위반","중앙선 침범","단일로","기타단일로","승용차","중형","화물차","대형","940851  ","1855917 ",126.83782745,36.69940966
"2012","2012111010","00","주간","토",1,1,0,0,0,"경남","합천군","차대차","측면직각충돌","측면직각충돌","운전자법규위반","안전거리 미확보","단일로","기타단일로","화물차","소형","승용차","중형","1056862 ","1747678 ",128.12834252,35.72548181
"2012","2012010102","50","야간","일",1,1,0,0,0,"서울","서초구","차대사람","횡단중","횡단중","운전자법규위반","안전운전 의무 불이행","교차로","교차로부근","승용차","중형","보행자","보행자","958876  ","1942819 ",127.0348466,37.48369509
"2012","2012010307","05","주간","화",1,2,0,1,0,"서울","관악구","차대차","기타","기타","운전자법규위반","안전거리 미확보","단일로","기타단일로","승용차","중형","이륜차","중형","951186  ","1942649 ",126.93730921,37.46454058
"2012","2012010320","10","야간","화",1,1,0,0,0,"전남","여수시","차대사람","횡단중","횡단중","운전자법규위반","과속","교차로","교차로내","승용차","중형","보행자","보행자","1019917 ","1637435 ",127.71755515,34.73114274
"2012","2012010815","30","주간","일",1,3,2,0,0,"경남","창원시(통합)","차량단독","공작물충돌","공작물충돌","운전자법규위반","안전운전 의무 불이행","단일로","기타단일로","승용차","소형","00","00","1095442 ","1684335 ",128.54781319,35.14972816
"2012","2012052918","30","야간","화",1,1,0,0,0,"경기","파주시","차대차","기타","기타","운전자법규위반","신호위반","교차로","교차로내","자전거","자전거","승합차","중형","934059  ","1970271 ",126.75168466,37.72967422
"2012","2012060118","50","야간","금",1,1,0,0,0,"충남","금산군","차대사람","횡단중","횡단중","운전자법규위반","안전운전 의무 불이행","단일로","기타단일로","승용차","대형","보행자","보행자","1004249 ","1785172 ",127.54718208,36.0634497
"2012","2012060510","30","주간","화",1,1,0,0,0,"경기","안산시","차대사람","차도통행중","차도통행중","운전자법규위반","안전운전 의무 불이행","교차로","교차로내","화물차","소형","보행자","보행자","938136  ","1925290 ",126.80173755,37.32454732
"2012","2012060602","40","야간","수",1,1,0,0,0,"강원","횡성군","차량단독","공작물충돌","공작물충돌","운전자법규위반","안전운전 의무 불이행","단일로","기타단일로","이륜차","소형","00","00","1044888 ","1947530 ",128.00801417,37.52598149
"2012","2012060408","15","주간","월",1,2,0,1,0,"전남","완도군","차대차","기타","기타","운전자법규위반","중앙선 침범","단일로","기타단일로","승용차","경형","원동기장치자전거","원동기장치자전거","914498  ","1574674 ",126.57238316,34.16183666
"2012","2012060319","45","야간","일",1,1,0,0,0,"충남","천안시","차대사람","횡단중","횡단중","운전자법규위반","안전운전 의무 불이행","교차로","교차로내","승용차","중형","보행자","보행자","967636  ","1868465 ",127.13714523,36.81381521
"2012","2012061022","40","야간","일",1,1,0,0,0,"대구","수성구","차대사람","보도통행중","보도통행중","운전자법규위반","과속","단일로","기타단일로","승용차","대형","보행자","보행자","1100860 ","1760075 ",128.61665649,35.83251
"2012","2012061017","45","주간","일",1,1,0,0,0,"경남","남해군","차대사람","횡단중","횡단중","운전자법규위반","안전운전 의무 불이행","교차로","교차로내","화물차","소형","보행자","보행자","1036013 ","1649669 ",127.89389446,34.84102252
"2012","2012061010","37","주간","일",1,4,3,0,0,"제주","제주시","차량단독","전도전복","전도전복","운전자법규위반","안전운전 의무 불이행","단일로","기타단일로","승용차","중형","00","00","904732  ","1489977 ",126.47606328,33.39722397
"2012","2012060817","15","주간","금",1,1,0,0,0,"대구","동구","차대차","정면충돌","정면충돌","운전자법규위반","안전운전 의무 불이행","단일로","기타단일로","화물차","소형","자전거","자전거","1107074 ","1765414 ",128.68619718,35.87946383
"2012","2012060822","00","야간","금",1,1,0,0,0,"충북","제천시","차대차","측면직각충돌","측면직각충돌","운전자법규위반","안전운전 의무 불이행","교차로","교차로내","승합차","대형","자전거","자전거","1062213 ","1901371 ",128.20020586,37.10893195
"2012","2012060705","08","야간","목",1,1,0,0,0,"경북","구미시","차량단독","공작물충돌","공작물충돌","운전자법규위반","안전운전 의무 불이행","단일로","기타단일로","승용차","경형","00","00","1080398 ","1790315 ",128.39323755,36.10649757
"2012","2012060817","50","주간","금",1,1,0,0,0,"경북","문경시","차량단독","도로이탈","도로이탈 추락","운전자법규위반","안전운전 의무 불이행","단일로","기타단일로","화물차","소형","00","00","1058529 ","1849559 ",128.15474631,36.64213489
"2012","2012042508","08","주간","수",1,1,0,0,0,"충북","청원군","차대사람","횡단중","횡단중","운전자법규위반","보행자 보호의무 위반","단일로","횡단보도상","화물차","대형","보행자","보행자","1002542 ","1857870 ",127.52846502,36.71885375
"2012","2012042318","00","야간","월",1,1,0,0,0,"충남","당진시","차량단독","공작물충돌","공작물충돌","운전자법규위반","안전운전 의무 불이행","단일로","기타단일로","승용차","소형","00","00","917607  ","1888349 ",126.57411936,36.99000372
"2012","2012043018","05","야간","월",1,1,0,0,0,"경기","안성시","차대차","측면직각충돌","측면직각충돌","운전자법규위반","교차로 통행방법 위반","교차로","교차로내","승용차","중형","이륜차","소형","994348  ","1902324 ",127.43637754,37.119573
"2012","2012050118","00","야간","화",1,1,0,0,0,"경기","안양시","차대차","정면충돌","정면충돌","운전자법규위반","안전운전 의무 불이행","단일로","기타단일로","자전거","자전거","자전거","자전거","950022  ","1933141 ",126.93535892,37.39602747
"2012","2012042909","20","주간","일",1,1,0,0,0,"충남","아산시","차대사람","기타","기타","운전자법규위반","안전운전 의무 불이행","교차로","교차로내","승용차","중형","보행자","보행자","956695  ","1860362 ",127.0149422,36.74033362
"2012","2012050313","20","주간","목",1,1,0,0,0,"충남","천안시","차대사람","횡단중","횡단중","운전자법규위반","신호위반","단일로","횡단보도상","승용차","중형","보행자","보행자","967455  ","1868788 ",127.13500388,36.81616149
"2012","2012050301","05","야간","목",1,1,0,0,0,"경기","시흥시","차량단독","공작물충돌","공작물충돌","운전자법규위반","안전운전 의무 불이행","단일로","기타단일로","이륜차","소형","00","00","937077  ","1937106 ",126.7887804,37.43097566
"2012","2012050822","10","야간","화",1,1,0,0,0,"서울","성동구","차대사람","횡단중","횡단중","운전자법규위반","안전운전 의무 불이행","단일로","횡단보도부근","승용차","중형","보행자","보행자","960522  ","1948987 ",127.05313264,37.53936142
"2012","2012050921","17","야간","수",1,1,0,0,0,"경남","밀양시","차대사람","횡단중","횡단중","운전자법규위반","보행자 보호의무 위반","교차로","교차로내","승용차","소형","보행자","보행자","1113321 ","1721539 ",128.74642021,35.48190008
"2012","2012050510","15","주간","토",1,1,0,0,0,"전남","순천시","차대차","추돌","진행중 추돌","운전자법규위반","안전운전 의무 불이행","단일로","기타단일로","원동기장치자전거","원동기장치자전거","건설기계","건설기계","999942  ","1662497 ",127.49936472,34.95733793
"2012","2012051106","15","주간","금",1,1,0,0,0,"경기","의왕시","차량단독","전도전복","전도전복","운전자법규위반","안전운전 의무 불이행","교차로","교차로부근","원동기장치자전거","원동기장치자전거","00","00","954671  ","1932320 ",126.98749903,37.38921622
"2012","2012051023","30","야간","목",1,2,1,0,0,"충북","청원군","차대차","추돌","진행중 추돌","운전자법규위반","안전운전 의무 불이행","교차로","교차로내","승용차","대형","승용차","대형","1003756 ","1858556 ",127.54206262,36.72503391
"2012","2012051514","54","주간","화",1,1,0,0,0,"경기","양주시","차대사람","횡단중","횡단중","운전자법규위반","안전운전 의무 불이행","교차로","교차로부근","승합차","소형","보행자","보행자","965330  ","1978162 ",127.10616783,37.8025147
"2012","2012052113","10","주간","월",1,3,2,0,0,"경남","산청군","차대차","정면충돌","정면충돌","운전자법규위반","중앙선 침범","단일로","횡단보도부근","승용차","소형","승용차","소형","1045508 ","1704409 ",128.00072772,35.33396934
"2012","2012052114","25","주간","월",1,1,0,0,0,"강원","원주시","차대사람","기타","기타","운전자법규위반","안전운전 의무 불이행","기타/불명","기타/불명","승용차","중형","보행자","보행자","1039184 ","1926524 ",127.94234621,37.33690391
"2012","2012051818","20","야간","금",1,1,0,0,0,"전남","나주시","차량단독","공작물충돌","공작물충돌","운전자법규위반","안전운전 의무 불이행","단일로","기타단일로","승용차","소형","00","00","941700  ","1657760 ",126.86178726,34.91294603
"2012","2012052420","20","야간","목",1,1,0,0,0,"강원","홍천군","차대사람","기타","기타","운전자법규위반","안전운전 의무 불이행","단일로","기타단일로","원동기장치자전거","원동기장치자전거","보행자","보행자","1033129 ","1965567 ",127.87575323,37.68905198
"2012","2012052805","13","야간","월",1,1,0,0,0,"광주","북구","차량단독","공작물충돌","공작물충돌","운전자법규위반","안전운전 의무 불이행","단일로","기타단일로","승용차","중형","00","00","948822  ","1688629 ",126.93784439,35.19167405
"2012","2012060204","46","야간","토",1,1,0,0,0,"인천","서구","차대사람","횡단중","횡단중","운전자법규위반","안전운전 의무 불이행","단일로","기타단일로","승용차","중형","보행자","보행자","927740  ","1944303 ",126.68254742,37.49515875
"2012","2012060120","10","야간","금",1,1,0,0,0,"전남","고흥군","차대차","측면직각충돌","측면직각충돌","운전자법규위반","과속","교차로","교차로내","화물차","소형","이륜차","사발이","977996  ","1638319 ",127.25962545,34.73907159
"2012","2012060519","10","야간","화",1,5,1,1,2,"부산","사하구","차대차","정면충돌","정면충돌","운전자법규위반","중앙선 침범","단일로","기타단일로","승용차","대형","승용차","대형","1132723 ","1679385 ",128.9562294,35.10145403
"2012","2012060413","00","주간","월",1,1,0,0,0,"경남","창녕군","차량단독","도로이탈","도로이탈 추락","운전자법규위반","안전운전 의무 불이행","단일로","기타단일로","원동기장치자전거","원동기장치자전거","00","00","1093656 ","1715814 ",128.53180386,35.43369647
"2012","2012061108","18","주간","월",1,1,0,0,0,"부산","영도구","차대차","기타","기타","운전자법규위반","안전거리 미확보","단일로","횡단보도부근","이륜차","중형","승용차","중형","1142337 ","1679112 ",129.06161031,35.09710378
"2012","2012060806","40","주간","금",1,3,2,0,0,"경남","밀양시","차대차","추돌","진행중 추돌","운전자법규위반","안전운전 의무 불이행","교차로","교차로부근","승용차","중형","농기계","농기계","1109259 ","1726792 ",128.70514643,35.53106905
"2012","2012042607","55","주간","목",1,1,0,0,0,"충북","충주시","차대차","추돌","진행중 추돌","운전자법규위반","안전운전 의무 불이행","단일로","기타단일로","승합차","소형","자전거","자전거","1039787 ","1885380 ",127.94696504,36.96600943
"2012","2012042610","16","주간","목",1,1,0,0,0,"충북","진천군","차대사람","기타","기타","운전자법규위반","안전운전 의무 불이행","기타/불명","기타/불명","승용차","중형","보행자","보행자","994374  ","1888467 ",127.43677394,36.99466149
"2012","2012042603","10","야간","목",1,1,0,0,0,"충남","천안시","차대사람","횡단중","횡단중","운전자법규위반","보행자 보호의무 위반","단일로","횡단보도상","화물차","소형","보행자","보행자","968603  ","1865763 ",127.14809819,36.78949046
"2012","2012050109","40","주간","화",1,1,0,0,0,"경남","창원시(통합)","차대차","기타","기타","운전자법규위반","안전운전 의무 불이행","교차로","교차로부근","승합차","대형","이륜차","중형","1092659 ","1684603 ",128.51729436,35.15240474
"2012","2012050120","18","야간","화",1,2,1,0,0,"경북","고령군","차대사람","횡단중","횡단중","운전자법규위반","안전운전 의무 불이행","단일로","기타단일로","승용차","중형","보행자","보행자","1069783 ","1748478 ",128.27179469,35.73118389
"2012","2012042911","30","주간","일",1,1,0,0,0,"경남","하동군","차대차","측면직각충돌","측면직각충돌","운전자법규위반","안전운전 의무 불이행","단일로","기타단일로","화물차","소형","이륜차","사발이","1034755 ","1686463 ",127.88167319,35.17284631
"2012","2012042818","10","야간","토",1,6,0,4,1,"전남","무안군","차대차","측면직각충돌","측면직각충돌","운전자법규위반","교차로 통행방법 위반","교차로","교차로내","승용차","소형","승합차","대형","894702  ","1675803 ",126.34499882,35.07185071
"2012","2012050401","45","야간","금",1,1,0,0,0,"서울","서대문구","차대사람","기타","기타","운전자법규위반","안전운전 의무 불이행","단일로","기타단일로","승용차","중형","보행자","보행자","951158  ","1954248 ",126.94679133,37.58633094
"2012","2012050316","35","주간","목",1,1,0,0,0,"경기","남양주시","차대사람","횡단중","횡단중","운전자법규위반","신호위반","교차로","교차로내","승합차","소형","보행자","보행자","971894  ","1968445 ",127.18110627,37.71515978
"2012","2012050302","15","야간","목",1,1,0,0,0,"광주","동구","차량단독","공작물충돌","공작물충돌","운전자법규위반","안전운전 의무 불이행","단일로","기타단일로","승용차","중형","00","00","950847  ","1677683 ",126.96073812,35.09307705
"2012","2012050808","35","주간","화",4,8,3,1,0,"강원","홍천군","차대차","기타","기타","운전자법규위반","중앙선 침범","단일로","기타단일로","승용차","경형","승합차","대형","1037872 ","1969833 ",127.9297696,37.72731816
"2012","2012060902","14","야간","토",1,3,1,1,0,"경기","남양주시","차대차","정면충돌","정면충돌","운전자법규위반","신호위반","교차로","교차로내","이륜차","소형","승용차","중형","970425  ","1956772 ",127.16491237,37.6099017
"2012","2012061502","14","야간","금",1,1,0,0,0,"인천","부평구","차대사람","횡단중","횡단중","운전자법규위반","안전운전 의무 불이행","교차로","교차로부근","승용차","중형","보행자","보행자","929589  ","1945519 ",126.70334621,37.50626118
"2012","2012042711","28","주간","금",1,1,0,0,0,"경기","부천시","차대차","측면직각충돌","측면직각충돌","운전자법규위반","안전거리 미확보","단일로","기타단일로","승용차","중형","이륜차","소형","936113  ","1944607 ",126.78271754,37.48117152
"2012","2012042619","09","야간","목",1,1,0,0,0,"제주","서귀포시","차량단독","공작물충돌","공작물충돌","운전자법규위반","안전운전 의무 불이행","교차로","교차로내","승용차","소형","00","00","909113  ","1473267 ",126.52436329,33.24689015
"2012","2012042720","45","야간","금",1,2,0,1,0,"충남","논산시","차대차","추돌","주정차중 추돌","운전자법규위반","안전운전 의무 불이행","단일로","기타단일로","원동기장치자전거","원동기장치자전거","농기계","농기계","959724  ","1801622 ",127.05192772,36.21092907
"2012","2012042712","40","주간","금",1,1,0,0,0,"충남","부여군","차대사람","기타","기타","운전자법규위반","보행자 보호의무 위반","단일로","기타단일로","화물차","소형","보행자","보행자","946905  ","1809511 ",126.90689382,36.27990629
"2012","2012042422","45","야간","화",1,1,0,0,0,"전북","전주시","차대사람","기타","기타","운전자법규위반","안전운전 의무 불이행","단일로","기타단일로","승용차","소형","보행자","보행자","963394  ","1757718 ",127.09478671,35.8152498
"2012","2012042500","12","야간","수",1,1,0,0,0,"광주","남구","차대사람","횡단중","횡단중","운전자법규위반","안전운전 의무 불이행","단일로","기타단일로","승용차","중형","보행자","보행자","945466  ","1682784 ",126.90136907,35.13879471
"2012","2012042419","50","야간","화",1,1,0,0,0,"경기","양주시","차량단독","전도전복","전도전복","운전자법규위반","안전운전 의무 불이행","단일로","기타단일로","원동기장치자전거","원동기장치자전거","00","00","953518  ","1982280 ",126.96915583,37.83832674
"2012","2012043023","13","야간","월",1,1,0,0,0,"대구","서구","차대사람","기타","기타","운전자법규위반","안전운전 의무 불이행","단일로","기타단일로","승합차","대형","보행자","보행자","1095735 ","1766318 ",128.56034338,35.8887459
"2012","2012043017","57","주간","월",1,1,0,0,0,"전남","광양시","차대차","기타","기타","운전자법규위반","과속","교차로","교차로내","승용차","대형","이륜차","사발이","1020082 ","1669830 ",127.71992678,35.0233358
"2012","2012042717","28","주간","금",1,5,4,0,0,"전남","광양시","차량단독","도로이탈","도로이탈 추락","운전자법규위반","안전운전 의무 불이행","단일로","기타단일로","화물차","소형","00","00","1022521 ","1666256 ",127.74677368,34.99098385
"2012","2012042803","40","야간","토",1,1,0,0,0,"경북","경주시","차량단독","공작물충돌","공작물충돌","운전자법규위반","안전운전 의무 불이행","단일로","기타단일로","승용차","중형","00","00","1159888 ","1756931 ",129.27099649,35.79395234
"2012","2012042720","10","야간","금",1,1,0,0,0,"경북","청도군","차량단독","도로이탈","도로이탈 추락","운전자법규위반","안전운전 의무 불이행","교차로","교차로부근","원동기장치자전거","원동기장치자전거","00","00","1125522 ","1745140 ",128.88819368,35.70044351
"2012","2012050413","25","주간","금",1,1,0,0,0,"경북","김천시","차대사람","기타","기타","운전자법규위반","안전운전 의무 불이행","단일로","기타단일로","화물차","경형","보행자","보행자","1053627 ","1792028 ",128.09594125,36.12378897