"발생년","발생년월일시","발생분","주야","요일","사망자수","사상자수","중상자수","경상자수","부상신고자수","발생지시도","발생지시군구","사고유형_대분류","사고유형_중분류","사고유형","법규위반_대분류","법규위반","도로형태_대분류","도로형태","당사자종별_1당_대분류","당사자종별_1당","당사자종별_2당_대분류","당사자종별_2당","발생위치X_UTMK","발생위치Y_UTMK","경도","위도"
"2012","2012031519","09","야간","목",1,1,0,0,0,"경남","창원시(통합)","차대사람","차도통행중","차도통행중","운전자법규위반","안전운전 의무 불이행","단일로","기타단일로","화물차","소형","보행자","보행자","1109063 ","1685141 ",128.69743103,35.15560914
"2012","2012032209","10","주간","목",1,1,0,0,0,"경북","안동시","차대차","측면직각충돌","측면직각충돌","운전자법규위반","직진 및 우회전차의 통행방해","교차로","교차로내","화물차","소형","이륜차","소형","1094954 ","1843355 ",128.55988129,36.58310347
"2012","2012032004","15","야간","화",2,3,1,0,0,"충남","공주시","차량단독","도로이탈","도로이탈 추락","운전자법규위반","안전운전 의무 불이행","단일로","기타단일로","승용차","중형","00","00","974181  ","1829087 ",127.21184967,36.45902904
"2012","2012032005","55","야간","화",1,1,0,0,0,"경기","수원시","차대사람","횡단중","횡단중","운전자법규위반","안전운전 의무 불이행","단일로","기타단일로","승합차","대형","보행자","보행자","955955  ","1919888 ",127.00317369,37.27687162
"2012","2012032220","45","야간","목",1,1,0,0,0,"충북","진천군","차대차","추돌","진행중 추돌","운전자법규위반","안전운전 의무 불이행","단일로","기타단일로","승용차","중형","이륜차","소형","994512  ","1878649 ",127.43839612,36.90615794
"2012","2012032321","15","야간","금",1,3,0,2,0,"광주","북구","차대차","추돌","진행중 추돌","운전자법규위반","중앙선 침범","교차로","교차로내","승용차","중형","승용차","중형","946748  ","1685419 ",126.91527124,35.16262253
"2012","2012032715","43","주간","화",1,2,0,1,0,"대구","남구","차량단독","기타","기타","운전자법규위반","안전운전 의무 불이행","단일로","기타단일로","원동기장치자전거","원동기장치자전거","00","00","1097514 ","1760338 ",128.57970079,35.8366343
"2012","2012040217","20","주간","월",1,2,0,1,0,"대구","수성구","차대사람","보도통행중","보도통행중","운전자법규위반","안전운전 의무 불이행","교차로","교차로부근","승용차","중형","보행자","보행자","1102355 ","1759277 ",128.63314062,35.82464732
"2012","2012040213","35","주간","월",1,1,0,0,0,"전북","남원시","차대사람","횡단중","횡단중","운전자법규위반","안전운전 의무 불이행","교차로","교차로내","화물차","중형","보행자","보행자","989383  ","1713052 ",127.38306064,35.41314412
"2012","2012040114","45","주간","일",1,1,0,0,0,"부산","동래구","차대사람","기타","기타","운전자법규위반","안전운전 의무 불이행","단일로","기타단일로","승용차","소형","보행자","보행자","1142589 ","1690242 ",129.06629567,35.19739226
"2012","2012040120","50","야간","일",1,1,0,0,0,"충남","아산시","차대사람","차도통행중","차도통행중","운전자법규위반","안전운전 의무 불이행","교차로","교차로부근","승용차","중형","보행자","보행자","942969  ","1875972 ",126.86003527,36.88031868
"2012","2012040208","54","주간","월",1,1,0,0,0,"전북","남원시","차대사람","횡단중","횡단중","운전자법규위반","과속","단일로","횡단보도상","화물차","소형","보행자","보행자","989833  ","1712424 ",127.38802492,35.40748626
"2012","2012040608","21","주간","금",1,1,0,0,0,"경기","성남시","차대사람","기타","기타","운전자법규위반","안전운전 의무 불이행","교차로","교차로부근","승용차","소형","보행자","보행자","968197  ","1937918 ",127.14048578,37.43988773
"2012","2012040703","40","야간","토",1,1,0,0,0,"부산","영도구","차대사람","횡단중","횡단중","운전자법규위반","안전운전 의무 불이행","단일로","횡단보도부근","승용차","중형","보행자","보행자","1142603 ","1678821 ",129.06447758,35.09444311
"2012","2012040508","05","주간","목",1,1,0,0,0,"경기","남양주시","차대차","측면직각충돌","측면직각충돌","운전자법규위반","안전운전 의무 불이행","단일로","기타단일로","화물차","대형","이륜차","중형","971037  ","1961485 ",127.18059715,37.65134388
"2012","2012041120","15","야간","수",1,1,0,0,0,"충남","청양군","차대사람","횡단중","횡단중","운전자법규위반","안전운전 의무 불이행","단일로","기타단일로","화물차","소형","보행자","보행자","937827  ","1828332 ",126.80620419,36.45055405
"2012","2012041423","13","야간","토",1,1,0,0,0,"경기","평택시","차대차","정면충돌","정면충돌","운전자법규위반","안전운전 의무 불이행","교차로","교차로내","승용차","중형","자전거","자전거","949852  ","1887134 ",126.93652807,36.98132487
"2012","2012041610","27","주간","월",1,1,0,0,0,"경남","창원시(통합)","차대차","기타","기타","운전자법규위반","안전거리 미확보","교차로","교차로부근","이륜차","소형","승용차","대형","1099383 ","1691174 ",128.5918971,35.21100353
"2012","2012041120","45","야간","수",1,1,0,0,0,"울산","중구","차대사람","횡단중","횡단중","운전자법규위반","안전운전 의무 불이행","단일로","기타단일로","승용차","중형","보행자","보행자","1164390 ","1730736 ",129.31382515,35.5590055
"2012","2012041921","40","야간","목",1,1,0,0,0,"전남","무안군","차대사람","횡단중","횡단중","운전자법규위반","안전운전 의무 불이행","단일로","기타단일로","승용차","중형","보행자","보행자","902476  ","1656155 ",126.43264044,34.89546216
"2012","2012041917","30","주간","목",1,1,0,0,0,"인천","계양구","차대사람","기타","기타","운전자법규위반","안전운전 의무 불이행","교차로","교차로내","건설기계","건설기계","보행자","보행자","933174  ","1947831 ",126.74369451,37.52736549
"2012","2012041604","30","야간","월",1,1,0,0,0,"경남","김해시","차대사람","차도통행중","차도통행중","운전자법규위반","안전운전 의무 불이행","단일로","기타단일로","화물차","중형","보행자","보행자","1126869 ","1694180 ",128.8942717,35.23500141
"2012","2012041813","08","주간","수",1,1,0,0,0,"서울","종로구","차대사람","횡단중","횡단중","운전자법규위반","안전운전 의무 불이행","단일로","기타단일로","화물차","소형","보행자","보행자","954607  ","1953227 ",126.98591819,37.5773051
"2012","2012042205","40","야간","일",1,1,0,0,0,"경북","경주시","차량단독","도로이탈","도로이탈 추락","운전자법규위반","안전운전 의무 불이행","단일로","기타단일로","승용차","소형","00","00","1158253 ","1779195 ",129.25571838,35.99672026
"2012","2012030421","46","야간","일",1,1,0,0,0,"울산","울주군","차량단독","공작물충돌","공작물충돌","운전자법규위반","안전운전 의무 불이행","교차로","교차로내","화물차","소형","00","00","1157954 ","1726113 ",129.24194108,35.51838821
"2012","2012031323","16","야간","화",1,1,0,0,0,"서울","관악구","차대사람","횡단중","횡단중","운전자법규위반","안전운전 의무 불이행","단일로","기타단일로","승용차","대형","보행자","보행자","953035  ","1941911 ",126.96883944,37.47523243
"2012","2012030911","55","주간","금",1,1,0,0,0,"서울","중랑구","차대사람","횡단중","횡단중","운전자법규위반","안전운전 의무 불이행","단일로","기타단일로","자전거","자전거","보행자","보행자","964041  ","1954542 ",127.09269214,37.58957453
"2012","2012031705","20","야간","토",1,1,0,0,0,"경기","성남시","차량단독","기타","기타","운전자법규위반","안전운전 의무 불이행","단일로","기타단일로","승용차","대형","00","00","966894  ","1939938 ",127.1256657,37.45804939
"2012","2012031703","05","야간","토",2,2,0,0,0,"경기","과천시","차량단독","공작물충돌","공작물충돌","운전자법규위반","과속","단일로","기타단일로","승용차","중형","00","00","955716  ","1936444 ",126.99948812,37.4260886
"2012","2012031416","45","주간","수",1,2,1,0,0,"전남","광양시","차대차","측면직각충돌","측면직각충돌","운전자법규위반","부당한 회전","단일로","기타단일로","화물차","소형","특수차","대형","1023091 ","1659685 ",127.75283733,34.93171758
"2012","2012032123","00","야간","수",1,1,0,0,0,"전남","여수시","차대사람","횡단중","횡단중","운전자법규위반","안전운전 의무 불이행","단일로","기타단일로","화물차","소형","보행자","보행자","1010219 ","1649559 ",127.61214304,34.84096832
"2012","2012032213","55","주간","목",1,1,0,0,0,"전북","전주시","차대사람","기타","기타","운전자법규위반","안전운전 의무 불이행","단일로","기타단일로","승용차","중형","보행자","보행자","965529  ","1756404 ",127.11847646,35.80348008
"2012","2012032000","20","야간","화",1,4,2,0,1,"서울","강남구","차대차","측면직각충돌","측면직각충돌","운전자법규위반","과속","교차로","교차로내","승용차","중형","승용차","중형","961566  ","1945196 ",127.06514815,37.50523585
"2012","2012031719","25","야간","토",1,1,0,0,0,"경기","안산시","차대사람","횡단중","횡단중","운전자법규위반","안전운전 의무 불이행","단일로","기타단일로","승용차","소형","보행자","보행자","936445  ","1926064 ",126.78258616,37.33140938
"2012","2012032417","50","주간","토",1,5,3,1,0,"경북","영천시","차량단독","공작물충돌","공작물충돌","운전자법규위반","안전운전 의무 불이행","단일로","기타단일로","승용차","소형","00","00","1124989 ","1785360 ",128.88775958,36.05712049
"2012","2012032216","45","주간","목",1,2,0,0,1,"경기","화성시","차대차","추돌","진행중 추돌","운전자법규위반","안전운전 의무 불이행","단일로","기타단일로","화물차","중형","화물차","중형","945482  ","1915832 ",126.87352753,37.23546863
"2012","2012033013","37","주간","금",1,1,0,0,0,"인천","남동구","차대차","기타","기타","운전자법규위반","안전운전 의무 불이행","단일로","기타단일로","이륜차","중형","화물차","중형","929595  ","1935271 ",126.70439332,37.4138979
"2012","2012033100","32","야간","토",1,1,0,0,0,"서울","영등포구","차대차","기타","기타","운전자법규위반","안전운전 의무 불이행","단일로","기타단일로","승합차","소형","이륜차","소형","947429  ","1948273 ",126.90514284,37.53238119
"2012","2012033022","04","야간","금",1,1,0,0,0,"전북","군산시","차대사람","기타","기타","운전자법규위반","안전운전 의무 불이행","단일로","기타단일로","승용차","중형","보행자","보행자","928233  ","1774103 ",126.70450626,35.96096205
"2012","2012040123","05","야간","일",1,1,0,0,0,"강원","홍천군","차량단독","공작물충돌","공작물충돌","운전자법규위반","안전운전 의무 불이행","교차로","교차로내","화물차","소형","00","00","1080688 ","1981272 ",128.41687403,37.82763513
"2012","2012033022","20","야간","금",1,1,0,0,0,"경기","광명시","차대사람","차도통행중","차도통행중","운전자법규위반","안전운전 의무 불이행","단일로","기타단일로","승합차","소형","보행자","보행자","944257  ","1939900 ",126.86972006,37.45661898
"2012","2012040709","43","주간","토",1,1,0,0,0,"강원","철원군","차대차","측면직각충돌","측면직각충돌","운전자법규위반","교차로 통행방법 위반","교차로","교차로내","원동기장치자전거","원동기장치자전거","화물차","소형","977509  ","2018150 ",127.24146878,38.16311705
"2012","2012040714","00","주간","토",1,2,0,1,0,"경기","포천시","차대차","정면충돌","정면충돌","운전자법규위반","중앙선 침범","단일로","기타단일로","승용차","중형","화물차","중형","975530  ","2014968 ",127.20992535,38.10629963
"2012","2012040815","00","주간","일",1,7,1,5,0,"경기","가평군","차대차","추돌","주정차중 추돌","운전자법규위반","안전운전 의무 불이행","단일로","교량위","이륜차","중형","이륜차","중형","992065  ","1969607 ",127.40995536,37.72603015
"2012","2012040600","08","야간","금",1,1,0,0,0,"경남","창원시(통합)","차대사람","기타","기타","운전자법규위반","안전운전 의무 불이행","단일로","기타단일로","화물차","소형","보행자","보행자","1106654 ","1695246 ",128.67229545,35.24696675
"2012","2012040402","22","야간","수",1,1,0,0,0,"서울","송파구","차대사람","횡단중","횡단중","운전자법규위반","과속","교차로","교차로내","승용차","중형","보행자","보행자","965663  ","1943523 ",127.1115797,37.49031787
"2012","2012041214","10","주간","목",1,2,0,1,0,"경남","고성군","차대차","측면직각충돌","측면직각충돌","운전자법규위반","안전운전 의무 불이행","교차로","교차로내","이륜차","사발이","승합차","소형","1076983 ","1673470 ",128.36216124,35.04965712
"2012","2012041121","05","야간","수",1,1,0,0,0,"경기","이천시","차대사람","횡단중","횡단중","운전자법규위반","안전운전 의무 불이행","교차로","교차로내","화물차","소형","보행자","보행자","991329  ","1923279 ",127.40215018,37.30844016
"2012","2012041616","00","주간","월",1,2,0,1,0,"충북","음성군","차량단독","공작물충돌","공작물충돌","운전자법규위반","안전운전 의무 불이행","단일로","기타단일로","화물차","소형","00","00","1018839 ","1875646 ",127.71139622,36.87891507
"2012","2012041401","00","야간","토",1,1,0,0,0,"충남","홍성군","차대사람","차도통행중","차도통행중","운전자법규위반","안전운전 의무 불이행","단일로","기타단일로","승용차","중형","보행자","보행자","920931  ","1834533 ",126.61704386,36.50520611
"2012","2012041922","30","야간","목",1,2,0,1,0,"경남","하동군","차대사람","기타","기타","운전자법규위반","중앙선 침범","단일로","기타단일로","승용차","소형","보행자","보행자","1011363 ","1688719 ",127.62481863,35.19372601
"2012","2012041802","00","야간","수",1,1,0,0,0,"광주","광산구","차량단독","공작물충돌","공작물충돌","운전자법규위반","안전운전 의무 불이행","단일로","기타단일로","원동기장치자전거","원동기장치자전거","00","00","932657  ","1684237 ",126.76014564,35.15137793
"2012","2012041721","41","야간","화",1,1,0,0,0,"전남","순천시","차대사람","횡단중","횡단중","운전자법규위반","안전운전 의무 불이행","교차로","교차로내","승용차","중형","보행자","보행자","1000227 ","1660580 ",127.50248581,34.94005132
"2012","2012042406","35","주간","화",1,1,0,0,0,"전남","목포시","차대사람","횡단중","횡단중","운전자법규위반","안전운전 의무 불이행","단일로","기타단일로","승용차","중형","보행자","보행자","900579  ","1647470 ",126.41291253,34.8169739
"2012","2012042203","28","야간","일",1,1,0,0,0,"울산","중구","차량단독","기타","기타","운전자법규위반","안전운전 의무 불이행","단일로","기타단일로","원동기장치자전거","원동기장치자전거","00","00","1167766 ","1730981 ",129.3511084,35.56064736
"2012","2012022922","50","야간","수",1,1,0,0,0,"서울","동작구","차대사람","기타","기타","운전자법규위반","안전운전 의무 불이행","단일로","기타단일로","승합차","중형","보행자","보행자","953091  ","1943043 ",126.96940062,37.48543835
"2012","2012030812","30","주간","목",2,3,1,0,0,"전남","영암군","차대차","측면직각충돌","측면직각충돌","운전자법규위반","직진 및 우회전차의 통행방해","교차로","교차로내","화물차","중형","화물차","소형","904153  ","1642383 ",126.45256562,34.77145116
"2012","2012030621","32","야간","화",1,1,0,0,0,"경북","경주시","차대사람","기타","기타","운전자법규위반","안전운전 의무 불이행","단일로","기타단일로","승용차","경형","보행자","보행자","1154123 ","1760380 ",129.20627134,35.82782017
"2012","2012031113","32","주간","일",1,2,0,1,0,"전남","해남군","차대차","정면충돌","정면충돌","운전자법규위반","중앙선 침범","단일로","기타단일로","화물차","소형","화물차","대형","920551  ","1603309 ",126.63540463,34.42053046
"2012","2012031705","45","야간","토",1,1,0,0,0,"경기","의왕시","차대사람","횡단중","횡단중","운전자법규위반","안전운전 의무 불이행","교차로","교차로부근","승용차","경형","보행자","보행자","953305  ","1928002 ",126.97277238,37.3498785
"2012","2012031708","20","주간","토",3,10,5,2,0,"경기","시흥시","차대차","측면직각충돌","측면직각충돌","운전자법규위반","신호위반","교차로","교차로내","화물차","대형","승합차","소형","932351  ","1927821 ",126.73621605,37.34695619
"2012","2012031701","00","야간","토",1,1,0,0,0,"광주","광산구","차량단독","공작물충돌","공작물충돌","운전자법규위반","안전운전 의무 불이행","단일로","기타단일로","승용차","중형","00","00","935197  ","1681528 ",126.78874976,35.12686068
"2012","2012031719","20","야간","토",2,2,0,0,0,"충북","충주시","차대사람","기타","기타","운전자법규위반","안전운전 의무 불이행","단일로","기타단일로","승용차","소형","보행자","보행자","1038224 ","1895800 ",127.92993562,37.06000173
"2012","2012031809","55","주간","일",1,1,0,0,0,"강원","춘천시","차대차","기타","기타","운전자법규위반","안전운전 의무 불이행","단일로","기타단일로","승용차","중형","승용차","중형","1016108 ","1987209 ",127.68318117,37.88457235
"2012","2012031323","00","야간","화",1,1,0,0,0,"충남","서산시","차량단독","공작물충돌","공작물충돌","운전자법규위반","안전운전 의무 불이행","단일로","기타단일로","승용차","중형","00","00","909140  ","1861491 ",126.4822022,36.74714702
"2012","2012031519","52","야간","목",1,1,0,0,0,"경남","김해시","차대사람","횡단중","횡단중","운전자법규위반","안전운전 의무 불이행","단일로","기타단일로","승합차","소형","보행자","보행자","1127673 ","1695018 ",128.90323532,35.24245336
"2012","2012032215","38","주간","목",1,1,0,0,0,"경북","청도군","차대사람","횡단중","횡단중","운전자법규위반","과속","단일로","횡단보도상","승용차","소형","보행자","보행자","1108118 ","1742690 ",128.69469199,35.67450791
"2012","2012032605","30","야간","월",1,1,0,0,0,"전남","영광군","차량단독","공작물충돌","공작물충돌","운전자법규위반","안전운전 의무 불이행","단일로","기타단일로","원동기장치자전거","원동기장치자전거","00","00","907193  ","1714129 ",126.47774018,35.41858514
"2012","2012032422","35","야간","토",1,1,0,0,0,"인천","남구","차대사람","횡단중","횡단중","운전자법규위반","안전운전 의무 불이행","단일로","횡단보도부근","승용차","대형","보행자","보행자","926654  ","1939528 ",126.67073869,37.45203717
"2012","2012032401","10","야간","토",1,1,0,0,0,"경기","평택시","차대사람","기타","기타","운전자법규위반","안전운전 의무 불이행","단일로","기타단일로","승용차","소형","보행자","보행자","961398  ","1901278 ",127.06553109,37.10936516
"2012","2012032402","26","야간","토",1,1,0,0,0,"인천","서구","차대차","기타","기타","운전자법규위반","안전운전 의무 불이행","기타/불명","기타/불명","승용차","소형","특수차","대형","927861  ","1943220 ",126.67890392,37.48593977
"2012","2012032319","38","야간","금",1,1,0,0,0,"서울","영등포구","차대사람","횡단중","횡단중","운전자법규위반","안전운전 의무 불이행","단일로","횡단보도상","승용차","경형","보행자","보행자","947364  ","1944519 ",126.90451852,37.49843314
"2012","2012032907","12","주간","목",1,1,0,0,0,"서울","강서구","차대사람","기타","기타","운전자법규위반","안전운전 의무 불이행","단일로","기타단일로","이륜차","중형","보행자","보행자","939537  ","1952330 ",126.81533222,37.56835394
"2012","2012032713","51","주간","화",1,1,0,0,0,"경남","함양군","차대사람","기타","기타","운전자법규위반","안전운전 의무 불이행","단일로","기타단일로","화물차","소형","보행자","보행자","1021753 ","1726956 ",127.73996669,35.53833062
"2012","2012040218","30","야간","월",1,1,0,0,0,"경남","합천군","차량단독","도로이탈","도로이탈 추락","운전자법규위반","안전운전 의무 불이행","단일로","기타단일로","원동기장치자전거","원동기장치자전거","00","00","1058508 ","1713950 ",128.14468507,35.4197394
"2012","2012040814","05","주간","일",1,1,0,0,0,"전남","여수시","차량단독","기타","기타","운전자법규위반","안전운전 의무 불이행","단일로","기타단일로","화물차","소형","00","00","1015972 ","1641153 ",127.67453428,34.76474016
"2012","2012040707","40","주간","토",1,1,0,0,0,"충남","서산시","차량단독","공작물충돌","공작물충돌","운전자법규위반","안전운전 의무 불이행","단일로","기타단일로","이륜차","소형","00","00","904429  ","1884005 ",126.42660528,36.94960445
"2012","2012040618","17","야간","금",2,3,1,0,0,"전북","익산시","건널목","차단기돌파","차단기돌파","운전자법규위반","철길건널목 통과방법위반","건널목","건널목","승용차","소형","열차","열차","950438  ","1775065 ",126.9502942,35.971076
"2012","2012040619","10","야간","금",1,1,0,0,0,"전남","고흥군","차량단독","도로이탈","도로이탈 기타","운전자법규위반","안전운전 의무 불이행","단일로","기타단일로","화물차","중형","00","00","971798  ","1620258 ",127.19252058,34.5760483
"2012","2012041212","20","주간","목",1,1,0,0,0,"경기","연천군","차대사람","기타","기타","운전자법규위반","안전운전 의무 불이행","단일로","기타단일로","승합차","대형","보행자","보행자","962039  ","2002863 ",127.0611206,38.02967145
"2012","2012041023","15","야간","화",1,1,0,0,0,"경북","경주시","차대사람","기타","기타","운전자법규위반","안전운전 의무 불이행","단일로","횡단보도상","승용차","중형","보행자","보행자","1155712 ","1762707 ",129.22430969,35.84854032
"2012","2012041121","40","야간","수",1,1,0,0,0,"강원","영월군","차량단독","전도전복","전도전복","운전자법규위반","안전운전 의무 불이행","단일로","기타단일로","화물차","경형","00","00","1070883 ","1909309 ",128.29853024,37.17986341
"2012","2012041214","20","주간","목",1,2,1,0,0,"경북","청송군","차대차","추돌","진행중 추돌","운전자법규위반","안전거리 미확보","단일로","기타단일로","화물차","소형","농기계","농기계","1125628 ","1805282 ",128.89803592,36.23659589
"2012","2012041519","18","야간","일",1,1,0,0,0,"충남","부여군","차대사람","기타","기타","운전자법규위반","안전운전 의무 불이행","교차로","교차로내","화물차","경형","보행자","보행자","946896  ","1809516 ",126.9086858,36.28147482
"2012","2012041602","45","야간","월",1,1,0,0,0,"대구","북구","차대차","추돌","주정차중 추돌","운전자법규위반","중앙선 침범","단일로","기타단일로","승용차","중형","건설기계","건설기계","1095775 ","1771236 ",128.56174489,35.93311727
"2012","2012042000","28","야간","금",1,1,0,0,0,"충남","당진시","차대사람","길가장자리구역통행중","길가장자리구역통행중","운전자법규위반","안전운전 의무 불이행","단일로","기타단일로","화물차","대형","보행자","보행자","924123  ","1869561 ",126.64921693,36.82120519
"2012","2012041621","58","야간","월",1,1,0,0,0,"강원","삼척시","차대사람","길가장자리구역통행중","길가장자리구역통행중","운전자법규위반","안전운전 의무 불이행","단일로","기타단일로","승용차","중형","보행자","보행자","1137376 ","1917743 ",129.04904854,37.24846325
"2012","2012041605","40","야간","월",2,5,3,0,0,"경기","평택시","차대차","기타","기타","운전자법규위반","신호위반","교차로","교차로내","건설기계","건설기계","승용차","중형","948455  ","1887954 ",126.92077582,36.9886408
"2012","2012041613","15","주간","월",1,1,0,0,0,"충남","당진시","차대차","정면충돌","정면충돌","운전자법규위반","중앙선 침범","단일로","기타단일로","화물차","중형","건설기계","건설기계","913695  ","1876717 ",126.53149211,36.88481081
"2012","2012042312","45","주간","월",1,1,0,0,0,"대구","달서구","차대사람","기타","기타","운전자법규위반","기타(운전자법규위반)","단일로","기타단일로","승용차","중형","보행자","보행자","1093729 ","1762021 ",128.53750632,35.85030418
"2012","2012042314","48","주간","월",1,1,0,0,0,"경북","고령군","차대사람","차도통행중","차도통행중","운전자법규위반","안전운전 의무 불이행","교차로","교차로부근","화물차","대형","보행자","보행자","1086298 ","1758982 ",128.45537089,35.82353227
"2012","2012042314","35","주간","월",1,1,0,0,0,"대구","동구","차대차","기타","기타","운전자법규위반","안전운전 의무 불이행","단일로","기타단일로","승합차","경형","자전거","자전거","1104416 ","1765939 ",128.64170288,35.88600757
"2012","2012042317","50","주간","월",1,1,0,0,0,"제주","제주시","차대사람","기타","기타","운전자법규위반","안전운전 의무 불이행","단일로","기타단일로","승합차","대형","보행자","보행자","907766  ","1503160 ",126.50684532,33.51636499
"2012","2012042620","00","야간","목",1,2,0,1,0,"경기","화성시","차대차","추돌","진행중 추돌","운전자법규위반","안전운전 의무 불이행","단일로","기타단일로","승용차","대형","농기계","농기계","937830  ","1894043 ",126.80088477,37.04288285
"2012","2012042007","10","주간","금",1,1,0,0,0,"경기","화성시","차대차","기타","기타","운전자법규위반","중앙선 침범","단일로","기타단일로","승합차","경형","건설기계","건설기계","949705  ","1896425 ",126.93425575,37.06506567
"2012","2012042016","40","주간","금",1,2,1,0,0,"경북","구미시","차대차","측면직각충돌","측면직각충돌","운전자법규위반","신호위반","교차로","교차로부근","승용차","소형","승용차","중형","1076021 ","1793251 ",128.34489665,36.13331762
"2012","2012030920","05","야간","금",1,1,0,0,0,"대전","대덕구","차대사람","횡단중","횡단중","운전자법규위반","안전운전 의무 불이행","단일로","기타단일로","승용차","중형","보행자","보행자","992394  ","1817801 ",127.41522418,36.3575998
"2012","2012030710","17","주간","수",1,2,0,1,0,"경기","안성시","차대사람","기타","기타","운전자법규위반","안전운전 의무 불이행","단일로","기타단일로","화물차","대형","보행자","보행자","979463  ","1887897 ",127.26921758,36.98931576
"2012","2012030602","00","야간","화",1,1,0,0,0,"서울","성동구","차대사람","횡단중","횡단중","운전자법규위반","안전운전 의무 불이행","단일로","횡단보도상","승용차","중형","보행자","보행자","959256  ","1951091 ",127.03868584,37.5582703
"2012","2012031321","00","야간","화",1,1,0,0,0,"경기","양평군","차량단독","도로이탈","도로이탈 추락","운전자법규위반","안전운전 의무 불이행","단일로","기타단일로","승용차","중형","00","00","1016549 ","1951118 ",127.68737501,37.55926621
"2012","2012031300","45","야간","화",1,1,0,0,0,"대구","수성구","차량단독","도로이탈","도로이탈 기타","운전자법규위반","안전운전 의무 불이행","교차로","교차로부근","이륜차","소형","00","00","1101562 ","1761644 ",128.62466422,35.84606697
"2012","2012031705","10","야간","토",1,1,0,0,0,"경기","군포시","차대차","기타","기타","운전자법규위반","중앙선 침범","단일로","기타단일로","자전거","자전거","화물차","소형","949159  ","1928607 ",126.92592092,37.35511375
"2012","2012031521","20","야간","목",1,1,0,0,0,"충남","당진시","차대사람","차도통행중","차도통행중","운전자법규위반","안전운전 의무 불이행","단일로","기타단일로","승용차","중형","보행자","보행자","934766  ","1870113 ",126.76849637,36.82697483
"2012","2012031412","50","주간","수",1,4,1,2,0,"충남","공주시","차대차","측면직각충돌","측면직각충돌","운전자법규위반","안전운전 의무 불이행","교차로","교차로내","화물차","소형","화물차","대형","976154  ","1822605 ",127.2340683,36.40064365
"2012","2012031922","49","야간","월",1,1,0,0,0,"서울","서초구","차대사람","횡단중","횡단중","운전자법규위반","안전운전 의무 불이행","단일로","기타단일로","승합차","대형","보행자","보행자","957193  ","1945091 ",127.01567858,37.50409695
"2012","2012032520","30","야간","일",1,2,0,1,0,"전북","부안군","차량단독","공작물충돌","공작물충돌","운전자법규위반","안전운전 의무 불이행","교차로","교차로내","화물차","소형","00","00","937328  ","1746809 ",126.80718084,35.71567893
"2012","2012032421","10","야간","토",1,1,0,0,0,"서울","마포구","차대사람","기타","기타","운전자법규위반","신호위반","교차로","교차로내","승용차","중형","보행자","보행자","947280  ","1951003 ",126.90310275,37.55686951
"2012","2012032622","20","야간","월",1,1,0,0,0,"충남","당진시","차대사람","횡단중","횡단중","운전자법규위반","과속","단일로","기타단일로","화물차","대형","보행자","보행자","922732  ","1878347 ",126.635923,36.90155339
"2012","2012032709","45","주간","화",1,2,0,1,0,"충북","충주시","차대차","측면직각충돌","측면직각충돌","운전자법규위반","안전운전 의무 불이행","교차로","교차로내","화물차","중형","화물차","중형","1037405 ","1884085 ",127.92014232,36.9544337
"2012","2012032919","18","야간","목",1,4,0,3,0,"충남","금산군","차대차","정면충돌","정면충돌","운전자법규위반","중앙선 침범","단일로","기타단일로","원동기장치자전거","원동기장치자전거","승용차","소형","999677  ","1791417 ",127.49641076,36.11976264
"2012","2012040212","20","주간","월",2,6,4,0,0,"경북","포항시","차량단독","전도전복","전도전복","운전자법규위반","안전운전 의무 불이행","단일로","기타단일로","승용차","중형","00","00","1167007 ","1786247 ",129.35428315,36.05880655
"2012","2012033120","15","야간","토",1,1,0,0,0,"경남","진주시","차대사람","차도통행중","차도통행중","운전자법규위반","안전운전 의무 불이행","단일로","기타단일로","승용차","소형","보행자","보행자","1053751 ","1687196 ",128.0902911,35.17869095
"2012","2012033123","37","야간","토",1,1,0,0,0,"경기","안산시","차대사람","횡단중","횡단중","운전자법규위반","안전운전 의무 불이행","지하도로내","지하도로내","승용차","중형","보행자","보행자","937035  ","1925690 ",126.78927741,37.32807863
"2012","2012033122","33","야간","토",1,14,2,11,0,"전남","나주시","차대차","측면직각충돌","측면직각충돌","운전자법규위반","직진 및 우회전차의 통행방해","교차로","교차로내","승용차","중형","승합차","대형","934140  ","1671451 ",126.77722707,35.03590942
"2012","2012040613","40","주간","금",1,1,0,0,0,"경남","통영시","차대사람","횡단중","횡단중","운전자법규위반","보행자 보호의무 위반","단일로","기타단일로","건설기계","건설기계","보행자","보행자","1084233 ","1650130 ",128.42130693,34.84232819
"2012","2012040513","59","주간","목",1,1,0,0,0,"경기","남양주시","차량단독","전도전복","전도전복","운전자법규위반","안전운전 의무 불이행","단일로","터널안","원동기장치자전거","원동기장치자전거","00","00","979072  ","1948596 ",127.26311633,37.53644502
"2012","2012041209","30","주간","목",1,1,0,0,0,"대구","북구","차대사람","횡단중","횡단중","운전자법규위반","보행자 보호의무 위반","단일로","횡단보도상","화물차","소형","보행자","보행자","1094526 ","1772904 ",128.54809932,35.94827515