"발생년","발생년월일시","발생분","주야","요일","사망자수","사상자수","중상자수","경상자수","부상신고자수","발생지시도","발생지시군구","사고유형_대분류","사고유형_중분류","사고유형","법규위반_대분류","법규위반","도로형태_대분류","도로형태","당사자종별_1당_대분류","당사자종별_1당","당사자종별_2당_대분류","당사자종별_2당","발생위치X_UTMK","발생위치Y_UTMK","경도","위도"
"2012","2012050722","35","야간","월",1,1,0,0,0,"부산","사상구","차대사람","횡단중","횡단중","운전자법규위반","안전운전 의무 불이행","단일로","기타단일로","승합차","중형","보행자","보행자","1135228 ","1685698 ",128.9847171,35.15745079
"2012","2012050708","38","주간","월",1,1,0,0,0,"제주","서귀포시","차대차","측면직각충돌","측면직각충돌","운전자법규위반","안전거리 미확보","단일로","기타단일로","승용차","중형","원동기장치자전거","원동기장치자전거","911267  ","1474064 ",126.54740485,33.25425733
"2012","2012050523","00","야간","토",1,3,0,2,0,"충남","태안군","차대차","측면직각충돌","측면직각충돌","운전자법규위반","중앙선 침범","교차로","교차로부근","승용차","대형","이륜차","중형","897741  ","1833322 ",126.3582848,36.49209344
"2012","2012051323","40","야간","일",1,1,0,0,0,"경기","군포시","차대사람","차도통행중","차도통행중","운전자법규위반","안전운전 의무 불이행","단일로","기타단일로","승합차","대형","보행자","보행자","947953  ","1924429 ",126.91259716,37.31738871
"2012","2012051210","30","주간","토",1,1,0,0,0,"전북","완주군","차량단독","전도전복","전도전복","운전자법규위반","안전운전 의무 불이행","단일로","기타단일로","화물차","소형","00","00","965445  ","1772474 ",127.11176129,35.96176248
"2012","2012051516","00","주간","화",1,1,0,0,0,"전남","완도군","차대사람","기타","기타","운전자법규위반","안전운전 의무 불이행","단일로","기타단일로","승용차","중형","보행자","보행자","936811  ","1602844 ",126.80880775,34.41709726
"2012","2012051515","30","주간","화",1,1,0,0,0,"전북","김제시","차대차","측면직각충돌","측면직각충돌","운전자법규위반","신호위반","교차로","교차로내","원동기장치자전거","원동기장치자전거","화물차","소형","955367  ","1753514 ",127.00616843,35.77701454
"2012","2012051515","05","주간","화",1,1,0,0,0,"경기","고양시","차량단독","공작물충돌","공작물충돌","운전자법규위반","안전운전 의무 불이행","단일로","기타단일로","승용차","중형","00","00","936864  ","1959097 ",126.78448211,37.62916422
"2012","2012051409","15","주간","월",1,1,0,0,0,"전북","완주군","차대사람","차도통행중","차도통행중","운전자법규위반","과속","단일로","기타단일로","승용차","대형","보행자","보행자","968895  ","1764996 ",127.15588253,35.88119479
"2012","2012051916","19","주간","토",1,1,0,0,0,"경기","화성시","차대사람","횡단중","횡단중","운전자법규위반","안전운전 의무 불이행","단일로","기타단일로","화물차","소형","보행자","보행자","942199  ","1916810 ",126.84774344,37.24869704
"2012","2012051808","37","주간","금",1,4,0,3,0,"충남","청양군","차대차","정면충돌","정면충돌","운전자법규위반","중앙선 침범","단일로","기타단일로","화물차","소형","건설기계","건설기계","937162  ","1830514 ",126.79860674,36.47018049
"2012","2012051815","40","주간","금",1,1,0,0,0,"전남","영암군","차량단독","전도전복","전도전복","운전자법규위반","안전운전 의무 불이행","단일로","기타단일로","농기계","농기계","00","00","917865  ","1651731 ",126.60148071,34.85693532
"2012","2012052322","15","야간","일",1,1,0,0,0,"충남","아산시","차대사람","횡단중","횡단중","운전자법규위반","안전운전 의무 불이행","교차로","교차로내","화물차","소형","보행자","보행자","954233  ","1864868 ",126.98783664,36.78237275
"2012","2012052410","30","주간","목",1,1,0,0,0,"대전","동구","차대차","추돌","진행중 추돌","운전자법규위반","안전운전 의무 불이행","교차로","교차로부근","이륜차","중형","승합차","대형","996135  ","1813297 ",127.45694338,36.3170166
"2012","2012052201","10","야간","화",1,1,0,0,0,"서울","서초구","차대사람","차도통행중","차도통행중","운전자법규위반","안전운전 의무 불이행","단일로","기타단일로","승용차","대형","보행자","보행자","957955  ","1945220 ",127.02429225,37.50529471
"2012","2012052917","45","주간","화",1,2,1,0,0,"충남","논산시","차대차","측면직각충돌","측면직각충돌","운전자법규위반","교차로 통행방법 위반","교차로","교차로내","화물차","소형","건설기계","건설기계","962625  ","1804310 ",127.0840724,36.23527886
"2012","2012052617","10","주간","토",1,4,1,2,0,"전남","광양시","차대차","측면직각충돌","측면직각충돌","운전자법규위반","안전운전 의무 불이행","단일로","교량위","승용차","대형","화물차","소형","1007080 ","1658309 ",127.57751184,34.91954778
"2012","2012052614","00","주간","토",1,4,3,0,0,"강원","강릉시","차대차","측면직각충돌","측면직각충돌","운전자법규위반","중앙선 침범","단일로","기타단일로","승용차","경형","승용차","중형","1117940 ","1970533 ",128.83834057,37.72681315
"2012","2012052612","55","주간","토",1,1,0,0,0,"부산","연제구","차대차","기타","기타","운전자법규위반","안전운전 의무 불이행","단일로","횡단보도상","화물차","소형","자전거","자전거","1146351 ","1688412 ",129.10728084,35.18035588
"2012","2012060615","25","주간","수",1,1,0,0,0,"경북","포항시","차대차","추돌","주정차중 추돌","운전자법규위반","안전운전 의무 불이행","교차로","교차로부근","승용차","중형","건설기계","건설기계","1173965 ","1791047 ",129.43255776,36.10083817
"2012","2012060603","23","야간","수",1,4,2,1,0,"광주","북구","차대차","측면직각충돌","측면직각충돌","운전자법규위반","교차로 통행방법 위반","교차로","교차로내","승용차","소형","승용차","소형","942304  ","1690264 ",126.86528411,35.21411035
"2012","2012061110","50","주간","월",1,1,0,0,0,"부산","남구","차대사람","기타","기타","운전자법규위반","안전운전 의무 불이행","기타/불명","기타/불명","화물차","대형","보행자","보행자","1145395 ","1680888 ",129.09546085,35.11267555
"2012","2012060921","05","야간","토",1,1,0,0,0,"전북","군산시","차대사람","횡단중","횡단중","운전자법규위반","안전운전 의무 불이행","교차로","교차로내","승용차","중형","보행자","보행자","926087  ","1775882 ",126.68015513,35.9769002
"2012","2012060921","08","야간","토",1,1,0,0,0,"대전","대덕구","차대사람","횡단중","횡단중","운전자법규위반","안전운전 의무 불이행","단일로","기타단일로","승용차","중형","보행자","보행자","993613  ","1828372 ",127.42872405,36.45290967
"2012","2012061214","15","주간","화",1,1,0,0,0,"전북","전주시","차대차","측면직각충돌","측면직각충돌","운전자법규위반","안전운전 의무 불이행","단일로","기타단일로","승합차","소형","자전거","자전거","964875  ","1760234 ",127.10789621,35.81910711
"2012","2012060908","55","주간","토",1,1,0,0,0,"전남","해남군","차량단독","전도전복","전도전복","운전자법규위반","안전운전 의무 불이행","단일로","기타단일로","농기계","농기계","00","00","923801  ","1605438 ",126.67057945,34.43997326
"2012","2012042619","00","야간","목",1,1,0,0,0,"전남","완도군","차대사람","기타","기타","운전자법규위반","안전운전 의무 불이행","단일로","기타단일로","화물차","소형","보행자","보행자","907388  ","1577070 ",126.49500023,34.1828349
"2012","2012042423","35","야간","화",1,2,0,1,0,"부산","해운대구","차대차","측면직각충돌","측면직각충돌","운전자법규위반","중앙선 침범","단일로","횡단보도부근","승용차","중형","승용차","중형","1147883 ","1687720 ",129.12397576,35.1738941
"2012","2012042916","15","주간","일",1,3,0,2,0,"충남","당진시","차대차","기타","기타","운전자법규위반","안전운전 의무 불이행","단일로","기타단일로","승용차","경형","승용차","중형","915351  ","1876382 ",126.55011068,36.88194133
"2012","2012042808","40","주간","토",1,1,0,0,0,"인천","남동구","차대사람","보도통행중","보도통행중","운전자법규위반","보행자 보호의무 위반","단일로","횡단보도상","승용차","중형","보행자","보행자","932031  ","1939928 ",126.7314898,37.45605326
"2012","2012050323","13","야간","목",2,3,1,0,0,"울산","울주군","차량단독","전도전복","전도전복","운전자법규위반","안전운전 의무 불이행","단일로","기타단일로","승용차","대형","00","00","1158115 ","1731566 ",129.2410206,35.56916648
"2012","2012050418","35","야간","금",1,1,0,0,0,"서울","강서구","차대사람","횡단중","횡단중","운전자법규위반","기타(운전자법규위반)","단일로","기타단일로","승용차","소형","보행자","보행자","942524  ","1950023 ",126.84988526,37.54826907
"2012","2012050423","13","야간","금",1,2,1,0,0,"대구","남구","차대사람","기타","기타","운전자법규위반","안전운전 의무 불이행","교차로","교차로내","승용차","대형","보행자","보행자","1096610 ","1761371 ",128.56980314,35.84410667
"2012","2012050410","35","주간","금",1,1,0,0,0,"서울","관악구","차대차","측면직각충돌","측면직각충돌","운전자법규위반","안전운전 의무 불이행","단일로","기타단일로","건설기계","건설기계","자전거","자전거","954291  ","1941507 ",126.98306898,37.47165405
"2012","2012050418","00","야간","금",1,2,0,1,0,"충북","충주시","차대차","추돌","진행중 추돌","운전자법규위반","안전운전 의무 불이행","단일로","교량위","화물차","대형","화물차","중형","1034399 ","1896812 ",127.88696009,37.06927215
"2012","2012050203","10","야간","수",1,1,0,0,0,"경기","안양시","차대사람","차도통행중","차도통행중","운전자법규위반","안전운전 의무 불이행","교차로","교차로부근","승용차","대형","보행자","보행자","953697  ","1933704 ",126.97684139,37.40129301
"2012","2012050521","05","야간","토",1,3,1,1,0,"충북","괴산군","차량단독","전도전복","전도전복","운전자법규위반","안전운전 의무 불이행","단일로","기타단일로","승용차","중형","00","00","1042208 ","1862423 ",128.00493813,36.75553087
"2012","2012050607","00","주간","일",1,2,1,0,0,"경기","성남시","차량단독","전도전복","전도전복","운전자법규위반","안전운전 의무 불이행","단일로","기타단일로","특수차","중형","00","00","967247  ","1936650 ",127.13196654,37.42747666
"2012","2012050707","50","주간","월",1,1,0,0,0,"충북","청주시","차대차","기타","기타","운전자법규위반","안전운전 의무 불이행","단일로","횡단보도상","승합차","소형","자전거","자전거","994748  ","1847672 ",127.44125865,36.62690845
"2012","2012050505","20","야간","토",1,2,1,0,0,"경기","고양시","차대차","측면직각충돌","측면직각충돌","운전자법규위반","신호위반","교차로","교차로내","승용차","중형","승용차","중형","940025  ","1959006 ",126.8203107,37.62855585
"2012","2012051223","45","야간","토",1,1,0,0,0,"경남","고성군","차대사람","기타","기타","운전자법규위반","안전운전 의무 불이행","단일로","기타단일로","승용차","중형","보행자","보행자","1067111 ","1679465 ",128.23641263,35.10810831
"2012","2012051314","35","주간","일",1,1,0,0,0,"전북","완주군","차대차","측면직각충돌","측면직각충돌","운전자법규위반","안전거리 미확보","단일로","교량위","이륜차","소형","승용차","소형","969927  ","1769727 ",127.16664993,35.92374481
"2012","2012051120","30","야간","금",1,1,0,0,0,"경남","양산시","차대사람","횡단중","횡단중","운전자법규위반","과속","단일로","기타단일로","승용차","경형","보행자","보행자","1143222 ","1702570 ",129.05473144,35.32349396
"2012","2012051000","25","야간","목",1,1,0,0,0,"강원","철원군","차량단독","공작물충돌","공작물충돌","운전자법규위반","안전운전 의무 불이행","교차로","교차로내","승합차","소형","00","00","982591  ","2014786 ",127.30135432,38.13309527
"2012","2012051110","47","주간","금",1,1,0,0,0,"대구","북구","차대차","기타","기타","운전자법규위반","신호위반","교차로","교차로내","원동기장치자전거","원동기장치자전거","승용차","중형","1095181 ","1771713 ",128.55656645,35.93716587
"2012","2012051700","50","야간","목",1,1,0,0,0,"서울","중랑구","차대사람","횡단중","횡단중","운전자법규위반","기타(운전자법규위반)","단일로","기타단일로","승용차","중형","보행자","보행자","962262  ","1957073 ",127.07241135,37.61231584
"2012","2012051410","00","주간","월",1,10,0,9,0,"경기","화성시","차대차","정면충돌","정면충돌","운전자법규위반","중앙선 침범","단일로","기타단일로","화물차","소형","승합차","중형","952062  ","1912439 ",126.95974197,37.20953645
"2012","2012051721","10","야간","목",1,2,1,0,0,"강원","고성군","차대차","측면직각충돌","측면직각충돌","운전자법규위반","중앙선 침범","단일로","기타단일로","화물차","중형","승용차","대형","1085179 ","2024021 ",128.47298035,38.21246259
"2012","2012051903","42","야간","토",1,2,1,0,0,"서울","강동구","차대사람","횡단중","횡단중","운전자법규위반","과속","단일로","기타단일로","승용차","중형","보행자","보행자","966982  ","1948790 ",127.12626328,37.53783984
"2012","2012051717","20","주간","목",1,1,0,0,0,"충북","영동군","차대차","측면직각충돌","측면직각충돌","운전자법규위반","중앙선 침범","단일로","기타단일로","원동기장치자전거","원동기장치자전거","승용차","중형","1011859 ","1796502 ",127.63185616,36.16553508
"2012","2012052511","00","주간","금",1,12,7,3,1,"경남","하동군","차량단독","공작물충돌","공작물충돌","운전자법규위반","안전운전 의무 불이행","단일로","기타단일로","승합차","소형","00","00","1028157 ","1665575 ",127.80850635,34.98470182
"2012","2012052519","58","야간","금",1,1,0,0,0,"경기","수원시","차대사람","기타","기타","운전자법규위반","안전운전 의무 불이행","단일로","기타단일로","승용차","소형","보행자","보행자","957132  ","1920902 ",127.0163913,37.28606647
"2012","2012052307","30","주간","수",1,2,0,0,1,"서울","구로구","차량단독","전도전복","전도전복","운전자법규위반","안전운전 의무 불이행","단일로","기타단일로","원동기장치자전거","원동기장치자전거","00","00","943095  ","1943433 ",126.85630917,37.48839159
"2012","2012052308","26","주간","수",1,1,0,0,0,"강원","고성군","차량단독","기타","기타","운전자법규위반","안전운전 의무 불이행","단일로","기타단일로","이륜차","소형","00","00","1085154 ","2042962 ",128.47497645,38.3831449
"2012","2012052114","22","주간","월",1,1,0,0,0,"경남","양산시","차대사람","기타","기타","운전자법규위반","안전운전 의무 불이행","기타/불명","기타/불명","승용차","소형","보행자","보행자","1149768 ","1715748 ",129.14978913,35.42623841
"2012","2012052205","35","야간","화",1,2,1,0,0,"경남","의령군","차대차","정면충돌","정면충돌","운전자법규위반","중앙선 침범","단일로","기타단일로","화물차","소형","승용차","중형","1076902 ","1715865 ",128.3472506,35.43559241
"2012","2012052913","25","주간","화",1,1,0,0,0,"대구","달서구","차대차","측면직각충돌","측면직각충돌","운전자법규위반","신호위반","단일로","기타단일로","화물차","소형","원동기장치자전거","원동기장치자전거","1093671 ","1762487 ",128.53739425,35.85445237
"2012","2012052621","05","야간","토",1,1,0,0,0,"충남","논산시","차대사람","기타","기타","운전자법규위반","안전운전 의무 불이행","단일로","기타단일로","화물차","중형","보행자","보행자","964204  ","1797458 ",127.1035347,36.16936897
"2012","2012052620","45","야간","토",1,1,0,0,0,"경남","진주시","차대사람","횡단중","횡단중","운전자법규위반","안전운전 의무 불이행","교차로","교차로내","승용차","소형","보행자","보행자","1056286 ","1686401 ",128.11810864,35.17131153
"2012","2012052621","30","야간","토",1,1,0,0,0,"부산","동래구","차대사람","횡단중","횡단중","운전자법규위반","신호위반","단일로","횡단보도상","화물차","중형","보행자","보행자","1143326 ","1691192 ",129.07455397,35.20585033
"2012","2012040822","45","야간","일",1,1,0,0,0,"인천","서구","차량단독","공작물충돌","공작물충돌","운전자법규위반","안전운전 의무 불이행","기타/불명","기타/불명","승용차","소형","00","00","925984  ","1954187 ",126.66208134,37.5924136
"2012","2012041503","10","야간","일",1,1,0,0,0,"경기","용인시","차량단독","공작물충돌","공작물충돌","운전자법규위반","안전운전 의무 불이행","단일로","기타단일로","승용차","중형","00","00","963715  ","1914857 ",127.1018507,37.2339595
"2012","2012041914","20","주간","목",1,3,2,0,0,"대구","달성군","차량단독","전도전복","전도전복","운전자법규위반","안전운전 의무 불이행","단일로","기타단일로","승용차","소형","00","00","1085571 ","1756398 ",128.44704689,35.80030123
"2012","2012041823","38","야간","수",1,1,0,0,0,"경기","의정부시","차량단독","공작물충돌","공작물충돌","운전자법규위반","안전운전 의무 불이행","고가도로위","고가도로위","승용차","중형","00","00","962060  ","1970913 ",127.06940239,37.73704945
"2012","2012041616","10","주간","월",1,3,0,2,0,"전남","순천시","차대차","측면직각충돌","측면직각충돌","운전자법규위반","안전운전 의무 불이행","교차로","교차로내","승용차","소형","화물차","소형","998655  ","1657237 ",127.48527666,34.90990478
"2012","2012041615","00","주간","월",1,1,0,0,0,"경북","영양군","차량단독","도로이탈","도로이탈 기타","운전자법규위반","안전운전 의무 불이행","단일로","기타단일로","승용차","대형","00","00","1139716 ","1853524 ",129.06346605,36.66941428
"2012","2012042313","40","주간","월",1,2,1,0,0,"전북","정읍시","차대차","추돌","진행중 추돌","운전자법규위반","안전운전 의무 불이행","단일로","기타단일로","화물차","중형","농기계","농기계","945285  ","1725824 ",126.89650436,35.52685271
"2012","2012042122","52","야간","토",3,4,0,1,0,"전북","완주군","차량단독","공작물충돌","공작물충돌","운전자법규위반","안전운전 의무 불이행","단일로","기타단일로","승용차","소형","00","00","969296  ","1768311 ",127.15962061,35.91119283
"2012","2012030807","25","주간","목",1,3,2,0,0,"경기","파주시","차대차","정면충돌","정면충돌","운전자법규위반","중앙선 침범","단일로","기타단일로","승용차","경형","승용차","대형","933762  ","1971351 ",126.74821608,37.73938631
"2012","2012030615","30","주간","화",1,1,0,0,0,"경기","광주시","차대사람","횡단중","횡단중","운전자법규위반","안전운전 의무 불이행","단일로","기타단일로","화물차","소형","보행자","보행자","977822  ","1932835 ",127.24944227,37.39435192
"2012","2012030605","00","야간","화",1,2,1,0,0,"전북","완주군","차대차","정면충돌","정면충돌","운전자법규위반","중앙선 침범","단일로","기타단일로","승용차","중형","화물차","중형","965577  ","1745216 ",127.11948821,35.70260946
"2012","2012030600","47","야간","화",1,3,2,0,0,"인천","남구","차대차","추돌","주정차중 추돌","운전자법규위반","안전운전 의무 불이행","단일로","기타단일로","승용차","중형","화물차","대형","926717  ","1939511 ",126.6714526,37.45188895
"2012","2012030522","00","야간","월",1,2,1,0,0,"충북","청주시","차대차","추돌","주정차중 추돌","운전자법규위반","안전운전 의무 불이행","교차로","교차로부근","승용차","경형","승용차","대형","995535  ","1845357 ",127.45007436,36.60604272
"2012","2012030509","30","주간","월",1,1,0,0,0,"전남","광양시","차대차","측면직각충돌","측면직각충돌","운전자법규위반","교차로 통행방법 위반","교차로","교차로내","화물차","소형","자전거","자전거","1008044 ","1663971 ",127.5881203,34.97059775
"2012","2012030514","52","주간","월",1,1,0,0,0,"경기","남양주시","차대사람","횡단중","횡단중","운전자법규위반","안전운전 의무 불이행","교차로","교차로내","건설기계","건설기계","보행자","보행자","966848  ","1966733 ",127.12393283,37.69956051
"2012","2012031220","10","야간","월",1,1,0,0,0,"전북","전주시","차대차","측면직각충돌","측면직각충돌","운전자법규위반","직진 및 우회전차의 통행방해","교차로","교차로내","화물차","소형","이륜차","소형","966312  ","1766413 ",127.14038623,35.87321525
"2012","2012031309","13","주간","화",1,1,0,0,0,"부산","금정구","차대차","추돌","진행중 추돌","운전자법규위반","안전운전 의무 불이행","단일로","기타단일로","화물차","중형","승합차","대형","1144971 ","1699769 ",129.09413218,35.28292349
"2012","2012031016","56","주간","토",1,2,1,0,0,"충북","음성군","차대차","추돌","진행중 추돌","운전자법규위반","안전운전 의무 불이행","단일로","기타단일로","이륜차","대형","이륜차","대형","1013322 ","1902209 ",127.64995856,37.1184586
"2012","2012031018","50","야간","토",1,1,0,0,0,"전남","완도군","차대차","추돌","진행중 추돌","운전자법규위반","안전운전 의무 불이행","단일로","기타단일로","승용차","중형","건설기계","건설기계","927970  ","1598829 ",126.71651077,34.38067618
"2012","2012031620","16","야간","금",1,1,0,0,0,"경기","성남시","차대사람","길가장자리구역통행중","길가장자리구역통행중","운전자법규위반","안전운전 의무 불이행","단일로","기타단일로","승용차","중형","보행자","보행자","967830  ","1937434 ",127.13635825,37.43551247
"2012","2012031702","45","야간","토",2,3,1,0,0,"경기","포천시","차량단독","도로이탈","도로이탈 추락","운전자법규위반","안전운전 의무 불이행","단일로","기타단일로","화물차","소형","00","00","971380  ","1985179 ",127.17461373,37.86596868
"2012","2012031715","20","주간","토",1,1,0,0,0,"전남","진도군","차량단독","공작물충돌","공작물충돌","운전자법규위반","안전운전 의무 불이행","단일로","기타단일로","승합차","소형","00","00","888388  ","1620950 ",126.28314456,34.57660982
"2012","2012032219","15","야간","목",1,4,0,3,0,"경남","밀양시","차대차","정면충돌","정면충돌","운전자법규위반","중앙선 침범","단일로","기타단일로","승용차","소형","승합차","대형","1109882 ","1726535 ",128.71198202,35.52868343
"2012","2012031905","31","야간","월",1,2,1,0,0,"부산","금정구","차대사람","횡단중","횡단중","운전자법규위반","안전운전 의무 불이행","단일로","기타단일로","이륜차","소형","보행자","보행자","1144815 ","1693244 ",129.09126727,35.22413251
"2012","2012031909","50","주간","월",1,5,1,2,1,"부산","동구","차대차","정면충돌","정면충돌","운전자법규위반","중앙선 침범","교차로","교차로부근","승용차","소형","승용차","중형","1140858 ","1681396 ",129.04577793,35.11789962
"2012","2012031823","34","야간","일",1,1,0,0,0,"경기","안산시","차량단독","전도전복","전도전복","운전자법규위반","안전운전 의무 불이행","단일로","기타단일로","승용차","대형","00","00","946688  ","1922785 ",126.89853006,37.3024182
"2012","2012032505","50","야간","일",1,2,1,0,0,"대구","달서구","차대차","측면직각충돌","측면직각충돌","운전자법규위반","신호위반","교차로","교차로내","이륜차","중형","승용차","중형","1094360 ","1761278 ",128.54488071,35.84348752
"2012","2012032522","05","야간","일",1,1,0,0,0,"경기","수원시","차대사람","횡단중","횡단중","운전자법규위반","안전운전 의무 불이행","교차로","교차로부근","승합차","대형","보행자","보행자","953014  ","1919609 ",126.97001819,37.27421295
"2012","2012032617","45","주간","월",1,1,0,0,0,"경남","하동군","차대사람","횡단중","횡단중","운전자법규위반","안전운전 의무 불이행","단일로","기타단일로","승합차","소형","보행자","보행자","1035052 ","1693176 ",127.88522045,35.23336667
"2012","2012033010","25","주간","금",1,1,0,0,0,"충북","보은군","차대사람","기타","기타","운전자법규위반","안전운전 의무 불이행","단일로","기타단일로","화물차","중형","보행자","보행자","1014580 ","1842162 ",127.66296623,36.5771387
"2012","2012033010","10","주간","금",1,1,0,0,0,"서울","강북구","차대사람","길가장자리구역통행중","길가장자리구역통행중","운전자법규위반","안전운전 의무 불이행","교차로","교차로부근","승합차","대형","보행자","보행자","956983  ","1962741 ",127.01142834,37.66295059
"2012","2012040315","40","주간","화",1,1,0,0,0,"경기","수원시","차대사람","횡단중","횡단중","운전자법규위반","기타(운전자법규위반)","교차로","교차로부근","승용차","중형","보행자","보행자","958375  ","1921358 ",127.03038804,37.29023317
"2012","2012033021","48","야간","금",1,1,0,0,0,"전북","전주시","차대사람","기타","기타","운전자법규위반","안전운전 의무 불이행","단일로","기타단일로","승용차","중형","보행자","보행자","968429  ","1759222 ",127.15047274,35.8289759
"2012","2012040717","59","주간","토",1,1,0,0,0,"전북","진안군","차대사람","횡단중","횡단중","운전자법규위반","안전운전 의무 불이행","단일로","기타단일로","승용차","중형","보행자","보행자","1001377 ","1775116 ",127.51527309,35.97279396
"2012","2012040522","40","야간","목",1,1,0,0,0,"전남","광양시","차대차","추돌","진행중 추돌","운전자법규위반","안전운전 의무 불이행","단일로","기타단일로","승용차","중형","건설기계","건설기계","1011432 ","1662849 ",127.62519753,34.96030329
"2012","2012041100","40","야간","수",1,1,0,0,0,"광주","북구","차량단독","공작물충돌","공작물충돌","운전자법규위반","안전운전 의무 불이행","단일로","기타단일로","승용차","소형","00","00","941966  ","1686503 ",126.84487945,35.17598619
"2012","2012041011","00","주간","화",1,1,0,0,0,"대전","동구","차대차","측면직각충돌","측면직각충돌","운전자법규위반","신호위반","교차로","교차로내","원동기장치자전거","원동기장치자전거","화물차","소형","993687  ","1814757 ",127.42966052,36.33016622
"2012","2012040807","15","주간","일",1,2,1,0,0,"경북","김천시","차량단독","기타","기타","운전자법규위반","안전운전 의무 불이행","단일로","기타단일로","승용차","소형","00","00","1067385 ","1796092 ",128.24916761,36.15956765
"2012","2012041904","55","야간","목",1,2,0,1,0,"대구","달서구","차대차","추돌","진행중 추돌","운전자법규위반","안전운전 의무 불이행","단일로","기타단일로","승용차","중형","화물차","소형","1092527 ","1763014 ",128.52478758,35.85931184
"2012","2012041721","45","야간","화",1,3,2,0,0,"충남","당진시","차대사람","기타","기타","운전자법규위반","안전운전 의무 불이행","단일로","기타단일로","화물차","소형","보행자","보행자","935523  ","1867826 ",126.77717827,36.80641176
"2012","2012042218","00","야간","일",2,3,0,1,0,"전북","완주군","차대차","측면직각충돌","측면직각충돌","운전자법규위반","안전운전 의무 불이행","단일로","기타단일로","승용차","중형","화물차","소형","968638  ","1750278 ",127.15312612,35.74835163
"2012","2012042305","25","야간","월",1,1,0,0,0,"서울","금천구","차량단독","공작물충돌","공작물충돌","운전자법규위반","안전운전 의무 불이행","단일로","기타단일로","승용차","중형","00","00","945072  ","1941956 ",126.87878136,37.47519888
"2012","2012042611","09","주간","목",1,1,0,0,0,"경북","영주시","차대차","측면직각충돌","측면직각충돌","운전자법규위반","중앙선 침범","단일로","기타단일로","자전거","자전거","승용차","중형","1099936 ","1870261 ",128.62059927,36.82527836
"2012","2012042602","10","야간","목",1,1,0,0,0,"경기","부천시","차대사람","횡단중","횡단중","운전자법규위반","안전운전 의무 불이행","단일로","기타단일로","화물차","소형","보행자","보행자","935989  ","1947266 ",126.8048112,37.52096295
"2012","2012042714","40","주간","금",1,2,0,1,0,"부산","강서구","차대차","기타","기타","운전자법규위반","신호위반","교차로","교차로부근","이륜차","중형","화물차","중형","1129794 ","1680745 ",128.92429405,35.11351864
"2012","2012032019","13","야간","화",1,1,0,0,0,"충북","청원군","차대차","추돌","진행중 추돌","운전자법규위반","안전운전 의무 불이행","단일로","기타단일로","화물차","소형","자전거","자전거","988664  ","1850483 ",127.37370677,36.65254866
"2012","2012032105","10","야간","수",1,1,0,0,0,"전남","여수시","차대사람","기타","기타","운전자법규위반","안전운전 의무 불이행","교차로","교차로내","승용차","중형","보행자","보행자","1020940 ","1639151 ",127.72877204,34.74659674
"2012","2012032018","00","야간","화",1,1,0,0,0,"경기","안산시","차대차","측면직각충돌","측면직각충돌","운전자법규위반","안전운전 의무 불이행","교차로","교차로내","자전거","자전거","화물차","중형","935395  ","1927042 ",126.77064932,37.34015182
"2012","2012031911","35","주간","월",1,1,0,0,0,"경기","김포시","차대차","측면직각충돌","측면직각충돌","운전자법규위반","신호위반","교차로","교차로내","건설기계","건설기계","이륜차","사발이","935707  ","1955865 ",126.77165502,37.59995474
"2012","2012032003","09","야간","화",1,2,1,0,0,"전남","나주시","차대사람","기타","기타","운전자법규위반","안전운전 의무 불이행","단일로","기타단일로","화물차","중형","보행자","보행자","927981  ","1671295 ",126.71044585,35.0341046
"2012","2012032417","48","주간","토",1,1,0,0,0,"서울","중랑구","차대사람","길가장자리구역통행중","길가장자리구역통행중","운전자법규위반","안전운전 의무 불이행","단일로","기타단일로","건설기계","건설기계","보행자","보행자","962740  ","1957025 ",127.07782962,37.6119027
"2012","2012032414","00","주간","토",1,3,0,2,0,"인천","서구","차대차","측면직각충돌","측면직각충돌","운전자법규위반","중앙선 침범","단일로","횡단보도부근","승합차","중형","화물차","중형","926139  ","1950156 ",126.66384909,37.54778321
"2012","2012032321","35","야간","금",1,1,0,0,0,"인천","서구","차대사람","횡단중","횡단중","운전자법규위반","신호위반","단일로","횡단보도상","승합차","대형","보행자","보행자","927344  ","1951180 ",126.67738768,37.55710798
"2012","2012032305","24","야간","금",1,1,0,0,0,"경남","창원시(통합)","차대사람","기타","기타","운전자법규위반","보행자 보호의무 위반","교차로","교차로부근","승합차","대형","보행자","보행자","1099032 ","1695231 ",128.58852984,35.247614
"2012","2012032909","40","주간","목",1,1,0,0,0,"전남","함평군","차대사람","길가장자리구역통행중","길가장자리구역통행중","운전자법규위반","안전운전 의무 불이행","단일로","기타단일로","화물차","소형","보행자","보행자","910994  ","1670724 ",126.52429793,35.02760184
"2012","2012032916","45","주간","목",1,1,0,0,0,"경기","평택시","차대사람","길가장자리구역통행중","길가장자리구역통행중","운전자법규위반","안전운전 의무 불이행","단일로","기타단일로","건설기계","건설기계","보행자","보행자","958138  ","1887182 ",127.02962526,36.98216292
"2012","2012032812","10","주간","수",1,3,2,0,0,"경북","경산시","차대차","기타","기타","운전자법규위반","중앙선 침범","단일로","기타단일로","승용차","중형","화물차","소형","1111617 ","1750503 ",128.73443325,35.74454671