"발생년","발생년월일시","발생분","주야","요일","사망자수","사상자수","중상자수","경상자수","부상신고자수","발생지시도","발생지시군구","사고유형_대분류","사고유형_중분류","사고유형","법규위반_대분류","법규위반","도로형태_대분류","도로형태","당사자종별_1당_대분류","당사자종별_1당","당사자종별_2당_대분류","당사자종별_2당","발생위치X_UTMK","발생위치Y_UTMK","경도","위도"
"2012","2012040420","20","야간","수",1,2,1,0,0,"인천","중구","차대사람","횡단중","횡단중","운전자법규위반","신호위반","교차로","교차로내","승용차","중형","보행자","보행자","923616  ","1941438 ",126.63619608,37.46900544
"2012","2012041016","40","주간","화",1,1,0,0,0,"경북","경주시","차량단독","기타","기타","운전자법규위반","안전운전 의무 불이행","단일로","기타단일로","이륜차","소형","00","00","1153762 ","1762252 ",129.20415331,35.84472617
"2012","2012041100","40","야간","수",1,3,2,0,0,"경북","구미시","차량단독","전도전복","전도전복","운전자법규위반","안전운전 의무 불이행","단일로","기타단일로","승용차","중형","00","00","1067877 ","1806506 ",128.25435261,36.25621617
"2012","2012041111","45","주간","수",1,1,0,0,0,"울산","울주군","차대사람","차도통행중","차도통행중","운전자법규위반","안전운전 의무 불이행","단일로","기타단일로","화물차","소형","보행자","보행자","1143660 ","1726526 ",129.08443436,35.52428391
"2012","2012040822","56","야간","일",1,2,1,0,0,"경기","화성시","차량단독","전도전복","전도전복","운전자법규위반","안전운전 의무 불이행","단일로","기타단일로","승용차","소형","00","00","963618  ","1911543 ",127.09001748,37.2019824
"2012","2012040906","50","주간","월",1,1,0,0,0,"경기","화성시","차대사람","기타","기타","운전자법규위반","안전운전 의무 불이행","단일로","기타단일로","승용차","중형","보행자","보행자","956157  ","1911022 ",126.99574732,37.20472847
"2012","2012040910","55","주간","월",1,1,0,0,0,"전북","전주시","차대사람","횡단중","횡단중","운전자법규위반","보행자 보호의무 위반","교차로","교차로부근","화물차","대형","보행자","보행자","966532  ","1760431 ",127.12940869,35.83982232
"2012","2012041419","35","야간","토",1,1,0,0,0,"서울","강서구","차대사람","기타","기타","운전자법규위반","안전운전 의무 불이행","단일로","기타단일로","승합차","대형","보행자","보행자","942305  ","1948182 ",126.8470007,37.53114562
"2012","2012041412","05","주간","토",1,3,1,1,0,"경남","창녕군","차대차","측면직각충돌","측면직각충돌","운전자법규위반","과속","교차로","교차로내","승합차","중형","승합차","경형","1088240 ","1727297 ",128.47339154,35.53771556
"2012","2012041716","50","주간","화",1,1,0,0,0,"경기","수원시","차대차","기타","기타","운전자법규위반","신호위반","단일로","기타단일로","화물차","대형","자전거","자전거","954848  ","1920927 ",126.98920514,37.28581706
"2012","2012041810","40","주간","수",1,1,0,0,0,"전남","장성군","차량단독","공작물충돌","공작물충돌","운전자법규위반","안전운전 의무 불이행","교차로","교차로부근","승용차","소형","00","00","933883  ","1701115 ",126.77275541,35.30337931
"2012","2012041800","33","야간","수",1,1,0,0,0,"전남","해남군","차대차","측면직각충돌","측면직각충돌","운전자법규위반","중앙선 침범","단일로","기타단일로","화물차","대형","화물차","소형","909098  ","1599614 ",126.51117599,34.38626827
"2012","2012042316","13","주간","월",1,1,0,0,0,"충남","태안군","차량단독","공작물충돌","공작물충돌","운전자법규위반","안전운전 의무 불이행","단일로","기타단일로","이륜차","대형","00","00","888430  ","1879699 ",126.24758572,36.90903723
"2012","2012042403","20","야간","화",1,3,0,2,0,"경기","수원시","차량단독","공작물충돌","공작물충돌","운전자법규위반","안전운전 의무 불이행","단일로","기타단일로","승용차","중형","00","00","957411  ","1915104 ",127.02235279,37.2317005
"2012","2012042321","40","야간","월",1,1,0,0,0,"경남","통영시","차대사람","횡단중","횡단중","운전자법규위반","과속","단일로","횡단보도상","승용차","소형","보행자","보행자","1084470 ","1651041 ",128.42399066,34.85052255
"2012","2012042320","46","야간","월",1,1,0,0,0,"전북","익산시","차량단독","공작물충돌","공작물충돌","운전자법규위반","안전운전 의무 불이행","단일로","기타단일로","승용차","소형","00","00","948166  ","1789405 ",126.92415557,36.10023925
"2012","2012042201","34","야간","일",1,1,0,0,0,"대전","서구","차대사람","기타","기타","운전자법규위반","안전운전 의무 불이행","단일로","기타단일로","승용차","중형","보행자","보행자","990733  ","1815967 ",127.3987811,36.34259437
"2012","2012042118","45","야간","토",1,11,2,7,1,"전남","영암군","차대차","정면충돌","정면충돌","운전자법규위반","중앙선 침범","단일로","기타단일로","승합차","중형","승합차","대형","902406  ","1642764 ",126.43616109,34.77586261
"2012","2012030919","12","야간","금",1,1,0,0,0,"서울","구로구","차대사람","횡단중","횡단중","운전자법규위반","안전운전 의무 불이행","교차로","교차로부근","승용차","중형","보행자","보행자","943088  ","1943401 ",126.85623247,37.48810274
"2012","2012030914","50","주간","금",1,1,0,0,0,"서울","금천구","차량단독","공작물충돌","공작물충돌","운전자법규위반","안전운전 의무 불이행","교차로","교차로부근","이륜차","중형","00","00","947255  ","1938288 ",126.90340326,37.442345
"2012","2012030615","18","주간","화",1,2,1,0,0,"경기","남양주시","차대차","정면충돌","정면충돌","운전자법규위반","중앙선 침범","단일로","기타단일로","승용차","대형","특수차","대형","984418  ","1952378 ",127.32354695,37.57064012
"2012","2012030422","43","야간","일",1,3,2,0,0,"경북","울진군","차량단독","공작물충돌","공작물충돌","운전자법규위반","안전운전 의무 불이행","단일로","기타단일로","승용차","중형","00","00","1167606 ","1884840 ",129.38232101,36.94706207
"2012","2012031013","40","주간","토",1,1,0,0,0,"전남","영암군","차량단독","공작물충돌","공작물충돌","운전자법규위반","안전운전 의무 불이행","단일로","기타단일로","화물차","소형","00","00","921641  ","1649898 ",126.64295561,34.84070596
"2012","2012031721","30","야간","토",1,1,0,0,0,"경기","김포시","차대사람","기타","기타","운전자법규위반","안전운전 의무 불이행","교차로","교차로부근","화물차","소형","보행자","보행자","918622  ","1961447 ",126.57750619,37.6489084
"2012","2012031811","20","주간","일",1,1,0,0,0,"대전","동구","차량단독","공작물충돌","공작물충돌","운전자법규위반","안전운전 의무 불이행","단일로","기타단일로","승용차","중형","00","00","997718  ","1805160 ",127.47460199,36.24366236
"2012","2012031318","20","야간","화",1,1,0,0,0,"경북","봉화군","차량단독","도로이탈","도로이탈 추락","운전자법규위반","안전운전 의무 불이행","단일로","기타단일로","화물차","소형","00","00","1105006 ","1883432 ",128.67926373,36.94343523
"2012","2012031912","25","주간","월",1,1,0,0,0,"경북","상주시","차량단독","공작물충돌","공작물충돌","운전자법규위반","안전운전 의무 불이행","단일로","기타단일로","화물차","소형","00","00","1057397 ","1842904 ",128.14158652,36.58221264
"2012","2012032516","45","주간","일",1,1,0,0,0,"충북","제천시","차대사람","기타","기타","운전자법규위반","안전운전 의무 불이행","교차로","교차로내","화물차","소형","보행자","보행자","1045790 ","1904843 ",128.01557378,37.1410855
"2012","2012033000","30","야간","금",1,2,1,0,0,"강원","홍천군","차량단독","기타","기타","운전자법규위반","안전운전 의무 불이행","단일로","기타단일로","승용차","소형","00","00","1022659 ","1956507 ",127.7567213,37.60770963
"2012","2012032708","00","주간","화",1,1,0,0,0,"경기","성남시","차대사람","횡단중","횡단중","운전자법규위반","보행자 보호의무 위반","단일로","횡단보도상","승용차","중형","보행자","보행자","968616  ","1938782 ",127.14518547,37.44768978
"2012","2012032612","49","주간","월",1,3,1,1,0,"전남","나주시","차대차","측면직각충돌","측면직각충돌","운전자법규위반","신호위반","교차로","교차로내","승용차","중형","특수차","소형","928198  ","1671435 ",126.71281254,35.03538237
"2012","2012021019","15","야간","금",1,1,0,0,0,"충북","음성군","차대사람","횡단중","횡단중","운전자법규위반","안전운전 의무 불이행","단일로","기타단일로","화물차","대형","보행자","보행자","1012489 ","1884479 ",127.64028761,36.95864577
"2012","2012021019","47","야간","금",1,2,1,0,0,"경기","구리시","차량단독","공작물충돌","공작물충돌","운전자법규위반","안전운전 의무 불이행","단일로","기타단일로","승용차","경형","00","00","969013  ","1956134 ",127.13310246,37.6065983
"2012","2012021410","30","주간","화",1,6,2,3,0,"경기","성남시","차대차","추돌","주정차중 추돌","운전자법규위반","안전운전 의무 불이행","단일로","기타단일로","승용차","중형","승합차","중형","962741  ","1932147 ",127.07910149,37.38766682
"2012","2012021305","10","야간","월",1,1,0,0,0,"대구","서구","차대사람","횡단중","횡단중","운전자법규위반","신호위반","단일로","횡단보도상","승용차","소형","보행자","보행자","1096984 ","1763420 ",128.57419309,35.8625406
"2012","2012021123","55","야간","토",1,1,0,0,0,"경기","포천시","차대사람","기타","기타","운전자법규위반","안전운전 의무 불이행","단일로","기타단일로","특수차","중형","보행자","보행자","975218  ","1989520 ",127.20952894,37.89479361
"2012","2012021918","30","야간","일",1,1,0,0,0,"서울","도봉구","차대사람","횡단중","횡단중","운전자법규위반","안전운전 의무 불이행","단일로","기타단일로","승용차","경형","보행자","보행자","959997  ","1963980 ",127.04637017,37.67447399
"2012","2012021819","30","야간","토",1,1,0,0,0,"충북","청주시","차대차","측면직각충돌","측면직각충돌","운전자법규위반","안전운전 의무 불이행","단일로","기타단일로","승용차","경형","자전거","자전거","995886  ","1849828 ",127.45363954,36.6462871
"2012","2012021901","30","야간","일",1,1,0,0,0,"경기","군포시","차대사람","횡단중","횡단중","운전자법규위반","안전운전 의무 불이행","교차로","교차로내","승용차","경형","보행자","보행자","948956  ","1929351 ",126.92357754,37.36180859
"2012","2012021705","20","야간","금",1,2,1,0,0,"경북","포항시","차대사람","기타","기타","운전자법규위반","안전운전 의무 불이행","단일로","기타단일로","승용차","중형","보행자","보행자","1169210 ","1786230 ",129.37872772,36.05827258
"2012","2012021619","20","야간","목",1,1,0,0,0,"강원","양구군","차대사람","횡단중","횡단중","운전자법규위반","안전운전 의무 불이행","단일로","기타단일로","승용차","소형","보행자","보행자","1047864 ","2015967 ",128.04622235,38.14263719
"2012","2012022415","45","주간","금",4,100,6,23,67,"강원","고성군","차대차","추돌","진행중 추돌","운전자법규위반","안전운전 의무 불이행","단일로","기타단일로","승합차","대형","승합차","중형","1086749 ","2023375 ",128.49083272,38.20649134
"2012","2012022219","00","야간","수",1,1,0,0,0,"충남","태안군","차대사람","길가장자리구역통행중","길가장자리구역통행중","운전자법규위반","안전운전 의무 불이행","단일로","기타단일로","승용차","소형","보행자","보행자","896689  ","1837495 ",126.34598312,36.52959314
"2012","2012022219","50","야간","수",1,2,1,0,0,"전북","전주시","차대사람","횡단중","횡단중","운전자법규위반","신호위반","교차로","교차로내","승용차","대형","보행자","보행자","968652  ","1758322 ",127.15296586,35.8208776
"2012","2012022123","30","야간","화",1,1,0,0,0,"경남","합천군","차대차","추돌","주정차중 추돌","운전자법규위반","중앙선 침범","단일로","교량위","승용차","대형","화물차","소형","1056526 ","1712946 ",128.122574,35.4106404
"2012","2012022100","10","야간","화",1,1,0,0,0,"경기","수원시","차대사람","횡단중","횡단중","운전자법규위반","안전운전 의무 불이행","단일로","기타단일로","승용차","대형","보행자","보행자","957917  ","1919808 ",127.02530881,37.27624134
"2012","2012022716","53","주간","월",1,1,0,0,0,"경남","김해시","차대차","측면직각충돌","측면직각충돌","운전자법규위반","교차로 통행방법 위반","교차로","교차로내","원동기장치자전거","원동기장치자전거","승합차","대형","1135531 ","1694666 ",128.98951818,35.23824838
"2012","2012022718","45","야간","월",1,1,0,0,0,"경기","여주시","차대사람","기타","기타","운전자법규위반","안전운전 의무 불이행","단일로","기타단일로","승용차","중형","보행자","보행자","1008380 ","1930810 ",127.59465113,37.37632647
"2012","2012022511","30","주간","토",1,1,0,0,0,"경기","용인시","차대차","기타","기타","운전자법규위반","안전운전 의무 불이행","단일로","기타단일로","화물차","소형","자전거","자전거","972860  ","1915470 ",127.19401946,37.23769489
"2012","2012030506","25","주간","월",1,1,0,0,0,"경북","구미시","차대사람","횡단중","횡단중","운전자법규위반","안전운전 의무 불이행","단일로","기타단일로","승용차","소형","보행자","보행자","1085926 ","1788813 ",128.4544835,36.09248415
"2012","2012030211","00","주간","금",1,7,6,0,0,"서울","중랑구","차대차","추돌","주정차중 추돌","운전자법규위반","안전운전 의무 불이행","단일로","기타단일로","승용차","중형","화물차","중형","962236  ","1957535 ",127.07209291,37.61647889
"2012","2012011522","25","야간","일",1,1,0,0,0,"전북","군산시","차대사람","횡단중","횡단중","운전자법규위반","안전운전 의무 불이행","단일로","기타단일로","승용차","소형","보행자","보행자","932153  ","1772758 ",126.7477011,35.94917751
"2012","2012012413","55","주간","화",1,3,2,0,0,"경북","경주시","차량단독","공작물충돌","공작물충돌","운전자법규위반","안전운전 의무 불이행","단일로","기타단일로","승용차","소형","00","00","1162094 ","1774053 ",129.29813716,35.94971164
"2012","2012012116","00","주간","토",1,1,0,0,0,"경북","영천시","차대사람","횡단중","횡단중","운전자법규위반","안전운전 의무 불이행","교차로","교차로부근","화물차","소형","보행자","보행자","1131074 ","1776480 ",128.95383156,35.97628393
"2012","2012012100","20","야간","토",1,1,0,0,0,"충남","논산시","차대사람","횡단중","횡단중","운전자법규위반","안전운전 의무 불이행","단일로","횡단보도부근","승용차","중형","보행자","보행자","964196  ","1794944 ",127.10198244,36.1508998
"2012","2012012013","51","주간","금",1,1,0,0,0,"충남","부여군","차대차","기타","기타","운전자법규위반","교차로 통행방법 위반","교차로","교차로내","이륜차","소형","승용차","소형","939494  ","1798499 ",126.8269986,36.18169322
"2012","2012012614","40","주간","목",1,1,0,0,0,"서울","용산구","차량단독","공작물충돌","공작물충돌","운전자법규위반","안전운전 의무 불이행","단일로","기타단일로","이륜차","중형","00","00","956313  ","1947703 ",127.00556724,37.52759847
"2012","2012020111","35","주간","수",1,1,0,0,0,"울산","북구","차량단독","전도전복","전도전복","운전자법규위반","안전운전 의무 불이행","단일로","기타단일로","이륜차","소형","00","00","1168696 ","1731406 ",129.36145367,35.56431942
"2012","2012013019","25","야간","월",1,1,0,0,0,"전북","임실군","차대사람","횡단중","횡단중","운전자법규위반","안전운전 의무 불이행","단일로","횡단보도상","승용차","대형","보행자","보행자","978955  ","1742456 ",127.26743941,35.67810102
"2012","2012013022","30","야간","월",1,1,0,0,0,"충남","천안시","차대사람","횡단중","횡단중","운전자법규위반","안전운전 의무 불이행","단일로","기타단일로","승용차","중형","보행자","보행자","968741  ","1864938 ",127.14967874,36.78205799
"2012","2012012919","48","야간","일",1,1,0,0,0,"경기","양평군","차대사람","횡단중","횡단중","운전자법규위반","안전운전 의무 불이행","단일로","기타단일로","승용차","대형","보행자","보행자","991629  ","1946031 ",127.40527772,37.51352467
"2012","2012020514","20","주간","일",1,1,0,0,0,"경기","이천시","차량단독","도로이탈","도로이탈 추락","운전자법규위반","안전운전 의무 불이행","단일로","기타단일로","농기계","농기계","00","00","998499  ","1909559 ",127.48308928,37.18480659
"2012","2012020608","50","주간","월",1,1,0,0,0,"충북","충주시","차량단독","공작물충돌","공작물충돌","운전자법규위반","안전운전 의무 불이행","단일로","기타단일로","승용차","대형","00","00","1020770 ","1887810 ",127.73339831,36.9885264
"2012","2012020417","15","주간","토",2,6,3,1,0,"대구","달서구","차대차","측면직각충돌","측면직각충돌","운전자법규위반","신호위반","교차로","교차로내","화물차","대형","승합차","소형","1089566 ","1762119 ",128.49189684,35.85151882
"2012","2012020921","10","야간","목",1,1,0,0,0,"충북","음성군","차대사람","횡단중","횡단중","운전자법규위반","안전운전 의무 불이행","단일로","기타단일로","화물차","소형","보행자","보행자","999856  ","1885301 ",127.4983823,36.96613853
"2012","2012020920","05","야간","목",1,1,0,0,0,"전남","순천시","차대사람","횡단중","횡단중","운전자법규위반","안전운전 의무 불이행","교차로","교차로부근","승용차","대형","보행자","보행자","1003372 ","1657854 ",127.53737454,34.91527439
"2012","2012020718","00","야간","화",1,1,0,0,0,"전북","부안군","차량단독","기타","기타","운전자법규위반","안전운전 의무 불이행","단일로","기타단일로","승용차","소형","00","00","923557  ","1747728 ",126.65479293,35.72289172
"2012","2012021417","00","주간","화",2,15,12,1,0,"경북","안동시","차대차","기타","기타","운전자법규위반","안전운전 의무 불이행","단일로","기타단일로","화물차","소형","이륜차","중형","1117274 ","1842690 ",128.8107439,36.57480341
"2012","2012021317","40","주간","월",1,1,0,0,0,"전북","부안군","차량단독","공작물충돌","공작물충돌","운전자법규위반","안전운전 의무 불이행","단일로","기타단일로","원동기장치자전거","원동기장치자전거","00","00","931487  ","1750875 ",126.74125921,35.75154408
"2012","2012021200","48","야간","일",1,1,0,0,0,"경남","진주시","차대사람","횡단중","횡단중","운전자법규위반","기타(운전자법규위반)","단일로","기타단일로","승용차","중형","보행자","보행자","1048916 ","1690839 ",128.03737506,35.21166003
"2012","2012021112","20","주간","토",1,3,2,0,0,"전북","전주시","차대사람","보도통행중","보도통행중","운전자법규위반","기타(운전자법규위반)","교차로","교차로부근","승용차","중형","보행자","보행자","965192  ","1755337 ",127.11479308,35.79384807
"2012","2012022006","35","주간","월",1,3,1,1,0,"전북","익산시","차대차","측면직각충돌","측면직각충돌","운전자법규위반","안전운전 의무 불이행","교차로","교차로내","승용차","중형","화물차","중형","962401  ","1777065 ",127.08288059,35.98964193
"2012","2012022015","20","주간","월",1,1,0,0,0,"강원","철원군","차대사람","횡단중","횡단중","운전자법규위반","보행자 보호의무 위반","단일로","횡단보도상","화물차","소형","보행자","보행자","975341  ","2023112 ",127.21834024,38.20796458
"2012","2012021723","55","야간","금",1,1,0,0,0,"서울","중구","차대차","정면충돌","정면충돌","운전자법규위반","중앙선 침범","단일로","기타단일로","승용차","중형","승용차","중형","953453  ","1951618 ",126.97295169,37.56274526
"2012","2012021523","00","야간","수",1,1,0,0,0,"울산","남구","차량단독","공작물충돌","공작물충돌","운전자법규위반","안전운전 의무 불이행","교차로","교차로부근","화물차","소형","00","00","1164045 ","1724875 ",129.30883386,35.50624256
"2012","2012022123","26","야간","화",1,1,0,0,0,"전북","전주시","차대사람","횡단중","횡단중","운전자법규위반","안전운전 의무 불이행","단일로","기타단일로","승용차","중형","보행자","보행자","970676  ","1759355 ",127.17533404,35.83025379
"2012","2012022111","15","주간","화",1,1,0,0,0,"전남","함평군","차대차","측면직각충돌","측면직각충돌","운전자법규위반","서행 및 일시정지위반","교차로","교차로내","화물차","소형","원동기장치자전거","원동기장치자전거","911910  ","1670023 ",126.53441236,35.02136185
"2012","2012022106","47","주간","화",1,1,0,0,0,"경기","김포시","차대사람","횡단중","횡단중","운전자법규위반","안전운전 의무 불이행","단일로","기타단일로","승용차","대형","보행자","보행자","927479  ","1961619 ",126.67748785,37.64986423
"2012","2012022018","55","야간","월",1,2,0,1,0,"충남","예산군","차대차","측면직각충돌","측면직각충돌","운전자법규위반","직진 및 우회전차의 통행방해","교차로","교차로내","승용차","중형","이륜차","중형","940520  ","1853711 ",126.83429357,36.67950347
"2012","2012022106","37","주간","화",1,1,0,0,0,"광주","서구","차대사람","횡단중","횡단중","운전자법규위반","안전운전 의무 불이행","단일로","기타단일로","승용차","중형","보행자","보행자","940557  ","1684511 ",126.84736065,35.15408828
"2012","2012022103","10","야간","화",1,1,0,0,0,"경기","화성시","차대차","기타","기타","운전자법규위반","안전운전 의무 불이행","교차로","교차로부근","승용차","소형","승용차","중형","959557  ","1913029 ",127.04517153,37.21450145
"2012","2012022021","35","야간","월",1,1,0,0,0,"경기","시흥시","차대사람","횡단중","횡단중","운전자법규위반","안전운전 의무 불이행","단일로","기타단일로","승용차","중형","보행자","보행자","934820  ","1930646 ",126.76464502,37.37355543
"2012","2012022707","30","주간","월",1,2,0,1,0,"울산","울주군","차대차","정면충돌","정면충돌","운전자법규위반","중앙선 침범","단일로","기타단일로","승용차","중형","특수차","대형","1153550 ","1724944 ",129.19355587,35.50849336
"2012","2012022811","35","주간","화",1,1,0,0,0,"강원","원주시","차대사람","횡단중","횡단중","운전자법규위반","보행자 보호의무 위반","단일로","횡단보도상","건설기계","건설기계","보행자","보행자","1038597 ","1928695 ",127.93583286,37.35649711
"2012","2012022420","30","야간","금",1,1,0,0,0,"경기","평택시","차대사람","횡단중","횡단중","운전자법규위반","안전운전 의무 불이행","단일로","기타단일로","승합차","대형","보행자","보행자","960958  ","1898818 ",127.06070703,37.08717244
"2012","2012030412","45","주간","일",1,1,0,0,0,"대전","동구","차대사람","횡단중","횡단중","운전자법규위반","안전운전 의무 불이행","단일로","기타단일로","화물차","소형","보행자","보행자","995041  ","1813863 ",127.44475248,36.32211433
"2012","2012030317","05","주간","토",1,1,0,0,0,"전북","김제시","차량단독","도로이탈","도로이탈 기타","운전자법규위반","안전운전 의무 불이행","교차로","교차로부근","이륜차","중형","00","00","938048  ","1753103 ",126.81458872,35.77236964
"2012","2012030407","10","주간","일",1,1,0,0,0,"경북","고령군","차량단독","공작물충돌","공작물충돌","운전자법규위반","안전운전 의무 불이행","단일로","기타단일로","화물차","소형","00","00","1065473 ","1742743 ",128.22351835,35.67873936
"2012","2012030420","38","야간","일",2,8,5,1,0,"충남","홍성군","차대차","기타","기타","운전자법규위반","중앙선 침범","단일로","기타단일로","승합차","중형","승용차","소형","924278  ","1845594 ",126.65332864,36.60518205
"2012","2012022910","10","주간","수",1,1,0,0,0,"충북","청주시","차량단독","기타","기타","운전자법규위반","안전운전 의무 불이행","단일로","기타단일로","승용차","대형","00","00","999566  ","1847199 ",127.49514616,36.62265873
"2012","2012030215","00","주간","금",1,2,0,1,0,"전남","영광군","차대차","추돌","주정차중 추돌","운전자법규위반","안전운전 의무 불이행","교차로","교차로내","승합차","소형","승용차","대형","906629  ","1699086 ",126.4732466,35.28291277
"2012","2012030213","10","주간","금",1,1,0,0,0,"전남","나주시","차량단독","공작물충돌","공작물충돌","운전자법규위반","안전운전 의무 불이행","단일로","기타단일로","승용차","중형","00","00","918327  ","1661022 ",126.60562653,34.94074477
"2012","2012011806","30","주간","수",1,1,0,0,0,"충남","태안군","차대사람","횡단중","횡단중","운전자법규위반","안전운전 의무 불이행","단일로","기타단일로","승용차","중형","보행자","보행자","892320  ","1862596 ",126.29012448,36.75904161
"2012","2012011715","43","주간","화",3,4,1,0,0,"경남","창원시(통합)","차량단독","공작물충돌","공작물충돌","운전자법규위반","안전운전 의무 불이행","교차로","교차로내","승용차","중형","00","00","1083517 ","1678725 ",128.41634342,35.10020924
"2012","2012011909","50","주간","목",1,1,0,0,0,"전남","신안군","차대사람","길가장자리구역통행중","길가장자리구역통행중","운전자법규위반","안전운전 의무 불이행","단일로","기타단일로","불명","불명","보행자","보행자","873293  ","1649240 ",126.10984211,34.82894642
"2012","2012011708","25","주간","화",1,1,0,0,0,"경기","수원시","차대사람","횡단중","횡단중","운전자법규위반","보행자 보호의무 위반","교차로","교차로내","건설기계","건설기계","보행자","보행자","952939  ","1922301 ",126.96900178,37.29847378
"2012","2012012006","30","주간","금",1,1,0,0,0,"대전","동구","차대차","측면직각충돌","측면직각충돌","운전자법규위반","신호위반","교차로","교차로내","승합차","대형","승합차","경형","998272  ","1807703 ",127.48003838,36.26741037
"2012","2012011902","03","야간","목",1,1,0,0,0,"서울","서대문구","차량단독","공작물충돌","공작물충돌","운전자법규위반","안전운전 의무 불이행","단일로","기타단일로","승용차","중형","00","00","948966  ","1952682 ",126.92207389,37.57209748
"2012","2012012008","09","주간","금",1,2,0,1,0,"경기","성남시","차대차","정면충돌","정면충돌","운전자법규위반","중앙선 침범","교차로","교차로내","승용차","중형","승용차","중형","964720  ","1930126 ",127.10155326,37.36952772
"2012","2012012715","35","주간","금",1,6,3,2,0,"전남","장흥군","차대차","정면충돌","정면충돌","운전자법규위반","중앙선 침범","단일로","기타단일로","승용차","중형","승용차","중형","947726  ","1645402 ",126.92852226,34.80183996
"2012","2012012808","50","주간","토",1,1,0,0,0,"전북","부안군","차대차","추돌","진행중 추돌","운전자법규위반","안전운전 의무 불이행","단일로","기타단일로","원동기장치자전거","원동기장치자전거","승용차","소형","921013  ","1735079 ",126.6279087,35.60865511
"2012","2012012811","47","주간","토",1,1,0,0,0,"경남","창원시(통합)","차대차","기타","기타","운전자법규위반","신호위반","단일로","기타단일로","원동기장치자전거","원동기장치자전거","승용차","대형","1107736 ","1698615 ",128.68462807,35.2772229
"2012","2012012622","15","야간","목",1,1,0,0,0,"경북","경산시","차대사람","기타","기타","운전자법규위반","안전운전 의무 불이행","기타/불명","기타/불명","승용차","중형","보행자","보행자","1118440 ","1759575 ",128.80854062,35.82292866
"2012","2012012621","23","야간","목",1,1,0,0,0,"경기","김포시","차량단독","기타","기타","운전자법규위반","안전운전 의무 불이행","기타/불명","기타/불명","승용차","중형","00","00","921864  ","1965530 ",126.63447136,37.69645181
"2012","2012020203","55","야간","목",1,1,0,0,0,"전남","담양군","차량단독","기타","기타","운전자법규위반","안전운전 의무 불이행","단일로","기타단일로","화물차","소형","00","00","954185  ","1688368 ",126.99676567,35.18957978
"2012","2012020120","00","야간","수",1,1,0,0,0,"부산","연제구","차대차","측면직각충돌","측면직각충돌","운전자법규위반","신호위반","교차로","교차로내","승합차","중형","이륜차","중형","1145096 ","1689345 ",129.09366694,35.18894773
"2012","2012020217","05","주간","목",1,1,0,0,0,"대구","달성군","차대사람","기타","기타","운전자법규위반","안전운전 의무 불이행","단일로","기타단일로","승합차","소형","보행자","보행자","1090606 ","1757222 ",128.50285709,35.80727764
"2012","2012013009","00","주간","월",1,1,0,0,0,"충북","괴산군","차량단독","공작물충돌","공작물충돌","운전자법규위반","안전운전 의무 불이행","단일로","기타단일로","특수차","대형","00","00","1034407 ","1874440 ",127.8860304,36.86760456
"2012","2012012813","00","주간","토",1,1,0,0,0,"서울","광진구","차대사람","횡단중","횡단중","운전자법규위반","안전운전 의무 불이행","단일로","횡단보도부근","승합차","대형","보행자","보행자","964186  ","1948469 ",127.09463121,37.53484214
"2012","2012020520","20","야간","일",1,1,0,0,0,"경남","진주시","차대사람","기타","기타","운전자법규위반","안전운전 의무 불이행","단일로","기타단일로","승용차","중형","보행자","보행자","1044890 ","1698315 ",127.99824985,35.21512759
"2012","2012020315","20","주간","금",1,2,1,0,0,"경북","청송군","차대차","정면충돌","정면충돌","운전자법규위반","기타(운전자법규위반)","단일로","기타단일로","승용차","소형","승용차","중형","1140336 ","1822570 ",129.06477126,36.39037298
"2012","2012020305","50","야간","금",1,1,0,0,0,"서울","광진구","차량단독","공작물충돌","공작물충돌","운전자법규위반","안전운전 의무 불이행","단일로","교량위","승용차","중형","00","00","965605  ","1949985 ",127.11062107,37.54856049
"2012","2012021005","55","야간","금",1,1,0,0,0,"서울","영등포구","차대사람","기타","기타","운전자법규위반","안전운전 의무 불이행","단일로","기타단일로","승용차","중형","보행자","보행자","947290  ","1946937 ",126.90352989,37.52031299
"2012","2012020923","07","야간","목",1,2,1,0,0,"인천","계양구","차량단독","공작물충돌","공작물충돌","운전자법규위반","안전운전 의무 불이행","단일로","기타단일로","승용차","소형","00","00","932313  ","1949578 ",126.73365233,37.54320941
"2012","2012021101","40","야간","토",1,2,1,0,0,"경기","광주시","차대차","기타","기타","운전자법규위반","중앙선 침범","단일로","기타단일로","승용차","소형","승합차","경형","973034  ","1927516 ",127.1955439,37.34628087
"2012","2012021018","40","야간","금",1,1,0,0,0,"충남","보령시","차대사람","횡단중","횡단중","운전자법규위반","보행자 보호의무 위반","단일로","횡단보도상","승용차","경형","보행자","보행자","920216  ","1815364 ",126.64968667,36.33102972
"2012","2012020909","50","주간","목",1,3,1,1,0,"대구","수성구","차대사람","기타","기타","운전자법규위반","안전운전 의무 불이행","단일로","기타단일로","승용차","중형","보행자","보행자","1105720 ","1760621 ",128.67056458,35.83640562
"2012","2012021407","00","주간","화",1,1,0,0,0,"대구","달서구","차대사람","기타","기타","운전자법규위반","신호위반","단일로","기타단일로","승용차","중형","보행자","보행자","1095612 ","1760872 ",128.55869378,35.83970624