"발생년","발생년월일시","발생분","주야","요일","사망자수","사상자수","중상자수","경상자수","부상신고자수","발생지시도","발생지시군구","사고유형_대분류","사고유형_중분류","사고유형","법규위반_대분류","법규위반","도로형태_대분류","도로형태","당사자종별_1당_대분류","당사자종별_1당","당사자종별_2당_대분류","당사자종별_2당","발생위치X_UTMK","발생위치Y_UTMK","경도","위도"
"2013","2013011906","00","주간","토",1,1,0,0,0,"전북","익산시","차대사람","기타","기타","운전자법규위반","안전운전 의무 불이행","단일로","기타단일로","화물차","중형","보행자","보행자","954328  ","1772932 ",126.99356048,35.95203551
"2013","2013012004","20","야간","일",1,2,0,1,0,"경북","청송군","차량단독","도로이탈","도로이탈 기타","운전자법규위반","안전운전 의무 불이행","단일로","기타단일로","승용차","대형","00","00","1132120 ","1810959 ",128.97121983,36.28689435
"2013","2013012019","15","야간","일",1,1,0,0,0,"경기","화성시","차량단독","공작물충돌","공작물충돌","운전자법규위반","안전운전 의무 불이행","단일로","기타단일로","승용차","경형","00","00","953200  ","1903077 ",126.97315277,37.12520713
"2013","2013011920","30","야간","토",1,1,0,0,0,"전남","순천시","차량단독","기타","기타","운전자법규위반","안전운전 의무 불이행","단일로","기타단일로","원동기장치자전거","원동기장치자전거","00","00","982683  ","1657337 ",127.31043403,34.91065959
"2013","2013022008","25","주간","수",1,2,0,1,0,"전북","군산시","차대차","측면직각충돌","측면직각충돌","운전자법규위반","안전운전 의무 불이행","교차로","교차로내","승용차","중형","화물차","소형","924174  ","1767322 ",126.65975532,35.8995844
"2013","2013012113","10","주간","월",1,1,0,0,0,"전북","전주시","차대사람","횡단중","횡단중","운전자법규위반","보행자 보호의무 위반","단일로","기타단일로","화물차","소형","보행자","보행자","968180  ","1758782 ",127.14772241,35.82500978
"2013","2013012022","50","야간","일",1,2,1,0,0,"제주","제주시","차량단독","기타","기타","운전자법규위반","안전운전 의무 불이행","단일로","기타단일로","승용차","중형","00","00","885372  ","1491318 ",126.25997265,33.41380458
"2013","2013012918","18","야간","화",1,1,0,0,0,"경기","광주시","차대사람","보도통행중","보도통행중","운전자법규위반","안전운전 의무 불이행","단일로","기타단일로","승합차","소형","보행자","보행자","977193  ","1936444 ",127.24222471,37.42686714
"2013","2013013007","56","주간","수",1,1,0,0,0,"서울","성북구","차대사람","차도통행중","차도통행중","운전자법규위반","안전운전 의무 불이행","단일로","기타단일로","승합차","대형","보행자","보행자","957803  ","1956438 ",127.02192703,37.6063986
"2013","2013012518","35","야간","금",1,1,0,0,0,"경북","구미시","차대차","측면직각충돌","측면직각충돌","운전자법규위반","중앙선 침범","단일로","기타단일로","승용차","중형","원동기장치자전거","원동기장치자전거","1071729 ","1794190 ",128.29728533,36.14210954
"2013","2013012602","15","야간","토",1,1,0,0,0,"울산","울주군","차량단독","공작물충돌","공작물충돌","운전자법규위반","안전운전 의무 불이행","단일로","횡단보도부근","승용차","중형","00","00","1154861 ","1732048 ",129.20897952,35.57236573
"2013","2013012510","55","주간","금",1,1,0,0,0,"경남","함양군","차량단독","전도전복","전도전복","운전자법규위반","안전운전 의무 불이행","단일로","기타단일로","승용차","중형","00","00","1012420 ","1732257 ",127.63676056,35.58605435
"2013","2013012511","52","주간","금",1,1,0,0,0,"충북","청원군","차량단독","기타","기타","운전자법규위반","안전운전 의무 불이행","단일로","기타단일로","승용차","중형","00","00","1013344 ","1848115 ",127.64925439,36.63082308
"2013","2013012419","42","야간","목",1,1,0,0,0,"대전","유성구","차대사람","기타","기타","운전자법규위반","안전운전 의무 불이행","단일로","기타단일로","승용차","중형","보행자","보행자","989122  ","1824542 ",127.37866042,36.41834075
"2013","2013020407","20","주간","월",1,1,0,0,0,"경기","평택시","차량단독","공작물충돌","공작물충돌","운전자법규위반","안전운전 의무 불이행","교차로","교차로부근","승용차","중형","00","00","964419  ","1902879 ",127.10312237,37.12887745
"2013","2013020406","55","주간","월",1,2,0,1,0,"경기","평택시","차량단독","공작물충돌","공작물충돌","운전자법규위반","안전운전 의무 불이행","교차로","교차로부근","승용차","중형","00","00","951864  ","1889461 ",126.95898578,37.00240568
"2013","2013020400","15","야간","월",1,2,1,0,0,"부산","사상구","차량단독","공작물충돌","공작물충돌","운전자법규위반","안전운전 의무 불이행","단일로","기타단일로","승용차","중형","00","00","1136294 ","1684584 ",128.99623368,35.14726507
"2013","2013020300","50","야간","일",1,1,0,0,0,"경남","창원시(통합)","차대사람","기타","기타","운전자법규위반","안전운전 의무 불이행","단일로","기타단일로","승합차","중형","보행자","보행자","1100687 ","1696499 ",128.60687351,35.25888052
"2013","2013020111","26","주간","금",1,1,0,0,0,"경기","파주시","차대차","정면충돌","정면충돌","운전자법규위반","교차로 통행방법 위반","교차로","교차로내","화물차","대형","화물차","소형","932882  ","1990273 ",126.72210505,37.9078404
"2013","2013020213","25","주간","토",1,1,0,0,0,"경남","함안군","차량단독","공작물충돌","공작물충돌","운전자법규위반","안전운전 의무 불이행","단일로","기타단일로","승용차","대형","00","00","1079842 ","1697319 ",128.37782683,35.26815278
"2013","2013020203","15","야간","토",1,2,1,0,0,"충남","서산시","차량단독","공작물충돌","공작물충돌","운전자법규위반","안전운전 의무 불이행","단일로","기타단일로","화물차","소형","00","00","916905  ","1856501 ",126.56971617,36.70288102
"2013","2013020208","30","주간","토",1,2,1,0,0,"전북","남원시","차량단독","공작물충돌","공작물충돌","운전자법규위반","안전운전 의무 불이행","단일로","기타단일로","화물차","소형","00","00","1004689 ","1717146 ",127.5516699,35.45010444
"2013","2013020206","05","주간","토",2,5,2,1,0,"경기","포천시","차량단독","공작물충돌","공작물충돌","운전자법규위반","안전운전 의무 불이행","단일로","기타단일로","승합차","중형","00","00","979931  ","2006498 ",127.27123552,38.05834293
"2013","2013080710","40","주간","수",1,8,3,4,0,"충북","청원군","차대차","추돌","주정차중 추돌","운전자법규위반","안전거리 미확보","단일로","기타단일로","화물차","대형","화물차","대형","995871  ","1859211 ",127.45375669,36.73093708
"2013","2013081701","28","야간","토",1,1,0,0,0,"충북","충주시","차대차","추돌","진행중 추돌","운전자법규위반","안전운전 의무 불이행","단일로","기타단일로","화물차","소형","화물차","중형","1031029 ","1885676 ",127.84859219,36.96900726
"2013","2013070920","15","야간","화",1,2,1,0,0,"충북","단양군","차량단독","공작물충돌","공작물충돌","운전자법규위반","안전운전 의무 불이행","단일로","기타단일로","승용차","대형","00","00","1070492 ","1885959 ",128.291934,36.96942895
"2013","2013071614","30","주간","화",1,5,1,2,1,"서울","송파구","차대차","추돌","진행중 추돌","운전자법규위반","안전운전 의무 불이행","단일로","기타단일로","화물차","소형","화물차","중형","967579  ","1942129 ",127.1333145,37.47782231
"2013","2013102708","00","주간","일",1,6,4,0,1,"경북","경산시","차량단독","공작물충돌","공작물충돌","운전자법규위반","안전운전 의무 불이행","단일로","기타단일로","승합차","소형","00","00","1119397 ","1765294 ",128.82266604,35.87695664
"2012","2012021518","50","야간","수",1,1,0,0,0,"경기","시흥시","차대사람","기타","기타","운전자법규위반","안전운전 의무 불이행","단일로","기타단일로","건설기계","건설기계","보행자","보행자","932941  ","1928317 ",126.74498391,37.34629138
"2012","2012021101","22","야간","금",1,1,0,0,0,"서울","종로구","차대사람","횡단중","횡단중","운전자법규위반","안전운전 의무 불이행","단일로","횡단보도부근","승용차","중형","보행자","보행자","956189  ","1952527 ",127.00387579,37.57107252
"2012","2012021117","30","주간","토",1,1,0,0,0,"서울","동대문구","차대사람","차도통행중","차도통행중","운전자법규위반","안전운전 의무 불이행","단일로","기타단일로","승합차","대형","보행자","보행자","958120  ","1952876 ",127.02572215,37.57430801
"2012","2012021921","55","야간","일",4,5,1,0,0,"경북","안동시","차대차","추돌","진행중 추돌","운전자법규위반","안전운전 의무 불이행","단일로","기타단일로","승용차","중형","승용차","소형","1113807 ","1838464 ",128.77137861,36.53713472
"2012","2012022017","20","주간","월",1,3,1,1,0,"경기","파주시","차대차","기타","기타","운전자법규위반","중앙선 침범","단일로","기타단일로","승용차","소형","화물차","중형","930975  ","1978374 ",126.71591892,37.80247446
"2012","2012021616","52","주간","목",1,2,1,0,0,"경기","용인시","차대사람","기타","기타","운전자법규위반","신호위반","단일로","횡단보도상","승용차","소형","보행자","보행자","965354  ","1922074 ",127.10908966,37.29697323
"2012","2012022115","50","주간","화",1,1,0,0,0,"전남","함평군","차량단독","공작물충돌","공작물충돌","운전자법규위반","안전운전 의무 불이행","단일로","기타단일로","화물차","소형","00","00","918525  ","1688689 ",126.60507588,35.19021315
"2012","2012022519","29","야간","토",1,1,0,0,0,"경북","경주시","차량단독","기타","기타","운전자법규위반","안전운전 의무 불이행","단일로","기타단일로","승용차","대형","00","00","1167360 ","1761625 ",129.32653344,35.79452756
"2012","2012022509","31","주간","토",1,1,0,0,0,"서울","강서구","차대사람","횡단중","횡단중","운전자법규위반","신호위반","단일로","횡단보도상","승용차","대형","보행자","보행자","938664  ","1951952 ",126.80552426,37.56488057
"2012","2012011808","05","주간","수",1,3,2,0,0,"경북","영덕군","차량단독","도로이탈","도로이탈 추락","운전자법규위반","안전운전 의무 불이행","단일로","기타단일로","승용차","소형","00","00","1160076 ","1843380 ",129.28918771,36.57457571
"2012","2012011815","40","주간","수",1,2,0,1,0,"울산","동구","차대차","정면충돌","정면충돌","운전자법규위반","중앙선 침범","단일로","기타단일로","화물차","소형","승용차","대형","1173145 ","1723699 ",129.40887525,35.49409895
"2012","2012012201","00","야간","일",1,2,1,0,0,"전북","익산시","차대사람","보도통행중","보도통행중","운전자법규위반","보행자 보호의무 위반","교차로","교차로내","승용차","중형","보행자","보행자","950168  ","1771713 ",126.94751017,35.94084199
"2012","2012012220","55","야간","일",1,1,0,0,0,"강원","원주시","차대사람","횡단중","횡단중","운전자법규위반","안전운전 의무 불이행","단일로","기타단일로","승용차","대형","보행자","보행자","1028077 ","1923819 ",127.81685955,37.31292394
"2012","2012011918","10","야간","목",1,1,0,0,0,"경북","울진군","차량단독","공작물충돌","공작물충돌","운전자법규위반","안전운전 의무 불이행","단일로","교량위","승용차","중형","00","00","1167767 ","1882208 ",129.38354441,36.92332002
"2012","2012011921","45","야간","목",1,1,0,0,0,"인천","남동구","차대사람","횡단중","횡단중","운전자법규위반","안전운전 의무 불이행","단일로","기타단일로","화물차","소형","보행자","보행자","930312  ","1939220 ",126.71034559,37.44968553
"2012","2012011914","30","주간","목",1,1,0,0,0,"경기","용인시","차대차","측면직각충돌","측면직각충돌","운전자법규위반","안전운전 의무 불이행","단일로","터널안","승용차","소형","승용차","소형","961675  ","1924260 ",127.0763204,37.30968724
"2012","2012012018","50","야간","금",1,1,0,0,0,"경기","광명시","차대사람","횡단중","횡단중","운전자법규위반","안전운전 의무 불이행","교차로","교차로부근","승합차","대형","보행자","보행자","945295  ","1936176 ",126.8817322,37.42311571
"2012","2012020206","38","주간","목",1,1,0,0,0,"부산","금정구","차대사람","횡단중","횡단중","운전자법규위반","신호위반","단일로","횡단보도상","승용차","대형","보행자","보행자","1143758 ","1693424 ",129.07968806,35.22590707
"2012","2012020205","55","야간","목",1,1,0,0,0,"부산","북구","차대사람","횡단중","횡단중","운전자법규위반","안전운전 의무 불이행","단일로","기타단일로","화물차","소형","보행자","보행자","1137176 ","1691615 ",129.00708291,35.21052291
"2012","2012020605","40","야간","월",1,1,0,0,0,"경남","거제시","차량단독","공작물충돌","공작물충돌","운전자법규위반","안전운전 의무 불이행","단일로","교량위","승합차","경형","00","00","1089145 ","1655446 ",128.47559166,34.88984023
"2012","2012020605","30","야간","월",1,1,0,0,0,"전북","익산시","차대사람","횡단중","횡단중","운전자법규위반","안전운전 의무 불이행","단일로","기타단일로","승용차","중형","보행자","보행자","951100  ","1772737 ",126.95777981,35.9501211
"2012","2012020301","00","야간","목",1,2,1,0,0,"경기","화성시","차대차","측면직각충돌","측면직각충돌","운전자법규위반","안전운전 의무 불이행","교차로","교차로내","승용차","소형","화물차","중형","949901  ","1907942 ",126.93829093,37.16755751
"2012","2012021000","42","야간","금",1,1,0,0,0,"대전","대덕구","차대차","추돌","주정차중 추돌","운전자법규위반","안전운전 의무 불이행","단일로","기타단일로","승용차","중형","특수차","대형","993155  ","1823012 ",127.42366031,36.40458456
"2012","2012021005","50","야간","금",1,1,0,0,0,"경기","고양시","차대사람","기타","기타","운전자법규위반","안전운전 의무 불이행","단일로","기타단일로","승용차","중형","보행자","보행자","927699  ","1965436 ",126.67999653,37.68561892
"2012","2012021319","00","야간","월",1,1,0,0,0,"서울","성북구","차대사람","횡단중","횡단중","운전자법규위반","안전운전 의무 불이행","단일로","기타단일로","이륜차","소형","보행자","보행자","959069  ","1954786 ",127.0363622,37.59156599
"2012","2012021414","20","주간","화",1,1,0,0,0,"경기","광주시","차량단독","공작물충돌","공작물충돌","운전자법규위반","안전운전 의무 불이행","단일로","기타단일로","건설기계","건설기계","00","00","974309  ","1937308 ",127.19127178,37.4327482
"2012","2012021314","55","주간","월",1,1,0,0,0,"서울","구로구","차대사람","횡단중","횡단중","운전자법규위반","안전운전 의무 불이행","단일로","횡단보도상","건설기계","건설기계","보행자","보행자","945814  ","1942780 ",126.88711205,37.48266956
"2012","2012021118","55","야간","토",1,1,0,0,0,"경기","오산시","차대사람","기타","기타","운전자법규위반","안전운전 의무 불이행","교차로","교차로내","승용차","소형","보행자","보행자","961616  ","1905435 ",127.06588625,37.14572059
"2012","2012021618","44","야간","목",1,1,0,0,0,"경기","평택시","차대사람","기타","기타","운전자법규위반","안전운전 의무 불이행","단일로","기타단일로","승합차","소형","보행자","보행자","948811  ","1895698 ",126.92424955,37.05846419
"2012","2012022402","25","야간","금",1,1,0,0,0,"강원","원주시","차량단독","전도전복","전도전복","운전자법규위반","안전운전 의무 불이행","단일로","교량위","승용차","중형","00","00","1035836 ","1929099 ",127.85062195,37.33164072
"2012","2012022505","25","야간","토",1,1,0,0,0,"제주","제주시","차대차","추돌","주정차중 추돌","운전자법규위반","기타(운전자법규위반)","단일로","기타단일로","승용차","소형","이륜차","소형","939665  ","1503768 ",126.85026113,33.52412622
"2012","2012022608","30","주간","일",1,2,1,0,0,"전북","익산시","차대차","측면직각충돌","측면직각충돌","운전자법규위반","신호위반","단일로","횡단보도상","승용차","중형","자전거","자전거","950529  ","1771081 ",126.9515518,35.93516247
"2012","2012022415","45","주간","금",1,2,0,1,0,"충남","예산군","차대차","정면충돌","정면충돌","운전자법규위반","중앙선 침범","단일로","기타단일로","승용차","대형","화물차","중형","925775  ","1852099 ",126.66943633,36.66393609
"2012","2012022422","55","야간","금",1,1,0,0,0,"전북","전주시","차대사람","횡단중","횡단중","운전자법규위반","안전운전 의무 불이행","단일로","횡단보도상","화물차","중형","보행자","보행자","967303  ","1759167 ",127.13799759,35.8284521
"2012","2012022615","15","주간","일",1,1,0,0,0,"경북","영천시","차대차","정면충돌","정면충돌","운전자법규위반","중앙선 침범","단일로","기타단일로","이륜차","중형","승용차","대형","1117044 ","1781740 ",128.79872364,36.02502363
"2012","2012030402","43","야간","일",1,1,0,0,0,"경남","진주시","차량단독","기타","기타","운전자법규위반","안전운전 의무 불이행","단일로","기타단일로","승용차","중형","00","00","1052104 ","1688206 ",128.0722999,35.18781234
"2012","2012030400","30","야간","일",1,1,0,0,0,"대전","유성구","차대사람","차도통행중","차도통행중","운전자법규위반","안전운전 의무 불이행","단일로","기타단일로","승용차","대형","보행자","보행자","986224  ","1818246 ",127.34644619,36.36154305
"2012","2012030109","30","주간","목",1,1,0,0,0,"전남","강진군","차량단독","도로이탈","도로이탈 추락","운전자법규위반","안전운전 의무 불이행","단일로","교량위","승용차","소형","00","00","933831  ","1627604 ",126.77802329,34.64054488
"2012","2012030115","35","주간","목",1,1,0,0,0,"경기","하남시","차대사람","횡단중","횡단중","운전자법규위반","안전운전 의무 불이행","단일로","터널안","승용차","대형","보행자","보행자","974785  ","1950191 ",127.21453754,37.55071423
"2012","2012011902","13","야간","목",1,1,0,0,0,"부산","중구","차대사람","횡단중","횡단중","운전자법규위반","과속","단일로","기타단일로","승용차","중형","보행자","보행자","1139666 ","1679149 ",129.03232184,35.09781115
"2012","2012011822","00","야간","수",1,1,0,0,0,"경기","파주시","차대사람","횡단중","횡단중","운전자법규위반","보행자 보호의무 위반","단일로","기타단일로","화물차","경형","보행자","보행자","937828  ","1978712 ",126.79372999,37.80601307
"2012","2012011819","00","야간","수",1,1,0,0,0,"대구","달성군","차대사람","기타","기타","운전자법규위반","안전운전 의무 불이행","단일로","기타단일로","승용차","중형","보행자","보행자","1085363 ","1751657 ",128.44316953,35.75594649
"2012","2012011621","17","야간","월",1,1,0,0,0,"울산","울주군","차대사람","기타","기타","운전자법규위반","안전운전 의무 불이행","단일로","기타단일로","화물차","대형","보행자","보행자","1165610 ","1716972 ",129.32447244,35.43475961
"2012","2012011609","35","주간","월",1,1,0,0,0,"충남","아산시","차대차","측면직각충돌","측면직각충돌","운전자법규위반","교차로 통행방법 위반","교차로","교차로내","승용차","중형","자전거","자전거","958843  ","1881104 ",127.03787777,36.92740571
"2012","2012011608","21","주간","월",2,12,7,3,0,"경북","경주시","차량단독","기타","기타","운전자법규위반","안전운전 의무 불이행","단일로","기타단일로","승합차","대형","00","00","1156250 ","1774371 ",129.2827074,36.00062206
"2012","2012012014","00","주간","금",1,1,0,0,0,"충남","논산시","차대사람","횡단중","횡단중","운전자법규위반","안전운전 의무 불이행","교차로","교차로내","승용차","중형","보행자","보행자","972070  ","1801318 ",127.18928613,36.20862377
"2012","2012012619","20","야간","목",1,1,0,0,0,"경기","수원시","차대사람","횡단중","횡단중","운전자법규위반","안전운전 의무 불이행","교차로","교차로내","화물차","소형","보행자","보행자","957921  ","1921996 ",127.02523004,37.29596346
"2012","2012020123","10","야간","수",1,1,0,0,0,"경기","시흥시","차량단독","공작물충돌","공작물충돌","운전자법규위반","안전운전 의무 불이행","교차로","교차로내","승용차","대형","00","00","938576  ","1931434 ",126.80703209,37.37971535
"2012","2012012805","09","야간","토",1,1,0,0,0,"인천","남구","차대차","기타","기타","운전자법규위반","안전운전 의무 불이행","기타/불명","기타/불명","원동기장치자전거","원동기장치자전거","화물차","대형","927471  ","1939666 ",126.67988132,37.45549906
"2012","2012020521","21","야간","일",1,1,0,0,0,"경기","포천시","차대사람","기타","기타","운전자법규위반","안전운전 의무 불이행","단일로","기타단일로","승용차","경형","보행자","보행자","974494  ","1989593 ",127.20986089,37.9058444
"2012","2012040517","20","주간","목",1,1,0,0,0,"서울","은평구","차대차","측면직각충돌","측면직각충돌","운전자법규위반","안전운전 의무 불이행","교차로","교차로내","승용차","중형","이륜차","소형","949497  ","1958370 ",126.9276943,37.62339308
"2012","2012041120","40","야간","수",1,2,1,0,0,"경기","안산시","차대차","측면직각충돌","측면직각충돌","운전자법규위반","안전운전 의무 불이행","교차로","교차로내","자전거","자전거","이륜차","중형","941154  ","1923362 ",126.83595263,37.30736571
"2012","2012041008","15","주간","화",1,1,0,0,0,"부산","영도구","차대사람","횡단중","횡단중","운전자법규위반","안전운전 의무 불이행","단일로","기타단일로","건설기계","건설기계","보행자","보행자","1140771 ","1678520 ",129.06204671,35.08777545
"2012","2012040807","05","주간","일",1,1,0,0,0,"충남","서산시","차대차","추돌","진행중 추돌","운전자법규위반","안전운전 의무 불이행","단일로","기타단일로","승용차","중형","건설기계","건설기계","912842  ","1866127 ",126.5231358,36.78928091
"2012","2012041502","05","야간","일",1,1,0,0,0,"대구","달서구","차대사람","차도통행중","차도통행중","운전자법규위반","안전운전 의무 불이행","단일로","횡단보도상","승용차","중형","보행자","보행자","1093079 ","1757263 ",128.53022993,35.80741582
"2012","2012041408","50","주간","토",1,1,0,0,0,"인천","부평구","차대차","측면직각충돌","측면직각충돌","운전자법규위반","안전운전 의무 불이행","교차로","교차로내","승용차","중형","자전거","자전거","930033  ","1946919 ",126.70823605,37.51891286
"2012","2012042003","55","야간","금",1,1,0,0,0,"서울","양천구","차량단독","공작물충돌","공작물충돌","운전자법규위반","안전운전 의무 불이행","교차로","교차로부근","승용차","대형","00","00","943461  ","1947979 ",126.86009933,37.52938758
"2012","2012041912","40","주간","목",1,1,0,0,0,"부산","강서구","차대차","기타","기타","운전자법규위반","안전거리 미확보","단일로","기타단일로","이륜차","사발이","화물차","소형","1125046 ","1679689 ",128.87204584,35.10460007
"2012","2012042306","15","주간","월",1,2,1,0,0,"경기","김포시","차대차","추돌","진행중 추돌","운전자법규위반","안전운전 의무 불이행","단일로","기타단일로","화물차","경형","화물차","소형","936843  ","1956790 ",126.78444345,37.6083703
"2012","2012042211","30","주간","일",1,1,0,0,0,"전남","순천시","차대차","추돌","주정차중 추돌","운전자법규위반","안전운전 의무 불이행","단일로","기타단일로","승용차","경형","특수차","중형","1001841 ","1661121 ",127.52323259,34.92287071
"2012","2012042102","15","야간","토",1,1,0,0,0,"부산","해운대구","차대차","추돌","주정차중 추돌","운전자법규위반","안전운전 의무 불이행","단일로","기타단일로","승용차","중형","승합차","대형","1149904 ","1693903 ",129.14728646,35.22932445
"2012","2012042112","40","주간","토",1,1,0,0,0,"경기","김포시","차대차","기타","기타","운전자법규위반","안전거리 미확보","단일로","기타단일로","특수차","대형","이륜차","소형","917617  ","1961220 ",126.56614059,37.64677299
"2012","2012042700","10","야간","금",1,1,0,0,0,"대구","북구","차량단독","공작물충돌","공작물충돌","운전자법규위반","안전운전 의무 불이행","단일로","기타단일로","이륜차","소형","00","00","1099640 ","1766508 ",128.60399226,35.89011063
"2012","2012030908","50","주간","금",1,2,0,1,0,"전남","여수시","차대차","기타","기타","운전자법규위반","안전운전 의무 불이행","교차로","교차로내","화물차","소형","승합차","대형","1010866 ","1649879 ",127.61885141,34.84349592
"2012","2012030621","25","야간","화",1,1,0,0,0,"경북","포항시","차대사람","횡단중","횡단중","운전자법규위반","안전운전 의무 불이행","단일로","기타단일로","화물차","소형","보행자","보행자","1172110 ","1773662 ",129.40817894,35.94451447
"2012","2012030520","10","야간","월",2,3,0,1,0,"부산","기장군","차대차","측면직각충돌","측면직각충돌","운전자법규위반","신호위반","교차로","교차로내","승용차","소형","승합차","대형","1156309 ","1694733 ",129.20514235,35.19278454
"2012","2012031414","10","주간","수",1,1,0,0,0,"경북","청송군","차대사람","기타","기타","운전자법규위반","안전운전 의무 불이행","단일로","터널안","화물차","소형","보행자","보행자","1139147 ","1825729 ",129.05208435,36.41901487
"2012","2012031406","10","주간","수",1,1,0,0,0,"부산","금정구","차대사람","횡단중","횡단중","운전자법규위반","안전운전 의무 불이행","단일로","기타단일로","승합차","소형","보행자","보행자","1144771 ","1696751 ",129.09140149,35.25574955
"2012","2012031408","10","주간","수",1,1,0,0,0,"부산","사하구","차대차","추돌","주정차중 추돌","운전자법규위반","중앙선 침범","교차로","교차로부근","원동기장치자전거","원동기장치자전거","승합차","대형","1133763 ","1679992 ",128.96771361,35.10621136
"2012","2012031216","00","주간","월",1,2,1,0,0,"경남","거창군","차대차","측면직각충돌","측면직각충돌","운전자법규위반","중앙선 침범","단일로","기타단일로","화물차","소형","승합차","대형","1031797 ","1747444 ",127.85157271,35.72278583
"2012","2012031201","56","야간","월",1,2,1,0,0,"인천","남동구","차대차","기타","기타","운전자법규위반","교차로 통행방법 위반","교차로","교차로내","화물차","소형","승용차","소형","930248  ","1932563 ",126.71202748,37.38954023
"2012","2012031010","25","주간","토",1,2,0,1,0,"충북","제천시","차대차","측면직각충돌","측면직각충돌","운전자법규위반","부당한 회전","교차로","교차로내","승용차","중형","화물차","대형","1062670 ","1898304 ",128.20509282,37.08125675
"2012","2012031714","10","주간","토",1,1,0,0,0,"경북","상주시","차대차","측면직각충돌","측면직각충돌","운전자법규위반","교차로 통행방법 위반","교차로","교차로내","승용차","중형","이륜차","소형","1061196 ","1823981 ",128.18255058,36.41139417
"2012","2012031504","35","야간","목",1,1,0,0,0,"인천","부평구","차대사람","횡단중","횡단중","운전자법규위반","안전운전 의무 불이행","단일로","교량위","승용차","중형","보행자","보행자","933308  ","1943143 ",126.74563624,37.48512284
"2012","2012032212","09","주간","목",1,2,1,0,0,"강원","철원군","차대차","측면직각충돌","측면직각충돌","운전자법규위반","차로위반(진로변경 위반)","단일로","기타단일로","화물차","소형","승용차","소형","993039  ","2027468 ",127.42044699,38.24753415
"2012","2012032106","00","주간","수",1,1,0,0,0,"경기","평택시","차량단독","기타","기타","운전자법규위반","안전운전 의무 불이행","단일로","기타단일로","승용차","경형","00","00","965057  ","1894910 ",127.10700893,37.05210716
"2012","2012032013","17","주간","화",1,1,0,0,0,"제주","제주시","차량단독","기타","기타","운전자법규위반","과속","단일로","기타단일로","화물차","소형","00","00","905706  ","1496987 ",126.4853162,33.46051552
"2012","2012032917","45","주간","목",2,4,1,1,0,"강원","원주시","차대사람","보도통행중","보도통행중","운전자법규위반","중앙선 침범","단일로","기타단일로","승용차","경형","보행자","보행자","1044868 ","1929482 ",128.00668961,37.36330867
"2012","2012032822","00","야간","수",1,1,0,0,0,"부산","기장군","차량단독","전도전복","전도전복","운전자법규위반","안전운전 의무 불이행","단일로","기타단일로","승용차","대형","00","00","1159343 ","1703854 ",129.2529009,35.31755514
"2012","2012033123","50","야간","토",2,2,0,0,0,"전북","전주시","차대사람","횡단중","횡단중","운전자법규위반","과속","단일로","횡단보도상","승용차","중형","보행자","보행자","968914  ","1762440 ",127.15570586,35.85801392
"2012","2012033120","15","야간","토",1,1,0,0,0,"경기","의왕시","차대사람","차도통행중","차도통행중","운전자법규위반","안전운전 의무 불이행","단일로","기타단일로","승용차","중형","보행자","보행자","953951  ","1927249 ",126.97986313,37.34331179
"2012","2012040422","10","야간","수",1,2,1,0,0,"전북","남원시","차대차","정면충돌","정면충돌","운전자법규위반","중앙선 침범","단일로","기타단일로","승용차","경형","이륜차","소형","1011373 ","1718888 ",127.62534773,35.46575761
"2012","2012040900","10","야간","월",1,1,0,0,0,"경남","산청군","차량단독","공작물충돌","공작물충돌","운전자법규위반","안전운전 의무 불이행","단일로","기타단일로","원동기장치자전거","원동기장치자전거","00","00","1046188 ","1708655 ",128.00847343,35.37248382
"2012","2012040819","26","야간","일",1,1,0,0,0,"경기","오산시","차대차","측면직각충돌","측면직각충돌","운전자법규위반","신호위반","교차로","교차로내","승용차","중형","이륜차","소형","960472  ","1905360 ",127.05489374,37.14612151
"2012","2012021615","50","주간","목",1,2,1,0,0,"강원","홍천군","차대차","기타","기타","운전자법규위반","안전운전 의무 불이행","단일로","기타단일로","승용차","소형","농기계","농기계","1044358 ","1980466 ",128.00402019,37.82286099
"2012","2012021610","05","주간","목",1,1,0,0,0,"경기","수원시","차대차","기타","기타","운전자법규위반","부당한 회전","단일로","횡단보도부근","자전거","자전거","승용차","중형","957131  ","1920458 ",127.01640563,37.28206435
"2012","2012022408","25","주간","금",1,1,0,0,0,"대구","서구","차대사람","기타","기타","운전자법규위반","안전운전 의무 불이행","단일로","횡단보도부근","특수차","소형","보행자","보행자","1096899 ","1765276 ",128.57347745,35.87928002
"2012","2012022102","52","야간","화",1,1,0,0,0,"경북","봉화군","차량단독","공작물충돌","공작물충돌","운전자법규위반","안전운전 의무 불이행","단일로","기타단일로","승용차","경형","00","00","1121138 ","1880213 ",128.85987443,36.91248875
"2012","2012022118","25","야간","화",1,1,0,0,0,"부산","서구","차대사람","길가장자리구역통행중","길가장자리구역통행중","운전자법규위반","안전운전 의무 불이행","단일로","기타단일로","특수차","대형","보행자","보행자","1138420 ","1680521 ",129.01602581,35.10939451
"2012","2012022823","40","야간","화",1,4,0,3,0,"서울","용산구","차대사람","횡단중","횡단중","운전자법규위반","안전운전 의무 불이행","단일로","기타단일로","승합차","대형","보행자","보행자","953395  ","1950482 ",126.97236719,37.55250334
"2012","2012022910","30","주간","수",1,1,0,0,0,"경기","연천군","차대차","측면직각충돌","측면직각충돌","운전자법규위반","중앙선 침범","단일로","기타단일로","원동기장치자전거","원동기장치자전거","승용차","중형","963988  ","2015780 ",127.07731343,38.11065611