"발생년","발생년월일시","발생분","주야","요일","사망자수","사상자수","중상자수","경상자수","부상신고자수","발생지시도","발생지시군구","사고유형_대분류","사고유형_중분류","사고유형","법규위반_대분류","법규위반","도로형태_대분류","도로형태","당사자종별_1당_대분류","당사자종별_1당","당사자종별_2당_대분류","당사자종별_2당","발생위치X_UTMK","발생위치Y_UTMK","경도","위도"
"2012","2012022912","00","주간","수",1,1,0,0,0,"전북","정읍시","차대사람","횡단중","횡단중","운전자법규위반","안전운전 의무 불이행","단일로","기타단일로","승용차","소형","보행자","보행자","940750  ","1730791 ",126.8461235,35.57137471
"2012","2012022909","15","주간","수",1,1,0,0,0,"전북","남원시","차량단독","공작물충돌","공작물충돌","운전자법규위반","안전운전 의무 불이행","단일로","기타단일로","화물차","소형","00","00","1002893 ","1716154 ",127.53187556,35.44116665
"2012","2012022706","50","주간","월",1,2,0,1,0,"부산","수영구","차대차","추돌","진행중 추돌","운전자법규위반","안전운전 의무 불이행","단일로","기타단일로","승합차","소형","승합차","대형","1146802 ","1687233 ",129.11110081,35.17026133
"2012","2012022514","20","주간","토",1,1,0,0,0,"충북","영동군","차대사람","기타","기타","운전자법규위반","안전운전 의무 불이행","교차로","교차로내","화물차","대형","보행자","보행자","1024060 ","1796520 ",127.76751446,36.16547113
"2012","2012022520","30","야간","토",1,1,0,0,0,"경기","안성시","차량단독","공작물충돌","공작물충돌","운전자법규위반","안전운전 의무 불이행","단일로","기타단일로","승용차","중형","00","00","976591  ","1890549 ",127.2368617,37.01315465
"2012","2012030404","07","야간","일",1,2,1,0,0,"경기","남양주시","차량단독","공작물충돌","공작물충돌","운전자법규위반","안전운전 의무 불이행","단일로","기타단일로","승용차","중형","00","00","972799  ","1969377 ",127.19133951,37.72358741
"2012","2012011816","50","주간","수",1,1,0,0,0,"전북","남원시","차대사람","기타","기타","운전자법규위반","안전운전 의무 불이행","단일로","기타단일로","승용차","중형","보행자","보행자","989931  ","1712514 ",127.38910314,35.40829877
"2012","2012011607","40","주간","월",1,1,0,0,0,"대구","달서구","차대사람","기타","기타","운전자법규위반","안전운전 의무 불이행","단일로","횡단보도상","승용차","중형","보행자","보행자","1095040 ","1757381 ",128.55194572,35.8082916
"2012","2012012018","33","야간","금",1,1,0,0,0,"경기","하남시","차대사람","횡단중","횡단중","운전자법규위반","안전운전 의무 불이행","단일로","기타단일로","승합차","대형","보행자","보행자","973981  ","1948738 ",127.20548698,37.53759529
"2012","2012012007","23","주간","금",1,2,1,0,0,"충북","청주시","차대사람","횡단중","횡단중","운전자법규위반","신호위반","교차로","교차로부근","화물차","소형","보행자","보행자","996839  ","1848577 ",127.46464185,36.63507625
"2012","2012011907","50","주간","목",1,1,0,0,0,"충남","연기군","차량단독","도로이탈","도로이탈 추락","운전자법규위반","안전운전 의무 불이행","단일로","기타단일로","승용차","중형","00","00","970902  ","1854063 ",127.17431116,36.6840921
"2012","2012012516","50","주간","수",1,1,0,0,0,"인천","서구","차대차","기타","기타","운전자법규위반","안전운전 의무 불이행","단일로","기타단일로","승용차","중형","불명","불명","925852  ","1944783 ",126.6611428,37.49933513
"2012","2012020210","00","주간","목",1,1,0,0,0,"대구","달서구","차대사람","횡단중","횡단중","운전자법규위반","안전운전 의무 불이행","단일로","횡단보도상","화물차","소형","보행자","보행자","1091731 ","1762020 ",128.51585836,35.85042606
"2012","2012020106","50","주간","수",1,1,0,0,0,"부산","남구","차대사람","횡단중","횡단중","운전자법규위반","안전운전 의무 불이행","단일로","횡단보도상","승용차","중형","보행자","보행자","1143532 ","1682189 ",129.07525031,35.12466988
"2012","2012013117","10","주간","화",1,2,1,0,0,"충북","제천시","차량단독","전도전복","전도전복","운전자법규위반","안전운전 의무 불이행","단일로","기타단일로","승용차","중형","00","00","1068891 ","1909996 ",128.2764994,37.18576073
"2012","2012013121","00","야간","화",1,1,0,0,0,"경기","김포시","차대사람","차도통행중","차도통행중","운전자법규위반","안전운전 의무 불이행","단일로","기타단일로","승합차","대형","보행자","보행자","935321  ","1956232 ",126.76090615,37.60435852
"2012","2012013102","10","야간","화",1,1,0,0,0,"경남","창원시(통합)","차대사람","길가장자리구역통행중","길가장자리구역통행중","운전자법규위반","안전운전 의무 불이행","단일로","기타단일로","승합차","중형","보행자","보행자","1089487 ","1680295 ",128.48200742,35.11385156
"2012","2012020605","50","야간","월",1,1,0,0,0,"대전","유성구","차량단독","공작물충돌","공작물충돌","운전자법규위반","안전운전 의무 불이행","단일로","기타단일로","승용차","중형","00","00","989340  ","1826880 ",127.38105996,36.43942092
"2012","2012020700","38","야간","화",1,2,0,1,0,"경기","용인시","차대차","추돌","주정차중 추돌","운전자법규위반","안전운전 의무 불이행","교차로","교차로부근","승용차","경형","승합차","대형","964911  ","1918123 ",127.1042779,37.26134313
"2012","2012020406","50","주간","토",1,1,0,0,0,"서울","동작구","차대사람","기타","기타","운전자법규위반","안전운전 의무 불이행","단일로","기타단일로","승용차","중형","보행자","보행자","950469  ","1946427 ",126.93951585,37.51580222
"2012","2012020216","22","주간","목",1,3,0,2,0,"경북","경주시","차대차","추돌","주정차중 추돌","운전자법규위반","안전운전 의무 불이행","단일로","기타단일로","화물차","대형","화물차","대형","1150293 ","1765712 ",129.16489081,35.87646842
"2012","2012021308","30","주간","월",1,1,0,0,0,"경북","봉화군","차량단독","전도전복","전도전복","운전자법규위반","안전운전 의무 불이행","단일로","교량위","원동기장치자전거","원동기장치자전거","00","00","1108004 ","1889429 ",128.71378383,36.99714383
"2012","2012021205","10","야간","일",1,1,0,0,0,"서울","강북구","차대사람","차도통행중","차도통행중","운전자법규위반","안전운전 의무 불이행","단일로","기타단일로","승용차","중형","보행자","보행자","959120  ","1957115 ",127.03680975,37.61256004
"2012","2012021017","25","주간","금",1,14,6,6,1,"경북","안동시","차대차","정면충돌","정면충돌","운전자법규위반","안전운전 의무 불이행","단일로","터널안","화물차","소형","승합차","대형","1103584 ","1831614 ",128.65627722,36.47655613
"2012","2012021223","35","야간","일",1,1,0,0,0,"경기","안산시","차대차","기타","기타","운전자법규위반","과속","단일로","기타단일로","승용차","소형","승용차","중형","942905  ","1924569 ",126.85561777,37.31835408
"2012","2012022017","30","주간","월",1,2,0,1,0,"경기","파주시","차대사람","횡단중","횡단중","운전자법규위반","안전운전 의무 불이행","단일로","기타단일로","승용차","중형","보행자","보행자","935384  ","1975286 ",126.76627376,37.77496659
"2012","2012021715","30","주간","금",1,1,0,0,0,"충남","청양군","차대차","측면직각충돌","측면직각충돌","운전자법규위반","직진 및 우회전차의 통행방해","교차로","교차로내","화물차","소형","원동기장치자전거","원동기장치자전거","937269  ","1828149 ",126.79999264,36.44886803
"2012","2012021700","45","야간","금",1,1,0,0,0,"대구","수성구","차대사람","횡단중","횡단중","운전자법규위반","안전운전 의무 불이행","단일로","횡단보도부근","승용차","중형","보행자","보행자","1102005 ","1763949 ",128.62986382,35.86679916
"2012","2012021712","48","주간","금",1,1,0,0,0,"경북","경주시","차대차","측면직각충돌","측면직각충돌","운전자법규위반","안전운전 의무 불이행","단일로","기타단일로","승용차","소형","자전거","자전거","1154174 ","1761554 ",129.20708473,35.83840115
"2012","2012022220","06","야간","수",1,1,0,0,0,"대전","중구","차대사람","횡단중","횡단중","운전자법규위반","안전운전 의무 불이행","단일로","횡단보도상","승용차","중형","보행자","보행자","992952  ","1814981 ",127.42146913,36.33218058
"2012","2012022222","10","야간","수",1,1,0,0,0,"대전","대덕구","차대사람","횡단중","횡단중","운전자법규위반","안전운전 의무 불이행","단일로","기타단일로","승합차","대형","보행자","보행자","993672  ","1819096 ",127.42945811,36.36928398
"2012","2012022113","00","주간","화",1,1,0,0,0,"전남","영암군","차대차","측면직각충돌","측면직각충돌","운전자법규위반","안전운전 의무 불이행","교차로","교차로부근","이륜차","소형","승용차","소형","896903  ","1639957 ",126.37364645,34.74887086
"2012","2012022116","14","주간","화",1,1,0,0,0,"강원","춘천시","차량단독","도로이탈","도로이탈 추락","운전자법규위반","안전운전 의무 불이행","단일로","기타단일로","농기계","농기계","00","00","1009491 ","1999952 ",127.60810052,37.9995177
"2012","2012022106","25","주간","화",1,1,0,0,0,"경기","광명시","차대사람","횡단중","횡단중","운전자법규위반","안전운전 의무 불이행","단일로","기타단일로","승용차","중형","보행자","보행자","942620  ","1941660 ",126.85107466,37.47238194
"2012","2012022415","40","주간","금",1,1,0,0,0,"전북","남원시","차대사람","횡단중","횡단중","운전자법규위반","중앙선 침범","단일로","기타단일로","화물차","소형","보행자","보행자","1003120 ","1715888 ",127.53437567,35.4387675
"2012","2012022407","00","주간","금",1,1,0,0,0,"전남","함평군","차량단독","공작물충돌","공작물충돌","운전자법규위반","안전운전 의무 불이행","교차로","교차로부근","원동기장치자전거","원동기장치자전거","00","00","910402  ","1674369 ",126.51741569,35.06041298
"2012","2012022503","13","야간","토",1,1,0,0,0,"광주","동구","차대차","추돌","진행중 추돌","운전자법규위반","과속","교차로","교차로내","승용차","중형","승용차","중형","948013  ","1683933 ",126.92925443,35.14928987
"2012","2012022610","30","주간","일",2,3,0,1,0,"경북","봉화군","차량단독","공작물충돌","공작물충돌","운전자법규위반","안전운전 의무 불이행","단일로","기타단일로","승용차","소형","00","00","1131802 ","1889166 ",128.98091128,36.99174067
"2012","2012022603","43","야간","일",1,1,0,0,0,"경기","군포시","차량단독","도로이탈","도로이탈 추락","운전자법규위반","안전운전 의무 불이행","교차로","교차로내","승용차","중형","00","00","950371  ","1925243 ",126.93712368,37.32314157
"2012","2012030220","50","야간","금",1,1,0,0,0,"경기","화성시","차량단독","공작물충돌","공작물충돌","운전자법규위반","안전운전 의무 불이행","단일로","기타단일로","승용차","중형","00","00","941638  ","1892103 ",126.84470012,37.03450635
"2012","2012030112","00","주간","목",1,1,0,0,0,"경기","파주시","차량단독","공작물충돌","공작물충돌","운전자법규위반","안전운전 의무 불이행","단일로","기타단일로","이륜차","소형","00","00","939717  ","1987858 ",126.81442472,37.88856798
"2012","2012022923","25","야간","수",1,2,1,0,0,"경기","평택시","차대사람","횡단중","횡단중","운전자법규위반","안전운전 의무 불이행","교차로","교차로부근","화물차","대형","보행자","보행자","944990  ","1887324 ",126.88188668,36.98276567
"2012","2012011820","25","야간","수",1,1,0,0,0,"제주","서귀포시","차량단독","공작물충돌","공작물충돌","운전자법규위반","안전운전 의무 불이행","단일로","기타단일로","화물차","경형","00","00","892417  ","1474378 ",126.34207295,33.25454416
"2012","2012011814","15","주간","수",1,1,0,0,0,"충남","보령시","차대사람","길가장자리구역통행중","길가장자리구역통행중","운전자법규위반","부당한 회전","교차로","교차로부근","화물차","소형","보행자","보행자","918416  ","1827843 ",126.58966784,36.44469073
"2012","2012011610","55","주간","월",1,2,1,0,0,"경기","안성시","차대차","추돌","주정차중 추돌","운전자법규위반","안전운전 의무 불이행","단일로","기타단일로","승용차","중형","승합차","대형","971417  ","1889577 ",127.1787389,37.00424957
"2012","2012011615","20","주간","월",1,1,0,0,0,"경기","동두천시","차대차","추돌","진행중 추돌","운전자법규위반","안전운전 의무 불이행","단일로","기타단일로","화물차","소형","자전거","자전거","961040  ","1991104 ",127.05673902,37.91898594
"2012","2012012102","20","야간","토",1,1,0,0,0,"서울","용산구","차대사람","길가장자리구역통행중","길가장자리구역통행중","운전자법규위반","안전운전 의무 불이행","교차로","교차로내","승용차","중형","보행자","보행자","953501  ","1948446 ",126.97369623,37.53415778
"2012","2012020211","30","주간","목",1,1,0,0,0,"울산","울주군","차대차","정면충돌","정면충돌","운전자법규위반","안전운전 의무 불이행","교차로","교차로내","승용차","대형","원동기장치자전거","원동기장치자전거","1148377 ","1734996 ",129.13799277,35.59992875
"2012","2012020509","20","주간","일",1,3,1,1,0,"인천","중구","차량단독","공작물충돌","공작물충돌","운전자법규위반","안전운전 의무 불이행","단일로","기타단일로","승용차","중형","00","00","909367  ","1938514 ",126.47543968,37.44136579
"2012","2012020607","50","주간","월",1,1,0,0,0,"경남","고성군","차대차","측면직각충돌","측면직각충돌","운전자법규위반","안전운전 의무 불이행","단일로","기타단일로","승용차","중형","농기계","농기계","1079623 ","1674888 ",128.37325443,35.06592919
"2012","2012020306","48","주간","금",1,1,0,0,0,"대전","유성구","차대차","추돌","진행중 추돌","운전자법규위반","안전운전 의무 불이행","단일로","기타단일로","승용차","소형","화물차","중형","982566  ","1813594 ",127.31374095,36.3200617
"2012","2012020809","15","주간","수",1,1,0,0,0,"경기","안양시","차대차","측면직각충돌","측면직각충돌","운전자법규위반","신호위반","교차로","교차로내","자전거","자전거","승용차","대형","948368  ","1935007 ",126.91580791,37.41135492
"2012","2012021311","45","주간","월",1,1,0,0,0,"서울","광진구","차대차","기타","기타","운전자법규위반","안전운전 의무 불이행","교차로","교차로내","이륜차","소형","화물차","소형","962345  ","1951224 ",127.07365255,37.55960054
"2012","2012021301","50","야간","월",1,3,0,1,1,"충남","천안시","차대차","정면충돌","정면충돌","운전자법규위반","중앙선 침범","단일로","기타단일로","승용차","중형","승용차","경형","967913  ","1865814 ",127.14036257,36.78992707
"2012","2012021203","42","야간","일",1,2,0,0,1,"광주","남구","차대차","측면직각충돌","측면직각충돌","운전자법규위반","안전운전 의무 불이행","단일로","기타단일로","승용차","중형","승용차","중형","945787  ","1682201 ",126.90493084,35.1335553
"2012","2012021223","30","야간","일",1,1,0,0,0,"서울","성동구","차대차","정면충돌","정면충돌","운전자법규위반","중앙선 침범","단일로","기타단일로","승용차","대형","원동기장치자전거","원동기장치자전거","959905  ","1950334 ",127.04617672,37.55153019
"2012","2012021614","05","주간","목",1,1,0,0,0,"대구","수성구","차대사람","기타","기타","운전자법규위반","안전운전 의무 불이행","단일로","기타단일로","승용차","중형","보행자","보행자","1101879 ","1760868 ",128.62807489,35.83903887
"2012","2012021609","00","주간","목",1,1,0,0,0,"경기","파주시","차량단독","도로이탈","도로이탈 추락","운전자법규위반","안전운전 의무 불이행","단일로","기타단일로","건설기계","건설기계","00","00","948091  ","1976462 ",126.91047197,37.78637568
"2012","2012022022","00","야간","월",1,1,0,0,0,"강원","춘천시","차량단독","공작물충돌","공작물충돌","운전자법규위반","안전운전 의무 불이행","단일로","기타단일로","승용차","중형","00","00","1006399 ","1978886 ",127.57269629,37.80967611
"2012","2012022106","00","주간","화",1,1,0,0,0,"대구","수성구","차대차","기타","기타","운전자법규위반","안전운전 의무 불이행","단일로","기타단일로","승합차","중형","자전거","자전거","1101083 ","1763145 ",128.61955106,35.85964716
"2012","2012022101","06","야간","화",1,1,0,0,0,"경기","파주시","차대사람","횡단중","횡단중","운전자법규위반","안전운전 의무 불이행","교차로","교차로부근","승용차","대형","보행자","보행자","938949  ","1972019 ",126.80702692,37.74576751
"2012","2012022006","50","주간","월",1,1,0,0,0,"경기","파주시","차대차","기타","기타","운전자법규위반","안전운전 의무 불이행","단일로","기타단일로","승용차","중형","승용차","소형","936563  ","1973251 ",126.77983841,37.75670866
"2012","2012022719","20","야간","월",1,1,0,0,0,"대구","동구","차대사람","횡단중","횡단중","운전자법규위반","안전운전 의무 불이행","단일로","기타단일로","승용차","중형","보행자","보행자","1101802 ","1765275 ",128.62778508,35.87877335
"2012","2012022708","40","주간","월",1,1,0,0,0,"경기","이천시","차대차","측면직각충돌","측면직각충돌","운전자법규위반","교차로 통행방법 위반","교차로","교차로내","화물차","대형","원동기장치자전거","원동기장치자전거","1003281 ","1897750 ",127.53691299,37.07835302
"2012","2012022702","32","야간","월",1,2,1,0,0,"충남","보령시","차량단독","공작물충돌","공작물충돌","운전자법규위반","안전운전 의무 불이행","교차로","교차로부근","승용차","중형","00","00","915601  ","1814948 ",126.55086514,36.33333287
"2012","2012022714","50","주간","일",1,1,0,0,0,"대구","북구","차대사람","횡단중","횡단중","운전자법규위반","안전운전 의무 불이행","단일로","기타단일로","화물차","소형","보행자","보행자","1098768 ","1766993 ",128.59439243,35.89457105
"2012","2012022502","26","야간","토",1,1,0,0,0,"서울","중랑구","차대차","기타","기타","운전자법규위반","안전운전 의무 불이행","단일로","기타단일로","불명","불명","승용차","중형","962890  ","1955872 ",127.07962218,37.60141746
"2012","2012030301","40","야간","토",1,1,0,0,0,"경북","포항시","차량단독","공작물충돌","공작물충돌","운전자법규위반","중앙선 침범","단일로","기타단일로","승용차","중형","00","00","1167980 ","1784450 ",129.36469917,36.04244608
"2012","2012011811","43","주간","수",1,1,0,0,0,"서울","관악구","차대사람","횡단중","횡단중","운전자법규위반","안전운전 의무 불이행","단일로","횡단보도부근","화물차","대형","보행자","보행자","950712  ","1942417 ",126.94253422,37.47967213
"2012","2012011813","35","주간","수",1,1,0,0,0,"전북","임실군","차량단독","공작물충돌","공작물충돌","운전자법규위반","안전운전 의무 불이행","단일로","기타단일로","승용차","소형","00","00","971613  ","1728477 ",127.18679835,35.55187689
"2012","2012011822","10","야간","수",1,1,0,0,0,"충북","제천시","차대사람","기타","기타","운전자법규위반","안전운전 의무 불이행","단일로","기타단일로","화물차","소형","보행자","보행자","1062151 ","1905317 ",128.19983551,37.14450359
"2012","2012011811","10","주간","수",1,1,0,0,0,"경북","고령군","차량단독","공작물충돌","공작물충돌","운전자법규위반","안전운전 의무 불이행","단일로","기타단일로","원동기장치자전거","원동기장치자전거","00","00","1070615 ","1751897 ",128.28114132,35.76091263
"2012","2012011815","20","주간","수",1,2,1,0,0,"경기","시흥시","차대차","추돌","진행중 추돌","운전자법규위반","안전운전 의무 불이행","단일로","기타단일로","화물차","중형","자전거","자전거","925121  ","1925448 ",126.65483389,37.32501333
"2012","2012011512","40","주간","일",1,2,1,0,0,"서울","양천구","차대차","측면직각충돌","측면직각충돌","운전자법규위반","안전운전 의무 불이행","단일로","기타단일로","승용차","중형","승용차","소형","940350  ","1948393 ",126.824858,37.53292294
"2012","2012011500","40","야간","일",1,1,0,0,0,"서울","마포구","차대사람","기타","기타","운전자법규위반","안전운전 의무 불이행","단일로","횡단보도부근","승합차","대형","보행자","보행자","948774  ","1950681 ",126.9196902,37.55384256
"2012","2012011419","43","야간","토",1,1,0,0,0,"경기","용인시","차대사람","횡단중","횡단중","운전자법규위반","안전운전 의무 불이행","단일로","기타단일로","승용차","중형","보행자","보행자","964730  ","1925062 ",127.10190725,37.32388281
"2012","2012011620","03","야간","월",1,2,0,1,0,"경남","거제시","차대사람","기타","기타","운전자법규위반","안전운전 의무 불이행","교차로","교차로내","승용차","중형","보행자","보행자","1102040 ","1655610 ",128.61671066,34.89010448
"2012","2012012306","40","주간","월",1,8,2,5,0,"대전","유성구","차대차","측면직각충돌","측면직각충돌","운전자법규위반","교차로 통행방법 위반","교차로","교차로내","승용차","중형","승용차","중형","986241  ","1817485 ",127.34664914,36.3546826
"2012","2012011914","00","주간","목",1,1,0,0,0,"울산","남구","차량단독","기타","기타","운전자법규위반","안전운전 의무 불이행","단일로","기타단일로","농기계","농기계","00","00","1162854 ","1726387 ",129.29601069,35.52006522
"2012","2012011919","50","야간","목",1,1,0,0,0,"경기","광명시","차대사람","횡단중","횡단중","운전자법규위반","보행자 보호의무 위반","교차로","교차로부근","승합차","소형","보행자","보행자","946341  ","1939395 ",126.89331915,37.45219061
"2012","2012012000","10","야간","금",1,1,0,0,0,"경남","양산시","차량단독","공작물충돌","공작물충돌","운전자법규위반","안전운전 의무 불이행","기타/불명","기타/불명","원동기장치자전거","원동기장치자전거","00","00","1148095 ","1707191 ",129.1259478,35.36015258
"2012","2012012006","00","주간","금",1,1,0,0,0,"전남","여수시","차대사람","횡단중","횡단중","운전자법규위반","안전운전 의무 불이행","단일로","기타단일로","승용차","중형","보행자","보행자","1020504 ","1627169 ",127.73328261,34.63320643
"2012","2012020111","01","주간","수",1,1,0,0,0,"부산","진구","차대사람","보도통행중","보도통행중","운전자법규위반","기타(운전자법규위반)","단일로","기타단일로","화물차","소형","보행자","보행자","1138283 ","1684719 ",129.01778239,35.14788961
"2012","2012020217","25","주간","목",1,1,0,0,0,"충남","부여군","차대사람","보도통행중","보도통행중","운전자법규위반","안전운전 의무 불이행","단일로","기타단일로","승합차","중형","보행자","보행자","946907  ","1795167 ",126.90978074,36.15211723
"2012","2012012812","38","주간","토",1,1,0,0,0,"울산","남구","차대차","정면충돌","정면충돌","운전자법규위반","신호위반","교차로","교차로내","승용차","대형","이륜차","중형","1165956 ","1727505 ",129.33043402,35.52962654
"2012","2012020613","30","주간","월",1,1,0,0,0,"서울","관악구","차대사람","길가장자리구역통행중","길가장자리구역통행중","운전자법규위반","안전운전 의무 불이행","단일로","기타단일로","화물차","소형","보행자","보행자","949674  ","1941061 ",126.93088726,37.46739417
"2012","2012020702","25","야간","화",1,1,0,0,0,"대구","달서구","차대사람","기타","기타","운전자법규위반","안전운전 의무 불이행","단일로","기타단일로","승용차","대형","보행자","보행자","1092354 ","1762712 ",128.52269454,35.85587666
"2012","2012020306","16","주간","금",1,1,0,0,0,"인천","중구","차대사람","횡단중","횡단중","운전자법규위반","안전운전 의무 불이행","교차로","교차로내","승용차","경형","보행자","보행자","923261  ","1941038 ",126.63222358,37.46537095
"2012","2012020208","35","주간","목",1,1,0,0,0,"인천","부평구","차대사람","길가장자리구역통행중","길가장자리구역통행중","운전자법규위반","안전운전 의무 불이행","단일로","기타단일로","승용차","중형","보행자","보행자","928390  ","1947343 ",126.6896038,37.52260816
"2012","2012020920","30","야간","목",1,1,0,0,0,"대구","달서구","차량단독","공작물충돌","공작물충돌","운전자법규위반","안전운전 의무 불이행","단일로","기타단일로","화물차","경형","00","00","1088176 ","1762286 ",128.48453325,35.85247194
"2012","2012021022","17","야간","금",1,1,0,0,0,"경남","진주시","차대사람","기타","기타","운전자법규위반","안전운전 의무 불이행","단일로","기타단일로","승용차","경형","보행자","보행자","1051818 ","1690523 ",128.06930443,35.20871884
"2012","2012020722","05","야간","화",1,1,0,0,0,"경기","광명시","차대차","측면직각충돌","측면직각충돌","운전자법규위반","신호위반","교차로","교차로내","승용차","중형","원동기장치자전거","원동기장치자전거","945071  ","1939980 ",126.8789174,37.45738876
"2012","2012021412","36","주간","화",1,2,1,0,0,"울산","남구","차대차","정면충돌","정면충돌","운전자법규위반","중앙선 침범","단일로","기타단일로","승용차","중형","특수차","대형","1162819 ","1729054 ",129.29616067,35.54410651
"2012","2012021322","37","야간","월",1,1,0,0,0,"경기","구리시","차대사람","횡단중","횡단중","운전자법규위반","안전운전 의무 불이행","단일로","횡단보도상","승용차","중형","보행자","보행자","967628  ","1955769 ",127.13326704,37.60076711
"2012","2012021300","05","야간","월",1,2,1,0,0,"충남","천안시","차대차","기타","기타","운전자법규위반","안전운전 의무 불이행","교차로","교차로부근","승용차","소형","승용차","중형","967320  ","1883180 ",127.13296815,36.94645164
"2012","2012021801","45","야간","토",1,1,0,0,0,"경북","문경시","차량단독","공작물충돌","공작물충돌","운전자법규위반","안전운전 의무 불이행","단일로","기타단일로","승용차","중형","00","00","1055494 ","1859257 ",128.12149958,36.72973806
"2012","2012021611","10","주간","목",1,1,0,0,0,"경북","안동시","차량단독","도로이탈","도로이탈 추락","운전자법규위반","안전운전 의무 불이행","단일로","기타단일로","화물차","소형","00","00","1130936 ","1831280 ",128.96146246,36.47019759
"2012","2012022407","40","주간","금",2,2,0,0,0,"전남","화순군","차량단독","공작물충돌","공작물충돌","운전자법규위반","안전운전 의무 불이행","단일로","기타단일로","화물차","소형","00","00","946579  ","1676640 ",126.91576689,35.0794061
"2012","2012022419","32","야간","금",1,1,0,0,0,"경남","고성군","차대사람","길가장자리구역통행중","길가장자리구역통행중","운전자법규위반","안전운전 의무 불이행","단일로","기타단일로","화물차","소형","보행자","보행자","1075984 ","1663102 ",128.33227073,34.95994187
"2012","2012022123","05","야간","화",1,1,0,0,0,"경기","성남시","차량단독","기타","기타","운전자법규위반","안전운전 의무 불이행","단일로","기타단일로","원동기장치자전거","원동기장치자전거","00","00","966971  ","1939260 ",127.12656672,37.45194096
"2012","2012030219","46","야간","금",1,1,0,0,0,"경남","김해시","차대차","추돌","진행중 추돌","운전자법규위반","안전운전 의무 불이행","단일로","기타단일로","화물차","소형","화물차","소형","1125754 ","1693368 ",128.88189704,35.22782218
"2012","2012011706","40","주간","화",1,1,0,0,0,"울산","북구","차대차","정면충돌","정면충돌","운전자법규위반","신호위반","교차로","교차로내","원동기장치자전거","원동기장치자전거","승합차","대형","1168002 ","1740038 ",129.35562483,35.64208258
"2012","2012012209","30","주간","일",1,1,0,0,0,"제주","서귀포시","차대사람","차도통행중","차도통행중","운전자법규위반","안전운전 의무 불이행","단일로","기타단일로","화물차","소형","보행자","보행자","899516  ","1474013 ",126.42127567,33.25276715
"2012","2012011917","05","주간","목",1,1,0,0,0,"경남","창원시(통합)","차대사람","횡단중","횡단중","운전자법규위반","안전운전 의무 불이행","단일로","교량위","이륜차","중형","보행자","보행자","1097887 ","1693204 ",128.57570499,35.22945214
"2012","2012011918","30","야간","목",1,1,0,0,0,"충북","청원군","차량단독","공작물충돌","공작물충돌","운전자법규위반","안전운전 의무 불이행","교차로","교차로부근","화물차","소형","00","00","1001200 ","1838488 ",127.51340716,36.54412787
"2012","2012011919","45","야간","목",1,1,0,0,0,"부산","사하구","차대사람","기타","기타","운전자법규위반","안전운전 의무 불이행","단일로","기타단일로","승용차","대형","보행자","보행자","1135196 ","1678951 ",128.98388866,35.09668259
"2012","2012012711","22","주간","금",1,2,1,0,0,"제주","서귀포시","차대차","정면충돌","정면충돌","운전자법규위반","서행 및 일시정지위반","교차로","교차로내","화물차","소형","건설기계","건설기계","934900  ","1488023 ",126.80009251,33.38184157
"2012","2012012718","30","야간","금",1,1,0,0,0,"경기","양주시","차대사람","차도통행중","차도통행중","운전자법규위반","안전운전 의무 불이행","단일로","기타단일로","승용차","대형","보행자","보행자","949126  ","1964422 ",126.92306845,37.67791916
"2012","2012012615","28","주간","목",1,1,0,0,0,"서울","양천구","차대차","기타","기타","운전자법규위반","안전운전 의무 불이행","단일로","기타단일로","자전거","자전거","승합차","대형","944096  ","1946565 ",126.86739339,37.51668181
"2012","2012020118","40","야간","수",1,1,0,0,0,"대구","수성구","차대사람","기타","기타","운전자법규위반","안전운전 의무 불이행","단일로","기타단일로","승용차","중형","보행자","보행자","1100214 ","1761762 ",128.60975426,35.84726945
"2012","2012020119","25","야간","수",1,1,0,0,0,"서울","동대문구","차대사람","기타","기타","운전자법규위반","안전운전 의무 불이행","단일로","기타단일로","화물차","중형","보행자","보행자","960956  ","1952700 ",127.05784743,37.57284633
"2012","2012020700","32","야간","화",1,1,0,0,0,"전남","목포시","차대사람","횡단중","횡단중","운전자법규위반","보행자 보호의무 위반","단일로","횡단보도상","화물차","소형","보행자","보행자","898540  ","1645463 ",126.39086388,34.79867751
"2012","2012020519","18","야간","일",1,1,0,0,0,"부산","진구","차대사람","횡단중","횡단중","운전자법규위반","안전운전 의무 불이행","단일로","기타단일로","화물차","소형","보행자","보행자","1141180 ","1686535 ",129.0501886,35.16417706
"2012","2012020610","55","주간","월",1,2,1,0,0,"경남","양산시","차대사람","기타","기타","운전자법규위반","안전운전 의무 불이행","단일로","기타단일로","화물차","소형","보행자","보행자","1138879 ","1703290 ",129.02776144,35.31552517
"2012","2012020609","20","주간","월",1,1,0,0,0,"전남","무안군","차대차","추돌","진행중 추돌","운전자법규위반","안전운전 의무 불이행","단일로","기타단일로","화물차","소형","이륜차","중형","894770  ","1663683 ",126.34736709,34.96256272
"2012","2012020607","08","주간","월",1,1,0,0,0,"서울","중랑구","차대사람","횡단중","횡단중","운전자법규위반","안전운전 의무 불이행","단일로","기타단일로","승합차","대형","보행자","보행자","963283  ","1953606 ",127.07954187,37.58146136
"2012","2012020904","36","야간","목",1,1,0,0,0,"광주","남구","차대사람","횡단중","횡단중","운전자법규위반","신호위반","단일로","횡단보도상","승용차","중형","보행자","보행자","946570  ","1682261 ",126.91352116,35.1341382