"발생년","발생년월일시","발생분","주야","요일","사망자수","사상자수","중상자수","경상자수","부상신고자수","발생지시도","발생지시군구","사고유형_대분류","사고유형_중분류","사고유형","법규위반_대분류","법규위반","도로형태_대분류","도로형태","당사자종별_1당_대분류","당사자종별_1당","당사자종별_2당_대분류","당사자종별_2당","발생위치X_UTMK","발생위치Y_UTMK","경도","위도"
"2012","2012020911","02","주간","목",1,1,0,0,0,"경기","고양시","차대차","기타","기타","운전자법규위반","안전운전 의무 불이행","단일로","기타단일로","승용차","중형","화물차","대형","933343  ","1961231 ",126.74438708,37.64814854
"2012","2012021712","55","주간","금",1,1,0,0,0,"전남","진도군","차량단독","기타","기타","운전자법규위반","안전운전 의무 불이행","단일로","기타단일로","이륜차","소형","00","00","888105  ","1613623 ",126.28102339,34.51051828
"2012","2012021517","20","주간","수",1,2,0,1,0,"경북","울진군","차량단독","공작물충돌","공작물충돌","운전자법규위반","안전운전 의무 불이행","단일로","기타단일로","화물차","소형","00","00","1173416 ","1860386 ",129.44195756,36.72569248
"2012","2012021614","50","주간","목",1,1,0,0,0,"서울","마포구","차대사람","기타","기타","운전자법규위반","안전운전 의무 불이행","단일로","기타단일로","승용차","중형","보행자","보행자","948018  ","1951821 ",126.91140001,37.56428417
"2012","2012021521","35","야간","수",1,1,0,0,0,"전남","강진군","차대차","추돌","진행중 추돌","운전자법규위반","안전운전 의무 불이행","단일로","기타단일로","화물차","소형","원동기장치자전거","원동기장치자전거","934837  ","1624447 ",126.7892419,34.61214175
"2012","2012021604","38","야간","목",1,1,0,0,0,"인천","서구","차대사람","횡단중","횡단중","운전자법규위반","안전운전 의무 불이행","교차로","교차로부근","승용차","중형","보행자","보행자","924517  ","1956956 ",126.64478822,37.60893704
"2012","2012022217","47","주간","수",1,1,0,0,0,"서울","노원구","차대사람","차도통행중","차도통행중","운전자법규위반","안전운전 의무 불이행","교차로","교차로내","승용차","소형","보행자","보행자","960951  ","1962862 ",127.057248,37.66443842
"2012","2012022319","10","야간","목",1,1,0,0,0,"충북","충주시","차대사람","횡단중","횡단중","운전자법규위반","안전운전 의무 불이행","단일로","기타단일로","승용차","대형","보행자","보행자","1037681 ","1887190 ",127.92339733,36.98241187
"2012","2012022718","00","야간","월",1,1,0,0,0,"경기","안양시","차량단독","전도전복","전도전복","운전자법규위반","안전운전 의무 불이행","단일로","기타단일로","이륜차","소형","00","00","949793  ","1932524 ",126.93281375,37.39045383
"2012","2012022721","10","야간","월",1,1,0,0,0,"경북","경주시","차대사람","기타","기타","운전자법규위반","안전운전 의무 불이행","단일로","기타단일로","승합차","대형","보행자","보행자","1154126 ","1759600 ",129.20605735,35.82092678
"2012","2012030401","27","야간","일",1,1,0,0,0,"부산","연제구","차대사람","횡단중","횡단중","운전자법규위반","과속","단일로","기타단일로","승용차","중형","보행자","보행자","1145531 ","1689235 ",129.09842371,35.18789327
"2012","2012030312","50","주간","토",1,1,0,0,0,"충남","계룡시","차대사람","차도통행중","차도통행중","운전자법규위반","안전운전 의무 불이행","교차로","교차로내","승용차","중형","보행자","보행자","976491  ","1809861 ",127.23821133,36.28576057
"2012","2012011806","55","주간","수",1,1,0,0,0,"부산","금정구","차량단독","공작물충돌","공작물충돌","운전자법규위반","안전운전 의무 불이행","단일로","기타단일로","승용차","중형","00","00","1145272 ","1696305 ",129.096828,35.25165696
"2012","2012012203","46","야간","일",1,1,0,0,0,"경기","하남시","차량단독","공작물충돌","공작물충돌","운전자법규위반","안전운전 의무 불이행","단일로","기타단일로","승용차","소형","00","00","974545  ","1950448 ",127.21181158,37.5530241
"2012","2012012204","20","야간","일",1,4,1,2,0,"서울","강남구","차대차","기타","기타","운전자법규위반","안전운전 의무 불이행","교차로","교차로부근","원동기장치자전거","원동기장치자전거","승용차","경형","957703  ","1945843 ",127.0214053,37.5108985
"2012","2012012210","55","주간","일",1,3,1,0,1,"제주","서귀포시","차량단독","기타","기타","운전자법규위반","안전운전 의무 불이행","단일로","기타단일로","승용차","중형","00","00","893051  ","1477292 ",126.36029712,33.28127429
"2012","2012011823","00","야간","수",1,1,0,0,0,"경기","시흥시","차대사람","횡단중","횡단중","운전자법규위반","안전운전 의무 불이행","교차로","교차로부근","승합차","중형","보행자","보행자","932114  ","1928016 ",126.73352257,37.34869643
"2012","2012012800","25","야간","토",1,1,0,0,0,"전남","광양시","차대차","추돌","주정차중 추돌","운전자법규위반","안전운전 의무 불이행","단일로","기타단일로","승용차","대형","화물차","대형","1017445 ","1659540 ",127.68930594,34.93090437
"2012","2012012809","10","주간","토",1,1,0,0,0,"경남","고성군","차대사람","길가장자리구역통행중","길가장자리구역통행중","운전자법규위반","안전운전 의무 불이행","단일로","기타단일로","승합차","대형","보행자","보행자","1056819 ","1659467 ",128.12211717,34.92842215
"2012","2012012521","21","야간","수",1,1,0,0,0,"강원","고성군","차대사람","차도통행중","차도통행중","운전자법규위반","안전운전 의무 불이행","단일로","기타단일로","승용차","중형","보행자","보행자","1087975 ","2040164 ",128.50777916,38.3567687
"2012","2012012601","14","야간","목",1,2,1,0,0,"강원","태백시","차대차","정면충돌","정면충돌","운전자법규위반","중앙선 침범","단일로","기타단일로","승용차","대형","승용차","중형","1133629 ","1909293 ",129.00789835,37.17328315
"2012","2012020115","10","주간","수",1,3,2,0,0,"대구","달성군","차대차","측면직각충돌","측면직각충돌","운전자법규위반","안전운전 의무 불이행","단일로","기타단일로","승용차","중형","화물차","소형","1085249 ","1746557 ",128.44243683,35.71161178
"2012","2012012915","00","주간","일",1,1,0,0,0,"경북","경주시","차대사람","기타","기타","운전자법규위반","안전운전 의무 불이행","단일로","기타단일로","승용차","중형","보행자","보행자","1164478 ","1750474 ",129.32651902,35.71745986
"2012","2012012922","10","야간","일",1,1,0,0,0,"경기","평택시","차대사람","기타","기타","운전자법규위반","안전운전 의무 불이행","단일로","기타단일로","승용차","소형","보행자","보행자","959918  ","1885066 ",127.04608836,36.96101614
"2013","2013010502","15","야간","토",1,1,0,0,0,"대전","유성구","차량단독","전도전복","전도전복","운전자법규위반","안전운전 의무 불이행","단일로","기타단일로","승용차","중형","00","00","984332  ","1829599 ",127.32512788,36.46386455
"2013","2013010516","45","주간","토",1,1,0,0,0,"충남","예산군","차량단독","공작물충돌","공작물충돌","운전자법규위반","안전운전 의무 불이행","단일로","기타단일로","승용차","중형","00","00","926675  ","1864859 ",126.67828185,36.77902357
"2013","2013010514","50","주간","토",1,1,0,0,0,"전북","익산시","차량단독","기타","기타","운전자법규위반","안전운전 의무 불이행","단일로","기타단일로","이륜차","소형","00","00","959471  ","1784776 ",127.42247904,35.89534914
"2013","2013010419","01","야간","금",1,1,0,0,0,"경기","용인시","차대사람","기타","기타","운전자법규위반","안전운전 의무 불이행","단일로","기타단일로","승용차","소형","보행자","보행자","984671  ","1910024 ",127.32728966,37.18887349
"2013","2013010411","40","주간","금",1,1,0,0,0,"경기","안산시","차대사람","횡단중","횡단중","운전자법규위반","안전운전 의무 불이행","단일로","기타단일로","승용차","중형","보행자","보행자","938235  ","1927092 ",126.83568541,37.32234512
"2013","2013011103","40","야간","금",1,3,1,1,0,"충북","청주시","차대차","측면직각충돌","측면직각충돌","운전자법규위반","신호위반","교차로","교차로내","화물차","소형","화물차","소형","993086  ","1849817 ",127.42265058,36.64623495
"2013","2013011022","28","야간","목",1,3,1,1,0,"서울","강남구","차대차","기타","기타","운전자법규위반","안전거리 미확보","단일로","기타단일로","승용차","대형","불명","불명","957847  ","1947944 ",127.02291407,37.52984208
"2013","2013011814","30","주간","금",1,1,0,0,0,"경북","청송군","차대사람","길가장자리구역통행중","길가장자리구역통행중","운전자법규위반","안전운전 의무 불이행","단일로","기타단일로","승용차","중형","보행자","보행자","1139863 ","1818625 ",129.05878936,36.35488947
"2013","2013011815","45","주간","금",1,1,0,0,0,"경남","창녕군","차량단독","공작물충돌","공작물충돌","운전자법규위반","안전운전 의무 불이행","단일로","기타단일로","화물차","소형","00","00","1086857 ","1725088 ",128.45790061,35.51792273
"2013","2013011318","45","야간","일",1,1,0,0,0,"경기","화성시","차대사람","횡단중","횡단중","운전자법규위반","안전운전 의무 불이행","단일로","기타단일로","승용차","중형","보행자","보행자","955048  ","1902794 ",126.99452075,37.123281
"2013","2013092708","30","주간","금",1,1,0,0,0,"강원","횡성군","차대사람","기타","기타","운전자법규위반","안전운전 의무 불이행","기타/불명","기타/불명","건설기계","건설기계","보행자","보행자","1065411 ","1945507 ",128.24008552,37.506521
"2013","2013091320","35","야간","금",1,2,1,0,0,"강원","평창군","차대차","정면충돌","정면충돌","운전자법규위반","중앙선 침범","단일로","기타단일로","승용차","경형","승용차","중형","1087004 ","1959284 ",128.4860036,37.62889928
"2013","2013041312","30","주간","토",1,22,13,8,0,"경기","평택시","차대차","추돌","주정차중 추돌","운전자법규위반","안전운전 의무 불이행","단일로","기타단일로","승합차","대형","승합차","대형","967904  ","1893032 ",127.15461558,36.99323935
"2013","2013010707","50","주간","월",1,1,0,0,0,"서울","영등포구","차대사람","횡단중","횡단중","운전자법규위반","신호위반","단일로","횡단보도부근","승합차","대형","보행자","보행자","947421  ","1948279 ",126.90489428,37.53232586
"2013","2013010808","19","주간","화",1,1,0,0,0,"서울","마포구","차대사람","횡단중","횡단중","운전자법규위반","안전운전 의무 불이행","교차로","교차로내","승용차","소형","보행자","보행자","949091  ","1951060 ",126.92360202,37.55748513
"2013","2013071222","40","야간","금",1,2,0,1,0,"전북","정읍시","차량단독","도로이탈","도로이탈 추락","운전자법규위반","안전운전 의무 불이행","단일로","기타단일로","승용차","중형","00","00","938993  ","1730379 ",126.8267657,35.5675534
"2013","2013080103","35","야간","목",1,16,11,4,0,"전북","고창군","차대차","기타","기타","운전자법규위반","안전운전 의무 불이행","단일로","기타단일로","승용차","대형","승용차","중형","915727  ","1704444 ",126.57272927,35.33202719
"2013","2013120705","09","야간","토",1,1,0,0,0,"광주","광산구","차대사람","횡단중","횡단중","운전자법규위반","과속","단일로","터널안","화물차","경형","보행자","보행자","933411  ","1684790 ",126.7688524,35.15620978
"2013","2013010306","45","주간","목",1,1,0,0,0,"대전","대덕구","차대사람","횡단중","횡단중","운전자법규위반","신호위반","단일로","횡단보도상","화물차","소형","보행자","보행자","992629  ","1818300 ",127.41778639,36.36206691
"2013","2013123106","43","주간","화",1,2,0,1,0,"경남","창원시(통합)","차대차","추돌","진행중 추돌","운전자법규위반","안전운전 의무 불이행","단일로","기타단일로","화물차","대형","화물차","중형","1106415 ","1698025 ",128.67002902,35.27204532
"2013","2013010811","53","주간","화",1,3,2,0,0,"경기","남양주시","차대차","측면직각충돌","측면직각충돌","운전자법규위반","중앙선 침범","단일로","기타단일로","승용차","중형","승용차","중형","972057  ","1972486 ",127.18280032,37.75158699
"2013","2013042305","00","야간","화",1,2,0,1,0,"경기","하남시","차대차","추돌","진행중 추돌","운전자법규위반","안전운전 의무 불이행","단일로","기타단일로","승용차","중형","화물차","대형","972150  ","1953435 ",127.18458348,37.57987791
"2013","2013070816","30","주간","월",1,1,0,0,0,"경기","안산시","차대차","기타","기타","운전자법규위반","중앙선 침범","단일로","기타단일로","화물차","대형","화물차","소형","938073  ","1928102 ",126.8007916,37.34988836
"2013","2013082905","39","야간","목",1,3,1,1,0,"충남","공주시","차대차","기타","기타","운전자법규위반","안전운전 의무 불이행","단일로","기타단일로","승용차","중형","화물차","소형","961317  ","1816144 ",127.06847335,36.34192125
"2013","2013110405","51","야간","월",1,1,0,0,0,"경기","여주시","차대차","기타","기타","운전자법규위반","안전거리 미확보","단일로","기타단일로","화물차","중형","화물차","대형","1007040 ","1920584 ",127.56310127,37.27795146
"2013","2013082307","50","주간","금",1,1,0,0,0,"경기","안성시","차량단독","공작물충돌","공작물충돌","운전자법규위반","안전운전 의무 불이행","단일로","기타단일로","승용차","소형","00","00","988522  ","1886258 ",127.37104177,36.97469536
"2013","2013100410","05","주간","금",1,10,0,9,0,"전북","완주군","차대차","추돌","주정차중 추돌","운전자법규위반","안전운전 의무 불이행","단일로","터널안","화물차","중형","특수차","대형","977949  ","1745267 ",127.22421711,35.74647087
"2013","2013100714","10","주간","월",1,2,0,1,0,"경북","영천시","차대차","추돌","진행중 추돌","운전자법규위반","안전운전 의무 불이행","단일로","기타단일로","화물차","대형","화물차","대형","1135190 ","1785255 ",129.00097022,36.05480967
"2013","2013061221","40","야간","수",1,1,0,0,0,"충북","청원군","차대사람","길가장자리구역통행중","길가장자리구역통행중","운전자법규위반","안전운전 의무 불이행","단일로","기타단일로","화물차","소형","보행자","보행자","993933  ","1836492 ",127.43205047,36.52604113
"2013","2013042906","35","주간","월",1,1,0,0,0,"대전","대덕구","차량단독","공작물충돌","공작물충돌","운전자법규위반","안전운전 의무 불이행","단일로","기타단일로","승용차","중형","00","00","992980  ","1821622 ",127.42172117,36.39205198
"2013","2013011018","05","야간","목",1,3,2,0,0,"경북","영주시","차대차","정면충돌","정면충돌","운전자법규위반","중앙선 침범","단일로","기타단일로","승용차","경형","승용차","소형","1102144 ","1886847 ",128.64758998,36.97452832
"2013","2013011013","30","주간","목",1,1,0,0,0,"경기","여주시","차량단독","도로이탈","도로이탈 기타","운전자법규위반","안전운전 의무 불이행","단일로","기타단일로","화물차","중형","00","00","1009053 ","1925421 ",127.60218671,37.32774436
"2013","2013010919","20","야간","수",1,1,0,0,0,"부산","영도구","차대사람","횡단중","횡단중","운전자법규위반","안전운전 의무 불이행","교차로","교차로내","화물차","소형","보행자","보행자","1140945 ","1678531 ",129.04569313,35.09249315
"2013","2013011719","09","야간","목",1,1,0,0,0,"대전","중구","차대사람","횡단중","횡단중","운전자법규위반","안전운전 의무 불이행","단일로","기타단일로","승용차","대형","보행자","보행자","994093  ","1813674 ",127.43419238,36.32040506
"2013","2013011720","55","야간","목",1,1,0,0,0,"부산","금정구","차대사람","횡단중","횡단중","운전자법규위반","안전운전 의무 불이행","기타/불명","기타/불명","승용차","대형","보행자","보행자","1144893 ","1699392 ",129.09332962,35.28023472
"2013","2013011718","50","야간","목",1,1,0,0,0,"전북","정읍시","차대사람","횡단중","횡단중","운전자법규위반","안전운전 의무 불이행","단일로","기타단일로","화물차","소형","보행자","보행자","945098  ","1735113 ",126.89381137,35.6105928
"2013","2013011708","29","주간","목",1,2,0,1,0,"전남","장성군","차대차","측면직각충돌","측면직각충돌","운전자법규위반","중앙선 침범","단일로","기타단일로","승용차","중형","화물차","대형","923949  ","1703029 ",126.66331979,35.31992958
"2013","2013011809","30","주간","금",1,1,0,0,0,"경북","칠곡군","차대차","추돌","진행중 추돌","운전자법규위반","안전운전 의무 불이행","단일로","기타단일로","화물차","중형","농기계","농기계","1080816 ","1774609 ",128.39627532,35.96487669
"2013","2013011607","00","주간","수",1,1,0,0,0,"충남","아산시","차대사람","기타","기타","운전자법규위반","안전운전 의무 불이행","단일로","기타단일로","화물차","소형","보행자","보행자","947073  ","1865915 ",126.90678584,36.78990199
"2013","2013011420","40","야간","월",1,2,1,0,0,"전남","완도군","차대사람","횡단중","횡단중","운전자법규위반","안전운전 의무 불이행","단일로","횡단보도부근","승용차","소형","보행자","보행자","931025  ","1591890 ",126.74970232,34.31901176
"2013","2013011307","25","주간","일",1,1,0,0,0,"전북","부안군","차량단독","공작물충돌","공작물충돌","운전자법규위반","안전운전 의무 불이행","단일로","기타단일로","화물차","소형","00","00","929552  ","1743183 ",126.72147059,35.68236331
"2013","2013011501","50","야간","화",1,5,3,1,0,"전북","김제시","차대차","측면직각충돌","측면직각충돌","운전자법규위반","안전운전 의무 불이행","단일로","기타단일로","승용차","대형","승용차","중형","947331  ","1757127 ",126.91702189,35.80919063
"2013","2013011318","58","야간","일",1,3,0,2,0,"광주","광산구","차대차","측면직각충돌","측면직각충돌","운전자법규위반","신호위반","교차로","교차로내","승용차","중형","승용차","중형","938296  ","1689865 ",126.81938933,35.20256284
"2013","2013012322","00","야간","수",1,1,0,0,0,"경남","창원시(통합)","차대사람","기타","기타","운전자법규위반","안전운전 의무 불이행","단일로","기타단일로","승용차","중형","보행자","보행자","1098126 ","1693601 ",128.57837838,35.23300793
"2013","2013012220","45","야간","화",1,1,0,0,0,"충남","서산시","차대사람","횡단중","횡단중","운전자법규위반","안전운전 의무 불이행","단일로","기타단일로","승합차","대형","보행자","보행자","902739  ","1886239 ",126.40733967,36.96956609
"2013","2013012318","18","야간","수",1,1,0,0,0,"전북","임실군","차대차","추돌","주정차중 추돌","운전자법규위반","안전운전 의무 불이행","교차로","교차로부근","화물차","소형","화물차","대형","983084  ","1731157 ",127.31330423,35.57630356
"2013","2013012314","18","주간","수",1,1,0,0,0,"전북","남원시","차대사람","횡단중","횡단중","운전자법규위반","안전운전 의무 불이행","교차로","교차로내","화물차","대형","보행자","보행자","991583  ","1714903 ",127.40727306,35.42985525
"2013","2013012304","50","야간","수",1,1,0,0,0,"경기","포천시","차대차","추돌","주정차중 추돌","운전자법규위반","안전운전 의무 불이행","단일로","기타단일로","승합차","소형","특수차","대형","968347  ","1979054 ",127.14039966,37.8106639
"2013","2013011921","08","야간","토",1,3,0,2,0,"대전","중구","차대차","기타","기타","운전자법규위반","안전운전 의무 불이행","교차로","교차로내","승용차","중형","승용차","중형","992727  ","1815033 ",127.41896163,36.3326477
"2013","2013012011","50","주간","일",1,1,0,0,0,"부산","진구","차대차","측면직각충돌","측면직각충돌","운전자법규위반","안전운전 의무 불이행","단일로","기타단일로","승용차","중형","자전거","자전거","1141358 ","1686766 ",129.05218201,35.16623425
"2013","2013012106","20","주간","월",1,1,0,0,0,"부산","진구","차대사람","횡단중","횡단중","운전자법규위반","안전운전 의무 불이행","단일로","기타단일로","승용차","경형","보행자","보행자","1142289 ","1686152 ",129.06229563,35.16056835
"2013","2013012113","30","주간","월",1,1,0,0,0,"부산","영도구","차대사람","기타","기타","운전자법규위반","안전운전 의무 불이행","단일로","횡단보도부근","화물차","소형","보행자","보행자","1140085 ","1678397 ",129.03679014,35.09097441
"2013","2013013002","25","야간","수",1,1,0,0,0,"전남","광양시","차량단독","도로이탈","도로이탈 추락","운전자법규위반","안전운전 의무 불이행","단일로","기타단일로","승용차","대형","00","00","1019212 ","1666520 ",127.71052167,34.99343272
"2013","2013013107","30","주간","목",1,1,0,0,0,"부산","남구","차대차","기타","기타","운전자법규위반","기타(운전자법규위반)","단일로","기타단일로","화물차","대형","화물차","대형","1144032 ","1680629 ",129.08046426,35.11053688
"2013","2013012816","01","주간","월",1,1,0,0,0,"충북","보은군","차량단독","공작물충돌","공작물충돌","운전자법규위반","안전운전 의무 불이행","단일로","기타단일로","화물차","중형","00","00","1024555 ","1824432 ",127.77389623,36.4170966
"2013","2013012817","20","주간","월",1,1,0,0,0,"전북","김제시","차대차","측면직각충돌","측면직각충돌","운전자법규위반","직진 및 우회전차의 통행방해","교차로","교차로내","원동기장치자전거","원동기장치자전거","승합차","대형","946759  ","1756129 ",126.90900654,35.80194764
"2013","2013012913","57","주간","화",1,1,0,0,0,"부산","사하구","차대사람","횡단중","횡단중","운전자법규위반","보행자 보호의무 위반","교차로","교차로부근","화물차","중형","보행자","보행자","1136704 ","1678185 ",128.99967562,35.08952777
"2013","2013012810","18","주간","월",1,1,0,0,0,"경기","화성시","차대사람","차도통행중","차도통행중","운전자법규위반","안전운전 의무 불이행","교차로","교차로내","건설기계","건설기계","보행자","보행자","947699  ","1904284 ",126.91179776,37.1358901
"2013","2013020522","55","야간","화",1,1,0,0,0,"제주","제주시","차대사람","횡단중","횡단중","운전자법규위반","안전운전 의무 불이행","교차로","교차로내","화물차","소형","보행자","보행자","911183  ","1501389 ",126.54380993,33.50068295
"2013","2013020418","50","야간","월",1,1,0,0,0,"경기","남양주시","차대사람","기타","기타","운전자법규위반","안전운전 의무 불이행","단일로","기타단일로","승합차","중형","보행자","보행자","975430  ","1959651 ",127.22152204,37.63599859
"2013","2013020422","00","야간","월",1,1,0,0,0,"경기","남양주시","차대사람","길가장자리구역통행중","길가장자리구역통행중","운전자법규위반","안전운전 의무 불이행","교차로","교차로내","승용차","중형","보행자","보행자","972773  ","1958698 ",127.19144333,37.62733396
"2013","2013020523","49","야간","화",2,2,0,0,0,"강원","인제군","차량단독","도로이탈","도로이탈 추락","운전자법규위반","안전운전 의무 불이행","단일로","기타단일로","승용차","중형","00","00","1062187 ","2013752 ",128.20947244,38.12180184
"2013","2013013107","00","주간","목",1,1,0,0,0,"경기","평택시","차대사람","횡단중","횡단중","운전자법규위반","보행자 보호의무 위반","교차로","교차로내","승합차","대형","보행자","보행자","963393  ","1888365 ",127.0886132,36.993046
"2013","2013020119","45","야간","금",1,2,0,1,0,"제주","제주시","차대차","측면직각충돌","측면직각충돌","운전자법규위반","중앙선 침범","교차로","교차로부근","화물차","소형","승합차","대형","917365  ","1497685 ",126.61069859,33.46777384
"2013","2013020204","00","야간","토",1,1,0,0,0,"경기","포천시","차량단독","공작물충돌","공작물충돌","운전자법규위반","안전운전 의무 불이행","단일로","기타단일로","승용차","중형","00","00","973852  ","1988574 ",127.20259498,37.896642
"2013","2013020122","55","야간","금",1,1,0,0,0,"경기","남양주시","차대사람","횡단중","횡단중","운전자법규위반","안전운전 의무 불이행","교차로","교차로부근","승합차","소형","보행자","보행자","972769  ","1958705 ",127.19139774,37.62739693
"2013","2013021200","10","야간","화",1,1,0,0,0,"전남","곡성군","차량단독","도로이탈","도로이탈 기타","운전자법규위반","안전운전 의무 불이행","단일로","기타단일로","승용차","중형","00","00","987124  ","1694789 ",127.35846664,35.24844145
"2013","2013010800","39","야간","화",1,1,0,0,0,"경기","안산시","차대사람","기타","기타","운전자법규위반","안전운전 의무 불이행","교차로","교차로내","승용차","중형","보행자","보행자","943200  ","1924398 ",126.86890915,37.30797871
"2013","2013011101","18","야간","금",1,1,0,0,0,"경기","부천시","차대사람","횡단중","횡단중","운전자법규위반","안전운전 의무 불이행","단일로","횡단보도상","승용차","경형","보행자","보행자","936327  ","1942903 ",126.77980286,37.48317282
"2013","2013011100","55","야간","금",1,1,0,0,0,"인천","서구","차대사람","기타","기타","운전자법규위반","안전운전 의무 불이행","교차로","교차로부근","승합차","대형","보행자","보행자","927108  ","1955248 ",126.67410846,37.59364847
"2013","2013011719","55","야간","목",1,1,0,0,0,"서울","동대문구","차대사람","횡단중","횡단중","운전자법규위반","안전운전 의무 불이행","교차로","교차로내","승용차","중형","보행자","보행자","959659  ","1954253 ",127.04307448,37.58678799
"2013","2013011901","45","야간","토",2,5,2,1,0,"경북","칠곡군","차량단독","공작물충돌","공작물충돌","운전자법규위반","안전운전 의무 불이행","단일로","기타단일로","승용차","중형","00","00","1080269 ","1778204 ",128.39057366,35.99733034
"2013","2013011417","55","주간","월",1,1,0,0,0,"경기","화성시","차대사람","횡단중","횡단중","운전자법규위반","안전운전 의무 불이행","단일로","기타단일로","화물차","소형","보행자","보행자","947649  ","1903893 ",126.91040949,37.13107887
"2013","2013011418","16","야간","월",1,1,0,0,0,"경기","용인시","차대사람","차도통행중","차도통행중","운전자법규위반","안전운전 의무 불이행","단일로","기타단일로","화물차","소형","보행자","보행자","975792  ","1919993 ",127.22692778,37.27854571
"2013","2013011416","16","주간","월",1,1,0,0,0,"경기","고양시","차량단독","공작물충돌","공작물충돌","운전자법규위반","안전운전 의무 불이행","단일로","기타단일로","승용차","소형","00","00","940033  ","1956921 ",126.82161599,37.61037628
"2013","2013011309","30","주간","일",1,1,0,0,0,"경북","봉화군","차량단독","공작물충돌","공작물충돌","운전자법규위반","안전운전 의무 불이행","단일로","기타단일로","화물차","소형","00","00","1102428 ","1878412 ",128.64963753,36.89847527
"2013","2013011320","40","야간","일",1,1,0,0,0,"경북","영천시","차량단독","기타","기타","운전자법규위반","안전운전 의무 불이행","기타/불명","기타/불명","농기계","농기계","00","00","1134464 ","1764903 ",128.98946275,35.871479
"2013","2013011314","20","주간","일",1,5,0,4,0,"충북","청원군","차대차","기타","기타","운전자법규위반","안전운전 의무 불이행","단일로","기타단일로","화물차","소형","승용차","소형","1004987 ","1857623 ",127.55472374,36.71841186
"2013","2013011317","40","주간","일",1,1,0,0,0,"충북","청원군","차량단독","전도전복","전도전복","운전자법규위반","안전운전 의무 불이행","단일로","기타단일로","농기계","농기계","00","00","986370  ","1849732 ",127.34621719,36.6474878
"2013","2013011409","30","주간","월",1,1,0,0,0,"충북","증평군","차대사람","횡단중","횡단중","운전자법규위반","안전운전 의무 불이행","단일로","기타단일로","승합차","소형","보행자","보행자","1007351 ","1865211 ",127.58238634,36.78500632
"2013","2013011318","15","야간","일",1,1,0,0,0,"전북","완주군","차대사람","기타","기타","운전자법규위반","안전운전 의무 불이행","단일로","기타단일로","화물차","소형","보행자","보행자","979362  ","1760741 ",127.27146599,35.84297144
"2013","2013011316","56","주간","일",1,1,0,0,0,"전북","완주군","차대사람","기타","기타","운전자법규위반","안전운전 의무 불이행","단일로","기타단일로","화물차","소형","보행자","보행자","968260  ","1768894 ",127.14864565,35.91685934
"2013","2013011315","28","주간","일",1,1,0,0,0,"전북","완주군","차량단독","기타","기타","운전자법규위반","안전운전 의무 불이행","단일로","기타단일로","원동기장치자전거","원동기장치자전거","00","00","970800  ","1768831 ",127.17635964,35.91569303
"2013","2013012508","40","주간","금",1,1,0,0,0,"대전","서구","차대차","측면직각충돌","측면직각충돌","운전자법규위반","부당한 회전","교차로","교차로내","자전거","자전거","승용차","소형","989691  ","1816142 ",127.3851188,36.34261808
"2013","2013012120","33","야간","월",1,2,1,0,0,"경기","안산시","차대차","추돌","주정차중 추돌","운전자법규위반","과속","단일로","기타단일로","승용차","소형","승합차","대형","938672  ","1926596 ",126.807679,37.33635419
"2013","2013071112","00","주간","목",1,2,0,1,0,"경기","고양시","차대사람","기타","기타","운전자법규위반","안전운전 의무 불이행","단일로","기타단일로","화물차","소형","보행자","보행자","940328  ","1962715 ",126.80442085,37.63163169
"2013","2013081400","23","야간","수",1,1,0,0,0,"경기","용인시","차대차","기타","기타","운전자법규위반","안전운전 의무 불이행","단일로","기타단일로","화물차","대형","불명","불명","965791  ","1921476 ",127.11404776,37.29159917
"2013","2013101507","55","주간","화",1,11,3,5,2,"경기","오산시","차대차","추돌","주정차중 추돌","운전자법규위반","안전운전 의무 불이행","단일로","기타단일로","승합차","대형","화물차","대형","959410  ","1909062 ",127.04273442,37.17944544
"2013","2013010313","25","주간","목",1,3,2,0,0,"대구","동구","차대차","기타","기타","운전자법규위반","안전운전 의무 불이행","단일로","기타단일로","특수차","대형","승합차","소형","1106496 ","1767098 ",128.68002037,35.8947068
"2013","2013040717","50","주간","일",1,1,0,0,0,"경기","안성시","차대차","기타","기타","운전자법규위반","안전운전 의무 불이행","단일로","기타단일로","화물차","중형","화물차","소형","982798  ","1886359 ",127.30672916,36.97551855
"2013","2013061013","05","주간","월",1,1,0,0,0,"경기","용인시","차대사람","기타","기타","운전자법규위반","안전운전 의무 불이행","단일로","기타단일로","화물차","대형","보행자","보행자","960866  ","1922079 ",127.05848566,37.29698456
"2013","2013032404","00","야간","일",1,1,0,0,0,"경기","의정부시","차량단독","공작물충돌","공작물충돌","운전자법규위반","안전운전 의무 불이행","단일로","터널안","승용차","중형","00","00","957351  ","1968929 ",127.01607592,37.71896032
"2013","2013052904","15","야간","수",1,1,0,0,0,"경기","의정부시","차대차","추돌","주정차중 추돌","운전자법규위반","안전운전 의무 불이행","단일로","기타단일로","승용차","중형","화물차","소형","960168  ","1966500 ",127.04817148,37.69719445
"2013","2013020610","56","주간","수",1,1,0,0,0,"충북","청주시","차대사람","횡단중","횡단중","운전자법규위반","신호위반","단일로","기타단일로","승용차","중형","보행자","보행자","996563  ","1848125 ",127.46146494,36.63090132