"발생년","발생년월일시","발생분","주야","요일","사망자수","사상자수","중상자수","경상자수","부상신고자수","발생지시도","발생지시군구","사고유형_대분류","사고유형_중분류","사고유형","법규위반_대분류","법규위반","도로형태_대분류","도로형태","당사자종별_1당_대분류","당사자종별_1당","당사자종별_2당_대분류","당사자종별_2당","발생위치X_UTMK","발생위치Y_UTMK","경도","위도"
"2012","2012032015","10","주간","화",1,1,0,0,0,"강원","정선군","차량단독","기타","기타","운전자법규위반","안전운전 의무 불이행","단일로","기타단일로","농기계","농기계","00","00","1101540 ","1932213 ",128.64697079,37.38344823
"2013","2013020301","45","야간","일",1,3,2,0,0,"부산","사상구","차대차","정면충돌","정면충돌","운전자법규위반","중앙선 침범","단일로","기타단일로","승용차","중형","승용차","대형","1134615 ","1683718 ",128.977666,35.13968494
"2013","2013020303","58","야간","일",1,2,1,0,0,"충남","천안시","차량단독","전도전복","전도전복","운전자법규위반","안전운전 의무 불이행","단일로","교량위","승용차","중형","00","00","969874  ","1870076 ",127.16217273,36.82841156
"2013","2013020306","53","주간","일",1,1,0,0,0,"경남","창원시(통합)","차대사람","횡단중","횡단중","운전자법규위반","안전운전 의무 불이행","단일로","교량위","승합차","대형","보행자","보행자","1116863 ","1681862 ",128.78258697,35.1251725
"2013","2013020206","43","주간","토",1,1,0,0,0,"경기","평택시","차대사람","횡단중","횡단중","운전자법규위반","안전운전 의무 불이행","교차로","교차로부근","승용차","소형","보행자","보행자","961182  ","1901641 ",127.06308126,37.11262831
"2013","2013021109","48","주간","월",1,1,0,0,0,"서울","노원구","차량단독","주/정차차량 충돌","주/정차차량 충돌","운전자법규위반","안전운전 의무 불이행","단일로","기타단일로","승용차","대형","화물차","대형","963184  ","1959494 ",127.08273582,37.63417428
"2013","2013021017","35","주간","일",1,9,0,8,0,"경기","평택시","차대차","측면직각충돌","측면직각충돌","운전자법규위반","신호위반","교차로","교차로내","승합차","중형","승용차","중형","959553  ","1881764 ",127.04986372,36.94276792
"2013","2013021321","45","야간","수",1,1,0,0,0,"충북","진천군","차대사람","기타","기타","운전자법규위반","안전운전 의무 불이행","단일로","기타단일로","승용차","중형","보행자","보행자","992833  ","1873943 ",127.41959352,36.86372399
"2013","2013021307","00","주간","수",1,1,0,0,0,"경기","여주시","차대사람","차도통행중","차도통행중","운전자법규위반","안전운전 의무 불이행","단일로","기타단일로","화물차","대형","보행자","보행자","1004334 ","1922023 ",127.54890068,37.29714897
"2013","2013020806","28","주간","금",1,1,0,0,0,"강원","화천군","차량단독","공작물충돌","공작물충돌","운전자법규위반","안전운전 의무 불이행","단일로","기타단일로","승용차","중형","00","00","1026843 ","2002437 ",127.80582747,38.02156668
"2013","2013010718","10","야간","월",1,2,0,1,0,"전남","함평군","차대차","추돌","진행중 추돌","운전자법규위반","기타(운전자법규위반)","단일로","기타단일로","화물차","대형","화물차","중형","907646  ","1670430 ",126.48763415,35.02465052
"2013","2013031016","00","주간","일",1,2,1,0,0,"전남","함평군","차대차","추돌","진행중 추돌","운전자법규위반","안전운전 의무 불이행","단일로","기타단일로","승합차","경형","승용차","중형","907336  ","1684501 ",126.4826622,35.15148467
"2013","2013021321","48","야간","수",1,2,1,0,0,"전남","무안군","차대차","추돌","진행중 추돌","운전자법규위반","안전운전 의무 불이행","단일로","기타단일로","화물차","소형","화물차","소형","908534  ","1657684 ",126.49885358,34.90982176
"2013","2013102311","00","주간","수",1,1,0,0,0,"서울","송파구","차량단독","공작물충돌","공작물충돌","운전자법규위반","안전운전 의무 불이행","단일로","기타단일로","승용차","중형","00","00","967599  ","1942136 ",127.13332497,37.47799361
"2013","2013111918","50","야간","화",1,1,0,0,0,"충북","영동군","차대차","추돌","진행중 추돌","운전자법규위반","안전운전 의무 불이행","단일로","기타단일로","화물차","소형","화물차","대형","1041830 ","1801744 ",127.9653666,36.21196296
"2013","2013113014","25","주간","토",2,3,1,0,0,"경북","고령군","차대차","정면충돌","정면충돌","운전자법규위반","중앙선 침범","단일로","기타단일로","화물차","중형","화물차","소형","1074433 ","1749686 ",128.32316683,35.74069793
"2013","2013122806","45","주간","토",1,2,1,0,0,"경북","고령군","차대차","정면충돌","정면충돌","운전자법규위반","중앙선 침범","단일로","터널안","화물차","경형","화물차","중형","1071677 ","1747003 ",128.29376934,35.71589391
"2013","2013111205","10","야간","화",1,2,0,1,0,"경북","문경시","차대차","추돌","주정차중 추돌","운전자법규위반","안전운전 의무 불이행","단일로","기타단일로","화물차","대형","화물차","중형","1057849 ","1848299 ",128.14704481,36.6308183
"2013","2013010618","35","야간","일",1,1,0,0,0,"경기","안성시","차대사람","기타","기타","운전자법규위반","기타(운전자법규위반)","단일로","기타단일로","승용차","소형","보행자","보행자","978762  ","1898297 ",127.26104666,37.08304887
"2013","2013010316","32","주간","목",1,5,1,3,0,"경남","창원시(통합)","차대차","추돌","진행중 추돌","운전자법규위반","안전거리 미확보","단일로","기타단일로","화물차","소형","승용차","중형","1096077 ","1686347 ",128.55501772,35.16780721
"2013","2013011016","00","주간","목",1,1,0,0,0,"부산","서구","차대사람","기타","기타","운전자법규위반","안전운전 의무 불이행","교차로","교차로내","승용차","대형","보행자","보행자","1138185 ","1681319 ",129.01644075,35.11757602
"2013","2013010818","05","야간","화",1,1,0,0,0,"강원","동해시","차대사람","횡단중","횡단중","운전자법규위반","보행자 보호의무 위반","단일로","횡단보도상","승용차","중형","보행자","보행자","1141609 ","1949840 ",129.10279483,37.53711854
"2013","2013062510","38","주간","화",1,1,0,0,0,"전남","광양시","차량단독","전도전복","전도전복","운전자법규위반","안전운전 의무 불이행","단일로","기타단일로","승용차","소형","00","00","937393  ","1707859 ",127.69389082,34.98777853
"2013","2013011404","40","야간","월",1,2,1,0,0,"충북","음성군","차대차","추돌","진행중 추돌","운전자법규위반","안전운전 의무 불이행","단일로","기타단일로","승용차","소형","화물차","중형","997261  ","1886580 ",127.47297192,36.941287
"2012","2012012905","00","야간","일",1,2,1,0,0,"경기","평택시","차대차","추돌","주정차중 추돌","운전자법규위반","안전운전 의무 불이행","단일로","기타단일로","승용차","중형","승합차","중형","965682  ","1888956 ",127.11430937,36.99845977
"2012","2012020607","25","주간","월",1,5,4,0,0,"경기","양주시","차대차","측면직각충돌","측면직각충돌","운전자법규위반","중앙선 침범","단일로","기타단일로","승용차","소형","승용차","소형","953978  ","1970246 ",126.97772167,37.73066707
"2012","2012020607","00","주간","월",1,1,0,0,0,"전남","보성군","차량단독","도로이탈","도로이탈 기타","운전자법규위반","안전운전 의무 불이행","단일로","기타단일로","승용차","중형","00","00","986800  ","1648314 ",127.35564419,34.82935566
"2012","2012020322","25","야간","금",1,1,0,0,0,"서울","관악구","차대사람","기타","기타","운전자법규위반","안전운전 의무 불이행","단일로","횡단보도상","승용차","대형","보행자","보행자","949597  ","1943415 ",126.92985536,37.48860717
"2012","2012021009","05","주간","금",1,1,0,0,0,"인천","계양구","차대사람","횡단중","횡단중","운전자법규위반","안전운전 의무 불이행","단일로","기타단일로","승합차","중형","보행자","보행자","932984  ","1948802 ",126.74145572,37.53610315
"2013","2013022301","20","야간","토",2,2,0,0,0,"강원","강릉시","차대차","정면충돌","정면충돌","운전자법규위반","중앙선 침범","단일로","기타단일로","승용차","중형","승용차","중형","1136896 ","1958515 ",129.05112294,37.615892
"2013","2013012200","35","야간","화",1,1,0,0,0,"서울","노원구","차대사람","길가장자리구역통행중","길가장자리구역통행중","운전자법규위반","안전운전 의무 불이행","단일로","기타단일로","승용차","중형","보행자","보행자","964241  ","1958613 ",127.09475846,37.62627537
"2013","2013012122","20","야간","월",1,1,0,0,0,"서울","강동구","차대사람","횡단중","횡단중","운전자법규위반","과속","단일로","기타단일로","승용차","대형","보행자","보행자","968206  ","1946650 ",127.14017633,37.51861022
"2013","2013012923","00","야간","화",1,1,0,0,0,"충북","청주시","차대사람","기타","기타","운전자법규위반","안전운전 의무 불이행","단일로","기타단일로","승용차","중형","보행자","보행자","999537  ","1847239 ",127.49441356,36.62339342
"2013","2013012823","50","야간","월",1,1,0,0,0,"울산","울주군","차대사람","기타","기타","운전자법규위반","안전운전 의무 불이행","단일로","기타단일로","화물차","중형","보행자","보행자","1145034 ","1731660 ",129.10573222,35.57143256
"2013","2013012923","36","야간","화",1,1,0,0,0,"울산","동구","차대사람","기타","기타","운전자법규위반","안전운전 의무 불이행","교차로","교차로내","승용차","중형","보행자","보행자","1174970 ","1724665 ",129.42919343,35.50248419
"2013","2013013019","15","야간","수",1,1,0,0,0,"울산","울주군","차량단독","공작물충돌","공작물충돌","운전자법규위반","안전운전 의무 불이행","단일로","기타단일로","화물차","소형","00","00","1139213 ","1736980 ",129.03720349,35.61914357
"2013","2013012817","40","주간","월",1,3,0,2,0,"강원","홍천군","차대차","기타","기타","운전자법규위반","안전운전 의무 불이행","단일로","기타단일로","승용차","중형","건설기계","건설기계","1042853 ","1977275 ",127.98673131,37.79417286
"2013","2013020609","10","주간","수",1,1,0,0,0,"충남","공주시","차대차","정면충돌","정면충돌","운전자법규위반","안전운전 의무 불이행","단일로","기타단일로","원동기장치자전거","원동기장치자전거","승합차","대형","967906  ","1817991 ",127.14227818,36.35880732
"2013","2013020301","24","야간","일",1,1,0,0,0,"충북","청주시","차대사람","차도통행중","차도통행중","운전자법규위반","과속","교차로","교차로부근","승용차","중형","보행자","보행자","997027  ","1850125 ",127.46673877,36.64903203
"2013","2013020504","12","야간","화",1,1,0,0,0,"부산","진구","차량단독","공작물충돌","공작물충돌","운전자법규위반","안전운전 의무 불이행","교차로","교차로부근","승용차","중형","00","00","1140850 ","1685675 ",129.04641954,35.15647141
"2013","2013020300","30","야간","일",1,2,1,0,0,"경기","평택시","차대사람","기타","기타","운전자법규위반","안전운전 의무 불이행","교차로","교차로부근","승용차","소형","보행자","보행자","944123  ","1890148 ",126.87193596,37.00816978
"2013","2013020219","10","야간","토",1,1,0,0,0,"경기","이천시","차대사람","횡단중","횡단중","운전자법규위반","안전운전 의무 불이행","단일로","기타단일로","승합차","소형","보행자","보행자","1002426 ","1913445 ",127.52681507,37.22023927
"2013","2013020904","04","야간","토",1,1,0,0,0,"대전","유성구","차량단독","공작물충돌","공작물충돌","운전자법규위반","안전운전 의무 불이행","단일로","기타단일로","승용차","중형","00","00","977927  ","1809272 ",127.25421868,36.28048442
"2013","2013021107","40","주간","월",1,3,2,0,0,"대구","수성구","차대차","추돌","주정차중 추돌","운전자법규위반","안전운전 의무 불이행","단일로","기타단일로","승용차","중형","승용차","중형","1101492 ","1760955 ",128.62380157,35.83986327
"2013","2013020619","32","야간","수",1,1,0,0,0,"대전","대덕구","차대사람","기타","기타","운전자법규위반","안전운전 의무 불이행","교차로","교차로부근","승용차","중형","보행자","보행자","992214  ","1817992 ",127.41321601,36.3593203
"2013","2013020710","00","주간","목",1,1,0,0,0,"부산","금정구","차대사람","횡단중","횡단중","운전자법규위반","안전운전 의무 불이행","단일로","기타단일로","화물차","소형","보행자","보행자","1145930 ","1692136 ",129.10331848,35.21398382
"2013","2013020621","50","야간","수",1,2,1,0,0,"충남","아산시","차대차","정면충돌","정면충돌","운전자법규위반","신호위반","교차로","교차로내","승용차","대형","승용차","경형","964891  ","1866632 ",127.10638822,36.79719621
"2013","2013021617","50","주간","토",1,1,0,0,0,"경기","양주시","차량단독","전도전복","전도전복","운전자법규위반","안전운전 의무 불이행","단일로","기타단일로","승용차","경형","00","00","957601  ","1988363 ",127.01777484,37.8941282
"2013","2013021822","45","야간","월",1,1,0,0,0,"대구","달서구","차량단독","공작물충돌","공작물충돌","운전자법규위반","안전운전 의무 불이행","단일로","기타단일로","승용차","경형","00","00","1094431 ","1761748 ",128.54943309,35.83939078
"2013","2013021808","19","주간","월",1,1,0,0,0,"경북","구미시","차대사람","횡단중","횡단중","운전자법규위반","보행자 보호의무 위반","교차로","교차로부근","승용차","중형","보행자","보행자","1071538 ","1804787 ",128.29734144,36.23760921
"2013","2013021420","16","야간","목",1,1,0,0,0,"제주","제주시","차대차","추돌","진행중 추돌","운전자법규위반","안전운전 의무 불이행","단일로","기타단일로","승용차","중형","농기계","농기계","877368  ","1483915 ",126.18221822,33.3397696
"2013","2013021418","25","야간","목",1,1,0,0,0,"경남","거제시","차대사람","기타","기타","운전자법규위반","안전운전 의무 불이행","기타/불명","기타/불명","승합차","대형","보행자","보행자","1112514 ","1654097 ",128.73111073,34.87535706
"2013","2013021318","45","야간","수",1,1,0,0,0,"충남","예산군","차대차","추돌","진행중 추돌","운전자법규위반","안전운전 의무 불이행","단일로","기타단일로","승용차","중형","자전거","자전거","929716  ","1861752 ",126.71264427,36.75124779
"2013","2013010705","00","야간","월",1,3,2,0,0,"강원","동해시","차량단독","공작물충돌","공작물충돌","운전자법규위반","안전운전 의무 불이행","교차로","교차로부근","승용차","소형","00","00","1141846 ","1950380 ",129.10569003,37.54171262
"2013","2013010518","00","야간","토",1,2,0,1,0,"경북","경산시","차대사람","횡단중","횡단중","운전자법규위반","안전운전 의무 불이행","교차로","교차로부근","승용차","중형","보행자","보행자","1120258 ","1774101 ",128.83321254,35.95632164
"2013","2013011122","10","야간","금",1,1,0,0,0,"대구","북구","차대사람","기타","기타","운전자법규위반","안전운전 의무 불이행","단일로","기타단일로","승용차","중형","보행자","보행자","1096789 ","1767528 ",128.55478086,35.89203149
"2013","2013011119","39","야간","금",1,1,0,0,0,"대전","대덕구","차대사람","차도통행중","차도통행중","운전자법규위반","안전운전 의무 불이행","교차로","교차로부근","승합차","대형","보행자","보행자","992417  ","1817925 ",127.41547933,36.35871789
"2013","2013011701","56","야간","목",1,1,0,0,0,"인천","서구","차대사람","횡단중","횡단중","운전자법규위반","안전운전 의무 불이행","교차로","교차로부근","승용차","대형","보행자","보행자","927844  ","1944436 ",126.68399947,37.49624139
"2013","2013011516","40","주간","화",1,1,0,0,0,"경기","광주시","차량단독","공작물충돌","공작물충돌","운전자법규위반","안전운전 의무 불이행","단일로","기타단일로","승용차","경형","00","00","989605  ","1925729 ",127.38266103,37.33050659
"2013","2013011600","05","야간","수",1,1,0,0,0,"울산","중구","차대사람","기타","기타","운전자법규위반","안전운전 의무 불이행","단일로","기타단일로","승용차","중형","보행자","보행자","1167283 ","1732661 ",129.3461289,35.57586905
"2013","2013012318","50","야간","수",1,1,0,0,0,"경기","고양시","차대사람","횡단중","횡단중","운전자법규위반","신호위반","교차로","교차로부근","건설기계","건설기계","보행자","보행자","941366  ","1958670 ",126.8355341,37.62561409
"2013","2013012115","05","주간","월",1,1,0,0,0,"강원","춘천시","차대차","기타","기타","운전자법규위반","안전운전 의무 불이행","단일로","기타단일로","승용차","중형","건설기계","건설기계","1017382 ","1998258 ",127.69793595,37.98413296
"2013","2013012906","20","주간","화",1,1,0,0,0,"경기","이천시","차대사람","기타","기타","운전자법규위반","안전운전 의무 불이행","교차로","교차로부근","승용차","중형","보행자","보행자","994631  ","1909199 ",127.43951382,37.18154726
"2013","2013013015","00","주간","수",1,1,0,0,0,"경기","의정부시","차대차","측면직각충돌","측면직각충돌","운전자법규위반","안전운전 의무 불이행","단일로","기타단일로","원동기장치자전거","원동기장치자전거","승용차","대형","959335  ","1971057 ",127.04784915,37.73531031
"2013","2013013005","39","야간","수",1,1,0,0,0,"서울","종로구","차대사람","횡단중","횡단중","운전자법규위반","안전운전 의무 불이행","단일로","횡단보도상","승합차","소형","보행자","보행자","954910  ","1952457 ",126.98939697,37.57037984
"2013","2013013106","49","주간","목",1,1,0,0,0,"광주","북구","차대사람","횡단중","횡단중","운전자법규위반","안전운전 의무 불이행","단일로","기타단일로","승용차","중형","보행자","보행자","944486  ","1686528 ",126.89059454,35.17228889
"2013","2013013015","30","주간","수",1,1,0,0,0,"경북","안동시","차대사람","횡단중","횡단중","운전자법규위반","안전운전 의무 불이행","교차로","교차로내","화물차","중형","보행자","보행자","1109971 ","1841311 ",128.72880859,36.56316417
"2013","2013013119","20","야간","목",1,1,0,0,0,"경북","구미시","차대차","측면직각충돌","측면직각충돌","운전자법규위반","교차로 통행방법 위반","교차로","교차로내","특수차","대형","승용차","중형","1082365 ","1796469 ",128.41573318,36.16180844
"2013","2013020521","25","야간","화",1,7,5,1,0,"경북","김천시","차대차","측면직각충돌","측면직각충돌","운전자법규위반","중앙선 침범","단일로","교량위","승용차","중형","승용차","중형","1060876 ","1792589 ",128.17672159,36.12803893
"2013","2013020521","35","야간","화",1,1,0,0,0,"울산","북구","차대차","추돌","주정차중 추돌","운전자법규위반","안전운전 의무 불이행","교차로","교차로부근","화물차","소형","화물차","대형","1167643 ","1738137 ",129.35123653,35.62515691
"2013","2013020223","25","야간","토",1,2,0,1,0,"서울","동대문구","차대차","추돌","진행중 추돌","운전자법규위반","신호위반","교차로","교차로내","승용차","중형","이륜차","소형","960917  ","1952705 ",127.05740553,37.57288974
"2013","2013070100","10","야간","월",1,2,1,0,0,"충북","보은군","차대차","추돌","진행중 추돌","운전자법규위반","안전거리 미확보","단일로","기타단일로","승용차","중형","화물차","대형","1022253 ","1828741 ",127.74840087,36.45672033
"2013","2013070912","00","주간","화",1,5,4,0,0,"경북","예천군","차대차","추돌","진행중 추돌","운전자법규위반","안전운전 의무 불이행","단일로","기타단일로","승합차","대형","화물차","대형","1094916 ","1857365 ",128.56271283,36.70956095
"2013","2013101521","19","야간","화",1,1,0,0,0,"충북","청원군","차대사람","기타","기타","운전자법규위반","안전운전 의무 불이행","단일로","기타단일로","불명","불명","보행자","보행자","988464  ","1851187 ",127.37092208,36.65854062
"2013","2013091405","40","야간","토",1,2,0,1,0,"충북","보은군","차대차","추돌","진행중 추돌","운전자법규위반","안전운전 의무 불이행","단일로","교량위","화물차","대형","특수차","대형","1013728 ","1830684 ",127.65323891,36.47367581
"2013","2013110715","45","주간","목",1,2,1,0,0,"충북","청원군","차량단독","전도전복","전도전복","운전자법규위반","안전운전 의무 불이행","단일로","기타단일로","승용차","중형","00","00","988789  ","1852739 ",127.37453583,36.67253565
"2012","2012020618","57","야간","월",1,1,0,0,0,"경기","광주시","차대사람","차도통행중","차도통행중","운전자법규위반","안전운전 의무 불이행","단일로","기타단일로","승용차","중형","보행자","보행자","969686  ","1928909 ",127.15768732,37.35873368
"2012","2012021508","10","주간","수",1,1,0,0,0,"경남","산청군","차량단독","공작물충돌","공작물충돌","운전자법규위반","안전운전 의무 불이행","단일로","기타단일로","승용차","중형","00","00","1033435 ","1714889 ",127.86833714,35.42920285
"2012","2012021503","50","야간","수",1,1,0,0,0,"서울","금천구","차대차","측면직각충돌","측면직각충돌","운전자법규위반","안전운전 의무 불이행","교차로","교차로내","자전거","자전거","승용차","중형","946814  ","1942010 ",126.89847792,37.47578752
"2012","2012021709","50","주간","금",1,1,0,0,0,"충남","예산군","차대차","측면직각충돌","측면직각충돌","운전자법규위반","직진 및 우회전차의 통행방해","단일로","기타단일로","화물차","소형","원동기장치자전거","원동기장치자전거","935091  ","1838609 ",126.77481169,36.54301441
"2012","2012021423","20","야간","화",1,1,0,0,0,"경기","성남시","차대차","정면충돌","정면충돌","운전자법규위반","중앙선 침범","단일로","기타단일로","승합차","대형","승용차","중형","966079  ","1936550 ",127.11660641,37.42748193
"2012","2012022211","24","주간","수",1,5,1,3,0,"전북","전주시","차대차","기타","기타","운전자법규위반","신호위반","교차로","교차로내","승용차","중형","승용차","소형","965092  ","1758009 ",127.11356976,35.81793535
"2012","2012022208","40","주간","수",1,1,0,0,0,"전북","정읍시","차대차","측면직각충돌","측면직각충돌","운전자법규위반","직진 및 우회전차의 통행방해","교차로","교차로내","이륜차","중형","승용차","소형","940009  ","1730642 ",126.83795745,35.5699867
"2012","2012022117","40","주간","화",1,1,0,0,0,"경남","통영시","차대사람","횡단중","횡단중","운전자법규위반","안전운전 의무 불이행","단일로","기타단일로","승용차","소형","보행자","보행자","1083152 ","1649160 ",128.40939946,34.83367103
"2012","2012022122","20","야간","화",1,1,0,0,0,"전북","남원시","차량단독","전도전복","전도전복","운전자법규위반","안전운전 의무 불이행","교차로","교차로부근","화물차","소형","00","00","1001196 ","1716794 ",127.51299137,35.4471032
"2012","2012022114","00","주간","화",1,1,0,0,0,"경북","칠곡군","차대사람","횡단중","횡단중","운전자법규위반","안전운전 의무 불이행","단일로","기타단일로","승합차","중형","보행자","보행자","1081271 ","1776441 ",128.40150864,35.98135413
"2012","2012022812","10","주간","화",1,1,0,0,0,"전북","군산시","차량단독","도로이탈","도로이탈 추락","운전자법규위반","안전운전 의무 불이행","단일로","기타단일로","화물차","소형","00","00","922546  ","1767159 ",126.64173275,35.89798737
"2012","2012022606","05","주간","일",1,1,0,0,0,"대구","북구","차량단독","공작물충돌","공작물충돌","운전자법규위반","안전운전 의무 불이행","교차로","교차로부근","원동기장치자전거","원동기장치자전거","00","00","1094417 ","1769760 ",128.54651726,35.919944
"2012","2012022623","45","야간","일",1,3,2,0,0,"경북","포항시","차량단독","기타","기타","운전자법규위반","안전운전 의무 불이행","단일로","기타단일로","승용차","중형","00","00","1165401 ","1783110 ",129.33580337,36.03081277
"2012","2012022622","50","야간","일",1,1,0,0,0,"경북","포항시","차대사람","횡단중","횡단중","운전자법규위반","안전운전 의무 불이행","단일로","횡단보도상","승용차","중형","보행자","보행자","1166219 ","1779655 ",129.34415256,35.99953963
"2012","2012030319","00","야간","토",1,1,0,0,0,"전북","남원시","차대사람","기타","기타","운전자법규위반","보행자 보호의무 위반","단일로","기타단일로","승용차","중형","보행자","보행자","982424  ","1707234 ",127.30653739,35.36058577
"2012","2012030310","30","주간","토",1,1,0,0,0,"전북","완주군","차대차","측면직각충돌","측면직각충돌","운전자법규위반","중앙선 침범","단일로","기타단일로","화물차","소형","자전거","자전거","974302  ","1776110 ",127.21481587,35.98150805
"2012","2012030207","50","주간","금",1,1,0,0,0,"강원","원주시","차대차","정면충돌","정면충돌","운전자법규위반","중앙선 침범","단일로","기타단일로","승용차","소형","특수차","대형","1035877 ","1935328 ",127.90544148,37.41639359
"2012","2012022921","50","야간","수",1,1,0,0,0,"강원","홍천군","차량단독","공작물충돌","공작물충돌","운전자법규위반","안전운전 의무 불이행","단일로","기타단일로","화물차","소형","00","00","1009936 ","1961723 ",127.61209918,37.65453521
"2012","2012011720","50","야간","화",1,1,0,0,0,"강원","춘천시","차대사람","횡단중","횡단중","운전자법규위반","안전운전 의무 불이행","단일로","기타단일로","승용차","중형","보행자","보행자","1020080 ","1988839 ",127.72839609,37.89918458
"2012","2012011612","25","주간","월",1,1,0,0,0,"경기","의정부시","차대사람","길가장자리구역통행중","길가장자리구역통행중","운전자법규위반","안전운전 의무 불이행","교차로","교차로내","승용차","중형","보행자","보행자","959176  ","1972036 ",127.03660847,37.74704694
"2012","2012011418","46","야간","토",1,1,0,0,0,"서울","중구","차대사람","기타","기타","운전자법규위반","신호위반","교차로","교차로부근","화물차","소형","보행자","보행자","955720  ","1951550 ",126.99862395,37.56224416
"2012","2012011617","00","주간","월",1,1,0,0,0,"서울","마포구","차대사람","차도통행중","차도통행중","운전자법규위반","보행자 보호의무 위반","교차로","교차로부근","화물차","중형","보행자","보행자","951179  ","1949112 ",126.94737123,37.54004052
"2012","2012011919","45","야간","목",1,1,0,0,0,"전북","부안군","차대사람","기타","기타","운전자법규위반","안전운전 의무 불이행","교차로","교차로부근","화물차","소형","보행자","보행자","925601  ","1733020 ",126.67874945,35.59044791
"2012","2012012519","45","야간","수",1,2,0,1,0,"강원","강릉시","차대차","추돌","주정차중 추돌","운전자법규위반","안전운전 의무 불이행","단일로","기타단일로","승용차","경형","화물차","대형","1125263 ","1971795 ",128.92163397,37.73721186
"2012","2012012514","14","주간","수",1,1,0,0,0,"강원","평창군","차량단독","도로이탈","도로이탈 추락","운전자법규위반","안전운전 의무 불이행","단일로","기타단일로","화물차","경형","00","00","1077998 ","1931402 ",128.36219058,37.37964824
"2012","2012012420","55","야간","화",1,1,0,0,0,"전북","군산시","차대사람","횡단중","횡단중","운전자법규위반","안전운전 의무 불이행","교차로","교차로내","승용차","중형","보행자","보행자","929400  ","1777119 ",126.71675611,35.98832419
"2012","2012020517","20","주간","일",1,2,0,1,0,"경기","시흥시","차대차","정면충돌","정면충돌","운전자법규위반","중앙선 침범","단일로","교량위","원동기장치자전거","원동기장치자전거","승용차","소형","932855  ","1933520 ",126.74138884,37.39835827
"2012","2012020601","42","야간","월",1,1,0,0,0,"인천","계양구","차대사람","기타","기타","운전자법규위반","안전운전 의무 불이행","단일로","횡단보도부근","승용차","중형","보행자","보행자","930937  ","1949666 ",126.71820667,37.54373909
"2012","2012020620","10","야간","월",1,2,1,0,0,"경북","경주시","차대차","기타","기타","운전자법규위반","신호위반","교차로","교차로내","승용차","중형","승용차","중형","1153868 ","1755875 ",129.20258239,35.78726007
"2012","2012020507","28","주간","일",1,1,0,0,0,"인천","강화군","차량단독","공작물충돌","공작물충돌","운전자법규위반","안전운전 의무 불이행","단일로","기타단일로","승용차","중형","00","00","904798  ","1960709 ",126.42091841,37.64092828
"2012","2012020612","15","주간","월",1,1,0,0,0,"경남","창원시(통합)","차대사람","횡단중","횡단중","운전자법규위반","안전운전 의무 불이행","기타/불명","기타/불명","특수차","대형","보행자","보행자","1092101 ","1683859 ",128.511086,35.14574826
"2012","2012020400","16","야간","토",1,2,0,1,0,"경북","구미시","차대차","기타","기타","운전자법규위반","안전운전 의무 불이행","교차로","교차로부근","승용차","중형","승용차","대형","1079727 ","1787777 ",128.38552667,36.08367355
"2012","2012020412","30","주간","토",1,1,0,0,0,"서울","동대문구","차대사람","기타","기타","운전자법규위반","안전운전 의무 불이행","단일로","기타단일로","승용차","소형","보행자","보행자","960973  ","1954610 ",127.05820995,37.59007243
"2012","2012020403","50","야간","토",1,1,0,0,0,"울산","울주군","차대차","측면직각충돌","측면직각충돌","운전자법규위반","중앙선 침범","단일로","기타단일로","특수차","대형","승용차","중형","1163996 ","1722844 ",129.30786779,35.48724394
"2012","2012020818","20","야간","수",1,1,0,0,0,"울산","울주군","차대차","측면직각충돌","측면직각충돌","운전자법규위반","안전운전 의무 불이행","단일로","기타단일로","승용차","중형","원동기장치자전거","원동기장치자전거","1166861 ","1715491 ",129.33794464,35.42120361
"2012","2012021505","50","야간","수",1,1,0,0,0,"경기","부천시","차대사람","기타","기타","운전자법규위반","안전운전 의무 불이행","교차로","교차로부근","화물차","소형","보행자","보행자","939632  ","1947698 ",126.81678906,37.52661218
"2013","2013031819","50","야간","월",1,3,2,0,0,"경북","영천시","차대차","추돌","주정차중 추돌","운전자법규위반","안전운전 의무 불이행","단일로","기타단일로","화물차","대형","화물차","소형","1123916 ","1780073 ",128.87502044,36.00960454
"2013","2013030914","40","주간","토",1,2,0,1,0,"경북","의성군","차대차","추돌","진행중 추돌","운전자법규위반","안전운전 의무 불이행","단일로","기타단일로","화물차","대형","화물차","대형","1096881 ","1821751 ",128.5802334,36.38835569
"2013","2013012111","20","주간","월",1,6,2,0,3,"경기","화성시","차대차","추돌","진행중 추돌","운전자법규위반","안전운전 의무 불이행","단일로","기타단일로","승용차","대형","승용차","대형","964004  ","1911271 ",127.0940857,37.19310674
"2013","2013022421","00","야간","일",1,2,0,1,0,"경기","안성시","차대차","추돌","진행중 추돌","운전자법규위반","안전거리 미확보","단일로","기타단일로","화물차","중형","화물차","대형","995095  ","1902370 ",127.44478594,37.11999187
"2013","2013101117","31","주간","금",1,6,3,2,0,"경기","안산시","차대차","정면충돌","정면충돌","운전자법규위반","중앙선 침범","단일로","기타단일로","화물차","소형","승합차","소형","937815  ","1927739 ",126.79790923,37.3465993
"2013","2013071707","00","주간","수",1,1,0,0,0,"충북","청원군","차대차","추돌","진행중 추돌","운전자법규위반","안전거리 미확보","단일로","기타단일로","화물차","중형","화물차","대형","997432  ","1839319 ",127.47130591,36.55161673