"발생년","발생년월일시","발생분","주야","요일","사망자수","사상자수","중상자수","경상자수","부상신고자수","발생지시도","발생지시군구","사고유형_대분류","사고유형_중분류","사고유형","법규위반_대분류","법규위반","도로형태_대분류","도로형태","당사자종별_1당_대분류","당사자종별_1당","당사자종별_2당_대분류","당사자종별_2당","발생위치X_UTMK","발생위치Y_UTMK","경도","위도"
"2012","2012030505","21","야간","월",1,1,0,0,0,"대구","수성구","차대사람","횡단중","횡단중","운전자법규위반","신호위반","교차로","교차로내","승용차","중형","보행자","보행자","1109581 ","1760769 ",128.71332663,35.83731575
"2012","2012030219","00","야간","금",1,1,0,0,0,"서울","양천구","차대사람","횡단중","횡단중","운전자법규위반","보행자 보호의무 위반","단일로","횡단보도상","승합차","소형","보행자","보행자","944562  ","1947932 ",126.87256315,37.52903083
"2012","2012011812","20","주간","수",1,1,0,0,0,"경기","화성시","차대차","추돌","진행중 추돌","운전자법규위반","안전운전 의무 불이행","단일로","기타단일로","원동기장치자전거","원동기장치자전거","화물차","대형","938074  ","1898199 ",126.80328593,37.08035979
"2012","2012011906","25","주간","목",2,3,0,1,0,"경북","예천군","차대차","추돌","진행중 추돌","운전자법규위반","안전운전 의무 불이행","단일로","기타단일로","승용차","소형","승용차","중형","1085343 ","1850808 ",128.45533995,36.65140778
"2012","2012011902","00","야간","목",1,2,1,0,0,"대구","동구","차대차","추돌","주정차중 추돌","운전자법규위반","안전운전 의무 불이행","단일로","기타단일로","승용차","중형","화물차","대형","1111189 ","1763840 ",128.73155547,35.86481693
"2012","2012011713","45","주간","화",1,1,0,0,0,"충북","청원군","차대차","추돌","진행중 추돌","운전자법규위반","안전운전 의무 불이행","단일로","기타단일로","화물차","소형","화물차","중형","993398  ","1831209 ",127.42630055,36.47848443
"2012","2012012117","15","주간","토",1,1,0,0,0,"충남","태안군","차량단독","전도전복","전도전복","운전자법규위반","안전운전 의무 불이행","기타/불명","기타/불명","이륜차","소형","00","00","889040  ","1864392 ",126.25666725,36.77115425
"2012","2012012110","59","주간","토",1,4,2,1,0,"전남","신안군","차량단독","공작물충돌","공작물충돌","운전자법규위반","안전운전 의무 불이행","단일로","기타단일로","승용차","대형","00","00","881956  ","1674426 ",126.20550387,35.05796298
"2012","2012012617","55","주간","목",1,1,0,0,0,"전북","남원시","차량단독","도로이탈","도로이탈 추락","운전자법규위반","안전운전 의무 불이행","단일로","기타단일로","화물차","경형","00","00","999655  ","1716725 ",127.49619849,35.44631938
"2012","2012012700","50","야간","금",1,1,0,0,0,"경기","의정부시","차대차","측면직각충돌","측면직각충돌","운전자법규위반","안전거리 미확보","교차로","교차로부근","승용차","중형","원동기장치자전거","원동기장치자전거","959984  ","1971164 ",127.0458278,37.73922329
"2012","2012012802","24","야간","토",1,1,0,0,0,"경남","고성군","차량단독","전도전복","전도전복","운전자법규위반","안전운전 의무 불이행","단일로","기타단일로","원동기장치자전거","원동기장치자전거","00","00","1082592 ","1666970 ",128.40502565,34.9942996
"2012","2012012518","47","야간","수",2,2,0,0,0,"충남","보령시","차대사람","횡단중","횡단중","운전자법규위반","보행자 보호의무 위반","단일로","횡단보도상","승용차","대형","보행자","보행자","920696  ","1818332 ",126.61607739,36.35914739
"2012","2012012518","55","야간","수",1,1,0,0,0,"충남","서천군","차대사람","횡단중","횡단중","운전자법규위반","안전운전 의무 불이행","단일로","기타단일로","화물차","대형","보행자","보행자","928314  ","1779338 ",126.70454214,36.00822257
"2012","2012020116","10","주간","수",1,2,1,0,0,"경기","화성시","차대차","측면직각충돌","측면직각충돌","운전자법규위반","안전운전 의무 불이행","교차로","교차로내","화물차","소형","승용차","중형","942813  ","1912378 ",126.84890118,37.21503643
"2012","2012020217","40","주간","목",1,1,0,0,0,"전남","담양군","차대차","기타","기타","운전자법규위반","안전운전 의무 불이행","단일로","기타단일로","화물차","소형","자전거","자전거","957374  ","1705875 ",127.0296966,35.3473102
"2012","2012020219","29","야간","목",1,1,0,0,0,"경남","밀양시","차대사람","횡단중","횡단중","운전자법규위반","과속","단일로","기타단일로","승용차","중형","보행자","보행자","1121336 ","1711738 ",128.83608081,35.39396344
"2012","2012020221","25","야간","목",1,5,0,4,0,"충남","아산시","차대차","추돌","주정차중 추돌","운전자법규위반","안전거리 미확보","교차로","교차로부근","화물차","소형","화물차","소형","958497  ","1879211 ",127.03409673,36.91032655
"2012","2012013110","45","주간","화",1,5,1,3,0,"충북","청원군","차대차","정면충돌","정면충돌","운전자법규위반","중앙선 침범","교차로","교차로부근","승용차","대형","화물차","중형","993077  ","1857404 ",127.4224813,36.71463099
"2012","2012013017","10","주간","월",1,1,0,0,0,"경기","부천시","차대사람","횡단중","횡단중","운전자법규위반","보행자 보호의무 위반","단일로","횡단보도상","승합차","소형","보행자","보행자","934708  ","1945233 ",126.76128512,37.50405989
"2012","2012020322","35","야간","금",1,1,0,0,0,"경북","포항시","차대사람","횡단중","횡단중","운전자법규위반","안전운전 의무 불이행","단일로","기타단일로","화물차","중형","보행자","보행자","1166193 ","1779477 ",129.34382688,35.99794006
"2012","2012020213","30","주간","목",1,3,2,0,0,"경기","성남시","차대차","측면직각충돌","측면직각충돌","운전자법규위반","중앙선 침범","단일로","기타단일로","승용차","대형","승용차","중형","961171  ","1932498 ",127.06134792,37.39076613
"2012","2012020908","45","주간","목",1,2,1,0,0,"경기","이천시","차대차","정면충돌","정면충돌","운전자법규위반","중앙선 침범","단일로","기타단일로","화물차","소형","화물차","대형","1000948 ","1907799 ",127.51327867,37.16022542
"2012","2012020822","10","야간","수",1,1,0,0,0,"경남","거제시","차대사람","횡단중","횡단중","운전자법규위반","안전운전 의무 불이행","교차로","교차로부근","승용차","중형","보행자","보행자","1110799 ","1652770 ",128.71217361,34.86358189
"2012","2012020615","35","주간","월",1,1,0,0,0,"경기","성남시","차대사람","기타","기타","운전자법규위반","보행자 보호의무 위반","교차로","교차로내","승합차","대형","보행자","보행자","965989  ","1926643 ",127.11604478,37.33818046
"2012","2012021818","50","야간","토",1,1,0,0,0,"경기","가평군","차량단독","도로이탈","도로이탈 추락","운전자법규위반","안전운전 의무 불이행","단일로","기타단일로","화물차","소형","00","00","993751  ","1969081 ",127.42909222,37.7213022
"2012","2012021912","40","주간","일",1,1,0,0,0,"경북","영덕군","차대사람","길가장자리구역통행중","길가장자리구역통행중","운전자법규위반","안전운전 의무 불이행","단일로","기타단일로","화물차","소형","보행자","보행자","1165488 ","1840178 ",129.34886384,36.54502824
"2012","2012022005","30","야간","월",1,1,0,0,0,"충남","논산시","차대사람","횡단중","횡단중","운전자법규위반","안전운전 의무 불이행","교차로","교차로내","승용차","대형","보행자","보행자","964324  ","1792459 ",127.10351807,36.12850096
"2012","2012021806","40","주간","토",1,1,0,0,0,"전북","군산시","차대사람","횡단중","횡단중","운전자법규위반","안전운전 의무 불이행","단일로","기타단일로","승합차","소형","보행자","보행자","936412  ","1773340 ",126.7949953,35.95497329
"2012","2012022012","00","주간","월",1,1,0,0,0,"충남","논산시","차대차","측면직각충돌","측면직각충돌","운전자법규위반","교차로 통행방법 위반","교차로","교차로내","이륜차","중형","승용차","중형","964448  ","1800089 ",127.10455076,36.19729365
"2012","2012022010","30","주간","월",1,1,0,0,0,"경남","창원시(통합)","차대차","기타","기타","운전자법규위반","안전운전 의무 불이행","교차로","교차로부근","화물차","중형","자전거","자전거","1098724 ","1693286 ",128.58491138,35.23010933
"2012","2012021814","35","주간","토",1,1,0,0,0,"충북","충주시","차대차","측면직각충돌","측면직각충돌","운전자법규위반","신호위반","교차로","교차로내","특수차","대형","자전거","자전거","1038200 ","1889389 ",127.92934026,37.00221313
"2012","2012121420","06","야간","금",1,1,0,0,0,"서울","양천구","차대사람","횡단중","횡단중","운전자법규위반","안전운전 의무 불이행","단일로","횡단보도상","승용차","중형","보행자","보행자","942894  ","1946727 ",126.85377981,37.51806829
"2012","2012121018","20","야간","월",1,1,0,0,0,"경기","안성시","차대사람","횡단중","횡단중","운전자법규위반","안전운전 의무 불이행","단일로","기타단일로","승용차","소형","보행자","보행자","978642  ","1880906 ",127.26018944,36.9262777
"2012","2012121500","42","야간","토",1,1,0,0,0,"경기","안양시","차대사람","횡단중","횡단중","운전자법규위반","신호위반","교차로","교차로부근","승용차","대형","보행자","보행자","951866  ","1932513 ",126.95623207,37.39046469
"2012","2012121606","20","주간","일",1,1,0,0,0,"경남","사천시","차대사람","횡단중","횡단중","운전자법규위반","안전운전 의무 불이행","교차로","교차로부근","승합차","중형","보행자","보행자","1057200 ","1662072 ",128.12646717,34.95188998
"2012","2012121116","15","주간","화",1,1,0,0,0,"경북","김천시","차량단독","기타","기타","운전자법규위반","안전운전 의무 불이행","단일로","기타단일로","승용차","중형","00","00","1068520 ","1796210 ",128.26179552,36.1605518
"2012","2012121114","10","주간","화",1,1,0,0,0,"강원","삼척시","차량단독","공작물충돌","공작물충돌","운전자법규위반","안전운전 의무 불이행","단일로","기타단일로","농기계","농기계","00","00","1151413 ","1931269 ",129.21034258,37.36103999
"2012","2012121104","45","야간","화",1,1,0,0,0,"경기","오산시","차대차","측면직각충돌","측면직각충돌","운전자법규위반","안전운전 의무 불이행","단일로","기타단일로","화물차","중형","자전거","자전거","962560  ","1904957 ",127.07842529,37.14257485
"2012","2012122001","50","야간","목",1,1,0,0,0,"충남","아산시","차량단독","공작물충돌","공작물충돌","운전자법규위반","안전운전 의무 불이행","기타/불명","기타/불명","승용차","중형","00","00","953792  ","1868316 ",126.98194469,36.8118972
"2012","2012122523","53","야간","화",1,3,1,1,0,"경북","성주군","차량단독","전도전복","전도전복","운전자법규위반","안전운전 의무 불이행","단일로","기타단일로","승용차","중형","00","00","1073717 ","1772901 ",128.31739401,35.95004109
"2012","2012122118","50","야간","금",1,1,0,0,0,"경북","성주군","차대사람","기타","기타","운전자법규위반","안전운전 의무 불이행","단일로","기타단일로","승용차","중형","보행자","보행자","1065173 ","1768399 ",128.22229377,35.91006185
"2012","2012122206","56","주간","토",1,1,0,0,0,"제주","서귀포시","차대사람","횡단중","횡단중","운전자법규위반","안전운전 의무 불이행","단일로","횡단보도부근","승합차","소형","보행자","보행자","918620  ","1475022 ",126.62624879,33.26347709
"2012","2012121800","49","야간","화",1,1,0,0,0,"충남","아산시","차량단독","공작물충돌","공작물충돌","운전자법규위반","안전운전 의무 불이행","단일로","기타단일로","승용차","중형","00","00","960685  ","1869694 ",127.05915122,36.82463064
"2012","2012122407","00","주간","월",1,1,0,0,0,"경기","시흥시","차대사람","횡단중","횡단중","운전자법규위반","과속","교차로","교차로부근","승용차","소형","보행자","보행자","931531  ","1924714 ",126.7272456,37.31889235
"2012","2012120201","30","야간","일",1,1,0,0,0,"경남","진주시","차대차","추돌","진행중 추돌","운전자법규위반","안전운전 의무 불이행","단일로","기타단일로","승용차","중형","농기계","농기계","1058264 ","1684683 ",128.13970769,35.15570817
"2012","2012120319","10","야간","월",1,1,0,0,0,"광주","서구","차대사람","횡단중","횡단중","운전자법규위반","안전운전 의무 불이행","단일로","기타단일로","승용차","중형","보행자","보행자","942561  ","1685349 ",126.87471176,35.16241096
"2012","2012120319","20","야간","월",1,1,0,0,0,"충남","천안시","차대사람","차도통행중","차도통행중","운전자법규위반","안전운전 의무 불이행","교차로","교차로내","승용차","중형","보행자","보행자","985375  ","1863601 ",127.33612143,36.77040821
"2012","2012042418","45","야간","화",1,6,4,1,0,"충남","서산시","차대차","기타","기타","운전자법규위반","안전운전 의무 불이행","단일로","기타단일로","승합차","소형","승용차","중형","917021  ","1867543 ",126.57020614,36.80242258
"2013","2013070604","10","야간","토",1,8,0,7,0,"충남","공주시","차대차","추돌","진행중 추돌","운전자법규위반","안전운전 의무 불이행","단일로","기타단일로","화물차","중형","승용차","대형","965515  ","1842807 ",127.11452231,36.58244153
"2012","2012051322","55","야간","일",1,1,0,0,0,"대구","동구","차대사람","기타","기타","운전자법규위반","안전운전 의무 불이행","단일로","기타단일로","승용차","경형","보행자","보행자","1101758 ","1765053 ",128.62816572,35.87827392
"2013","2013031016","20","주간","일",1,6,5,0,0,"충북","괴산군","차대차","추돌","진행중 추돌","운전자법규위반","안전운전 의무 불이행","단일로","기타단일로","화물차","대형","승합차","소형","1043971 ","1862433 ",127.99263673,36.75897197
"2013","2013030409","06","주간","월",1,3,2,0,0,"충남","공주시","차대차","추돌","진행중 추돌","운전자법규위반","안전운전 의무 불이행","단일로","기타단일로","승용차","소형","화물차","소형","859288  ","1831944 ",127.045712,36.48471936
"2013","2013012203","43","야간","화",1,1,0,0,0,"대전","대덕구","차대사람","횡단중","횡단중","운전자법규위반","안전운전 의무 불이행","단일로","기타단일로","승용차","중형","보행자","보행자","992798  ","1827283 ",127.41699392,36.45427872
"2013","2013112106","05","주간","목",1,2,1,0,0,"경기","시흥시","차대차","측면직각충돌","측면직각충돌","운전자법규위반","안전운전 의무 불이행","단일로","기타단일로","화물차","중형","화물차","대형","944023  ","1929817 ",126.86783858,37.36572422
"2013","2013010122","40","야간","화",1,1,0,0,0,"경남","합천군","차량단독","공작물충돌","공작물충돌","운전자법규위반","안전운전 의무 불이행","단일로","기타단일로","승용차","중형","00","00","1055825 ","1727151 ",128.11582952,35.53875523
"2013","2013112212","10","주간","금",1,1,0,0,0,"전북","남원시","차량단독","공작물충돌","공작물충돌","운전자법규위반","안전운전 의무 불이행","단일로","기타단일로","화물차","소형","00","00","1008018 ","1720897 ",127.58885386,35.48431035
"2013","2013122920","30","야간","일",1,2,1,0,0,"전북","부안군","차량단독","도로이탈","도로이탈 기타","운전자법규위반","안전운전 의무 불이행","단일로","기타단일로","건설기계","건설기계","00","00","927119  ","1733831 ",126.69543117,35.59787262
"2013","2013072304","10","야간","화",1,2,0,1,0,"경기","여주시","차대차","추돌","진행중 추돌","운전자법규위반","안전운전 의무 불이행","단일로","기타단일로","화물차","대형","화물차","대형","1009048 ","1915042 ",127.60200394,37.23418823
"2012","2012021703","52","야간","금",1,1,0,0,0,"부산","북구","차대사람","횡단중","횡단중","운전자법규위반","보행자 보호의무 위반","기타/불명","기타/불명","화물차","대형","보행자","보행자","1137504 ","1691733 ",129.01070507,35.21154166
"2012","2012021613","32","주간","목",1,1,0,0,0,"대전","중구","차대사람","보도통행중","보도통행중","운전자법규위반","보행자 보호의무 위반","단일로","횡단보도상","화물차","소형","보행자","보행자","990930  ","1812999 ",127.39896251,36.31429504
"2012","2012022300","29","야간","목",1,1,0,0,0,"경기","안산시","차량단독","공작물충돌","공작물충돌","운전자법규위반","안전운전 의무 불이행","교차로","교차로내","승용차","중형","00","00","918225  ","1921925 ",126.57739503,37.29267975
"2012","2012022200","10","야간","수",1,1,0,0,0,"강원","원주시","차대사람","차도통행중","차도통행중","운전자법규위반","안전운전 의무 불이행","단일로","기타단일로","승용차","중형","보행자","보행자","1038934 ","1928749 ",127.94020555,37.35696766
"2013","2013071817","50","주간","목",1,1,0,0,0,"경남","함양군","차량단독","전도전복","전도전복","운전자법규위반","안전운전 의무 불이행","단일로","기타단일로","화물차","대형","00","00","1030427 ","1729038 ",127.83591765,35.55681994
"2013","2013073010","10","주간","화",1,1,0,0,0,"경남","함안군","차대차","기타","기타","운전자법규위반","과속","단일로","기타단일로","특수차","대형","화물차","중형","1081204 ","1699598 ",128.39302535,35.28859051
"2013","2013050723","50","야간","화",1,3,0,2,0,"경기","평택시","차대차","추돌","진행중 추돌","운전자법규위반","안전운전 의무 불이행","단일로","기타단일로","승용차","중형","건설기계","건설기계","964956  ","1902524 ",127.10551753,37.12073663
"2013","2013010604","00","야간","일",1,3,2,0,0,"경기","여주시","차량단독","도로이탈","도로이탈 기타","운전자법규위반","안전운전 의무 불이행","단일로","기타단일로","승용차","중형","00","00","1008223 ","1928446 ",127.59285157,37.35501912
"2013","2013110703","54","야간","목",2,2,0,0,0,"경기","성남시","차대차","추돌","주정차중 추돌","운전자법규위반","안전운전 의무 불이행","단일로","기타단일로","화물차","소형","화물차","중형","964874  ","1931645 ",127.10322035,37.38322529
"2013","2013093000","20","야간","월",1,3,2,0,0,"서울","서초구","차대차","정면충돌","정면충돌","운전자법규위반","안전운전 의무 불이행","단일로","기타단일로","승용차","소형","승용차","소형","960610  ","1938787 ",127.05467493,37.44742847
"2013","2013021905","09","야간","화",1,1,0,0,0,"부산","기장군","차대차","기타","기타","운전자법규위반","안전운전 의무 불이행","단일로","기타단일로","승용차","중형","화물차","대형","1157611 ","1704511 ",129.23398178,35.32375124
"2013","2013112301","15","야간","토",1,3,2,0,0,"전남","보성군","차대차","기타","기타","운전자법규위반","안전운전 의무 불이행","단일로","터널안","승용차","소형","화물차","중형","973754  ","1648130 ",127.23823951,34.80719264
"2013","2013112721","40","야간","수",1,2,0,1,0,"전북","순창군","차대차","정면충돌","정면충돌","운전자법규위반","안전운전 의무 불이행","단일로","기타단일로","승용차","소형","화물차","경형","966379  ","1707708 ",127.12990981,35.36444795
"2013","2013112301","15","야간","토",1,2,1,0,0,"경기","시흥시","차대차","기타","기타","운전자법규위반","안전운전 의무 불이행","단일로","기타단일로","불명","불명","승용차","중형","943645  ","1930361 ",126.86283327,37.37082256
"2013","2013070615","25","주간","토",1,1,0,0,0,"경기","안성시","차량단독","공작물충돌","공작물충돌","운전자법규위반","안전운전 의무 불이행","단일로","기타단일로","화물차","중형","00","00","969319  ","1888214 ",127.15495777,36.99192235
"2013","2013061809","15","주간","화",1,2,1,0,0,"경기","이천시","차대차","측면직각충돌","측면직각충돌","운전자법규위반","안전운전 의무 불이행","단일로","기타단일로","화물차","중형","화물차","중형","993361  ","1915815 ",127.42514736,37.24117638
"2013","2013081415","30","주간","수",1,2,0,1,0,"경기","이천시","차대차","추돌","진행중 추돌","운전자법규위반","안전운전 의무 불이행","단일로","기타단일로","승용차","중형","화물차","중형","987440  ","1916259 ",127.35797486,37.24536743
"2013","2013061800","50","야간","화",1,3,2,0,0,"경남","창원시(통합)","차대차","정면충돌","정면충돌","운전자법규위반","중앙선 침범","단일로","기타단일로","승용차","중형","승용차","중형","1098754 ","1695095 ",128.5854583,35.24641535
"2013","2013072318","23","야간","화",2,2,0,0,0,"경남","창원시(통합)","차대사람","기타","기타","운전자법규위반","안전운전 의무 불이행","단일로","기타단일로","화물차","중형","보행자","보행자","1107261 ","1698424 ",128.67938116,35.27555204
"2013","2013060107","40","주간","토",1,1,0,0,0,"경기","용인시","차대사람","기타","기타","운전자법규위반","안전운전 의무 불이행","단일로","기타단일로","승합차","중형","보행자","보행자","965029  ","1915194 ",127.10574621,37.23494605
"2013","2013040603","40","야간","토",1,1,0,0,0,"경기","용인시","차대차","추돌","주정차중 추돌","운전자법규위반","안전운전 의무 불이행","단일로","기타단일로","화물차","대형","화물차","중형","964874  ","1918463 ",127.10392386,37.26520444
"2013","2013051212","12","주간","일",1,6,0,0,5,"경기","용인시","차량단독","전도전복","전도전복","운전자법규위반","안전운전 의무 불이행","단일로","기타단일로","승합차","소형","00","00","970568  ","1920613 ",127.17121368,37.28217191
"2013","2013012108","00","주간","월",1,1,0,0,0,"경남","거창군","차량단독","전도전복","전도전복","운전자법규위반","안전운전 의무 불이행","단일로","기타단일로","승용차","중형","00","00","1032312 ","1732068 ",127.85665002,35.58413459
"2013","2013010108","50","주간","화",1,1,0,0,0,"경남","밀양시","차량단독","기타","기타","운전자법규위반","안전운전 의무 불이행","단일로","터널안","승용차","중형","00","00","1115586 ","1731518 ",128.77577236,35.57305984
"2013","2013030813","05","주간","금",1,2,1,0,0,"충북","제천시","차량단독","도로이탈","도로이탈 기타","운전자법규위반","안전운전 의무 불이행","단일로","기타단일로","화물차","소형","00","00","1055577 ","1911137 ",128.12624771,37.19737685
"2013","2013021900","04","야간","화",1,1,0,0,0,"충북","보은군","차대차","추돌","진행중 추돌","운전자법규위반","안전운전 의무 불이행","단일로","기타단일로","화물차","중형","화물차","중형","1020121 ","1828787 ",127.72455109,36.45646106
"2013","2013010403","25","야간","금",1,1,0,0,0,"인천","서구","차량단독","공작물충돌","공작물충돌","운전자법규위반","안전운전 의무 불이행","단일로","기타단일로","승용차","소형","00","00","927224  ","1946110 ",126.67653178,37.51140422
"2013","2013062614","30","주간","수",1,1,0,0,0,"경기","광주시","차대사람","기타","기타","운전자법규위반","기타(운전자법규위반)","단일로","기타단일로","화물차","소형","보행자","보행자","983636  ","1931761 ",127.3151498,37.38479205
"2013","2013081814","25","주간","일",1,3,2,0,0,"강원","횡성군","차대차","추돌","주정차중 추돌","운전자법규위반","안전운전 의무 불이행","단일로","기타단일로","승용차","중형","승용차","소형","1042367 ","1948561 ",127.97954351,37.53539348
"2013","2013011506","30","주간","화",1,1,0,0,0,"대전","서구","차대사람","길가장자리구역통행중","길가장자리구역통행중","운전자법규위반","안전운전 의무 불이행","단일로","기타단일로","화물차","소형","보행자","보행자","988270  ","1817263 ",127.36915724,36.35280982
"2013","2013011513","18","주간","화",1,1,0,0,0,"경기","평택시","차대차","측면직각충돌","측면직각충돌","운전자법규위반","안전운전 의무 불이행","단일로","기타단일로","승용차","대형","이륜차","중형","966460  ","1892162 ",127.12291017,37.02738743
"2013","2013011319","10","야간","일",1,1,0,0,0,"경기","성남시","차대사람","횡단중","횡단중","운전자법규위반","안전운전 의무 불이행","단일로","기타단일로","승용차","중형","보행자","보행자","967586  ","1936710 ",127.13363199,37.42897812
"2013","2013012502","45","야간","금",1,1,0,0,0,"경남","진주시","차대사람","횡단중","횡단중","운전자법규위반","안전운전 의무 불이행","단일로","기타단일로","승용차","중형","보행자","보행자","1053625 ","1687717 ",128.08897367,35.18332309
"2013","2013012501","30","야간","금",1,2,1,0,0,"충북","제천시","차대차","추돌","주정차중 추돌","운전자법규위반","안전운전 의무 불이행","단일로","기타단일로","승용차","중형","화물차","대형","1066705 ","1899943 ",128.2506705,37.09585206
"2013","2013012306","50","주간","수",1,1,0,0,0,"강원","동해시","차대차","정면충돌","정면충돌","운전자법규위반","안전운전 의무 불이행","교차로","교차로내","승용차","대형","자전거","자전거","1142916 ","1948161 ",129.11729027,37.52168672
"2013","2013012101","34","야간","월",1,3,2,0,0,"인천","남동구","차량단독","기타","기타","운전자법규위반","안전운전 의무 불이행","단일로","기타단일로","승용차","중형","00","00","929915  ","1936212 ",126.70785739,37.42264359
"2013","2013011902","17","야간","토",1,3,2,0,0,"대전","중구","차대차","측면직각충돌","측면직각충돌","운전자법규위반","신호위반","교차로","교차로내","이륜차","소형","화물차","소형","991522  ","1813685 ",127.40554977,36.32048503
"2013","2013012019","40","야간","일",1,1,0,0,0,"강원","춘천시","차대사람","횡단중","횡단중","운전자법규위반","안전운전 의무 불이행","교차로","교차로부근","승합차","대형","보행자","보행자","1019426 ","1985091 ",127.72085644,37.865418
"2013","2013013006","45","주간","수",1,1,0,0,0,"충남","당진시","차량단독","도로이탈","도로이탈 추락","운전자법규위반","안전운전 의무 불이행","단일로","기타단일로","승용차","대형","00","00","915702  ","1874735 ",126.554232,36.86712769
"2013","2013013000","21","야간","수",1,1,0,0,0,"전북","남원시","차량단독","도로이탈","도로이탈 추락","운전자법규위반","안전운전 의무 불이행","단일로","기타단일로","화물차","소형","00","00","1007549 ","1725472 ",127.58326272,35.52515992
"2013","2013012804","41","야간","월",1,1,0,0,0,"전남","진도군","차량단독","공작물충돌","공작물충돌","운전자법규위반","안전운전 의무 불이행","단일로","기타단일로","승용차","경형","00","00","876123  ","1605264 ",126.15914006,34.43012305
"2013","2013020418","50","야간","월",1,1,0,0,0,"전남","보성군","차량단독","도로이탈","도로이탈 추락","운전자법규위반","안전운전 의무 불이행","교차로","교차로부근","이륜차","소형","00","00","977320  ","1645950 ",127.25203504,34.80787081
"2013","2013020411","05","주간","월",1,5,1,2,1,"경기","포천시","차대차","정면충돌","정면충돌","운전자법규위반","중앙선 침범","단일로","기타단일로","승용차","소형","승합차","대형","981816  ","2002072 ",127.29283471,38.01849221
"2013","2013020320","13","야간","일",1,1,0,0,0,"대전","서구","차대사람","횡단중","횡단중","운전자법규위반","안전운전 의무 불이행","단일로","기타단일로","승용차","중형","보행자","보행자","986185  ","1812690 ",127.34507771,36.31524709
"2013","2013021400","03","야간","목",1,1,0,0,0,"경북","구미시","차대사람","기타","기타","운전자법규위반","안전운전 의무 불이행","교차로","교차로부근","승용차","중형","보행자","보행자","1076161 ","1794007 ",128.34652566,36.14012179
"2013","2013021303","05","야간","수",1,1,0,0,0,"광주","북구","차대차","추돌","진행중 추돌","운전자법규위반","안전운전 의무 불이행","교차로","교차로부근","승용차","중형","승용차","경형","942663  ","1686450 ",126.87034694,35.17169391
"2013","2013020919","00","야간","토",1,1,0,0,0,"강원","정선군","차대사람","횡단중","횡단중","운전자법규위반","안전운전 의무 불이행","교차로","교차로내","화물차","소형","보행자","보행자","1102619 ","1931717 ",128.65908783,37.37885945
"2013","2013021823","35","야간","월",1,1,0,0,0,"경기","시흥시","차량단독","전도전복","전도전복","운전자법규위반","안전운전 의무 불이행","고가도로위","고가도로위","승용차","중형","00","00","936023  ","1938419 ",126.77607506,37.44315969
"2013","2013021913","30","주간","화",1,1,0,0,0,"경기","안양시","차대차","측면직각충돌","측면직각충돌","운전자법규위반","안전운전 의무 불이행","교차로","교차로내","자전거","자전거","승합차","대형","953064  ","1932259 ",126.96978141,37.38823673
"2013","2013021913","10","주간","화",1,1,0,0,0,"대구","동구","차대차","측면직각충돌","측면직각충돌","운전자법규위반","부당한 회전","교차로","교차로내","이륜차","소형","화물차","중형","1102297 ","1765996 ",128.63336044,35.88522109
"2013","2013021913","10","주간","화",1,1,0,0,0,"강원","원주시","차대사람","횡단중","횡단중","운전자법규위반","안전운전 의무 불이행","교차로","교차로부근","화물차","소형","보행자","보행자","1038429 ","1927667 ",127.93388255,37.34723807
"2013","2013021921","55","야간","화",1,1,0,0,0,"울산","중구","차대사람","횡단중","횡단중","운전자법규위반","안전운전 의무 불이행","단일로","기타단일로","승용차","중형","보행자","보행자","1161165 ","1730252 ",129.27816067,35.55517357
"2013","2013021820","03","야간","월",1,1,0,0,0,"경남","함안군","차대사람","횡단중","횡단중","운전자법규위반","안전운전 의무 불이행","단일로","기타단일로","승용차","경형","보행자","보행자","1090583 ","1702309 ",128.49645553,35.31222647
"2013","2013030404","45","야간","월",1,2,0,0,1,"경북","칠곡군","차대차","추돌","진행중 추돌","운전자법규위반","안전운전 의무 불이행","단일로","기타단일로","특수차","대형","화물차","중형","1083908 ","1776263 ",128.43073763,35.97952616
"2013","2013100114","10","주간","화",1,3,0,2,0,"경기","광주시","차대차","추돌","진행중 추돌","운전자법규위반","안전거리 미확보","단일로","기타단일로","화물차","대형","화물차","중형","981517  ","1933748 ",127.30017572,37.41965201
"2013","2013091006","15","주간","화",1,5,4,0,0,"경기","군포시","차대차","추돌","진행중 추돌","운전자법규위반","안전운전 의무 불이행","단일로","기타단일로","화물차","소형","화물차","대형","950050  ","1930973 ",126.93772492,37.37693326
"2013","2013071613","05","주간","화",1,1,0,0,0,"대전","동구","차대차","기타","기타","운전자법규위반","안전운전 의무 불이행","단일로","기타단일로","화물차","소형","승용차","중형","997658  ","1805714 ",127.47393255,36.24865684
"2013","2013092305","10","야간","월",1,1,0,0,0,"경남","함안군","차대차","측면직각충돌","측면직각충돌","운전자법규위반","안전운전 의무 불이행","단일로","기타단일로","승용차","대형","화물차","소형","1088636 ","1697776 ",128.4745504,35.2715329
"2013","2013102001","50","야간","일",1,1,0,0,0,"강원","원주시","차량단독","공작물충돌","공작물충돌","운전자법규위반","안전운전 의무 불이행","단일로","기타단일로","승용차","중형","00","00","1038056 ","1925177 ",127.92954347,37.32480942
"2013","2013011722","25","야간","목",1,1,0,0,0,"경기","성남시","차량단독","기타","기타","운전자법규위반","안전운전 의무 불이행","단일로","터널안","승용차","대형","00","00","961772  ","1931660 ",127.06818058,37.38323774