"발생년","발생년월일시","발생분","주야","요일","사망자수","사상자수","중상자수","경상자수","부상신고자수","발생지시도","발생지시군구","사고유형_대분류","사고유형_중분류","사고유형","법규위반_대분류","법규위반","도로형태_대분류","도로형태","당사자종별_1당_대분류","당사자종별_1당","당사자종별_2당_대분류","당사자종별_2당","발생위치X_UTMK","발생위치Y_UTMK","경도","위도"
"2012","2012121408","40","주간","금",1,2,1,0,0,"경북","의성군","차량단독","전도전복","전도전복","운전자법규위반","안전운전 의무 불이행","단일로","기타단일로","승용차","중형","00","00","1072323 ","1816005 ",128.30590343,36.33872086
"2012","2012121907","15","주간","수",1,1,0,0,0,"경기","부천시","차대차","측면직각충돌","측면직각충돌","운전자법규위반","안전운전 의무 불이행","교차로","교차로부근","이륜차","소형","승용차","중형","938569  ","1947077 ",126.80481137,37.52094493
"2012","2012122318","05","야간","일",1,2,1,0,0,"경기","가평군","차대차","기타","기타","운전자법규위반","중앙선 침범","단일로","기타단일로","이륜차","소형","승용차","중형","980781  ","1983342 ",127.28198474,37.85035339
"2012","2012122519","00","야간","화",1,1,0,0,0,"충남","당진시","차대차","기타","기타","운전자법규위반","안전운전 의무 불이행","단일로","기타단일로","승합차","대형","승용차","소형","919728  ","1876710 ",126.59918681,36.88528019
"2012","2012122604","55","야간","수",1,1,0,0,0,"경기","수원시","차대사람","횡단중","횡단중","운전자법규위반","안전운전 의무 불이행","단일로","기타단일로","승용차","소형","보행자","보행자","960644  ","1919329 ",127.05609353,37.2720431
"2012","2012122203","37","야간","토",1,2,1,0,0,"경기","용인시","차량단독","기타","기타","운전자법규위반","안전운전 의무 불이행","고가도로위","고가도로위","화물차","소형","00","00","962655  ","1918787 ",127.07880275,37.26724052
"2012","2012122207","10","주간","토",1,1,0,0,0,"서울","도봉구","차대사람","차도통행중","차도통행중","운전자법규위반","안전운전 의무 불이행","단일로","기타단일로","승용차","중형","보행자","보행자","959462  ","1962681 ",127.04037572,37.66274246
"2012","2012120319","00","야간","월",1,1,0,0,0,"충북","청원군","차대사람","횡단중","횡단중","운전자법규위반","안전운전 의무 불이행","단일로","기타단일로","승용차","중형","보행자","보행자","996956  ","1843086 ",127.46597233,36.58557515
"2012","2012113016","10","주간","금",1,1,0,0,0,"전북","전주시","차대차","추돌","주정차중 추돌","운전자법규위반","안전운전 의무 불이행","교차로","교차로부근","이륜차","소형","특수차","중형","961832  ","1766086 ",127.12811938,35.83137022
"2012","2012120417","50","주간","화",1,2,0,1,0,"전남","광양시","차대차","측면직각충돌","측면직각충돌","운전자법규위반","신호위반","교차로","교차로내","승용차","대형","화물차","대형","1015488 ","1657461 ",127.66954663,34.91180734
"2012","2012120523","20","야간","수",1,1,0,0,0,"충남","보령시","차량단독","도로이탈","도로이탈 추락","운전자법규위반","안전운전 의무 불이행","단일로","기타단일로","승용차","소형","00","00","916065  ","1801356 ",126.56629092,36.20572739
"2012","2012120108","20","주간","토",1,1,0,0,0,"충남","서천군","차대사람","기타","기타","운전자법규위반","안전운전 의무 불이행","단일로","기타단일로","화물차","중형","보행자","보행자","923996  ","1789322 ",126.65567154,36.09789986
"2012","2012120115","10","주간","토",1,1,0,0,0,"경기","남양주시","차대차","기타","기타","운전자법규위반","안전운전 의무 불이행","교차로","교차로부근","화물차","소형","화물차","대형","974131  ","1959349 ",127.20680996,37.63324089
"2012","2012120118","35","야간","토",1,1,0,0,0,"경기","파주시","차대차","추돌","주정차중 추돌","운전자법규위반","안전운전 의무 불이행","단일로","기타단일로","화물차","소형","화물차","소형","935628  ","1984697 ",126.76820736,37.85979992
"2012","2012120117","00","주간","토",1,1,0,0,0,"인천","옹진군","차량단독","공작물충돌","공작물충돌","운전자법규위반","안전운전 의무 불이행","단일로","기타단일로","화물차","소형","00","00","749673  ","2000195 ",124.65013143,37.96707453
"2012","2012120111","37","주간","토",1,1,0,0,0,"전남","무안군","차대차","기타","기타","운전자법규위반","안전운전 의무 불이행","교차로","교차로내","원동기장치자전거","원동기장치자전거","건설기계","건설기계","907417  ","1650998 ",126.4872803,34.84942832
"2013","2013021610","20","주간","토",1,1,0,0,0,"경북","청도군","차대사람","차도통행중","차도통행중","운전자법규위반","안전운전 의무 불이행","단일로","기타단일로","승용차","소형","보행자","보행자","1113158 ","1740239 ",128.75632668,35.57650079
"2013","2013021817","13","주간","월",1,2,1,0,0,"대전","유성구","차대차","측면직각충돌","측면직각충돌","운전자법규위반","안전운전 의무 불이행","교차로","교차로내","승용차","소형","화물차","중형","990603  ","1826265 ",127.39515945,36.43388973
"2013","2013021713","04","주간","일",1,1,0,0,0,"전북","김제시","차량단독","기타","기타","운전자법규위반","안전운전 의무 불이행","단일로","기타단일로","원동기장치자전거","원동기장치자전거","00","00","943082  ","1755429 ",126.87011424,35.79364472
"2013","2013021423","23","야간","목",1,1,0,0,0,"경기","양평군","차대사람","기타","기타","운전자법규위반","안전운전 의무 불이행","단일로","기타단일로","화물차","소형","보행자","보행자","1017320 ","1949297 ",127.69438152,37.5414656
"2013","2013022522","15","야간","월",1,1,0,0,0,"경기","용인시","차대사람","횡단중","횡단중","운전자법규위반","안전운전 의무 불이행","단일로","기타단일로","승용차","소형","보행자","보행자","966615  ","1919418 ",127.12343653,37.27307871
"2013","2013120322","37","야간","화",1,1,0,0,0,"경기","평택시","차대차","추돌","주정차중 추돌","운전자법규위반","안전운전 의무 불이행","단일로","기타단일로","특수차","대형","화물차","소형","953706  ","1892147 ",126.97950054,37.02665575
"2013","2013011722","20","야간","목",1,1,0,0,0,"대구","동구","차대사람","횡단중","횡단중","운전자법규위반","안전운전 의무 불이행","단일로","기타단일로","승용차","중형","보행자","보행자","1101643 ","1765528 ",128.62605623,35.88107051
"2013","2013011807","10","주간","금",1,1,0,0,0,"전남","영암군","차량단독","공작물충돌","공작물충돌","운전자법규위반","안전운전 의무 불이행","단일로","기타단일로","승용차","중형","00","00","921515  ","1634644 ",126.64300081,34.70315447
"2013","2013011821","10","야간","금",1,2,0,1,0,"전남","순천시","차대차","기타","기타","운전자법규위반","중앙선 침범","단일로","기타단일로","원동기장치자전거","원동기장치자전거","승용차","소형","1002825 ","1662136 ",127.5320355,34.95195025
"2013","2013012313","06","주간","수",1,1,0,0,0,"제주","제주시","차량단독","공작물충돌","공작물충돌","운전자법규위반","안전운전 의무 불이행","교차로","교차로내","이륜차","소형","00","00","911579  ","1502604 ",126.54795271,33.51167313
"2013","2013012404","40","야간","목",2,4,1,1,0,"경북","김천시","차대차","측면직각충돌","측면직각충돌","운전자법규위반","중앙선 침범","단일로","기타단일로","승용차","대형","화물차","중형","1056853 ","1792462 ",128.1318203,36.12751787
"2013","2013012412","50","주간","목",1,5,3,1,0,"경북","울진군","차대차","정면충돌","정면충돌","운전자법규위반","중앙선 침범","단일로","기타단일로","승용차","소형","승용차","중형","1170328 ","1860002 ",129.40730928,36.72279179
"2013","2013012618","30","야간","토",1,1,0,0,0,"경기","남양주시","차대사람","차도통행중","차도통행중","운전자법규위반","안전운전 의무 불이행","교차로","교차로부근","승합차","경형","보행자","보행자","966848  ","1966718 ",127.12393352,37.69942531
"2013","2013020220","06","야간","토",1,1,0,0,0,"경북","경주시","차대사람","횡단중","횡단중","운전자법규위반","안전운전 의무 불이행","교차로","교차로내","승용차","중형","보행자","보행자","1164092 ","1754613 ",129.31540514,35.7742325
"2013","2013020611","30","주간","수",1,3,1,1,0,"강원","양양군","차대차","추돌","주정차중 추돌","운전자법규위반","안전운전 의무 불이행","교차로","교차로부근","승용차","중형","승용차","중형","1097892 ","2009292 ",128.61614995,38.07844687
"2013","2013020700","25","야간","목",1,1,0,0,0,"서울","성동구","차대사람","기타","기타","운전자법규위반","안전운전 의무 불이행","단일로","기타단일로","승용차","중형","보행자","보행자","958023  ","1950783 ",127.02474356,37.55543884
"2013","2013020703","00","야간","목",1,3,2,0,0,"인천","중구","차대차","정면충돌","정면충돌","운전자법규위반","중앙선 침범","단일로","기타단일로","승용차","중형","승용차","중형","904517  ","1944732 ",126.41981544,37.49691514
"2013","2013021522","00","야간","금",1,1,0,0,0,"제주","제주시","차량단독","공작물충돌","공작물충돌","운전자법규위반","안전운전 의무 불이행","단일로","기타단일로","승용차","중형","00","00","884078  ","1489520 ",126.25358684,33.39105793
"2013","2013081410","28","주간","수",2,5,2,1,0,"강원","횡성군","차대차","추돌","진행중 추돌","운전자법규위반","안전운전 의무 불이행","기타/불명","기타/불명","승합차","중형","건설기계","건설기계","1054565 ","1941609 ",128.11708773,37.47209281
"2013","2013100817","25","주간","화",1,3,0,2,0,"전남","광양시","차량단독","전도전복","전도전복","운전자법규위반","안전운전 의무 불이행","기타/불명","기타/불명","화물차","소형","00","00","1015125 ","1664517 ",127.68003032,34.96532926
"2012","2012111318","15","야간","화",1,2,0,1,0,"경북","김천시","차대차","측면직각충돌","측면직각충돌","운전자법규위반","안전거리 미확보","단일로","기타단일로","승용차","중형","승합차","대형","1061492 ","1793297 ",128.18407106,36.13486703
"2013","2013050216","00","주간","목",1,1,0,0,0,"울산","울주군","차량단독","공작물충돌","공작물충돌","운전자법규위반","안전운전 의무 불이행","단일로","기타단일로","원동기장치자전거","원동기장치자전거","00","00","1143566 ","1734927 ",129.08488845,35.60001696
"2013","2013042815","50","주간","일",1,1,0,0,0,"경기","평택시","차대사람","기타","기타","운전자법규위반","안전운전 의무 불이행","교차로","교차로부근","승용차","중형","보행자","보행자","963082  ","1889666 ",127.08398147,37.00512263
"2013","2013043006","10","주간","화",1,1,0,0,0,"경기","화성시","차대사람","횡단중","횡단중","운전자법규위반","안전운전 의무 불이행","단일로","기타단일로","화물차","중형","보행자","보행자","951132  ","1913622 ",126.94837206,37.21986032
"2013","2013042821","10","야간","일",1,1,0,0,0,"경남","산청군","차대사람","차도통행중","차도통행중","운전자법규위반","안전운전 의무 불이행","단일로","기타단일로","화물차","소형","보행자","보행자","1045350 ","1710152 ",127.99933154,35.38602003
"2013","2013050708","50","주간","화",1,1,0,0,0,"전남","영암군","차대차","기타","기타","운전자법규위반","중앙선 침범","교차로","교차로부근","화물차","소형","원동기장치자전거","원동기장치자전거","918593  ","1651861 ",126.6094312,34.85816605
"2013","2013050623","50","야간","월",1,1,0,0,0,"경기","광명시","차대차","정면충돌","정면충돌","운전자법규위반","중앙선 침범","단일로","기타단일로","원동기장치자전거","원동기장치자전거","승합차","대형","942238  ","1937151 ",126.84710812,37.43171783
"2013","2013050612","15","주간","월",1,2,0,1,0,"경기","안산시","차대차","추돌","진행중 추돌","운전자법규위반","안전운전 의무 불이행","단일로","기타단일로","화물차","소형","화물차","소형","944384  ","1928368 ",126.87202405,37.35268561
"2013","2013050610","45","주간","월",1,2,1,0,0,"서울","강남구","차대사람","횡단중","횡단중","운전자법규위반","안전운전 의무 불이행","교차로","교차로내","승합차","대형","보행자","보행자","961531  ","1942312 ",127.06490298,37.47923969
"2013","2013050720","40","야간","화",1,1,0,0,0,"경북","안동시","차대사람","횡단중","횡단중","운전자법규위반","안전운전 의무 불이행","단일로","기타단일로","승용차","중형","보행자","보행자","1108558 ","1841467 ",128.71317535,36.56481169
"2013","2013050605","40","야간","월",1,1,0,0,0,"광주","남구","차대차","측면직각충돌","측면직각충돌","운전자법규위반","신호위반","교차로","교차로내","승용차","중형","승용차","중형","947608  ","1681975 ",126.92493247,35.131614
"2012","2012071409","30","주간","토",1,4,3,0,0,"대구","수성구","차대차","기타","기타","운전자법규위반","신호위반","교차로","교차로내","승용차","소형","승용차","중형","1100875 ","1762549 ",128.61661357,35.85472493
"2013","2013050521","40","야간","일",1,1,0,0,0,"충북","음성군","차대차","기타","기타","운전자법규위반","중앙선 침범","단일로","기타단일로","원동기장치자전거","원동기장치자전거","승용차","중형","1000457 ","1884120 ",127.50513322,36.95549232
"2013","2013051120","55","야간","토",1,1,0,0,0,"전북","완주군","차대사람","횡단중","횡단중","운전자법규위반","안전운전 의무 불이행","단일로","기타단일로","승용차","중형","보행자","보행자","967885  ","1773232 ",127.14387362,35.95528043
"2013","2013051101","15","야간","토",1,2,1,0,0,"경북","칠곡군","차대차","추돌","진행중 추돌","운전자법규위반","안전운전 의무 불이행","단일로","기타단일로","화물차","소형","자전거","자전거","1078462 ","1781970 ",128.37090077,36.03142753
"2013","2013050800","15","야간","수",1,1,0,0,0,"서울","서초구","차대사람","횡단중","횡단중","운전자법규위반","안전운전 의무 불이행","교차로","교차로부근","승합차","대형","보행자","보행자","954216  ","1943116 ",126.98212075,37.48615278
"2013","2013051000","52","야간","금",1,1,0,0,0,"부산","연제구","차대사람","횡단중","횡단중","운전자법규위반","안전운전 의무 불이행","단일로","기타단일로","승용차","중형","보행자","보행자","1143935 ","1689304 ",129.08091224,35.18874528
"2012","2012050207","00","주간","수",1,1,0,0,0,"경기","파주시","차량단독","공작물충돌","공작물충돌","운전자법규위반","안전운전 의무 불이행","교차로","교차로부근","승용차","중형","00","00","934189  ","1975097 ",126.76498782,37.76837003
"2012","2012041307","00","주간","금",1,10,0,3,6,"경기","광주시","차대차","정면충돌","정면충돌","운전자법규위반","중앙선 침범","단일로","기타단일로","승용차","대형","승합차","대형","973073  ","1927472 ",127.2076313,37.34163316
"2012","2012030805","53","야간","목",1,1,0,0,0,"경남","창원시(통합)","차대사람","횡단중","횡단중","운전자법규위반","안전운전 의무 불이행","교차로","교차로내","승용차","대형","보행자","보행자","1097891 ","1691224 ",128.5755134,35.21160102
"2012","2012120310","30","주간","월",1,1,0,0,0,"전남","담양군","차량단독","공작물충돌","공작물충돌","운전자법규위반","안전운전 의무 불이행","단일로","기타단일로","화물차","소형","00","00","960008  ","1705966 ",127.05986663,35.34850585
"2012","2012010317","50","주간","화",1,1,0,0,0,"경북","경주시","차대사람","횡단중","횡단중","운전자법규위반","안전운전 의무 불이행","단일로","기타단일로","승용차","중형","보행자","보행자","1158250 ","1762199 ",129.25230233,35.84355572
"2012","2012051405","20","야간","월",1,1,0,0,0,"경기","용인시","차대차","기타","기타","운전자법규위반","신호위반","교차로","교차로내","승용차","중형","자전거","자전거","964915  ","1917683 ",127.10434375,37.25737721
"2012","2012111221","45","야간","월",1,1,0,0,0,"인천","중구","차량단독","전도전복","전도전복","운전자법규위반","안전운전 의무 불이행","단일로","기타단일로","승합차","소형","00","00","916402  ","1946943 ",126.55434918,37.51806036
"2012","2012111622","30","야간","금",1,26,15,10,0,"경기","안산시","차량단독","전도전복","전도전복","운전자법규위반","과속","단일로","기타단일로","승합차","대형","00","00","945603  ","1922696 ",126.8862034,37.3016338
"2012","2012112102","10","야간","수",1,1,0,0,0,"광주","남구","차량단독","공작물충돌","공작물충돌","운전자법규위반","안전운전 의무 불이행","교차로","교차로내","승용차","소형","00","00","945452  ","1682184 ",126.90145416,35.13316848
"2012","2012112103","40","야간","수",1,1,0,0,0,"경기","광명시","차량단독","공작물충돌","공작물충돌","운전자법규위반","안전운전 의무 불이행","단일로","기타단일로","이륜차","소형","00","00","945111  ","1938247 ",126.8794987,37.44177124
"2012","2012111816","00","주간","일",1,1,0,0,0,"전남","강진군","차대차","추돌","진행중 추돌","운전자법규위반","안전운전 의무 불이행","단일로","기타단일로","승용차","소형","농기계","농기계","935417  ","1634262 ",126.79481851,34.70068292
"2012","2012111818","26","야간","일",1,1,0,0,0,"전북","완주군","차대사람","횡단중","횡단중","운전자법규위반","안전운전 의무 불이행","단일로","횡단보도부근","승용차","중형","보행자","보행자","966170  ","1767828 ",127.12508627,35.90650081
"2012","2012110311","25","주간","토",1,1,0,0,0,"대전","중구","차대사람","횡단중","횡단중","운전자법규위반","신호위반","단일로","횡단보도상","승용차","중형","보행자","보행자","991551  ","1814607 ",127.40586285,36.32879753
"2013","2013061215","25","주간","수",1,3,1,1,0,"강원","원주시","차대차","추돌","진행중 추돌","운전자법규위반","안전거리 미확보","단일로","기타단일로","승합차","소형","승용차","소형","1037906 ","1925339 ",127.92785872,37.32627577
"2013","2013062101","05","야간","금",1,7,4,2,0,"전북","군산시","차대차","기타","기타","운전자법규위반","안전운전 의무 불이행","단일로","기타단일로","화물차","중형","승용차","중형","940154  ","1774895 ",126.83625064,35.96896668
"2013","2013021316","50","주간","수",1,1,0,0,0,"경남","창원시(통합)","차량단독","기타","기타","운전자법규위반","안전운전 의무 불이행","기타/불명","기타/불명","자전거","자전거","00","00","1113532 ","1705176 ",128.7492548,35.33572846
"2013","2013021501","00","야간","금",1,1,0,0,0,"충남","논산시","차량단독","공작물충돌","공작물충돌","운전자법규위반","안전운전 의무 불이행","교차로","교차로내","승용차","중형","00","00","961070  ","1798155 ",127.06699138,36.17974196
"2013","2013022502","27","야간","월",1,1,0,0,0,"부산","금정구","차량단독","공작물충돌","공작물충돌","운전자법규위반","안전운전 의무 불이행","단일로","기타단일로","화물차","중형","00","00","1147178 ","1692230 ",129.1170421,35.21464875
"2013","2013022508","31","주간","월",1,1,0,0,0,"부산","영도구","차대사람","보도통행중","보도통행중","운전자법규위반","기타(운전자법규위반)","기타/불명","기타/불명","승용차","소형","보행자","보행자","1143231 ","1676330 ",129.07093435,35.07190036
"2013","2013022506","15","주간","월",1,4,1,2,0,"인천","서구","차대차","기타","기타","운전자법규위반","안전운전 의무 불이행","단일로","기타단일로","승용차","경형","건설기계","건설기계","927198  ","1948045 ",126.67604585,37.52884174
"2013","2013022320","45","야간","토",2,5,1,2,0,"강원","동해시","차대차","정면충돌","정면충돌","운전자법규위반","중앙선 침범","단일로","기타단일로","승용차","중형","승용차","중형","1141744 ","1947282 ",129.1038627,37.51394769
"2013","2013022220","36","야간","금",1,1,0,0,0,"충남","부여군","차대차","기타","기타","운전자법규위반","안전운전 의무 불이행","단일로","기타단일로","화물차","소형","승용차","중형","957379  ","1807199 ",127.02553658,36.26110676
"2013","2013022118","48","야간","목",1,1,0,0,0,"강원","고성군","차대사람","횡단중","횡단중","운전자법규위반","안전운전 의무 불이행","교차로","교차로부근","화물차","대형","보행자","보행자","1091692 ","2030825 ",128.54809911,38.27294186
"2013","2013010308","24","주간","목",1,1,0,0,0,"충남","천안시","차대사람","횡단중","횡단중","운전자법규위반","보행자 보호의무 위반","교차로","교차로부근","승합차","대형","보행자","보행자","969155  ","1869029 ",127.15415261,36.81895016
"2013","2013010304","20","야간","목",1,1,0,0,0,"서울","송파구","차량단독","공작물충돌","공작물충돌","운전자법규위반","안전운전 의무 불이행","단일로","기타단일로","승용차","중형","00","00","962234  ","1946621 ",127.07263264,37.51810752
"2013","2013010307","30","주간","목",1,1,0,0,0,"경기","군포시","차대사람","기타","기타","운전자법규위반","안전운전 의무 불이행","단일로","기타단일로","승용차","중형","보행자","보행자","949266  ","1930015 ",126.9270326,37.36781051
"2013","2013041900","28","야간","금",1,3,2,0,0,"인천","서구","차대차","기타","기타","운전자법규위반","신호위반","교차로","교차로내","승용차","경형","승합차","대형","926801  ","1944770 ",126.67187937,37.49929371
"2013","2013042415","35","주간","수",1,1,0,0,0,"제주","서귀포시","차대차","기타","기타","운전자법규위반","안전운전 의무 불이행","단일로","기타단일로","이륜차","사발이","화물차","중형","882769  ","1471945 ",126.24179409,33.232429
"2013","2013042303","43","야간","화",1,2,1,0,0,"서울","강남구","차량단독","기타","기타","운전자법규위반","안전운전 의무 불이행","단일로","기타단일로","이륜차","소형","00","00","960693  ","1941745 ",127.05545545,37.4740938
"2013","2013042319","22","야간","화",1,1,0,0,0,"경기","광주시","차대사람","횡단중","횡단중","운전자법규위반","안전운전 의무 불이행","교차로","교차로부근","화물차","소형","보행자","보행자","985504  ","1925031 ",127.33638265,37.32415993
"2013","2013042421","00","야간","수",1,1,0,0,0,"대구","달서구","차대사람","횡단중","횡단중","운전자법규위반","신호위반","교차로","교차로내","승용차","소형","보행자","보행자","1089589 ","1760611 ",128.4919822,35.83792236
"2013","2013043023","10","야간","화",1,1,0,0,0,"경기","성남시","차대사람","차도통행중","차도통행중","운전자법규위반","안전운전 의무 불이행","교차로","교차로부근","승용차","중형","보행자","보행자","964708  ","1928387 ",127.10182962,37.35379521
"2013","2013042919","33","야간","월",1,1,0,0,0,"전남","여수시","차대사람","횡단중","횡단중","운전자법규위반","안전운전 의무 불이행","단일로","횡단보도상","승용차","중형","보행자","보행자","1013826 ","1642584 ",127.65110743,34.77767591
"2013","2013050421","15","야간","토",1,1,0,0,0,"경북","포항시","차대사람","기타","기타","운전자법규위반","안전운전 의무 불이행","단일로","기타단일로","승용차","대형","보행자","보행자","1182841 ","1764396 ",129.52495966,35.85907378
"2013","2013052017","20","주간","월",1,6,0,5,0,"울산","동구","차대차","기타","기타","운전자법규위반","중앙선 침범","단일로","기타단일로","화물차","대형","승용차","중형","1176946 ","1730316 ",129.45220277,35.55305737
"2013","2013052107","20","주간","화",1,1,0,0,0,"경북","포항시","차대차","측면직각충돌","측면직각충돌","운전자법규위반","안전운전 의무 불이행","단일로","기타단일로","승합차","대형","자전거","자전거","1166352 ","1779430 ",129.34558021,35.99748941
"2013","2013052021","25","야간","월",1,4,3,0,0,"경남","김해시","차량단독","기타","기타","운전자법규위반","안전운전 의무 불이행","교차로","교차로내","승합차","소형","00","00","1115428 ","1688425 ",128.76775873,35.18450356
"2013","2013052310","25","주간","목",1,2,1,0,0,"경남","함안군","차대차","추돌","주정차중 추돌","운전자법규위반","안전운전 의무 불이행","단일로","기타단일로","화물차","중형","화물차","소형","1083598 ","1696581 ",128.41904259,35.26119241
"2013","2013052301","14","야간","목",1,2,0,1,0,"충북","음성군","차대차","기타","기타","운전자법규위반","안전운전 의무 불이행","단일로","기타단일로","승용차","대형","승용차","중형","1019270 ","1901552 ",127.71689472,37.11243269
"2013","2013052218","00","야간","수",1,1,0,0,0,"경북","경주시","차대사람","기타","기타","운전자법규위반","안전운전 의무 불이행","교차로","교차로부근","승용차","중형","보행자","보행자","1154919 ","1763339 ",129.2156545,35.85436165
"2013","2013050913","48","주간","목",1,1,0,0,0,"서울","영등포구","차량단독","전도전복","전도전복","운전자법규위반","안전운전 의무 불이행","단일로","기타단일로","자전거","자전거","00","00","948206  ","1945243 ",126.91399277,37.50500632
"2013","2013050822","30","야간","수",1,1,0,0,0,"전남","영암군","차량단독","도로이탈","도로이탈 추락","운전자법규위반","안전운전 의무 불이행","단일로","기타단일로","승용차","중형","00","00","925929  ","1652169 ",126.6896502,34.86150441
"2012","2012051616","00","주간","수",1,2,1,0,0,"충북","청원군","차대차","추돌","진행중 추돌","운전자법규위반","안전운전 의무 불이행","단일로","기타단일로","화물차","중형","농기계","농기계","1008884 ","1842926 ",127.5993088,36.58409623
"2012","2012051718","13","야간","목",1,1,0,0,0,"대구","북구","차대차","측면직각충돌","측면직각충돌","운전자법규위반","안전운전 의무 불이행","단일로","기타단일로","화물차","소형","자전거","자전거","1097608 ","1767580 ",128.58161318,35.89997898
"2012","2012021318","25","야간","월",1,1,0,0,0,"충남","아산시","차대사람","횡단중","횡단중","운전자법규위반","신호위반","교차로","교차로내","화물차","소형","보행자","보행자","956320  ","1870645 ",127.01015229,36.83301175
"2012","2012122015","35","주간","목",1,2,1,0,0,"전남","해남군","차대차","정면충돌","정면충돌","운전자법규위반","중앙선 침범","단일로","기타단일로","화물차","중형","승용차","소형","910686  ","1594027 ",126.52712321,34.33916029
"2012","2012112918","00","야간","목",1,1,0,0,0,"인천","연수구","차대사람","횡단중","횡단중","운전자법규위반","보행자 보호의무 위반","교차로","교차로내","승합차","소형","보행자","보행자","924722  ","1933777 ",126.65668295,37.38776136
"2012","2012091016","45","주간","월",1,1,0,0,0,"제주","제주시","차대사람","횡단중","횡단중","운전자법규위반","안전운전 의무 불이행","단일로","기타단일로","승합차","소형","보행자","보행자","900804  ","1495270 ",126.43276399,33.44458844
"2012","2012111411","45","주간","수",1,1,0,0,0,"경기","양주시","차량단독","전도전복","전도전복","운전자법규위반","안전운전 의무 불이행","단일로","기타단일로","화물차","대형","00","00","951796  ","1976626 ",126.98733963,37.78574377
"2012","2012112102","06","야간","수",2,3,1,0,0,"서울","중구","차량단독","공작물충돌","공작물충돌","운전자법규위반","안전운전 의무 불이행","단일로","기타단일로","승용차","중형","00","00","955437  ","1951164 ",126.99544316,37.55875141
"2012","2012112016","40","주간","화",1,5,1,3,0,"경북","영주시","차대차","측면직각충돌","측면직각충돌","운전자법규위반","교차로 통행방법 위반","교차로","교차로내","승용차","중형","승용차","중형","1100236 ","1874045 ",128.62446192,36.85935154
"2012","2012111718","15","야간","토",1,2,1,0,0,"강원","정선군","차대차","추돌","주정차중 추돌","운전자법규위반","안전운전 의무 불이행","단일로","기타단일로","화물차","소형","건설기계","건설기계","1117132 ","1945199 ",128.82511633,37.49863043
"2012","2012111720","10","야간","토",1,1,0,0,0,"경북","경산시","차대사람","횡단중","횡단중","운전자법규위반","안전운전 의무 불이행","단일로","기타단일로","화물차","소형","보행자","보행자","1113790 ","1765293 ",128.76190783,35.87840373
"2012","2012111421","10","야간","수",1,1,0,0,0,"서울","구로구","차량단독","주/정차차량 충돌","주/정차차량 충돌","운전자법규위반","안전거리 미확보","단일로","기타단일로","승용차","소형","화물차","중형","941279  ","1943459 ",126.83576634,37.48851223
"2012","2012111907","50","주간","월",1,1,0,0,0,"충북","옥천군","차대차","측면직각충돌","측면직각충돌","운전자법규위반","안전운전 의무 불이행","교차로","교차로부근","화물차","소형","이륜차","소형","1006023 ","1810994 ",127.56707923,36.29624288
"2012","2012111903","00","야간","월",1,4,2,1,0,"경북","경산시","차량단독","도로이탈","도로이탈 기타","운전자법규위반","안전운전 의무 불이행","단일로","기타단일로","승용차","경형","00","00","1120593 ","1767928 ",128.83631089,35.900552
"2012","2012110103","16","야간","목",1,1,0,0,0,"인천","계양구","차대차","추돌","진행중 추돌","운전자법규위반","안전운전 의무 불이행","단일로","기타단일로","승용차","중형","승용차","중형","932359  ","1948182 ",126.73443914,37.53046956
"2012","2012110101","13","야간","목",1,1,0,0,0,"전북","전주시","차대사람","횡단중","횡단중","운전자법규위반","안전운전 의무 불이행","단일로","기타단일로","승합차","소형","보행자","보행자","966836  ","1760128 ",127.13244271,35.83741532
"2012","2012110415","49","주간","일",1,3,0,1,1,"전남","무안군","차대차","기타","기타","운전자법규위반","중앙선 침범","단일로","기타단일로","승용차","중형","승용차","중형","901789  ","1653991 ",126.42537673,34.87588524
"2012","2012110512","00","주간","월",1,1,0,0,0,"전남","영암군","차량단독","전도전복","전도전복","운전자법규위반","안전운전 의무 불이행","기타/불명","기타/불명","농기계","농기계","00","00","922962  ","1653179 ",126.65710082,34.87039061
"2012","2012102919","37","야간","월",1,1,0,0,0,"전북","군산시","차대사람","기타","기타","운전자법규위반","안전운전 의무 불이행","단일로","기타단일로","승합차","경형","보행자","보행자","930252  ","1776357 ",126.72503243,35.98145388
"2012","2012110213","45","주간","금",1,1,0,0,0,"경기","수원시","차대사람","횡단중","횡단중","운전자법규위반","안전운전 의무 불이행","고가도로위","고가도로위","화물차","중형","보행자","보행자","956969  ","1917126 ",127.01477096,37.25202323
"2012","2012110307","30","주간","토",1,5,4,0,0,"경남","함양군","차대차","측면직각충돌","측면직각충돌","운전자법규위반","신호위반","교차로","교차로내","화물차","소형","승용차","경형","1025628 ","1729824 ",127.78270485,35.56418773
"2012","2012123006","30","주간","일",1,3,0,2,0,"부산","강서구","차대차","기타","기타","운전자법규위반","안전운전 의무 불이행","교차로","교차로내","화물차","소형","승합차","대형","1128241 ","1681212 ",128.90732921,35.11792745
"2012","2012123119","29","야간","월",1,1,0,0,0,"전북","전주시","차대사람","횡단중","횡단중","운전자법규위반","안전운전 의무 불이행","단일로","기타단일로","불명","불명","보행자","보행자","965429  ","1761323 ",127.11715676,35.84782629
"2012","2012123120","32","야간","월",1,1,0,0,0,"경기","안성시","차대사람","기타","기타","운전자법규위반","안전운전 의무 불이행","단일로","기타단일로","승합차","대형","보행자","보행자","975248  ","1887009 ",127.22188156,36.9812095