"발생년","발생년월일시","발생분","주야","요일","사망자수","사상자수","중상자수","경상자수","부상신고자수","발생지시도","발생지시군구","사고유형_대분류","사고유형_중분류","사고유형","법규위반_대분류","법규위반","도로형태_대분류","도로형태","당사자종별_1당_대분류","당사자종별_1당","당사자종별_2당_대분류","당사자종별_2당","발생위치X_UTMK","발생위치Y_UTMK","경도","위도"
"2012","2012121409","50","주간","금",1,2,0,1,0,"경북","청송군","차대차","정면충돌","정면충돌","운전자법규위반","중앙선 침범","단일로","기타단일로","화물차","대형","화물차","소형","1137362 ","1828923 ",129.032112,36.44813675
"2012","2012121117","30","주간","화",1,1,0,0,0,"충남","서산시","차대사람","기타","기타","운전자법규위반","신호위반","단일로","기타단일로","승용차","중형","보행자","보행자","907247  ","1864254 ",126.47224197,36.76997597
"2012","2012121610","00","주간","일",1,1,0,0,0,"충남","예산군","차량단독","공작물충돌","공작물충돌","운전자법규위반","안전운전 의무 불이행","단일로","기타단일로","승용차","소형","00","00","921458  ","1851076 ",126.62123974,36.65436824
"2012","2012121214","10","주간","수",1,1,0,0,0,"서울","마포구","차대차","측면직각충돌","측면직각충돌","운전자법규위반","신호위반","교차로","교차로내","자전거","자전거","승용차","대형","948211  ","1950744 ",126.91366134,37.55458793
"2012","2012121310","15","주간","목",1,1,0,0,0,"충북","음성군","차대사람","횡단중","횡단중","운전자법규위반","안전운전 의무 불이행","교차로","교차로내","승합차","소형","보행자","보행자","1012711 ","1901701 ",127.64307227,37.11388787
"2012","2012122218","07","야간","토",1,1,0,0,0,"전남","고흥군","차대사람","횡단중","횡단중","운전자법규위반","안전운전 의무 불이행","단일로","기타단일로","승용차","중형","보행자","보행자","973858  ","1615034 ",127.17293979,34.564788
"2012","2012120203","20","야간","일",1,1,0,0,0,"제주","제주시","차량단독","공작물충돌","공작물충돌","운전자법규위반","안전운전 의무 불이행","단일로","기타단일로","화물차","소형","00","00","902737  ","1497130 ",126.4533563,33.46153954
"2012","2012120723","00","야간","금",1,1,0,0,0,"전남","신안군","차량단독","도로이탈","도로이탈 추락","운전자법규위반","안전운전 의무 불이행","단일로","기타단일로","승용차","대형","00","00","872836  ","1648769 ",126.10943916,34.8255966
"2012","2012120212","45","주간","일",1,1,0,0,0,"세종","세종","차량단독","공작물충돌","공작물충돌","운전자법규위반","안전운전 의무 불이행","교차로","교차로내","승용차","소형","00","00","981217  ","1845058 ",127.17056901,36.74529244
"2012","2012112921","40","야간","목",2,4,0,2,0,"서울","서대문구","차대차","추돌","주정차중 추돌","운전자법규위반","안전운전 의무 불이행","교차로","교차로내","승용차","중형","승용차","중형","947725  ","1952746 ",126.9080165,37.57260468
"2012","2012121408","10","주간","금",1,1,0,0,0,"경북","영천시","차량단독","전도전복","전도전복","운전자법규위반","안전운전 의무 불이행","단일로","기타단일로","농기계","농기계","00","00","1135225 ","1764785 ",128.99786977,35.87031066
"2012","2012121407","35","주간","금",1,1,0,0,0,"충남","금산군","차대차","기타","기타","운전자법규위반","안전운전 의무 불이행","단일로","기타단일로","화물차","소형","승합차","대형","1004681 ","1784883 ",127.55197741,36.06084214
"2012","2012111413","15","주간","수",1,2,1,0,0,"세종","세종","차량단독","기타","기타","운전자법규위반","안전운전 의무 불이행","단일로","기타단일로","이륜차","중형","00","00","979504  ","1849932 ",127.2707015,36.6470761
"2012","2012010609","40","주간","금",1,1,0,0,0,"경기","여주시","차량단독","전도전복","전도전복","운전자법규위반","안전운전 의무 불이행","교차로","교차로부근","이륜차","소형","00","00","1003282 ","1915612 ",127.53700264,37.2393644
"2012","2012051914","10","주간","토",1,1,0,0,0,"충남","금산군","차대차","측면직각충돌","측면직각충돌","운전자법규위반","앞지르기 금지위반","교차로","교차로부근","승용차","중형","승용차","소형","988859  ","1802614 ",127.3760402,36.22064715
"2012","2012103018","37","야간","화",1,1,0,0,0,"경남","함양군","차대사람","횡단중","횡단중","운전자법규위반","안전운전 의무 불이행","단일로","기타단일로","화물차","소형","보행자","보행자","1023603 ","1724593 ",127.76067841,35.51624199
"2012","2012110409","50","주간","일",1,1,0,0,0,"인천","남구","차량단독","기타","기타","운전자법규위반","안전운전 의무 불이행","단일로","기타단일로","승용차","중형","00","00","925092  ","1941350 ",126.65289499,37.46833316
"2012","2012103116","55","주간","수",1,1,0,0,0,"경기","오산시","차대차","측면직각충돌","측면직각충돌","운전자법규위반","신호위반","교차로","교차로내","화물차","대형","이륜차","소형","962544  ","1904208 ",127.07828261,37.13582274
"2012","2012103108","50","주간","수",1,1,0,0,0,"경기","성남시","차대사람","기타","기타","운전자법규위반","안전운전 의무 불이행","단일로","기타단일로","화물차","소형","보행자","보행자","967183  ","1937524 ",127.12904086,37.43630096
"2012","2012110109","17","주간","목",1,1,0,0,0,"제주","제주시","차대사람","횡단중","횡단중","운전자법규위반","보행자 보호의무 위반","단일로","횡단보도상","승합차","대형","보행자","보행자","908623  ","1501148 ",126.51627744,33.49829379
"2012","2012110502","40","야간","월",1,1,0,0,0,"강원","동해시","차량단독","공작물충돌","공작물충돌","운전자법규위반","안전운전 의무 불이행","단일로","기타단일로","승용차","중형","00","00","1143430 ","1944536 ",129.12239761,37.48894556
"2012","2012110103","00","야간","목",2,2,0,0,0,"충남","서산시","차대차","추돌","주정차중 추돌","운전자법규위반","안전운전 의무 불이행","단일로","기타단일로","승용차","중형","승용차","중형","914094  ","1858214 ",126.53805732,36.71807126
"2012","2012122906","10","주간","토",1,1,0,0,0,"부산","남구","차대차","추돌","진행중 추돌","운전자법규위반","안전운전 의무 불이행","단일로","기타단일로","승용차","중형","승용차","소형","1145621 ","1682827 ",129.0982814,35.13012054
"2012","2012121306","25","주간","목",1,1,0,0,0,"경기","김포시","차대사람","횡단중","횡단중","운전자법규위반","안전운전 의무 불이행","교차로","교차로내","승용차","경형","보행자","보행자","923181  ","1960845 ",126.66298141,37.65157384
"2012","2012121015","12","주간","월",1,1,0,0,0,"울산","남구","차대사람","횡단중","횡단중","운전자법규위반","과속","단일로","기타단일로","승용차","대형","보행자","보행자","1167864 ","1723866 ",129.35071579,35.49651086
"2012","2012121420","30","야간","금",1,1,0,0,0,"인천","남동구","차대사람","차도통행중","차도통행중","운전자법규위반","안전운전 의무 불이행","단일로","기타단일로","승합차","대형","보행자","보행자","929667  ","1938502 ",126.70489895,37.44302407
"2012","2012121506","50","주간","토",1,2,1,0,0,"경기","김포시","차대차","추돌","진행중 추돌","운전자법규위반","안전운전 의무 불이행","단일로","기타단일로","승용차","소형","건설기계","건설기계","928559  ","1960686 ",126.73651627,37.62415866
"2012","2012122209","05","주간","토",1,4,1,2,0,"서울","관악구","차대차","추돌","주정차중 추돌","운전자법규위반","안전운전 의무 불이행","교차로","교차로부근","승용차","소형","승용차","중형","950104  ","1943166 ",126.93560704,37.48639041
"2012","2012122210","05","주간","토",1,1,0,0,0,"전북","고창군","차대차","정면충돌","정면충돌","운전자법규위반","중앙선 침범","단일로","기타단일로","화물차","소형","승용차","중형","920098  ","1706332 ",126.62063455,35.34940845
"2012","2012122613","55","주간","수",1,1,0,0,0,"경남","합천군","차대사람","기타","기타","운전자법규위반","안전운전 의무 불이행","기타/불명","기타/불명","승합차","대형","보행자","보행자","1046580 ","1725099 ",128.01373004,35.52073146
"2012","2012122303","35","야간","일",1,1,0,0,0,"대구","서구","차대사람","횡단중","횡단중","운전자법규위반","안전운전 의무 불이행","단일로","기타단일로","승용차","중형","보행자","보행자","1095425 ","1763083 ",128.55688796,35.85965581
"2012","2012122005","00","야간","목",1,1,0,0,0,"경기","고양시","차량단독","공작물충돌","공작물충돌","운전자법규위반","안전운전 의무 불이행","교차로","교차로내","승용차","중형","00","00","943372  ","1967437 ",126.85758497,37.70475554
"2012","2012120706","35","주간","금",1,2,1,0,0,"대구","남구","차량단독","공작물충돌","공작물충돌","운전자법규위반","안전운전 의무 불이행","단일로","기타단일로","승용차","중형","00","00","1097929 ","1761210 ",128.58438689,35.84252442
"2012","2012120622","40","야간","목",1,1,0,0,0,"대구","서구","차대사람","기타","기타","운전자법규위반","안전운전 의무 불이행","단일로","기타단일로","승용차","중형","보행자","보행자","1096683 ","1764300 ",128.57096648,35.87050318
"2012","2012120517","00","주간","수",1,1,0,0,0,"전남","장성군","차량단독","전도전복","전도전복","운전자법규위반","안전운전 의무 불이행","단일로","기타단일로","화물차","소형","00","00","941215  ","1713045 ",126.86679909,35.3258912
"2012","2012120220","32","야간","일",1,2,1,0,0,"대전","대덕구","차대차","측면직각충돌","측면직각충돌","운전자법규위반","신호위반","교차로","교차로내","이륜차","소형","승합차","소형","993622  ","1819250 ",127.42889947,36.37067202
"2012","2012120320","25","야간","월",1,1,0,0,0,"경북","포항시","차대사람","기타","기타","운전자법규위반","안전운전 의무 불이행","단일로","기타단일로","승용차","중형","보행자","보행자","1167647 ","1778416 ",129.35972615,35.98813019
"2012","2012020620","25","야간","월",1,1,0,0,0,"서울","노원구","차대사람","횡단중","횡단중","운전자법규위반","안전운전 의무 불이행","단일로","기타단일로","승용차","중형","보행자","보행자","962973  ","1963355 ",127.075917,37.66535427
"2012","2012020500","10","야간","일",1,1,0,0,0,"부산","북구","차대사람","횡단중","횡단중","운전자법규위반","안전운전 의무 불이행","단일로","기타단일로","승용차","중형","보행자","보행자","1136219 ","1691126 ",128.99649115,35.20624545
"2012","2012020911","35","주간","목",1,1,0,0,0,"충남","당진시","차대차","기타","기타","운전자법규위반","안전운전 의무 불이행","단일로","기타단일로","화물차","소형","자전거","자전거","928976  ","1872878 ",126.703317,36.85148085
"2012","2012020806","55","주간","수",1,1,0,0,0,"충북","청원군","차대사람","횡단중","횡단중","운전자법규위반","보행자 보호의무 위반","단일로","기타단일로","승용차","소형","보행자","보행자","984977  ","1847653 ",127.33197489,36.62663317
"2012","2012020701","45","야간","화",1,1,0,0,0,"강원","원주시","차량단독","공작물충돌","공작물충돌","운전자법규위반","안전운전 의무 불이행","단일로","기타단일로","이륜차","소형","00","00","1039858 ","1929019 ",127.95008897,37.3593642
"2012","2012020620","10","야간","월",1,1,0,0,0,"서울","도봉구","차대차","측면직각충돌","측면직각충돌","운전자법규위반","안전운전 의무 불이행","단일로","기타단일로","이륜차","소형","승합차","대형","958897  ","1960985 ",127.03406541,37.64743106
"2012","2012021406","50","주간","화",1,1,0,0,0,"서울","영등포구","차대사람","횡단중","횡단중","운전자법규위반","안전운전 의무 불이행","단일로","횡단보도상","승합차","대형","보행자","보행자","947394  ","1946890 ",126.9046882,37.51980507
"2012","2012021517","30","주간","수",1,1,0,0,0,"부산","기장군","차대사람","길가장자리구역통행중","길가장자리구역통행중","운전자법규위반","안전운전 의무 불이행","단일로","기타단일로","건설기계","건설기계","보행자","보행자","1155538 ","1695339 ",129.20944567,35.24140897
"2012","2012021418","45","야간","화",2,5,3,0,0,"전남","신안군","차대차","정면충돌","정면충돌","운전자법규위반","중앙선 침범","단일로","기타단일로","승용차","중형","화물차","소형","895185  ","1648382 ",126.35382983,34.82465522
"2012","2012022120","10","야간","화",1,1,0,0,0,"강원","원주시","차대차","측면직각충돌","측면직각충돌","운전자법규위반","신호위반","교차로","교차로내","화물차","대형","이륜차","소형","1039992 ","1933205 ",127.95182839,37.39708924
"2012","2012022720","15","야간","월",1,1,0,0,0,"충남","천안시","차대사람","기타","기타","운전자법규위반","안전운전 의무 불이행","교차로","교차로부근","승용차","소형","보행자","보행자","967273  ","1883402 ",127.13243068,36.94845119
"2012","2012030506","55","주간","월",1,1,0,0,0,"제주","제주시","차대사람","횡단중","횡단중","운전자법규위반","보행자 보호의무 위반","교차로","교차로부근","승용차","소형","보행자","보행자","910397  ","1502832 ",126.53520461,33.51363086
"2012","2012030315","35","주간","토",1,1,0,0,0,"경북","안동시","차량단독","기타","기타","운전자법규위반","안전운전 의무 불이행","단일로","기타단일로","원동기장치자전거","원동기장치자전거","00","00","1095959 ","1830843 ",128.57107997,36.47040093
"2012","2012030218","52","야간","금",1,1,0,0,0,"전북","김제시","차대사람","횡단중","횡단중","운전자법규위반","안전운전 의무 불이행","교차로","교차로내","승합차","소형","보행자","보행자","952377  ","1765855 ",126.97235135,35.8881383
"2012","2012030209","20","주간","금",1,1,0,0,0,"전북","군산시","차대차","측면직각충돌","측면직각충돌","운전자법규위반","직진 및 우회전차의 통행방해","교차로","교차로내","화물차","소형","농기계","농기계","938772  ","1776085 ",126.79270987,35.96753687
"2012","2012011818","18","야간","수",1,1,0,0,0,"충북","충주시","차대사람","길가장자리구역통행중","길가장자리구역통행중","운전자법규위반","안전운전 의무 불이행","단일로","기타단일로","승용차","중형","보행자","보행자","1028430 ","1886194 ",127.81941393,36.97375882
"2012","2012011710","15","주간","화",1,1,0,0,0,"경남","창원시(통합)","차대차","기타","기타","운전자법규위반","직진 및 우회전차의 통행방해","교차로","교차로내","원동기장치자전거","원동기장치자전거","승용차","중형","1105373 ","1684433 ",128.65683468,35.14961986
"2012","2012011514","30","주간","일",1,3,0,2,0,"경남","거제시","차대차","측면직각충돌","측면직각충돌","운전자법규위반","안전운전 의무 불이행","단일로","기타단일로","승용차","대형","승용차","대형","1096238 ","1657049 ",128.55338987,34.90364528
"2012","2012011606","20","주간","월",1,1,0,0,0,"경기","김포시","차대사람","횡단중","횡단중","운전자법규위반","안전운전 의무 불이행","단일로","기타단일로","화물차","소형","보행자","보행자","920418  ","1965976 ",126.59736889,37.68988249
"2012","2012011506","45","주간","일",1,1,0,0,0,"서울","강동구","차대사람","횡단중","횡단중","운전자법규위반","안전운전 의무 불이행","단일로","횡단보도부근","승용차","중형","보행자","보행자","971215  ","1949802 ",127.17413691,37.54710338
"2012","2012080619","35","야간","월",1,3,1,1,0,"경남","통영시","차대사람","보도통행중","보도통행중","운전자법규위반","안전운전 의무 불이행","단일로","기타단일로","승용차","중형","보행자","보행자","1083148 ","1648516 ",128.40928094,34.82786478
"2012","2012081520","00","야간","수",1,2,1,0,0,"경기","평택시","차대사람","횡단중","횡단중","운전자법규위반","안전운전 의무 불이행","단일로","기타단일로","화물차","소형","보행자","보행자","961183  ","1899283 ",127.06321457,37.09137331
"2012","2012112213","15","주간","목",1,3,0,2,0,"경북","안동시","차량단독","공작물충돌","공작물충돌","운전자법규위반","안전운전 의무 불이행","단일로","기타단일로","화물차","소형","00","00","1103559 ","1831800 ",128.65602311,36.47823533
"2012","2012070321","55","야간","화",1,2,1,0,0,"서울","은평구","차대차","정면충돌","정면충돌","운전자법규위반","신호위반","교차로","교차로내","원동기장치자전거","원동기장치자전거","승용차","중형","945890  ","1954363 ",126.88711783,37.58707272
"2012","2012092718","58","야간","목",1,1,0,0,0,"울산","동구","차대사람","보도통행중","보도통행중","운전자법규위반","보행자 보호의무 위반","단일로","횡단보도상","승용차","중형","보행자","보행자","1174477 ","1723100 ",129.42378445,35.48878661
"2012","2012062605","19","야간","화",1,2,1,0,0,"경기","이천시","차량단독","도로이탈","도로이탈 추락","운전자법규위반","안전운전 의무 불이행","단일로","기타단일로","승용차","중형","00","00","1001646 ","1915176 ",127.51855673,37.23543859
"2012","2012062510","50","주간","월",1,1,0,0,0,"전북","완주군","차대차","기타","기타","운전자법규위반","중앙선 침범","교차로","교차로내","자전거","자전거","화물차","소형","962674  ","1769270 ",127.11340076,35.9234409
"2012","2012070602","30","야간","금",1,6,1,3,1,"경남","창원시(통합)","차대차","추돌","주정차중 추돌","운전자법규위반","안전운전 의무 불이행","교차로","교차로부근","승용차","중형","승용차","소형","1107722 ","1691167 ",128.68371826,35.2101135
"2012","2012070516","25","주간","목",1,3,2,0,0,"인천","연수구","차대차","측면직각충돌","측면직각충돌","운전자법규위반","중앙선 침범","단일로","기타단일로","화물차","중형","승합차","중형","925019  ","1934143 ",126.65280207,37.40337216
"2012","2012071504","26","야간","일",1,1,0,0,0,"서울","동대문구","차량단독","공작물충돌","공작물충돌","운전자법규위반","안전운전 의무 불이행","단일로","기타단일로","승용차","중형","00","00","962134  ","1951365 ",127.07125628,37.56086277
"2013","2013042000","05","야간","토",1,1,0,0,0,"경기","평택시","차대사람","횡단중","횡단중","운전자법규위반","안전운전 의무 불이행","단일로","기타단일로","승용차","중형","보행자","보행자","963439  ","1889485 ",127.08879236,37.00360245
"2013","2013042608","50","주간","금",1,1,0,0,0,"경기","수원시","차대차","추돌","진행중 추돌","운전자법규위반","안전운전 의무 불이행","단일로","기타단일로","승용차","중형","자전거","자전거","953353  ","1916813 ",126.9765087,37.25002194
"2013","2013042400","18","야간","수",1,1,0,0,0,"경기","이천시","차대사람","횡단중","횡단중","운전자법규위반","안전운전 의무 불이행","단일로","기타단일로","승합차","소형","보행자","보행자","1000637 ","1921305 ",127.50718668,37.29068681
"2013","2013042319","22","야간","화",1,1,0,0,0,"전남","순천시","차대사람","기타","기타","운전자법규위반","안전운전 의무 불이행","교차로","교차로부근","승용차","중형","보행자","보행자","998855  ","1662484 ",127.48745881,34.95722006
"2013","2013042418","53","야간","수",1,1,0,0,0,"서울","구로구","차대차","측면직각충돌","측면직각충돌","운전자법규위반","중앙선 침범","단일로","기타단일로","화물차","소형","이륜차","대형","940161  ","1942572 ",126.8231928,37.48044587
"2013","2013042305","30","야간","화",3,4,1,0,0,"경북","경주시","차량단독","공작물충돌","공작물충돌","운전자법규위반","안전운전 의무 불이행","기타/불명","기타/불명","승용차","중형","00","00","1157195 ","1769927 ",129.24214992,35.91336983
"2013","2013050100","30","야간","수",1,2,0,1,0,"충북","옥천군","차대차","측면직각충돌","측면직각충돌","운전자법규위반","안전운전 의무 불이행","교차로","교차로내","승용차","소형","화물차","대형","1007208 ","1808971 ",127.5802581,36.27799639
"2013","2013050102","00","야간","수",1,1,0,0,0,"충남","홍성군","차량단독","기타","기타","운전자법규위반","안전운전 의무 불이행","단일로","기타단일로","승용차","중형","00","00","930675  ","1847524 ",126.72467513,36.62306611
"2012","2012120706","30","주간","금",1,2,1,0,0,"경남","양산시","차대차","기타","기타","운전자법규위반","안전운전 의무 불이행","단일로","기타단일로","화물차","소형","화물차","대형","1147087 ","1704408 ",129.12545698,35.34170403
"2012","2012120218","45","야간","일",1,1,0,0,0,"경기","고양시","차대사람","기타","기타","운전자법규위반","안전운전 의무 불이행","단일로","기타단일로","화물차","소형","보행자","보행자","942121  ","1969720 ",126.84321226,37.72525346
"2012","2012120320","08","야간","월",1,1,0,0,0,"충북","충주시","차대사람","횡단중","횡단중","운전자법규위반","안전운전 의무 불이행","단일로","기타단일로","승용차","대형","보행자","보행자","1033835 ","1883060 ",127.87957557,36.94617784
"2012","2012120408","50","주간","화",1,1,0,0,0,"경남","의령군","차대차","측면직각충돌","측면직각충돌","운전자법규위반","안전운전 의무 불이행","단일로","기타단일로","건설기계","건설기계","자전거","자전거","1071079 ","1702984 ",128.28198121,35.31988997
"2012","2012120822","25","야간","토",1,2,0,0,1,"부산","기장군","차량단독","공작물충돌","공작물충돌","운전자법규위반","안전운전 의무 불이행","단일로","기타단일로","승용차","소형","00","00","1149297 ","1708121 ",129.14320728,35.35756599
"2012","2012011420","00","야간","토",1,1,0,0,0,"충남","홍성군","차량단독","도로이탈","도로이탈 추락","운전자법규위반","안전운전 의무 불이행","단일로","교량위","원동기장치자전거","원동기장치자전거","00","00","931814  ","1847704 ",126.7373966,36.62477088
"2012","2012042803","10","야간","토",1,2,1,0,0,"제주","제주시","차대차","정면충돌","정면충돌","운전자법규위반","중앙선 침범","단일로","기타단일로","승용차","경형","화물차","소형","903130  ","1500883 ",126.45717929,33.49542042
"2012","2012112206","35","주간","목",1,1,0,0,0,"충북","충주시","차대사람","횡단중","횡단중","운전자법규위반","안전운전 의무 불이행","단일로","기타단일로","승용차","중형","보행자","보행자","1033479 ","1884982 ",127.87608518,36.96266735
"2012","2012060206","58","주간","토",1,1,0,0,0,"대구","달서구","차대차","추돌","주정차중 추돌","운전자법규위반","안전운전 의무 불이행","단일로","기타단일로","승용차","중형","화물차","대형","1089643 ","1762122 ",128.49274979,35.85153882
"2012","2012060612","28","주간","수",1,1,0,0,0,"서울","용산구","차대사람","차도통행중","차도통행중","운전자법규위반","안전운전 의무 불이행","단일로","기타단일로","승용차","중형","보행자","보행자","952875  ","1948404 ",126.96661376,37.53374744
"2012","2012110622","18","야간","화",1,1,0,0,0,"광주","북구","차대차","측면직각충돌","측면직각충돌","운전자법규위반","안전거리 미확보","단일로","기타단일로","승용차","중형","원동기장치자전거","원동기장치자전거","943357  ","1690764 ",126.87767124,35.210631
"2012","2012111906","50","주간","월",1,1,0,0,0,"경기","평택시","차대차","추돌","진행중 추돌","운전자법규위반","안전거리 미확보","단일로","기타단일로","승용차","소형","건설기계","건설기계","961488  ","1893681 ",127.06693364,37.04088908
"2012","2012111612","15","주간","금",1,1,0,0,0,"강원","홍천군","차대차","기타","기타","운전자법규위반","안전운전 의무 불이행","단일로","기타단일로","화물차","소형","자전거","자전거","1035408 ","1965856 ",127.90054565,37.69090824
"2012","2012112021","45","야간","화",1,2,1,0,0,"경남","함안군","차량단독","공작물충돌","공작물충돌","운전자법규위반","안전운전 의무 불이행","단일로","기타단일로","승용차","대형","00","00","1076368 ","1697217 ",128.33962601,35.26750422
"2012","2012112110","50","주간","수",1,1,0,0,0,"경남","거창군","차대차","측면직각충돌","측면직각충돌","운전자법규위반","안전운전 의무 불이행","단일로","기타단일로","화물차","소형","이륜차","중형","1038677 ","1744899 ",127.92751913,35.6995935
"2012","2012112018","10","야간","화",1,1,0,0,0,"강원","양구군","차대사람","횡단중","횡단중","운전자법규위반","안전운전 의무 불이행","단일로","기타단일로","건설기계","건설기계","보행자","보행자","1043665 ","2009559 ",127.99791301,38.08509889
"2012","2012111411","33","주간","수",1,1,0,0,0,"전남","해남군","차량단독","전도전복","전도전복","운전자법규위반","안전운전 의무 불이행","단일로","기타단일로","승용차","대형","00","00","906045  ","1620808 ",126.64069882,34.6226293
"2012","2012112123","30","야간","수",1,2,0,1,0,"대전","서구","차량단독","공작물충돌","공작물충돌","운전자법규위반","안전운전 의무 불이행","교차로","교차로부근","원동기장치자전거","원동기장치자전거","00","00","986116  ","1811819 ",127.34535693,36.30359946
"2012","2012111710","15","주간","토",1,1,0,0,0,"충남","천안시","차대사람","횡단중","횡단중","운전자법규위반","안전운전 의무 불이행","단일로","횡단보도상","승합차","대형","보행자","보행자","969158  ","1896027 ",127.15413026,36.81893207
"2012","2012110305","15","야간","토",1,1,0,0,0,"대전","동구","차대사람","횡단중","횡단중","운전자법규위반","안전운전 의무 불이행","단일로","횡단보도부근","승용차","대형","보행자","보행자","995098  ","1814206 ",127.44538535,36.32520693
"2012","2012103018","05","야간","화",1,1,0,0,0,"경남","의령군","차대차","측면직각충돌","측면직각충돌","운전자법규위반","안전운전 의무 불이행","단일로","기타단일로","화물차","소형","농기계","농기계","1068999 ","1696254 ",128.25853347,35.25935665
"2012","2012103119","40","야간","수",1,1,0,0,0,"경북","상주시","차대사람","횡단중","횡단중","운전자법규위반","안전운전 의무 불이행","교차로","교차로내","화물차","소형","보행자","보행자","1040442 ","1816526 ",127.95069071,36.34528536
"2012","2012110406","25","주간","일",1,1,0,0,0,"경기","용인시","차대차","기타","기타","운전자법규위반","안전운전 의무 불이행","교차로","교차로부근","승용차","중형","승용차","중형","965499  ","1917425 ",127.11094139,37.25507346
"2012","2012103120","10","야간","수",1,1,0,0,0,"경남","양산시","차대차","측면직각충돌","측면직각충돌","운전자법규위반","안전운전 의무 불이행","기타/불명","기타/불명","이륜차","소형","화물차","소형","1142913 ","1717687 ",129.0731657,35.44522038
"2012","2012110210","35","주간","금",1,1,0,0,0,"전남","영암군","차대차","기타","기타","운전자법규위반","안전운전 의무 불이행","단일로","기타단일로","승용차","중형","자전거","자전거","905188  ","1639756 ",126.46417055,34.74786206
"2012","2012122917","55","주간","토",1,1,0,0,0,"경기","용인시","차대사람","기타","기타","운전자법규위반","안전운전 의무 불이행","단일로","횡단보도부근","승합차","소형","보행자","보행자","967463  ","1918907 ",127.13302366,37.26850268
"2012","2012121300","20","야간","목",1,2,0,1,0,"서울","마포구","차대사람","기타","기타","운전자법규위반","안전운전 의무 불이행","단일로","교량위","승용차","중형","보행자","보행자","944277  ","1953354 ",126.8689258,37.57788233
"2012","2012121407","50","주간","금",1,1,0,0,0,"경기","하남시","차량단독","도로이탈","도로이탈 추락","운전자법규위반","안전운전 의무 불이행","단일로","기타단일로","화물차","소형","00","00","976977  ","1944986 ",127.23951641,37.50385619
"2012","2012121315","24","주간","목",1,4,2,1,0,"경남","창원시(통합)","차대차","추돌","진행중 추돌","운전자법규위반","중앙선 침범","교차로","교차로부근","승용차","경형","승합차","대형","1098872 ","1694775 ",128.58928143,35.24546131
"2012","2012121313","20","주간","목",1,1,0,0,0,"인천","서구","차대사람","횡단중","횡단중","운전자법규위반","안전운전 의무 불이행","기타/불명","기타/불명","특수차","대형","보행자","보행자","927939  ","1950624 ",126.68417829,37.55214368
"2012","2012121415","00","주간","금",1,1,0,0,0,"서울","강서구","차량단독","주/정차차량 충돌","주/정차차량 충돌","운전자법규위반","안전운전 의무 불이행","단일로","기타단일로","승용차","중형","승용차","중형","939015  ","1951718 ",126.80947254,37.56280361
"2012","2012121500","45","야간","토",1,1,0,0,0,"제주","제주시","차대사람","기타","기타","운전자법규위반","안전운전 의무 불이행","단일로","기타단일로","승용차","중형","보행자","보행자","920013  ","1495602 ",126.63937863,33.44918906
"2012","2012122106","20","주간","금",1,5,4,0,0,"충남","아산시","차대차","기타","기타","운전자법규위반","안전운전 의무 불이행","교차로","교차로내","승용차","중형","승합차","중형","956198  ","1864126 ",127.00915937,36.77424126
"2012","2012122118","55","야간","금",1,1,0,0,0,"부산","금정구","차대사람","횡단중","횡단중","운전자법규위반","안전운전 의무 불이행","단일로","횡단보도부근","승합차","중형","보행자","보행자","1145005 ","1699868 ",129.09452342,35.2838109
"2012","2012122618","45","야간","수",1,1,0,0,0,"경기","수원시","차대사람","기타","기타","운전자법규위반","보행자 보호의무 위반","교차로","교차로내","승합차","대형","보행자","보행자","956934  ","1921258 ",127.01413704,37.28926619
"2012","2012121805","50","야간","화",1,1,0,0,0,"경남","김해시","차량단독","공작물충돌","공작물충돌","운전자법규위반","안전운전 의무 불이행","기타/불명","기타/불명","이륜차","소형","00","00","1126813 ","1693706 ",128.89358334,35.23073566
"2012","2012120505","45","야간","수",1,1,0,0,0,"전북","고창군","차대사람","차도통행중","차도통행중","운전자법규위반","안전운전 의무 불이행","단일로","기타단일로","화물차","소형","보행자","보행자","914424  ","1726233 ",126.55610428,35.52835676
"2012","2012120114","55","주간","토",1,1,0,0,0,"서울","강북구","차대차","측면직각충돌","측면직각충돌","운전자법규위반","신호위반","교차로","교차로내","승용차","중형","이륜차","중형","959196  ","1957183 ",127.03766704,37.61317631
"2012","2012120609","10","주간","목",1,2,0,1,0,"전남","영암군","차량단독","전도전복","전도전복","운전자법규위반","안전운전 의무 불이행","단일로","기타단일로","화물차","소형","00","00","901193  ","1639496 ",126.42056204,34.74513883
"2012","2012120609","58","주간","목",1,1,0,0,0,"전남","광양시","차량단독","공작물충돌","공작물충돌","운전자법규위반","안전운전 의무 불이행","단일로","기타단일로","화물차","소형","00","00","1016901 ","1658541 ",127.68503648,34.9215237
"2012","2012110819","57","야간","목",1,1,0,0,0,"인천","연수구","차량단독","공작물충돌","공작물충돌","운전자법규위반","안전운전 의무 불이행","단일로","기타단일로","승용차","중형","00","00","926404  ","1936620 ",126.66762273,37.42611946
"2012","2012111705","45","야간","토",1,1,0,0,0,"경기","오산시","차량단독","기타","기타","운전자법규위반","안전운전 의무 불이행","단일로","기타단일로","화물차","중형","00","00","961525  ","1907779 ",127.06662632,37.16797015