"발생년","발생년월일시","발생분","주야","요일","사망자수","사상자수","중상자수","경상자수","부상신고자수","발생지시도","발생지시군구","사고유형_대분류","사고유형_중분류","사고유형","법규위반_대분류","법규위반","도로형태_대분류","도로형태","당사자종별_1당_대분류","당사자종별_1당","당사자종별_2당_대분류","당사자종별_2당","발생위치X_UTMK","발생위치Y_UTMK","경도","위도"
"2013","2013021809","30","주간","월",1,1,0,0,0,"광주","서구","차대사람","횡단중","횡단중","운전자법규위반","안전운전 의무 불이행","단일로","기타단일로","승용차","중형","보행자","보행자","941603  ","1682541 ",126.85898359,35.13638677
"2013","2013021613","40","주간","토",1,6,3,2,0,"경기","고양시","차대차","측면직각충돌","측면직각충돌","운전자법규위반","신호위반","교차로","교차로내","승용차","중형","승합차","대형","944677  ","1955783 ",126.87327208,37.59979902
"2013","2013022009","00","주간","수",1,4,3,0,0,"서울","강서구","차대차","기타","기타","운전자법규위반","안전운전 의무 불이행","단일로","기타단일로","승용차","중형","화물차","소형","943732  ","1951705 ",126.86288053,37.56298674
"2012","2012012411","30","주간","화",1,1,0,0,0,"경북","칠곡군","차량단독","전도전복","전도전복","운전자법규위반","안전운전 의무 불이행","단일로","기타단일로","승용차","소형","00","00","1080824 ","1778926 ",128.39680433,36.00379318
"2012","2012012100","10","야간","토",1,2,1,0,0,"부산","진구","차대사람","횡단중","횡단중","운전자법규위반","안전운전 의무 불이행","단일로","기타단일로","승용차","중형","보행자","보행자","1139651 ","1684970 ",129.03314046,35.15028385
"2012","2012012216","55","주간","일",1,1,0,0,0,"경기","가평군","차대차","정면충돌","정면충돌","운전자법규위반","교차로 통행방법 위반","교차로","교차로내","승합차","중형","이륜차","중형","993204  ","1970855 ",127.42146797,37.74187476
"2012","2012012521","27","야간","수",1,1,0,0,0,"전남","영암군","차량단독","공작물충돌","공작물충돌","운전자법규위반","안전운전 의무 불이행","교차로","교차로내","승용차","경형","00","00","900618  ","1639807 ",126.41424463,34.74788703
"2012","2012012518","00","야간","수",1,1,0,0,0,"경북","영주시","차대사람","기타","기타","운전자법규위반","안전운전 의무 불이행","단일로","기타단일로","승용차","대형","보행자","보행자","1102920 ","1887435 ",128.66224897,36.97586399
"2012","2012012500","50","야간","수",1,5,3,1,0,"서울","동작구","차대차","기타","기타","운전자법규위반","중앙선 침범","단일로","기타단일로","승용차","중형","승합차","대형","949523  ","1946147 ",126.92883079,37.51322724
"2012","2012012501","30","야간","수",1,2,0,1,0,"대전","서구","차량단독","공작물충돌","공작물충돌","운전자법규위반","안전운전 의무 불이행","단일로","기타단일로","승용차","중형","00","00","989134  ","1816516 ",127.37890651,36.34598371
"2012","2012020514","15","주간","일",1,1,0,0,0,"서울","은평구","차대사람","횡단중","횡단중","운전자법규위반","안전운전 의무 불이행","단일로","기타단일로","승합차","대형","보행자","보행자","945699  ","1954573 ",126.88493899,37.5889542
"2012","2012020609","15","주간","월",1,1,0,0,0,"경기","부천시","차대사람","횡단중","횡단중","운전자법규위반","안전운전 의무 불이행","단일로","기타단일로","승용차","중형","보행자","보행자","938667  ","1948310 ",126.80581734,37.53206443
"2012","2012020310","30","주간","금",1,1,0,0,0,"경북","구미시","차량단독","전도전복","전도전복","운전자법규위반","안전운전 의무 불이행","교차로","교차로부근","화물차","소형","00","00","1082912 ","1790789 ",128.42126087,36.11065784
"2012","2012021105","15","야간","토",1,1,0,0,0,"경기","화성시","차대차","추돌","주정차중 추돌","운전자법규위반","안전운전 의무 불이행","단일로","기타단일로","승용차","소형","화물차","대형","948531  ","1895976 ",126.92108135,37.06095472
"2012","2012020915","05","주간","목",1,2,1,0,0,"서울","광진구","차대차","추돌","주정차중 추돌","운전자법규위반","안전운전 의무 불이행","단일로","기타단일로","화물차","소형","화물차","소형","962682  ","1947757 ",127.07764445,37.52836496
"2012","2012020901","48","야간","목",1,2,0,1,0,"서울","강동구","차대차","기타","기타","운전자법규위반","신호위반","교차로","교차로내","원동기장치자전거","원동기장치자전거","승용차","소형","967684  ","1948508 ",127.13422161,37.53532294
"2012","2012020807","43","주간","수",1,2,0,1,0,"경기","하남시","차대차","측면직각충돌","측면직각충돌","운전자법규위반","중앙선 침범","교차로","교차로부근","승용차","경형","화물차","소형","972852  ","1953462 ",127.19253291,37.58014225
"2012","2012021506","40","주간","수",1,1,0,0,0,"경기","의정부시","차대사람","횡단중","횡단중","운전자법규위반","신호위반","단일로","기타단일로","승용차","중형","보행자","보행자","964223  ","1969750 ",127.09400787,37.72665435
"2012","2012021200","00","야간","일",1,1,0,0,0,"전북","완주군","차량단독","전도전복","전도전복","운전자법규위반","안전운전 의무 불이행","단일로","기타단일로","승합차","소형","00","00","985581  ","1792133 ",127.3397603,36.12611081
"2012","2012021321","35","야간","월",1,1,0,0,0,"전북","전주시","차대사람","횡단중","횡단중","운전자법규위반","안전운전 의무 불이행","단일로","기타단일로","승용차","중형","보행자","보행자","967279  ","1760695 ",127.13766925,35.84222777
"2012","2012021811","00","주간","토",1,4,3,0,0,"경남","진주시","차대차","측면직각충돌","측면직각충돌","운전자법규위반","중앙선 침범","단일로","기타단일로","화물차","소형","이륜차","대형","1052699 ","1684565 ",128.07192919,35.15527162
"2012","2012022214","10","주간","수",1,3,1,1,0,"경북","예천군","차량단독","공작물충돌","공작물충돌","운전자법규위반","안전운전 의무 불이행","단일로","기타단일로","화물차","소형","00","00","1082050 ","1846728 ",128.41753989,36.61488011
"2012","2012022303","43","야간","목",1,2,1,0,0,"서울","송파구","차량단독","공작물충돌","공작물충돌","운전자법규위반","안전운전 의무 불이행","단일로","기타단일로","화물차","중형","00","00","963085  ","1946456 ",127.08227078,37.51665476
"2012","2012022217","25","주간","수",1,1,0,0,0,"전남","나주시","차대사람","기타","기타","운전자법규위반","안전운전 의무 불이행","단일로","기타단일로","화물차","소형","보행자","보행자","929910  ","1674987 ",126.73128015,35.06752947
"2013","2013101203","30","야간","토",1,2,0,1,0,"경기","안성시","차대차","추돌","진행중 추돌","운전자법규위반","안전운전 의무 불이행","단일로","기타단일로","화물차","경형","화물차","경형","967633  ","1895445 ",127.13578792,37.05703067
"2013","2013082304","20","야간","금",1,1,0,0,0,"서울","강동구","차대차","추돌","진행중 추돌","운전자법규위반","안전운전 의무 불이행","단일로","기타단일로","승용차","대형","화물차","중형","971875  ","1949485 ",127.18162054,37.54426649
"2013","2013010506","50","주간","토",1,1,0,0,0,"경기","이천시","차대사람","차도통행중","차도통행중","운전자법규위반","안전운전 의무 불이행","교차로","교차로부근","화물차","중형","보행자","보행자","999091  ","1916995 ",127.48974987,37.25183618
"2013","2013051514","30","주간","수",1,1,0,0,0,"경남","사천시","차대사람","기타","기타","운전자법규위반","안전운전 의무 불이행","단일로","기타단일로","승용차","소형","보행자","보행자","1056958 ","1673862 ",128.12462439,35.05821284
"2013","2013051503","48","야간","수",1,1,0,0,0,"충북","진천군","차대차","측면직각충돌","측면직각충돌","운전자법규위반","중앙선 침범","교차로","교차로부근","이륜차","소형","승용차","중형","998753  ","1876370 ",127.48600593,36.88562884
"2013","2013051317","40","주간","월",1,1,0,0,0,"경북","김천시","차량단독","기타","기타","운전자법규위반","안전운전 의무 불이행","단일로","기타단일로","건설기계","건설기계","00","00","1047741 ","1765702 ",128.02894683,35.88675315
"2013","2013051317","24","주간","월",1,6,3,1,1,"전남","여수시","차대차","추돌","진행중 추돌","운전자법규위반","안전운전 의무 불이행","단일로","기타단일로","화물차","중형","승용차","경형","1022800 ","1637903 ",127.74927722,34.73527523
"2013","2013051407","50","주간","화",1,1,0,0,0,"경남","창원시(통합)","차대차","측면직각충돌","측면직각충돌","운전자법규위반","안전운전 의무 불이행","교차로","교차로내","승용차","중형","자전거","자전거","1109545 ","1690181 ",128.70339155,35.20099325
"2013","2013051413","45","주간","화",1,1,0,0,0,"경북","구미시","차량단독","기타","기타","운전자법규위반","안전운전 의무 불이행","단일로","기타단일로","승용차","소형","00","00","1087094 ","1803661 ",128.46910219,36.22622611
"2012","2012040818","00","야간","일",1,3,2,0,0,"경북","구미시","차대차","정면충돌","정면충돌","운전자법규위반","중앙선 침범","단일로","기타단일로","화물차","소형","승용차","중형","1068321 ","1805979 ",128.26043467,36.24863183
"2012","2012030822","00","야간","목",1,1,0,0,0,"충남","당진시","차량단독","공작물충돌","공작물충돌","운전자법규위반","안전운전 의무 불이행","단일로","기타단일로","승용차","대형","00","00","910121  ","1894584 ",126.4892637,37.04551387
"2012","2012031308","50","주간","화",1,4,0,3,0,"경기","남양주시","차대차","측면직각충돌","측면직각충돌","운전자법규위반","안전운전 의무 불이행","교차로","교차로내","승용차","경형","승용차","경형","973178  ","1969902 ",127.19562075,37.72833052
"2012","2012031901","35","야간","월",1,3,0,2,0,"서울","구로구","차대차","추돌","진행중 추돌","운전자법규위반","안전운전 의무 불이행","단일로","기타단일로","화물차","소형","화물차","대형","944673  ","1945316 ",126.87401635,37.50545922
"2012","2012011720","55","야간","화",1,2,1,0,0,"인천","남동구","차대차","기타","기타","운전자법규위반","안전운전 의무 불이행","단일로","기타단일로","승용차","중형","화물차","소형","929971  ","1940928 ",126.7081048,37.46491237
"2012","2012012000","32","야간","금",1,1,0,0,0,"서울","강서구","차대차","기타","기타","운전자법규위반","안전운전 의무 불이행","단일로","기타단일로","화물차","소형","원동기장치자전거","원동기장치자전거","941620  ","1949308 ",126.83915869,37.54125115
"2012","2012011818","35","야간","수",1,1,0,0,0,"서울","중구","차대사람","횡단중","횡단중","운전자법규위반","보행자 보호의무 위반","단일로","기타단일로","승합차","소형","보행자","보행자","952748  ","1951206 ",126.9649959,37.55899593
"2012","2012121713","25","주간","월",1,4,1,1,1,"강원","인제군","차대차","측면직각충돌","측면직각충돌","운전자법규위반","신호위반","교차로","교차로내","승용차","중형","화물차","소형","1059606 ","2010475 ",128.17975483,38.09244331
"2012","2012121718","40","야간","월",1,4,3,0,0,"전남","해남군","차대차","정면충돌","정면충돌","운전자법규위반","중앙선 침범","단일로","기타단일로","화물차","소형","화물차","소형","901325  ","1630636 ",126.42303971,34.66526736
"2012","2012092719","55","야간","목",1,1,0,0,0,"전남","완도군","차대사람","길가장자리구역통행중","길가장자리구역통행중","운전자법규위반","안전운전 의무 불이행","단일로","기타단일로","화물차","소형","보행자","보행자","940904  ","1576083 ",126.85874821,34.1763739
"2012","2012110922","10","야간","금",1,1,0,0,0,"광주","남구","차대사람","보도통행중","보도통행중","운전자법규위반","기타(운전자법규위반)","고가도로위","고가도로위","승용차","대형","보행자","보행자","943605  ","1679233 ",126.88092014,35.10670839
"2013","2013042421","40","야간","수",2,3,1,0,0,"충남","금산군","차량단독","도로이탈","도로이탈 추락","운전자법규위반","과속","단일로","기타단일로","승용차","대형","00","00","998075  ","1794529 ",127.47860139,36.14781778
"2013","2013050119","40","야간","수",1,1,0,0,0,"서울","은평구","차대사람","기타","기타","운전자법규위반","안전운전 의무 불이행","단일로","횡단보도상","승합차","대형","보행자","보행자","950437  ","1955484 ",126.93854159,37.59743257
"2013","2013050116","40","주간","수",1,1,0,0,0,"경북","청송군","차량단독","기타","기타","운전자법규위반","기타(운전자법규위반)","단일로","기타단일로","농기계","농기계","00","00","1131113 ","1811497 ",128.95994519,36.29193652
"2013","2013050414","43","주간","토",1,1,0,0,0,"강원","홍천군","차대차","기타","기타","운전자법규위반","중앙선 침범","단일로","기타단일로","원동기장치자전거","원동기장치자전거","화물차","중형","1034117 ","1953975 ",127.88641754,37.58453413
"2013","2013050409","35","주간","토",1,2,0,1,0,"경기","성남시","차량단독","공작물충돌","공작물충돌","운전자법규위반","안전운전 의무 불이행","단일로","기타단일로","승용차","중형","00","00","972755  ","1937062 ",127.19204217,37.43231755
"2013","2013050422","15","야간","토",1,1,0,0,0,"제주","제주시","차대사람","횡단중","횡단중","운전자법규위반","과속","단일로","기타단일로","승용차","중형","보행자","보행자","915187  ","1503633 ",126.58669888,33.52124559
"2013","2013051207","30","주간","일",1,2,0,1,0,"강원","강릉시","차대차","추돌","주정차중 추돌","운전자법규위반","안전운전 의무 불이행","단일로","기타단일로","화물차","경형","승용차","중형","1118210 ","1970480 ",128.84139505,37.72630075
"2013","2013051120","55","야간","토",1,1,0,0,0,"서울","관악구","차대사람","기타","기타","운전자법규위반","안전운전 의무 불이행","단일로","기타단일로","원동기장치자전거","원동기장치자전거","보행자","보행자","949836  ","1941084 ",126.93271759,37.46761029
"2013","2013051107","00","주간","토",1,1,0,0,0,"충남","부여군","차대사람","기타","기타","운전자법규위반","안전운전 의무 불이행","단일로","기타단일로","화물차","중형","보행자","보행자","950368  ","1798032 ",126.94807295,36.17812944
"2013","2013051319","05","야간","월",1,1,0,0,0,"전북","익산시","차대사람","횡단중","횡단중","운전자법규위반","보행자 보호의무 위반","단일로","횡단보도상","승용차","중형","보행자","보행자","952379  ","1773787 ",126.97189825,35.95965073
"2013","2013051509","50","주간","수",1,1,0,0,0,"서울","강남구","차대사람","기타","기타","운전자법규위반","안전운전 의무 불이행","단일로","기타단일로","화물차","중형","보행자","보행자","961130  ","1942819 ",127.06034088,37.48379271
"2013","2013051413","30","주간","화",1,2,1,0,0,"경북","경산시","차량단독","공작물충돌","공작물충돌","운전자법규위반","안전운전 의무 불이행","단일로","기타단일로","이륜차","중형","00","00","1124361 ","1756368 ",128.87625221,35.79588341
"2013","2013051320","27","야간","월",1,1,0,0,0,"경북","경주시","차대사람","횡단중","횡단중","운전자법규위반","안전운전 의무 불이행","단일로","기타단일로","승용차","중형","보행자","보행자","1180011 ","1753314 ",129.49113941,35.75974056
"2013","2013051315","20","주간","월",1,3,1,0,1,"경북","성주군","차대차","기타","기타","운전자법규위반","안전운전 의무 불이행","단일로","기타단일로","승용차","경형","승용차","대형","1064457 ","1767638 ",128.21429744,35.90324862
"2013","2013051422","05","야간","화",1,1,0,0,0,"전북","군산시","차대사람","횡단중","횡단중","운전자법규위반","안전운전 의무 불이행","교차로","교차로부근","승용차","중형","보행자","보행자","926217  ","1775337 ",126.68164768,35.97199684
"2013","2013051315","10","주간","월",1,1,0,0,0,"서울","강북구","차대차","기타","기타","운전자법규위반","안전운전 의무 불이행","단일로","기타단일로","승용차","중형","자전거","자전거","958339  ","1960030 ",127.02779473,37.63879836
"2012","2012031007","10","주간","토",1,5,2,2,0,"충남","예산군","차대차","측면직각충돌","측면직각충돌","운전자법규위반","부당한 회전","단일로","횡단보도부근","승용차","중형","승합차","소형","921924  ","1854502 ",126.62610385,36.68528814
"2012","2012040703","25","야간","토",1,2,0,0,1,"인천","동구","차대차","측면직각충돌","측면직각충돌","운전자법규위반","신호위반","교차로","교차로내","승용차","대형","화물차","대형","925636  ","1942931 ",126.65888657,37.48262622
"2012","2012012819","00","야간","토",1,1,0,0,0,"경기","김포시","차량단독","기타","기타","운전자법규위반","안전운전 의무 불이행","단일로","기타단일로","승용차","중형","00","00","916366  ","1970399 ",126.55090787,37.72938232
"2012","2012011618","50","야간","월",1,1,0,0,0,"전남","장성군","차대사람","차도통행중","차도통행중","운전자법규위반","안전운전 의무 불이행","단일로","기타단일로","승합차","소형","보행자","보행자","937984  ","1705575 ",126.81752298,35.34385492
"2012","2012120614","15","주간","목",1,1,0,0,0,"전남","영암군","차대차","측면직각충돌","측면직각충돌","운전자법규위반","통행우선 순위위반","교차로","교차로내","화물차","중형","화물차","대형","904627  ","1641368 ",126.45785987,34.76234407
"2012","2012113004","45","야간","금",1,1,0,0,0,"광주","서구","차대사람","횡단중","횡단중","운전자법규위반","보행자 보호의무 위반","단일로","횡단보도상","승용차","소형","보행자","보행자","943891  ","1684394 ",126.88397147,35.15322496
"2012","2012111822","25","야간","일",1,1,0,0,0,"충북","괴산군","차대사람","차도통행중","차도통행중","운전자법규위반","안전운전 의무 불이행","단일로","기타단일로","승용차","중형","보행자","보행자","1013243 ","1868804 ",127.64848329,36.81733208
"2012","2012091123","48","야간","화",1,1,0,0,0,"전북","부안군","차대사람","기타","기타","운전자법규위반","과속","교차로","교차로내","화물차","중형","보행자","보행자","924667  ","1737802 ",126.66799416,35.6334897
"2012","2012050703","25","야간","월",1,1,0,0,0,"제주","서귀포시","차대사람","기타","기타","운전자법규위반","안전운전 의무 불이행","단일로","기타단일로","승용차","대형","보행자","보행자","909112  ","1473416 ",126.52433763,33.24823386
"2012","2012111416","05","주간","수",1,1,0,0,0,"경기","파주시","차량단독","전도전복","전도전복","운전자법규위반","안전운전 의무 불이행","단일로","기타단일로","불명","불명","00","00","956033  ","1999033 ",126.99928972,37.99021871
"2012","2012111723","55","야간","토",1,2,1,0,0,"서울","은평구","차대사람","횡단중","횡단중","운전자법규위반","안전운전 의무 불이행","단일로","기타단일로","승용차","소형","보행자","보행자","948555  ","1958441 ",126.91701495,37.62398075
"2012","2012111504","00","야간","목",1,2,0,1,0,"경기","성남시","차대차","측면직각충돌","측면직각충돌","운전자법규위반","신호위반","교차로","교차로내","승용차","소형","화물차","중형","965348  ","1927959 ",127.10874705,37.35001878
"2012","2012111906","25","주간","월",1,1,0,0,0,"전남","해남군","차대사람","보도통행중","보도통행중","운전자법규위반","신호위반","단일로","횡단보도상","화물차","소형","보행자","보행자","917006  ","1619418 ",126.5952631,34.56550765
"2012","2012111516","43","주간","목",1,2,1,0,0,"충북","충주시","차대차","측면직각충돌","측면직각충돌","운전자법규위반","신호위반","교차로","교차로내","승용차","중형","승용차","중형","1040629 ","1878699 ",127.95606476,36.90574931
"2012","2012112101","05","야간","수",1,3,0,2,0,"광주","서구","차대사람","횡단중","횡단중","운전자법규위반","신호위반","교차로","교차로내","승용차","중형","보행자","보행자","941409  ","1683744 ",126.85676886,35.14722253
"2012","2012110418","00","야간","일",1,2,1,0,0,"경남","거창군","차대차","추돌","주정차중 추돌","운전자법규위반","안전운전 의무 불이행","단일로","기타단일로","화물차","소형","건설기계","건설기계","1032205 ","1758790 ",127.85654016,35.82506934
"2012","2012110502","15","야간","월",1,1,0,0,0,"서울","동작구","차대사람","기타","기타","운전자법규위반","안전운전 의무 불이행","단일로","기타단일로","승용차","중형","보행자","보행자","953555  ","1945195 ",126.97451295,37.50485841
"2012","2012103122","27","야간","수",1,2,1,0,0,"인천","서구","차대사람","기타","기타","운전자법규위반","보행자 보호의무 위반","교차로","교차로내","승용차","중형","보행자","보행자","928667  ","1958053 ",126.69169571,37.61915521
"2012","2012110418","20","야간","일",1,1,0,0,0,"충남","서산시","차대사람","횡단중","횡단중","운전자법규위반","안전운전 의무 불이행","교차로","교차로내","승합차","중형","보행자","보행자","909484  ","1863044 ",126.48587083,36.76117771
"2012","2012110518","11","야간","월",1,2,1,0,0,"충북","영동군","차대차","정면충돌","정면충돌","운전자법규위반","중앙선 침범","단일로","기타단일로","승용차","소형","화물차","경형","1035804 ","1802424 ",127.89835888,36.21833534
"2012","2012110303","30","야간","토",1,1,0,0,0,"부산","강서구","차대사람","기타","기타","운전자법규위반","중앙선 침범","단일로","기타단일로","승용차","소형","보행자","보행자","1125278 ","1680568 ",128.87472385,35.11249514
"2012","2012110209","57","주간","금",1,5,4,0,0,"인천","서구","차대차","기타","기타","운전자법규위반","신호위반","교차로","교차로내","화물차","소형","화물차","대형","921933  ","1952313 ",126.62376095,37.56734883
"2012","2012110213","41","주간","화",1,2,1,0,0,"경기","과천시","차량단독","공작물충돌","공작물충돌","운전자법규위반","안전운전 의무 불이행","지하도로내","지하도로내","이륜차","중형","00","00","955383  ","1938697 ",126.99558831,37.44637983
"2012","2012122623","14","야간","수",1,3,2,0,0,"서울","강동구","차대차","측면직각충돌","측면직각충돌","운전자법규위반","중앙선 침범","단일로","기타단일로","승용차","대형","승용차","중형","970993  ","1950774 ",127.17158534,37.55585748
"2012","2012123000","10","야간","일",1,1,0,0,0,"대구","서구","차대사람","횡단중","횡단중","운전자법규위반","보행자 보호의무 위반","단일로","횡단보도상","승용차","대형","보행자","보행자","1096693 ","1764211 ",128.57106644,35.8696999
"2012","2012123001","34","야간","일",1,1,0,0,0,"대구","서구","차대사람","기타","기타","운전자법규위반","안전운전 의무 불이행","단일로","횡단보도상","승용차","중형","보행자","보행자","1096693 ","1764889 ",128.57114871,35.87581176
"2012","2012091709","50","주간","월",1,1,0,0,0,"강원","화천군","차량단독","공작물충돌","공작물충돌","운전자법규위반","안전운전 의무 불이행","단일로","기타단일로","승용차","중형","00","00","1026893 ","2005882 ",127.78123147,38.03397566
"2013","2013030113","50","주간","금",1,8,4,3,0,"경남","창원시(통합)","차대차","추돌","진행중 추돌","운전자법규위반","안전운전 의무 불이행","단일로","터널안","승용차","소형","승용차","중형","1102457 ","1698755 ",128.62660949,35.27902145
"2013","2013040811","40","주간","월",2,2,0,0,0,"전북","부안군","차대차","기타","기타","운전자법규위반","차로위반(진로변경 위반)","단일로","기타단일로","화물차","소형","화물차","중형","927331  ","1732222 ",126.69791605,35.58338201
"2013","2013041620","08","야간","화",1,1,0,0,0,"전북","김제시","차대사람","횡단중","횡단중","운전자법규위반","안전운전 의무 불이행","단일로","기타단일로","승용차","중형","보행자","보행자","954772  ","1753002 ",127.00134409,35.77529959
"2013","2013021902","43","야간","화",1,3,2,0,0,"서울","서초구","차대차","추돌","주정차중 추돌","운전자법규위반","안전운전 의무 불이행","단일로","기타단일로","승합차","소형","승용차","중형","958024  ","1942980 ",127.02520075,37.48510791
"2013","2013021320","35","야간","수",1,2,1,0,0,"전남","담양군","차대사람","길가장자리구역통행중","길가장자리구역통행중","운전자법규위반","안전운전 의무 불이행","단일로","기타단일로","화물차","소형","보행자","보행자","950887  ","1704888 ",126.95876254,35.33817694
"2013","2013021418","25","야간","목",1,3,0,2,0,"전북","전주시","차대차","측면직각충돌","측면직각충돌","운전자법규위반","신호위반","교차로","교차로내","이륜차","중형","승용차","중형","967644  ","1759364 ",127.1417649,35.83023957
"2013","2013022423","13","야간","일",1,2,1,0,0,"울산","울주군","차량단독","공작물충돌","공작물충돌","운전자법규위반","안전운전 의무 불이행","단일로","기타단일로","승용차","중형","00","00","1154805 ","1732024 ",129.20835718,35.57215819
"2013","2013022302","23","야간","토",1,1,0,0,0,"경기","평택시","차량단독","공작물충돌","공작물충돌","운전자법규위반","안전운전 의무 불이행","교차로","교차로부근","승용차","중형","00","00","958111  ","1901023 ",127.02855096,37.10692528
"2013","2013022402","15","야간","일",1,1,0,0,0,"전북","익산시","차대사람","기타","기타","운전자법규위반","안전운전 의무 불이행","단일로","기타단일로","승용차","중형","보행자","보행자","950207  ","1778933 ",126.94748912,36.00593635
"2013","2013022420","52","야간","일",1,1,0,0,0,"경북","구미시","차대사람","횡단중","횡단중","운전자법규위반","안전운전 의무 불이행","단일로","기타단일로","승합차","대형","보행자","보행자","1074773 ","1792619 ",128.33103888,36.12909798
"2013","2013022520","20","야간","월",1,2,0,1,0,"경기","이천시","차대차","정면충돌","정면충돌","운전자법규위반","중앙선 침범","교차로","교차로내","원동기장치자전거","원동기장치자전거","승용차","대형","996377  ","1922200 ",127.45918837,37.29879257
"2013","2013022522","40","야간","월",1,1,0,0,0,"경기","고양시","차량단독","공작물충돌","공작물충돌","운전자법규위반","안전운전 의무 불이행","단일로","기타단일로","승용차","중형","00","00","932602  ","1961478 ",126.7359651,37.65032056
"2013","2013022400","05","야간","일",1,1,0,0,0,"충북","청주시","차대사람","길가장자리구역통행중","길가장자리구역통행중","운전자법규위반","안전운전 의무 불이행","단일로","기타단일로","승용차","중형","보행자","보행자","993767  ","1848073 ",127.43028334,36.63051754
"2013","2013010406","14","주간","금",1,2,1,0,0,"부산","해운대구","차대차","추돌","진행중 추돌","운전자법규위반","안전거리 미확보","단일로","기타단일로","화물차","대형","승용차","경형","1148172 ","1693773 ",129.12823708,35.22841018
"2013","2013010403","50","야간","금",1,1,0,0,0,"경남","창원시(통합)","차대차","추돌","진행중 추돌","운전자법규위반","안전운전 의무 불이행","단일로","기타단일로","승용차","중형","특수차","대형","1103637 ","1698364 ",128.63953328,35.275393
"2013","2013090706","30","주간","토",1,1,0,0,0,"경기","시흥시","차량단독","전도전복","전도전복","운전자법규위반","안전운전 의무 불이행","단일로","기타단일로","승용차","중형","00","00","944082  ","1929893 ",126.8726279,37.36858273
"2013","2013082707","50","주간","화",1,2,1,0,0,"경기","시흥시","차대차","기타","기타","운전자법규위반","안전운전 의무 불이행","단일로","기타단일로","승용차","중형","특수차","대형","935123  ","1930873 ",126.76724322,37.37466221
"2013","2013122123","50","야간","토",1,2,0,0,1,"경기","광주시","차량단독","공작물충돌","공작물충돌","운전자법규위반","안전운전 의무 불이행","단일로","기타단일로","승용차","중형","00","00","977669  ","1941610 ",127.24744814,37.47344329
"2013","2013122223","43","야간","일",1,1,0,0,0,"경기","김포시","차량단독","공작물충돌","공작물충돌","운전자법규위반","안전운전 의무 불이행","단일로","기타단일로","승용차","경형","00","00","936134  ","1955728 ",126.77714519,37.59798916
"2013","2013011223","15","야간","토",2,6,3,1,0,"제주","제주시","차대차","기타","기타","운전자법규위반","과속","단일로","기타단일로","승용차","중형","승합차","소형","889654  ","1495784 ",126.30958974,33.45187274
"2013","2013011805","55","야간","금",1,1,0,0,0,"경기","평택시","차대차","측면직각충돌","측면직각충돌","운전자법규위반","신호위반","교차로","교차로내","자전거","자전거","건설기계","건설기계","961126  ","1898030 ",127.06263809,37.08007636
"2013","2013011714","40","주간","목",1,1,0,0,0,"광주","북구","차대차","측면직각충돌","측면직각충돌","운전자법규위반","중앙선 침범","교차로","교차로부근","이륜차","소형","승용차","중형","944842  ","1689745 ",126.89405416,35.20152581
"2013","2013012318","40","야간","수",1,1,0,0,0,"전남","나주시","차대사람","차도통행중","차도통행중","운전자법규위반","안전운전 의무 불이행","단일로","기타단일로","화물차","경형","보행자","보행자","939996  ","1671688 ",126.84002568,35.03711486
"2013","2013012200","10","야간","화",1,1,0,0,0,"인천","남구","차대사람","기타","기타","운전자법규위반","안전운전 의무 불이행","교차로","교차로부근","승용차","중형","보행자","보행자","928045  ","1940816 ",126.68633832,37.46375499
"2013","2013013007","35","주간","수",2,3,0,1,0,"충남","보령시","차량단독","전도전복","전도전복","운전자법규위반","안전운전 의무 불이행","단일로","기타단일로","승용차","중형","00","00","916466  ","1815650 ",126.57687821,36.33174263
"2012","2012011518","40","야간","일",1,3,2,0,0,"경북","성주군","차대차","기타","기타","운전자법규위반","안전운전 의무 불이행","단일로","기타단일로","승용차","중형","승용차","중형","1061597 ","1764265 ",128.18234471,35.87302376
"2012","2012012218","10","야간","일",1,1,0,0,0,"제주","제주시","차대사람","횡단중","횡단중","운전자법규위반","보행자 보호의무 위반","단일로","횡단보도상","승합차","대형","보행자","보행자","908570  ","1502776 ",126.51554071,33.51297107
"2012","2012012622","50","야간","목",2,2,0,0,0,"충북","청주시","차대사람","보도통행중","보도통행중","운전자법규위반","안전운전 의무 불이행","교차로","교차로부근","승용차","중형","보행자","보행자","997747  ","1849861 ",127.47479474,36.64665406
"2012","2012011801","00","야간","수",1,1,0,0,0,"경기","안양시","차대사람","횡단중","횡단중","운전자법규위반","안전운전 의무 불이행","단일로","횡단보도상","승용차","대형","보행자","보행자","951768  ","1933863 ",126.95503691,37.4026277
"2012","2012123016","30","주간","일",1,2,0,1,0,"울산","북구","차대차","추돌","주정차중 추돌","운전자법규위반","안전운전 의무 불이행","교차로","교차로부근","화물차","대형","화물차","대형","1167303 ","1738660 ",129.34759222,35.62992771
"2012","2012120318","20","야간","월",1,1,0,0,0,"충남","공주시","차대사람","기타","기타","운전자법규위반","안전운전 의무 불이행","단일로","기타단일로","화물차","중형","보행자","보행자","967832  ","1817755 ",127.14146315,36.35667725
"2012","2012111500","50","야간","목",1,1,0,0,0,"경기","이천시","차량단독","공작물충돌","공작물충돌","운전자법규위반","안전운전 의무 불이행","단일로","기타단일로","승용차","소형","00","00","1001678 ","1918840 ",127.53601754,37.30153438