"발생년","발생년월일시","발생분","주야","요일","사망자수","사상자수","중상자수","경상자수","부상신고자수","발생지시도","발생지시군구","사고유형_대분류","사고유형_중분류","사고유형","법규위반_대분류","법규위반","도로형태_대분류","도로형태","당사자종별_1당_대분류","당사자종별_1당","당사자종별_2당_대분류","당사자종별_2당","발생위치X_UTMK","발생위치Y_UTMK","경도","위도"
"2012","2012011606","20","주간","월",1,1,0,0,0,"울산","중구","차대사람","횡단중","횡단중","운전자법규위반","안전운전 의무 불이행","교차로","교차로내","승용차","대형","보행자","보행자","1166497 ","1730435 ",129.33700056,35.55594097
"2012","2012021315","20","주간","월",1,1,0,0,0,"경기","의정부시","차대사람","횡단중","횡단중","운전자법규위반","안전운전 의무 불이행","교차로","교차로부근","승용차","경형","보행자","보행자","962216  ","1972166 ",127.07110769,37.74834924
"2013","2013112720","20","야간","수",1,1,0,0,0,"경남","함안군","차대사람","기타","기타","운전자법규위반","안전운전 의무 불이행","단일로","기타단일로","승용차","중형","보행자","보행자","1080211 ","1697391 ",128.38189043,35.26877243
"2013","2013120218","05","야간","월",1,1,0,0,0,"경기","부천시","차대사람","횡단중","횡단중","운전자법규위반","안전운전 의무 불이행","단일로","횡단보도상","승합차","대형","보행자","보행자","934827  ","1946776 ",126.76249456,37.51797521
"2013","2013120219","30","야간","월",1,1,0,0,0,"강원","횡성군","차대사람","길가장자리구역통행중","길가장자리구역통행중","운전자법규위반","안전운전 의무 불이행","단일로","기타단일로","화물차","소형","보행자","보행자","1044198 ","1945140 ",127.99959309,37.50512129
"2013","2013120217","03","주간","월",1,2,1,0,0,"강원","춘천시","차대차","정면충돌","정면충돌","운전자법규위반","중앙선 침범","단일로","기타단일로","승용차","중형","승합차","중형","1031422 ","2003975 ",127.85806348,38.03528093
"2013","2013120606","41","주간","금",1,1,0,0,0,"서울","영등포구","차대사람","횡단중","횡단중","운전자법규위반","안전운전 의무 불이행","교차로","교차로내","승합차","대형","보행자","보행자","947440  ","1947213 ",126.90518562,37.52271894
"2013","2013120315","30","주간","화",1,3,1,1,0,"충남","논산시","차대차","추돌","진행중 추돌","운전자법규위반","안전운전 의무 불이행","단일로","기타단일로","화물차","중형","화물차","소형","965640  ","1806371 ",127.1175336,36.25397148
"2013","2013120120","15","야간","일",1,5,2,2,0,"충남","금산군","차대차","정면충돌","정면충돌","운전자법규위반","중앙선 침범","교차로","교차로부근","승용차","중형","승합차","소형","1005933 ","1790389 ",127.56592094,36.11047635
"2013","2013120112","00","주간","일",1,1,0,0,0,"전북","정읍시","차량단독","공작물충돌","공작물충돌","운전자법규위반","안전운전 의무 불이행","교차로","교차로부근","화물차","소형","00","00","945434  ","1747381 ",126.89668945,35.72121903
"2013","2013120320","44","야간","화",1,1,0,0,0,"광주","남구","차대차","측면직각충돌","측면직각충돌","운전자법규위반","교차로 통행방법 위반","교차로","교차로내","이륜차","소형","승합차","대형","943567  ","1679726 ",126.88073317,35.11111679
"2013","2013120505","40","야간","목",1,1,0,0,0,"경남","창원시(통합)","차대사람","횡단중","횡단중","운전자법규위반","안전운전 의무 불이행","교차로","교차로내","승용차","소형","보행자","보행자","1108426 ","1685563 ",128.69049402,35.15948249
"2013","2013102616","30","주간","토",1,3,0,2,0,"전남","진도군","차량단독","전도전복","전도전복","운전자법규위반","안전운전 의무 불이행","단일로","기타단일로","승용차","중형","00","00","889871  ","1616746 ",126.29985445,34.5388662
"2013","2013102621","40","야간","토",1,2,0,1,0,"서울","양천구","차대차","측면직각충돌","측면직각충돌","운전자법규위반","과속","교차로","교차로부근","승용차","중형","이륜차","중형","942889  ","1946743 ",126.85372199,37.51821219
"2013","2013102417","35","주간","목",1,1,0,0,0,"경북","영천시","차대사람","기타","기타","운전자법규위반","안전운전 의무 불이행","단일로","기타단일로","화물차","소형","보행자","보행자","1132731 ","1772395 ",128.94796751,35.97523698
"2013","2013102812","00","주간","월",1,2,0,1,0,"서울","강서구","차대차","기타","기타","운전자법규위반","신호위반","교차로","교차로부근","이륜차","소형","승합차","대형","944392  ","1950018 ",126.87048118,37.54782184
"2013","2013110611","20","주간","수",1,1,0,0,0,"부산","강서구","차량단독","공작물충돌","공작물충돌","운전자법규위반","안전운전 의무 불이행","단일로","기타단일로","화물차","경형","00","00","1132894 ","1688838 ",128.9596046,35.18606684
"2013","2013110806","46","주간","금",1,1,0,0,0,"인천","서구","차대차","기타","기타","운전자법규위반","안전운전 의무 불이행","단일로","기타단일로","승용차","경형","불명","불명","928694  ","1955292 ",126.69227077,37.59427351
"2013","2013110814","00","주간","금",1,1,0,0,0,"전남","강진군","차대사람","기타","기타","운전자법규위반","안전운전 의무 불이행","단일로","기타단일로","화물차","소형","보행자","보행자","933357  ","1640651 ",126.77182187,34.75816103
"2013","2013110705","50","야간","목",1,1,0,0,0,"서울","광진구","차대차","측면직각충돌","측면직각충돌","운전자법규위반","중앙선 침범","단일로","기타단일로","자전거","자전거","승용차","중형","961953  ","1950348 ",127.0692597,37.55168876
"2013","2013110815","30","주간","금",1,1,0,0,0,"경남","진주시","차대사람","횡단중","횡단중","운전자법규위반","안전운전 의무 불이행","교차로","교차로부근","승용차","대형","보행자","보행자","1056659 ","1688122 ",128.12232281,35.1868082
"2013","2013110813","55","주간","금",1,2,1,0,0,"충북","옥천군","차대차","측면직각충돌","측면직각충돌","운전자법규위반","안전운전 의무 불이행","교차로","교차로내","화물차","소형","농기계","농기계","1025900 ","1815530 ",127.79683444,36.33914927
"2013","2013111202","42","야간","화",1,1,0,0,0,"울산","중구","차량단독","기타","기타","운전자법규위반","안전운전 의무 불이행","단일로","교량위","이륜차","중형","00","00","1163949 ","1729936 ",129.30879945,35.55186891
"2013","2013111319","35","야간","수",1,1,0,0,0,"충남","태안군","차대사람","횡단중","횡단중","운전자법규위반","안전운전 의무 불이행","단일로","기타단일로","승용차","경형","보행자","보행자","917485  ","1855042 ",126.28191042,36.772288
"2013","2013112018","20","야간","수",1,1,0,0,0,"전남","장성군","차대사람","기타","기타","운전자법규위반","안전운전 의무 불이행","교차로","교차로부근","승용차","중형","보행자","보행자","932350  ","1699979 ",126.75620643,35.29300408
"2013","2013112009","00","주간","수",1,1,0,0,0,"강원","동해시","차대사람","횡단중","횡단중","운전자법규위반","안전운전 의무 불이행","교차로","교차로내","건설기계","건설기계","보행자","보행자","1143925 ","1943720 ",129.12770331,37.48148752
"2013","2013050801","30","야간","수",1,1,0,0,0,"경기","용인시","차대사람","기타","기타","운전자법규위반","안전운전 의무 불이행","교차로","교차로내","승용차","중형","보행자","보행자","974502  ","1917720 ",127.212454,37.25846847
"2013","2013050515","40","주간","일",1,1,0,0,0,"경북","상주시","차량단독","기타","기타","운전자법규위반","안전운전 의무 불이행","단일로","기타단일로","이륜차","소형","00","00","1061247 ","1824552 ",128.18316445,36.4165383
"2013","2013052223","35","야간","수",1,1,0,0,0,"충남","천안시","차대사람","횡단중","횡단중","운전자법규위반","안전운전 의무 불이행","기타/불명","기타/불명","승용차","대형","보행자","보행자","969051  ","1869722 ",127.15295833,36.82519384
"2013","2013050906","15","주간","목",2,2,0,0,0,"경북","울릉군","차량단독","도로이탈","도로이탈 추락","운전자법규위반","안전운전 의무 불이행","단일로","기타단일로","이륜차","사발이","00","00","1296237 ","1947378 ",130.84999891,37.47817639
"2013","2013051002","30","야간","금",1,1,0,0,0,"대전","동구","차대사람","횡단중","횡단중","운전자법규위반","신호위반","단일로","횡단보도상","승용차","중형","보행자","보행자","994053  ","1815802 ",127.43373051,36.33958968
"2012","2012042307","35","주간","월",1,1,0,0,0,"경기","광주시","차량단독","공작물충돌","공작물충돌","운전자법규위반","안전운전 의무 불이행","단일로","기타단일로","승용차","중형","00","00","983258  ","1926018 ",127.31100973,37.33301886
"2012","2012042200","03","야간","일",1,1,0,0,0,"경북","경산시","차대사람","기타","기타","운전자법규위반","안전운전 의무 불이행","교차로","교차로내","승용차","중형","보행자","보행자","1119475 ","1758861 ",128.82284971,35.81934614
"2012","2012040800","30","야간","일",1,1,0,0,0,"경기","고양시","차대사람","횡단중","횡단중","운전자법규위반","안전운전 의무 불이행","단일로","횡단보도부근","승용차","대형","보행자","보행자","933854  ","1965072 ",126.7498309,37.68280305
"2012","2012040817","25","주간","일",1,1,0,0,0,"전북","남원시","차대사람","기타","기타","운전자법규위반","안전운전 의무 불이행","단일로","기타단일로","화물차","소형","보행자","보행자","981844  ","1704578 ",127.30021222,35.33662658
"2012","2012012018","25","야간","금",1,1,0,0,0,"전북","남원시","차대사람","횡단중","횡단중","운전자법규위반","안전운전 의무 불이행","교차로","교차로내","화물차","소형","보행자","보행자","989841  ","1712431 ",127.38811294,35.40754946
"2012","2012121112","30","주간","화",1,1,0,0,0,"강원","원주시","차량단독","도로이탈","도로이탈 추락","운전자법규위반","안전운전 의무 불이행","단일로","기타단일로","승용차","대형","00","00","1029764 ","1923928 ",127.83590206,37.31385394
"2012","2012102919","03","야간","월",1,1,0,0,0,"전북","고창군","차대사람","횡단중","횡단중","운전자법규위반","안전운전 의무 불이행","교차로","교차로부근","승용차","중형","보행자","보행자","924862  ","1715796 ",126.67218841,35.43510511
"2012","2012112207","45","주간","목",1,1,0,0,0,"부산","중구","차대사람","기타","기타","운전자법규위반","신호위반","단일로","기타단일로","건설기계","건설기계","보행자","보행자","1139090 ","1679731 ",129.02562998,35.10311594
"2012","2012080715","16","주간","화",1,1,0,0,0,"경남","합천군","차량단독","도로이탈","도로이탈 기타","운전자법규위반","안전운전 의무 불이행","단일로","기타단일로","원동기장치자전거","원동기장치자전거","00","00","1055748 ","1735139 ",128.11553088,35.61077987
"2012","2012111121","50","야간","일",1,2,0,1,0,"강원","원주시","차대차","추돌","주정차중 추돌","운전자법규위반","안전운전 의무 불이행","단일로","기타단일로","승용차","중형","승용차","중형","1037747 ","1927047 ",127.92615104,37.34167759
"2012","2012111100","00","야간","일",1,1,0,0,0,"대전","대덕구","차량단독","공작물충돌","공작물충돌","운전자법규위반","안전운전 의무 불이행","교차로","교차로내","승용차","중형","00","00","993636  ","1819263 ",127.4289551,36.37078925
"2012","2012112300","10","야간","금",1,2,1,0,0,"충남","아산시","차대사람","횡단중","횡단중","운전자법규위반","안전운전 의무 불이행","단일로","기타단일로","승용차","중형","보행자","보행자","960671  ","1864530 ",127.0546948,36.77511455
"2012","2012111019","15","야간","토",1,1,0,0,0,"대구","북구","차대사람","기타","기타","운전자법규위반","안전운전 의무 불이행","단일로","횡단보도상","승용차","중형","보행자","보행자","1096152 ","1766621 ",128.56536564,35.89147826
"2012","2012070919","40","야간","월",1,1,0,0,0,"충남","천안시","차대차","기타","기타","운전자법규위반","중앙선 침범","지하도로내","지하도로내","원동기장치자전거","원동기장치자전거","승용차","대형","967971  ","1871267 ",127.14078302,36.83908529
"2013","2013041819","15","야간","목",1,1,0,0,0,"경기","부천시","차대사람","기타","기타","운전자법규위반","안전운전 의무 불이행","단일로","기타단일로","승용차","중형","보행자","보행자","937905  ","1946480 ",126.79734813,37.51551972
"2013","2013042712","20","주간","토",1,1,0,0,0,"충남","부여군","차대차","기타","기타","운전자법규위반","신호위반","교차로","교차로내","승용차","중형","원동기장치자전거","원동기장치자전거","955266  ","1806292 ",127.00206702,36.25283434
"2013","2013043017","20","주간","화",1,1,0,0,0,"충북","증평군","차대차","기타","기타","운전자법규위반","안전운전 의무 불이행","교차로","교차로내","화물차","소형","이륜차","중형","1009592 ","1864035 ",127.60748751,36.77438493
"2013","2013043008","26","주간","화",1,3,2,0,0,"전북","고창군","차대차","정면충돌","정면충돌","운전자법규위반","중앙선 침범","단일로","기타단일로","승용차","소형","승용차","중형","915167  ","1727048 ",126.5642132,35.53576819
"2013","2013043010","30","주간","화",1,1,0,0,0,"전북","순창군","차대사람","기타","기타","운전자법규위반","안전운전 의무 불이행","단일로","기타단일로","건설기계","건설기계","보행자","보행자","954623  ","1722546 ",126.99968018,35.49776853
"2013","2013042902","58","야간","월",1,2,0,1,0,"서울","서대문구","차대차","추돌","진행중 추돌","운전자법규위반","안전운전 의무 불이행","단일로","터널안","승용차","중형","승합차","중형","951707  ","1955340 ",126.95293727,37.59620224
"2013","2013051212","04","주간","일",1,1,0,0,0,"부산","금정구","차량단독","공작물충돌","공작물충돌","운전자법규위반","안전운전 의무 불이행","고가도로위","고가도로위","승용차","소형","00","00","1144907 ","1694163 ",129.10918256,35.27314755
"2013","2013052018","10","야간","월",1,1,0,0,0,"울산","남구","차대사람","기타","기타","운전자법규위반","안전운전 의무 불이행","기타/불명","기타/불명","자전거","자전거","보행자","보행자","1165979 ","1727784 ",129.33074472,35.53213705
"2013","2013052015","30","주간","월",1,1,0,0,0,"경북","고령군","차량단독","전도전복","전도전복","운전자법규위반","안전운전 의무 불이행","단일로","기타단일로","농기계","농기계","00","00","1075934 ","1742908 ",128.3391243,35.67947677
"2012","2012111618","15","야간","금",1,1,0,0,0,"광주","광산구","차대차","추돌","진행중 추돌","운전자법규위반","안전운전 의무 불이행","단일로","기타단일로","승용차","중형","원동기장치자전거","원동기장치자전거","936348  ","1685223 ",126.80109705,35.16025033
"2012","2012110202","30","야간","금",1,1,0,0,0,"강원","평창군","차량단독","공작물충돌","공작물충돌","운전자법규위반","안전운전 의무 불이행","단일로","기타단일로","승용차","중형","00","00","1074278 ","1953025 ",128.3411618,37.57360684
"2012","2012110217","58","주간","금",1,1,0,0,0,"경남","함양군","차대차","추돌","진행중 추돌","운전자법규위반","안전운전 의무 불이행","단일로","기타단일로","승용차","중형","농기계","농기계","1026142 ","1731221 ",127.78863124,35.57667063
"2012","2012110318","30","야간","토",1,2,1,0,0,"전북","부안군","차대사람","기타","기타","운전자법규위반","보행자 보호의무 위반","단일로","기타단일로","승합차","소형","보행자","보행자","924921  ","1734479 ",126.67110837,35.6035503
"2012","2012121422","20","야간","금",1,1,0,0,0,"대구","수성구","차대차","측면직각충돌","측면직각충돌","운전자법규위반","안전운전 의무 불이행","단일로","기타단일로","승용차","대형","승용차","중형","1100865 ","1761224 ",128.6168941,35.84235288
"2012","2012121520","20","야간","토",1,1,0,0,0,"울산","남구","차대차","추돌","주정차중 추돌","운전자법규위반","교차로 통행방법 위반","교차로","교차로부근","승용차","중형","자전거","자전거","1166633 ","1726285 ",129.33764692,35.51851835
"2012","2012121618","40","야간","일",1,1,0,0,0,"대전","동구","차량단독","공작물충돌","공작물충돌","운전자법규위반","안전운전 의무 불이행","단일로","기타단일로","승용차","중형","00","00","995773  ","1815076 ",127.45306818,36.3329815
"2012","2012121309","45","주간","목",1,1,0,0,0,"경기","양주시","차대사람","차도통행중","차도통행중","운전자법규위반","안전운전 의무 불이행","단일로","기타단일로","승용차","소형","보행자","보행자","960593  ","1980766 ",127.05158493,37.82522191
"2012","2012121223","17","야간","수",1,1,0,0,0,"충남","아산시","차대사람","횡단중","횡단중","운전자법규위반","안전운전 의무 불이행","단일로","기타단일로","화물차","소형","보행자","보행자","963494  ","1864854 ",127.08758041,36.78002892
"2012","2012121400","25","야간","금",1,1,0,0,0,"서울","금천구","차대사람","보도통행중","보도통행중","운전자법규위반","안전운전 의무 불이행","단일로","횡단보도상","승용차","중형","보행자","보행자","946889  ","1939973 ",126.899473,37.45743191
"2012","2012122404","50","야간","월",1,2,1,0,0,"충남","천안시","차대차","측면직각충돌","측면직각충돌","운전자법규위반","안전운전 의무 불이행","교차로","교차로부근","승합차","소형","승용차","대형","967176  ","1867255 ",127.13204015,36.80289178
"2012","2012121807","45","주간","화",1,1,0,0,0,"경북","경주시","차대차","측면직각충돌","측면직각충돌","운전자법규위반","안전운전 의무 불이행","교차로","교차로부근","승용차","경형","자전거","자전거","1154797 ","1763416 ",129.2143189,35.85507487
"2012","2012121720","36","야간","월",1,1,0,0,0,"경남","김해시","차대사람","횡단중","횡단중","운전자법규위반","안전운전 의무 불이행","단일로","기타단일로","승용차","소형","보행자","보행자","1120349 ","1688783 ",128.82165323,35.18743472
"2012","2012122214","20","주간","토",1,2,1,0,0,"경북","상주시","차대차","추돌","진행중 추돌","운전자법규위반","안전운전 의무 불이행","단일로","기타단일로","승용차","중형","승용차","경형","1042544 ","1829963 ",127.9748515,36.46632956
"2012","2012121901","50","야간","수",1,1,0,0,0,"충남","부여군","차량단독","공작물충돌","공작물충돌","운전자법규위반","안전운전 의무 불이행","단일로","기타단일로","화물차","소형","00","00","938495  ","1806377 ",126.81539315,36.25267795
"2012","2012121904","45","야간","화",1,4,1,1,1,"경남","창원시(통합)","차대차","기타","기타","운전자법규위반","안전운전 의무 불이행","단일로","기타단일로","승용차","중형","화물차","중형","1114393 ","1680237 ",128.75525948,35.11080679
"2012","2012122015","50","주간","목",1,1,0,0,0,"경북","청송군","차대차","정면충돌","정면충돌","운전자법규위반","중앙선 침범","단일로","기타단일로","승용차","소형","원동기장치자전거","원동기장치자전거","1136777 ","1837488 ",129.02801589,36.52536036
"2012","2012122404","55","야간","월",1,1,0,0,0,"충남","아산시","차량단독","공작물충돌","공작물충돌","운전자법규위반","안전운전 의무 불이행","단일로","기타단일로","승용차","중형","00","00","964881  ","1865203 ",127.10640818,36.78431159
"2012","2012122022","00","야간","목",1,1,0,0,0,"경남","진주시","차량단독","전도전복","전도전복","운전자법규위반","안전운전 의무 불이행","단일로","기타단일로","원동기장치자전거","원동기장치자전거","00","00","1068271 ","1694305 ",128.06278617,35.17798329
"2012","2012122518","42","야간","화",1,1,0,0,0,"전남","강진군","차대사람","횡단중","횡단중","운전자법규위반","안전운전 의무 불이행","교차로","교차로내","승용차","중형","보행자","보행자","933020  ","1627057 ",126.76921828,34.63555975
"2012","2012120304","17","야간","월",1,1,0,0,0,"대전","동구","차량단독","공작물충돌","공작물충돌","운전자법규위반","안전운전 의무 불이행","단일로","기타단일로","승합차","소형","00","00","999373  ","1816305 ",127.49301271,36.3441426
"2012","2012120723","11","야간","금",1,4,3,0,0,"충남","보령시","차대차","기타","기타","운전자법규위반","부당한 회전","교차로","교차로부근","승용차","중형","승용차","중형","921033  ","1818673 ",126.61951245,36.36192235
"2012","2012120817","40","주간","토",1,1,0,0,0,"경기","양평군","차대차","기타","기타","운전자법규위반","보행자 보호의무 위반","단일로","횡단보도상","승용차","대형","승용차","대형","998261  ","1944365 ",127.48032623,37.49854426
"2012","2012120818","10","야간","토",1,1,0,0,0,"전남","영암군","차대차","추돌","주정차중 추돌","운전자법규위반","안전운전 의무 불이행","단일로","기타단일로","승용차","대형","승용차","중형","902836  ","1642891 ",126.43811669,34.77590674
"2012","2012120323","35","야간","월",1,1,0,0,0,"경기","이천시","차량단독","공작물충돌","공작물충돌","운전자법규위반","안전운전 의무 불이행","교차로","교차로부근","승용차","소형","00","00","995648  ","1919569 ",127.4509106,37.27502855
"2012","2012120310","30","주간","월",1,1,0,0,0,"경북","상주시","차대차","측면직각충돌","측면직각충돌","운전자법규위반","교차로 통행방법 위반","교차로","교차로내","화물차","소형","자전거","자전거","1051235 ","1837464 ",128.07234886,36.53352376
"2012","2012120519","20","야간","수",1,1,0,0,0,"경남","하동군","차량단독","공작물충돌","공작물충돌","운전자법규위반","안전운전 의무 불이행","단일로","기타단일로","승용차","소형","00","00","1020202 ","1676886 ",127.72129346,35.08705883
"2012","2012112006","30","주간","화",1,1,0,0,0,"경기","남양주시","차대사람","횡단중","횡단중","운전자법규위반","안전운전 의무 불이행","교차로","교차로부근","승용차","중형","보행자","보행자","969393  ","1963658 ",127.15293128,37.67193341
"2012","2012111815","40","주간","일",1,2,1,0,0,"경북","고령군","차대차","측면직각충돌","측면직각충돌","운전자법규위반","중앙선 침범","단일로","기타단일로","승용차","대형","화물차","중형","1080157 ","1736978 ",128.38519648,35.62568125
"2012","2012111619","45","야간","금",1,1,0,0,0,"경북","경주시","차대사람","기타","기타","운전자법규위반","안전운전 의무 불이행","단일로","기타단일로","불명","불명","보행자","보행자","1153045 ","1751536 ",129.19265033,35.74828408
"2012","2012103118","48","야간","수",1,1,0,0,0,"경기","이천시","차대사람","횡단중","횡단중","운전자법규위반","안전운전 의무 불이행","교차로","교차로내","화물차","소형","보행자","보행자","1010126 ","1901824 ",127.61397779,37.11502816
"2012","2012110513","45","주간","월",1,1,0,0,0,"경남","함안군","차대사람","기타","기타","운전자법규위반","안전운전 의무 불이행","단일로","횡단보도부근","화물차","대형","보행자","보행자","1082460 ","1698066 ",128.40668245,35.27467541
"2012","2012123104","20","야간","월",1,2,0,1,0,"충남","아산시","차대차","정면충돌","정면충돌","운전자법규위반","중앙선 침범","단일로","기타단일로","승용차","중형","화물차","중형","959738  ","1880675 ",127.04794963,36.92357726
"2012","2012122821","50","야간","금",1,1,0,0,0,"전남","광양시","차량단독","도로이탈","도로이탈 추락","운전자법규위반","안전운전 의무 불이행","단일로","기타단일로","승용차","중형","00","00","1017404 ","1666183 ",127.68483094,34.99093163
"2012","2012121402","50","야간","금",1,1,0,0,0,"광주","광산구","차대차","추돌","주정차중 추돌","운전자법규위반","안전운전 의무 불이행","단일로","기타단일로","승용차","소형","화물차","중형","937784  ","1690618 ",126.79655552,35.18016955
"2012","2012120902","40","야간","일",1,4,0,1,2,"울산","울주군","차대차","기타","기타","운전자법규위반","중앙선 침범","단일로","기타단일로","승합차","경형","승용차","중형","1158098 ","1726622 ",129.24362771,35.52295262
"2012","2012121012","45","주간","월",1,1,0,0,0,"경기","화성시","차대사람","기타","기타","운전자법규위반","신호위반","교차로","교차로내","승합차","중형","보행자","보행자","951224  ","1913646 ",126.95021922,37.22037252
"2012","2012121506","20","주간","토",1,1,0,0,0,"경기","화성시","차량단독","공작물충돌","공작물충돌","운전자법규위반","안전운전 의무 불이행","단일로","기타단일로","승용차","중형","00","00","947399  ","1916706 ",126.90689156,37.24774614
"2012","2012121512","50","주간","토",1,1,0,0,0,"부산","강서구","차대차","추돌","진행중 추돌","운전자법규위반","안전운전 의무 불이행","단일로","기타단일로","화물차","소형","자전거","자전거","1127072 ","1688810 ",128.89344712,35.18676508
"2012","2012121505","35","야간","토",1,1,0,0,0,"부산","서구","차대차","측면직각충돌","측면직각충돌","운전자법규위반","안전운전 의무 불이행","단일로","기타단일로","이륜차","소형","승용차","중형","1138916 ","1678511 ",129.0239889,35.09216386
"2012","2012121601","45","야간","일",1,1,0,0,0,"경기","안산시","차대사람","횡단중","횡단중","운전자법규위반","안전운전 의무 불이행","단일로","기타단일로","승용차","소형","보행자","보행자","944371  ","1922679 ",126.86646758,37.29636488
"2012","2012121606","15","주간","일",1,1,0,0,0,"대구","서구","차대차","추돌","진행중 추돌","운전자법규위반","안전운전 의무 불이행","단일로","기타단일로","승용차","중형","자전거","자전거","1095642 ","1765728 ",128.55960844,35.88347824
"2012","2012121105","45","야간","화",1,1,0,0,0,"경북","안동시","차대사람","기타","기타","운전자법규위반","안전운전 의무 불이행","교차로","교차로내","승용차","중형","보행자","보행자","1108702 ","1840690 ",128.71467462,36.55779215
"2012","2012121523","55","야간","토",2,2,0,0,0,"충남","아산시","차량단독","공작물충돌","공작물충돌","운전자법규위반","안전운전 의무 불이행","교차로","교차로부근","승용차","소형","00","00","953801  ","1864205 ",126.98229502,36.77483955
"2012","2012121213","45","주간","수",1,1,0,0,0,"경남","김해시","차대사람","횡단중","횡단중","운전자법규위반","안전운전 의무 불이행","교차로","교차로부근","화물차","중형","보행자","보행자","1123878 ","1697678 ",128.86193678,35.26690832
"2012","2012122020","30","야간","목",1,1,0,0,0,"경기","안산시","차량단독","전도전복","전도전복","운전자법규위반","중앙선 침범","단일로","기타단일로","승합차","소형","00","00","940176  ","1927918 ",126.82454958,37.34836787
"2012","2012122115","30","주간","금",1,7,4,2,0,"전북","전주시","차대차","기타","기타","운전자법규위반","안전운전 의무 불이행","단일로","기타단일로","승용차","중형","승용차","중형","967451  ","1757804 ",127.13969167,35.81616817
"2012","2012122517","38","주간","화",1,1,0,0,0,"서울","노원구","차대차","기타","기타","운전자법규위반","안전거리 미확보","단일로","기타단일로","승용차","대형","화물차","소형","962568  ","1962470 ",127.07560179,37.66097265
"2012","2012122108","20","주간","금",1,3,0,0,2,"경남","양산시","차량단독","공작물충돌","공작물충돌","운전자법규위반","안전운전 의무 불이행","단일로","기타단일로","승용차","대형","00","00","1141726 ","1723340 ",129.06228093,35.49593947
"2013","2013110306","30","주간","일",1,11,8,2,0,"대구","달성군","차량단독","공작물충돌","공작물충돌","운전자법규위반","안전운전 의무 불이행","단일로","기타단일로","승합차","소형","00","00","1086977 ","1748236 ",128.46171955,35.72659702
"2013","2013112222","05","야간","금",1,1,0,0,0,"서울","관악구","차대사람","횡단중","횡단중","운전자법규위반","안전운전 의무 불이행","단일로","기타단일로","승합차","대형","보행자","보행자","949551  ","1943145 ",126.92935356,37.48617109
"2013","2013112308","20","주간","토",1,1,0,0,0,"제주","제주시","차대사람","횡단중","횡단중","운전자법규위반","중앙선 침범","교차로","교차로부근","건설기계","건설기계","보행자","보행자","908717  ","1503042 ",126.51709618,33.5153825
"2013","2013112320","20","야간","토",1,1,0,0,0,"경기","수원시","차대사람","횡단중","횡단중","운전자법규위반","안전운전 의무 불이행","단일로","기타단일로","승용차","중형","보행자","보행자","958197  ","1916625 ",127.02864592,37.24756328
"2013","2013112317","08","주간","토",1,1,0,0,0,"경기","수원시","차대차","정면충돌","정면충돌","운전자법규위반","신호위반","교차로","교차로내","승용차","중형","이륜차","중형","955370  ","1919130 ",126.99508349,37.2704934
"2013","2013112308","20","주간","토",1,2,0,1,0,"경기","양평군","차량단독","도로이탈","도로이탈 추락","운전자법규위반","안전운전 의무 불이행","단일로","기타단일로","화물차","경형","00","00","1019979 ","1951901 ",127.71061327,37.55689253
"2013","2013112318","30","야간","토",1,1,0,0,0,"경북","포항시","차대사람","기타","기타","운전자법규위반","안전운전 의무 불이행","단일로","기타단일로","화물차","소형","보행자","보행자","1182702 ","1768172 ",129.52428684,35.89312332
"2013","2013112323","50","야간","토",1,4,3,0,0,"충남","태안군","차량단독","공작물충돌","공작물충돌","운전자법규위반","안전운전 의무 불이행","단일로","기타단일로","승용차","중형","00","00","892244  ","1853821 ",126.2940522,36.67624923
"2013","2013112419","50","야간","일",2,3,1,0,0,"충남","서산시","차량단독","전도전복","전도전복","운전자법규위반","안전운전 의무 불이행","단일로","기타단일로","승용차","중형","00","00","900736  ","1888369 ",126.38456097,36.98855404
"2013","2013112118","50","야간","목",1,1,0,0,0,"경북","영주시","차대사람","차도통행중","차도통행중","운전자법규위반","안전운전 의무 불이행","단일로","기타단일로","화물차","소형","보행자","보행자","1095217 ","1872053 ",128.56791739,36.84191675
"2013","2013112118","25","야간","목",1,1,0,0,0,"경북","영주시","차대사람","보도통행중","보도통행중","운전자법규위반","보행자 보호의무 위반","교차로","교차로내","승용차","경형","보행자","보행자","1098675 ","1868814 ",128.60627413,36.81236893
"2013","2013112907","00","주간","금",1,2,1,0,0,"전북","익산시","차대차","정면충돌","정면충돌","운전자법규위반","중앙선 침범","단일로","기타단일로","화물차","소형","승용차","중형","954121  ","1786888 ",126.99045599,36.07784702
"2013","2013120120","55","야간","일",1,1,0,0,0,"경기","포천시","차대차","정면충돌","정면충돌","운전자법규위반","중앙선 침범","단일로","기타단일로","화물차","중형","원동기장치자전거","원동기장치자전거","978108  ","1996537 ",127.25073329,37.96714049
"2013","2013112905","50","야간","금",1,1,0,0,0,"울산","남구","차대사람","횡단중","횡단중","운전자법규위반","안전운전 의무 불이행","교차로","교차로부근","화물차","경형","보행자","보행자","1165100 ","1728185 ",129.32113546,35.53589765
"2013","2013112818","00","야간","목",1,1,0,0,0,"충남","아산시","차대사람","횡단중","횡단중","운전자법규위반","안전운전 의무 불이행","기타/불명","기타/불명","승합차","소형","보행자","보행자","961489  ","1864174 ",127.0684457,36.7749038