"발생년","발생년월일시","발생분","주야","요일","사망자수","사상자수","중상자수","경상자수","부상신고자수","발생지시도","발생지시군구","사고유형_대분류","사고유형_중분류","사고유형","법규위반_대분류","법규위반","도로형태_대분류","도로형태","당사자종별_1당_대분류","당사자종별_1당","당사자종별_2당_대분류","당사자종별_2당","발생위치X_UTMK","발생위치Y_UTMK","경도","위도"
"2013","2013021116","20","주간","월",1,1,0,0,0,"충북","충주시","차량단독","공작물충돌","공작물충돌","운전자법규위반","안전운전 의무 불이행","단일로","기타단일로","원동기장치자전거","원동기장치자전거","00","00","1028900 ","1900740 ",127.82525318,37.1048654
"2013","2013021019","25","야간","일",1,1,0,0,0,"충남","논산시","차대사람","길가장자리구역통행중","길가장자리구역통행중","운전자법규위반","안전운전 의무 불이행","교차로","교차로내","승용차","중형","보행자","보행자","973359  ","1797580 ",127.2037527,36.17496008
"2013","2013020812","05","주간","금",1,1,0,0,0,"울산","중구","차대사람","기타","기타","운전자법규위반","안전운전 의무 불이행","단일로","기타단일로","승합차","소형","보행자","보행자","1165040 ","1730844 ",129.32101583,35.55987071
"2013","2013020818","30","야간","금",1,3,1,1,0,"경북","구미시","차대차","측면직각충돌","측면직각충돌","운전자법규위반","안전운전 의무 불이행","교차로","교차로내","승용차","소형","화물차","소형","1074141 ","1802063 ",128.32483647,36.21290113
"2013","2013021902","30","야간","화",1,1,0,0,0,"경북","경주시","차대차","기타","기타","운전자법규위반","안전운전 의무 불이행","교차로","교차로내","특수차","대형","승합차","소형","1156742 ","1760371 ",129.23525228,35.827324
"2013","2013022013","49","주간","수",1,3,2,0,0,"경남","하동군","차량단독","기타","기타","운전자법규위반","안전운전 의무 불이행","단일로","기타단일로","승합차","중형","00","00","1016247 ","1683495 ",127.67836459,35.14655327
"2013","2013021415","20","주간","목",1,1,0,0,0,"전북","군산시","차대차","기타","기타","운전자법규위반","신호위반","교차로","교차로내","이륜차","소형","승용차","중형","931268  ","1774429 ",126.73774411,35.96418002
"2013","2013021406","38","주간","목",1,1,0,0,0,"제주","제주시","차대사람","횡단중","횡단중","운전자법규위반","안전운전 의무 불이행","단일로","횡단보도상","승용차","소형","보행자","보행자","941526  ","1503182 ",126.87033919,33.51894455
"2013","2013021701","55","야간","일",1,2,0,1,0,"경기","오산시","차대차","기타","기타","운전자법규위반","신호위반","교차로","교차로내","화물차","소형","화물차","소형","961687  ","1904933 ",127.06859678,37.14232314
"2013","2013021613","10","주간","토",1,5,1,3,0,"전남","함평군","차대차","추돌","진행중 추돌","운전자법규위반","안전운전 의무 불이행","단일로","기타단일로","승용차","중형","농기계","농기계","907973  ","1688065 ",126.48925716,35.18367544
"2013","2013021401","25","야간","목",1,1,0,0,0,"강원","속초시","차대사람","길가장자리구역통행중","길가장자리구역통행중","운전자법규위반","안전운전 의무 불이행","단일로","기타단일로","승용차","중형","보행자","보행자","1094851 ","2023260 ",128.58334244,38.20463765
"2013","2013021320","20","야간","수",1,1,0,0,0,"강원","동해시","차대사람","횡단중","횡단중","운전자법규위반","안전운전 의무 불이행","단일로","기타단일로","승용차","중형","보행자","보행자","1141516 ","1950145 ",129.10183539,37.53977859
"2013","2013021314","47","주간","수",1,1,0,0,0,"경북","고령군","차대사람","길가장자리구역통행중","길가장자리구역통행중","운전자법규위반","과속","단일로","기타단일로","화물차","소형","보행자","보행자","1063487 ","1742279 ",128.20146034,35.67480358
"2013","2013021320","14","야간","수",1,1,0,0,0,"경기","용인시","차대사람","횡단중","횡단중","운전자법규위반","안전운전 의무 불이행","단일로","기타단일로","승용차","중형","보행자","보행자","985464  ","1909086 ",127.33635671,37.18024721
"2013","2013022418","30","야간","일",1,1,0,0,0,"충남","천안시","차대사람","기타","기타","운전자법규위반","안전운전 의무 불이행","단일로","기타단일로","승용차","중형","보행자","보행자","967521  ","1879695 ",127.13542417,36.91891095
"2013","2013022317","25","주간","토",1,1,0,0,0,"경남","창원시(통합)","차대차","추돌","진행중 추돌","운전자법규위반","안전운전 의무 불이행","단일로","기타단일로","승용차","소형","농기계","농기계","1098837 ","1678804 ",128.58441826,35.09953465
"2013","2013022606","15","주간","화",1,1,0,0,0,"부산","기장군","차대차","추돌","진행중 추돌","운전자법규위반","안전운전 의무 불이행","단일로","기타단일로","승용차","경형","건설기계","건설기계","1148891 ","1707848 ",129.13869063,35.35516605
"2013","2013022321","42","야간","토",1,1,0,0,0,"경기","수원시","차대사람","기타","기타","운전자법규위반","안전운전 의무 불이행","단일로","기타단일로","승용차","경형","보행자","보행자","962939  ","1918722 ",127.08219692,37.26880934
"2013","2013022319","35","야간","토",1,1,0,0,0,"경북","봉화군","차대사람","길가장자리구역통행중","길가장자리구역통행중","운전자법규위반","안전운전 의무 불이행","단일로","기타단일로","승용차","중형","보행자","보행자","1135368 ","1874832 ",128.99297714,36.95654456
"2012","2012112809","15","주간","수",1,1,0,0,0,"서울","강서구","차대사람","보도통행중","보도통행중","운전자법규위반","보행자 보호의무 위반","단일로","횡단보도상","화물차","소형","보행자","보행자","942715  ","1950603 ",126.85145186,37.55299171
"2012","2012112908","00","주간","목",1,7,1,5,0,"제주","제주시","차대차","측면직각충돌","측면직각충돌","운전자법규위반","교차로 통행방법 위반","교차로","교차로내","승합차","소형","승용차","소형","915148  ","1503177 ",126.5863222,33.51713007
"2012","2012112820","15","야간","수",1,1,0,0,0,"서울","노원구","차대사람","횡단중","횡단중","운전자법규위반","신호위반","교차로","교차로내","승합차","대형","보행자","보행자","960742  ","1958929 ",127.05508985,37.6289807
"2012","2012112502","54","야간","일",1,1,0,0,0,"제주","서귀포시","차대사람","횡단중","횡단중","운전자법규위반","안전운전 의무 불이행","단일로","기타단일로","승용차","중형","보행자","보행자","945851  ","1495425 ",126.916006,33.44845546
"2012","2012111206","55","주간","월",1,1,0,0,0,"대구","중구","차대사람","횡단중","횡단중","운전자법규위반","신호위반","단일로","기타단일로","승용차","중형","보행자","보행자","1097944 ","1763779 ",128.58486844,35.86568128
"2012","2012110807","15","주간","목",1,1,0,0,0,"서울","동대문구","차대차","추돌","주정차중 추돌","운전자법규위반","안전운전 의무 불이행","단일로","기타단일로","이륜차","중형","승용차","대형","962639  ","1952746 ",127.07690368,37.57333079
"2012","2012111002","45","야간","토",3,5,2,0,0,"충북","청주시","차량단독","공작물충돌","공작물충돌","운전자법규위반","중앙선 침범","단일로","기타단일로","승용차","중형","00","00","993798  ","1847504 ",127.43063467,36.62538822
"2012","2012110711","12","주간","수",1,1,0,0,0,"강원","강릉시","차대사람","기타","기타","운전자법규위반","안전운전 의무 불이행","교차로","교차로부근","승합차","소형","보행자","보행자","1123069 ","1973749 ",128.89707169,37.75511623
"2012","2012111218","43","야간","월",1,1,0,0,0,"제주","서귀포시","차대사람","횡단중","횡단중","운전자법규위반","안전운전 의무 불이행","단일로","기타단일로","화물차","소형","보행자","보행자","945420  ","1495105 ",126.91276043,33.4463025
"2012","2012111221","30","야간","월",1,3,1,1,0,"경북","포항시","차량단독","도로이탈","도로이탈 추락","운전자법규위반","안전운전 의무 불이행","단일로","기타단일로","화물차","소형","00","00","1180977 ","1767068 ",129.504934,35.88349621
"2012","2012092316","30","주간","일",1,1,0,0,0,"경기","안성시","차대차","정면충돌","정면충돌","운전자법규위반","중앙선 침범","단일로","기타단일로","자전거","자전거","건설기계","건설기계","982098  ","1887857 ",127.29882889,36.98900906
"2012","2012092308","40","주간","일",1,1,0,0,0,"서울","동대문구","차대사람","횡단중","횡단중","운전자법규위반","신호위반","단일로","횡단보도상","자전거","자전거","보행자","보행자","959929  ","1953599 ",127.04616836,37.58090512
"2012","2012092319","55","야간","일",1,2,1,0,0,"충남","천안시","차대사람","횡단중","횡단중","운전자법규위반","안전운전 의무 불이행","단일로","기타단일로","승합차","소형","보행자","보행자","969739  ","1869560 ",127.16067943,36.82375575
"2012","2012102722","25","야간","토",1,1,0,0,0,"전북","전주시","차대사람","횡단중","횡단중","운전자법규위반","보행자 보호의무 위반","단일로","기타단일로","승용차","중형","보행자","보행자","965242  ","1761027 ",127.11509884,35.84515095
"2012","2012102403","15","야간","수",1,1,0,0,0,"대전","유성구","차량단독","공작물충돌","공작물충돌","운전자법규위반","안전운전 의무 불이행","교차로","교차로내","승용차","소형","00","00","989046  ","1824430 ",127.37781425,36.41733017
"2012","2012102407","06","주간","수",1,2,0,1,0,"광주","광산구","차대사람","보도통행중","보도통행중","운전자법규위반","기타(운전자법규위반)","단일로","기타단일로","승용차","소형","보행자","보행자","936610  ","1686654 ",126.80408277,35.17323391
"2012","2012102822","12","야간","일",1,1,0,0,0,"대구","남구","차대사람","횡단중","횡단중","운전자법규위반","안전운전 의무 불이행","단일로","기타단일로","승용차","중형","보행자","보행자","1097813 ","1762754 ",128.58329191,35.85645448
"2012","2012102912","30","주간","월",1,1,0,0,0,"경북","포항시","차대사람","기타","기타","운전자법규위반","안전운전 의무 불이행","교차로","교차로부근","화물차","경형","보행자","보행자","1168176 ","1783387 ",129.36664773,36.03283344
"2012","2012102506","45","주간","목",1,2,1,0,0,"경기","안성시","차대차","기타","기타","운전자법규위반","중앙선 침범","단일로","기타단일로","화물차","소형","화물차","중형","994550  ","1891957 ",127.43287267,37.03484556
"2012","2012102123","13","야간","일",1,1,0,0,0,"부산","수영구","차대차","기타","기타","운전자법규위반","안전운전 의무 불이행","단일로","횡단보도상","화물차","소형","승용차","중형","1147070 ","1685099 ",129.11458392,35.15038878
"2012","2012102201","55","야간","월",1,1,0,0,0,"충북","충주시","차량단독","공작물충돌","공작물충돌","운전자법규위반","안전운전 의무 불이행","단일로","기타단일로","화물차","경형","00","00","1043156 ","1876230 ",127.98428907,36.88338081
"2012","2012101211","18","주간","금",1,1,0,0,0,"전북","정읍시","차대차","정면충돌","정면충돌","운전자법규위반","직진 및 우회전차의 통행방해","교차로","교차로내","승합차","대형","이륜차","소형","940520  ","1730404 ",126.84361386,35.56787173
"2012","2012100805","34","야간","월",1,1,0,0,0,"대전","중구","차대차","측면직각충돌","측면직각충돌","운전자법규위반","안전운전 의무 불이행","단일로","기타단일로","승합차","중형","자전거","자전거","994632  ","1812572 ",127.44020476,36.31047318
"2012","2012100818","50","야간","월",1,1,0,0,0,"충남","태안군","차대차","기타","기타","운전자법규위반","안전운전 의무 불이행","단일로","기타단일로","승용차","중형","승용차","대형","898118  ","1848096 ",126.36053934,36.62529636
"2012","2012101006","28","주간","수",1,1,0,0,0,"경기","수원시","차대사람","횡단중","횡단중","운전자법규위반","안전운전 의무 불이행","단일로","기타단일로","승용차","소형","보행자","보행자","957626  ","1922012 ",127.02216241,37.29576182
"2012","2012101016","20","주간","수",1,1,0,0,0,"전북","정읍시","차량단독","공작물충돌","공작물충돌","운전자법규위반","안전운전 의무 불이행","단일로","기타단일로","승용차","대형","00","00","943108  ","1731875 ",126.87206843,35.58128643
"2012","2012101020","05","야간","수",1,1,0,0,0,"전북","완주군","차대사람","보도통행중","보도통행중","운전자법규위반","신호위반","단일로","횡단보도상","승용차","중형","보행자","보행자","974733  ","1750280 ",127.22053793,35.74854514
"2012","2012101309","30","주간","토",1,1,0,0,0,"경기","파주시","차대사람","횡단중","횡단중","운전자법규위반","안전운전 의무 불이행","단일로","교량위","화물차","중형","보행자","보행자","946965  ","1983388 ",126.89717726,37.84873283
"2012","2012100613","47","주간","토",1,1,0,0,0,"전북","남원시","차대차","측면직각충돌","측면직각충돌","운전자법규위반","신호위반","교차로","교차로내","건설기계","건설기계","이륜차","중형","985476  ","1708150 ",127.34050034,35.36884975
"2012","2012101815","10","주간","목",1,1,0,0,0,"경기","안산시","차대사람","횡단중","횡단중","운전자법규위반","안전운전 의무 불이행","교차로","교차로내","승합차","대형","보행자","보행자","943537  ","1924010 ",126.86279274,37.31335422
"2012","2012101418","30","야간","일",1,1,0,0,0,"강원","홍천군","차대사람","횡단중","횡단중","운전자법규위반","보행자 보호의무 위반","단일로","횡단보도상","화물차","소형","보행자","보행자","1030903 ","1963293 ",127.85040969,37.66863365
"2012","2012101506","15","주간","월",1,1,0,0,0,"경기","안성시","차대차","측면직각충돌","측면직각충돌","운전자법규위반","안전운전 의무 불이행","교차로","교차로내","화물차","소형","자전거","자전거","982642  ","1888981 ",127.3049161,36.99915143
"2012","2012101819","55","야간","목",1,1,0,0,0,"경남","함안군","차대사람","기타","기타","운전자법규위반","안전운전 의무 불이행","단일로","기타단일로","건설기계","건설기계","보행자","보행자","1076821 ","1696562 ",128.34454474,35.26156403
"2012","2012101812","54","주간","목",1,1,0,0,0,"강원","화천군","차량단독","도로이탈","도로이탈 추락","운전자법규위반","안전운전 의무 불이행","단일로","기타단일로","승용차","중형","00","00","1030691 ","2023361 ",127.85056809,38.21002315
"2012","2012101914","30","주간","금",1,2,0,1,0,"경기","고양시","차대사람","횡단중","횡단중","운전자법규위반","보행자 보호의무 위반","교차로","교차로내","승용차","중형","보행자","보행자","934632  ","1963901 ",126.75875862,37.67230504
"2012","2012101503","10","야간","월",1,1,0,0,0,"충남","서산시","차대사람","차도통행중","차도통행중","운전자법규위반","안전운전 의무 불이행","단일로","기타단일로","승용차","중형","보행자","보행자","910637  ","1865403 ",126.49851054,36.78254971
"2012","2012100410","14","주간","목",1,1,0,0,0,"경남","통영시","차대차","측면직각충돌","측면직각충돌","운전자법규위반","중앙선 침범","단일로","기타단일로","승용차","소형","이륜차","중형","1078002 ","1660113 ",128.35409267,34.93283804
"2012","2012092820","35","야간","금",1,1,0,0,0,"충북","청원군","차대사람","횡단중","횡단중","운전자법규위반","안전운전 의무 불이행","교차로","교차로내","승용차","경형","보행자","보행자","984560  ","1845898 ",127.32734624,36.61080523
"2012","2012092822","22","야간","금",1,1,0,0,0,"충남","보령시","차대사람","횡단중","횡단중","운전자법규위반","보행자 보호의무 위반","단일로","횡단보도부근","승용차","중형","보행자","보행자","926008  ","1810940 ",126.67598114,36.2929354
"2012","2012093015","00","주간","일",1,1,0,0,0,"경북","구미시","차대사람","기타","기타","운전자법규위반","안전운전 의무 불이행","교차로","교차로부근","승용차","대형","보행자","보행자","1084011 ","1795833 ",128.43396321,36.15593387
"2012","2012092805","22","야간","금",1,1,0,0,0,"대전","대덕구","차대사람","횡단중","횡단중","운전자법규위반","안전운전 의무 불이행","단일로","기타단일로","화물차","소형","보행자","보행자","993093  ","1817964 ",127.42301372,36.35907458
"2012","2012080504","05","야간","일",1,3,1,1,0,"경북","구미시","차대차","측면직각충돌","측면직각충돌","운전자법규위반","신호위반","교차로","교차로내","원동기장치자전거","원동기장치자전거","승용차","소형","1077676 ","1789789 ",128.36294687,36.10197744
"2012","2012113005","00","야간","금",1,1,0,0,0,"충남","예산군","차대사람","횡단중","횡단중","운전자법규위반","신호위반","교차로","교차로부근","화물차","소형","보행자","보행자","930190  ","1860655 ",126.71805414,36.74139448
"2012","2012010817","00","주간","일",1,1,0,0,0,"강원","춘천시","차량단독","도로이탈","도로이탈 추락","운전자법규위반","안전운전 의무 불이행","단일로","기타단일로","화물차","중형","00","00","1002577 ","1970097 ",127.52924498,37.73047743
"2012","2012010601","25","야간","금",1,1,0,0,0,"서울","종로구","차대사람","차도통행중","차도통행중","운전자법규위반","안전운전 의무 불이행","단일로","기타단일로","승용차","중형","보행자","보행자","957370  ","1952786 ",127.01723415,37.57346239
"2012","2012061420","29","야간","목",1,1,0,0,0,"경기","광주시","차대차","측면직각충돌","측면직각충돌","운전자법규위반","안전거리 미확보","단일로","교량위","화물차","소형","승용차","대형","977785  ","1941036 ",127.24877734,37.46827227
"2013","2013060412","30","주간","화",1,1,0,0,0,"경북","상주시","차대사람","횡단중","횡단중","운전자법규위반","과속","단일로","기타단일로","승합차","대형","보행자","보행자","1059232 ","1843475 ",128.16214098,36.58724773
"2013","2013041507","58","주간","월",1,12,8,3,0,"경북","상주시","차대차","추돌","주정차중 추돌","운전자법규위반","안전운전 의무 불이행","단일로","기타단일로","화물차","중형","승합차","소형","1064721 ","1814315 ",128.22105948,36.32402716
"2013","2013060816","55","주간","토",1,11,7,3,0,"경북","성주군","차대차","추돌","진행중 추돌","운전자법규위반","안전운전 의무 불이행","단일로","기타단일로","화물차","중형","승합차","소형","1073868 ","1763342 ",128.31818054,35.86385375
"2013","2013052003","25","야간","월",1,4,2,1,0,"경남","함안군","차대차","추돌","진행중 추돌","운전자법규위반","과속","단일로","기타단일로","승용차","중형","화물차","소형","1090892 ","1702791 ",128.4999077,35.31654393
"2013","2013021417","59","주간","목",2,6,4,0,0,"제주","서귀포시","차대차","정면충돌","정면충돌","운전자법규위반","중앙선 침범","단일로","기타단일로","승용차","중형","승용차","중형","924308  ","1486344 ",126.68636539,33.36600445
"2013","2013021321","50","야간","수",1,1,0,0,0,"서울","강서구","차대사람","횡단중","횡단중","운전자법규위반","안전운전 의무 불이행","단일로","기타단일로","승합차","대형","보행자","보행자","939248  ","1951528 ",126.81212634,37.56110656
"2013","2013022314","35","주간","토",1,2,1,0,0,"경기","고양시","차량단독","공작물충돌","공작물충돌","운전자법규위반","안전운전 의무 불이행","단일로","기타단일로","승용차","중형","00","00","930686  ","1963359 ",126.71406816,37.66713055
"2013","2013022513","55","주간","월",1,1,0,0,0,"인천","서구","차대사람","길가장자리구역통행중","길가장자리구역통행중","운전자법규위반","안전운전 의무 불이행","단일로","기타단일로","화물차","중형","보행자","보행자","926517  ","1956747 ",126.66746672,37.60721545
"2013","2013022421","15","야간","일",1,1,0,0,0,"경기","여주시","차대차","정면충돌","정면충돌","운전자법규위반","중앙선 침범","단일로","기타단일로","원동기장치자전거","원동기장치자전거","화물차","소형","1014577 ","1922586 ",127.66448358,37.30211964
"2013","2013022401","55","야간","일",1,1,0,0,0,"경기","구리시","차량단독","공작물충돌","공작물충돌","운전자법규위반","안전운전 의무 불이행","단일로","횡단보도부근","승용차","중형","00","00","965984  ","1951597 ",127.11483679,37.56310412
"2013","2013022323","03","야간","토",1,2,1,0,0,"경기","남양주시","차량단독","공작물충돌","공작물충돌","운전자법규위반","안전운전 의무 불이행","단일로","기타단일로","화물차","소형","00","00","972805  ","1968790 ",127.19142954,37.71829684
"2013","2013022102","13","야간","목",1,1,0,0,0,"대구","동구","차량단독","공작물충돌","공작물충돌","운전자법규위반","안전운전 의무 불이행","단일로","기타단일로","승합차","소형","00","00","1102953 ","1770529 ",128.6435233,35.92629864
"2013","2013022123","10","야간","목",1,1,0,0,0,"서울","마포구","차대사람","차도통행중","차도통행중","운전자법규위반","안전운전 의무 불이행","단일로","기타단일로","승용차","중형","보행자","보행자","949791  ","1950029 ",126.93159773,37.54823101
"2013","2013022219","45","야간","금",1,1,0,0,0,"전남","순천시","차대사람","횡단중","횡단중","운전자법규위반","안전운전 의무 불이행","단일로","교량위","승용차","중형","보행자","보행자","999395  ","1661653 ",127.49333899,34.94970533
"2013","2013022504","20","야간","월",1,1,0,0,0,"경기","남양주시","차대사람","기타","기타","운전자법규위반","안전운전 의무 불이행","단일로","기타단일로","승용차","중형","보행자","보행자","971711  ","1962440 ",127.16803029,37.70363172
"2013","2013022411","30","주간","일",1,1,0,0,0,"경기","가평군","차대차","기타","기타","운전자법규위반","안전운전 의무 불이행","단일로","기타단일로","승용차","중형","자전거","자전거","998357  ","1959635 ",127.48137807,37.63618155
"2013","2013022416","50","주간","일",1,1,0,0,0,"경기","파주시","차량단독","공작물충돌","공작물충돌","운전자법규위반","안전운전 의무 불이행","단일로","기타단일로","화물차","중형","00","00","931172  ","1981527 ",126.71785675,37.83090524
"2013","2013022417","20","주간","일",1,1,0,0,0,"충남","당진시","차량단독","공작물충돌","공작물충돌","운전자법규위반","안전운전 의무 불이행","단일로","기타단일로","승용차","중형","00","00","931550  ","1877375 ",126.73178159,36.89220596
"2013","2013022419","00","야간","일",1,1,0,0,0,"경북","영덕군","차량단독","도로이탈","도로이탈 기타","운전자법규위반","안전운전 의무 불이행","단일로","기타단일로","승용차","소형","00","00","1170302 ","1837105 ",129.40194204,36.51649417
"2013","2013010115","15","주간","화",1,1,0,0,0,"경북","봉화군","차량단독","전도전복","전도전복","운전자법규위반","안전운전 의무 불이행","단일로","기타단일로","화물차","소형","00","00","1133284 ","1883377 ",128.99433402,36.93804049
"2013","2013010310","10","주간","목",1,1,0,0,0,"경기","안양시","차대사람","보도통행중","보도통행중","운전자법규위반","신호위반","교차로","교차로내","화물차","소형","보행자","보행자","949372  ","1931814 ",126.92810655,37.38403142
"2013","2013010223","40","야간","수",1,1,0,0,0,"경기","용인시","차량단독","공작물충돌","공작물충돌","운전자법규위반","안전운전 의무 불이행","단일로","터널안","승용차","중형","00","00","964858  ","1921951 ",127.10349924,37.29584592
"2013","2013122303","30","야간","월",1,1,0,0,0,"경남","김해시","차대사람","기타","기타","운전자법규위반","안전운전 의무 불이행","단일로","기타단일로","승용차","소형","보행자","보행자","1134954 ","1694970 ",128.98370778,35.24082622
"2013","2013121413","00","주간","토",6,10,4,0,0,"울산","울주군","차대차","추돌","주정차중 추돌","운전자법규위반","안전운전 의무 불이행","단일로","기타단일로","화물차","대형","승용차","소형","1152501 ","1745780 ",129.18554279,35.69649293
"2013","2013051017","30","주간","금",1,1,0,0,0,"광주","서구","차대차","추돌","진행중 추돌","운전자법규위반","교차로 통행방법 위반","교차로","교차로내","승용차","중형","자전거","자전거","941319  ","1685945 ",126.85562439,35.1670629
"2013","2013051705","45","야간","금",2,2,0,0,0,"전남","무안군","차대차","측면직각충돌","측면직각충돌","운전자법규위반","중앙선 침범","단일로","기타단일로","이륜차","중형","이륜차","중형","908290  ","1668091 ",126.49495063,35.00362071
"2012","2012111512","25","주간","목",1,6,5,0,0,"강원","고성군","차량단독","도로이탈","도로이탈 기타","운전자법규위반","안전운전 의무 불이행","단일로","기타단일로","승합차","중형","00","00","1078985 ","2059108 ",128.40617083,38.52920376
"2012","2012111619","17","야간","금",1,1,0,0,0,"전북","전주시","차대사람","보도통행중","보도통행중","운전자법규위반","보행자 보호의무 위반","단일로","기타단일로","승용차","대형","보행자","보행자","967474  ","1759525 ",127.13987619,35.83168552
"2012","2012100214","25","주간","화",1,1,0,0,0,"전북","진안군","차량단독","기타","기타","운전자법규위반","안전운전 의무 불이행","교차로","교차로부근","원동기장치자전거","원동기장치자전거","00","00","994052  ","1752361 ",127.43419721,35.76761467
"2012","2012102505","55","야간","목",1,1,0,0,0,"경기","성남시","차대사람","횡단중","횡단중","운전자법규위반","보행자 보호의무 위반","교차로","교차로부근","승용차","소형","보행자","보행자","969907  ","1938105 ",127.15892082,37.44290788
"2012","2012111218","28","야간","월",1,1,0,0,0,"충남","금산군","차대사람","보도통행중","보도통행중","운전자법규위반","안전운전 의무 불이행","단일로","기타단일로","승용차","소형","보행자","보행자","983960  ","1796131 ",127.32166449,36.16213006
"2012","2012100922","00","야간","화",1,1,0,0,0,"부산","진구","차대사람","횡단중","횡단중","운전자법규위반","안전운전 의무 불이행","단일로","기타단일로","승용차","중형","보행자","보행자","1142119 ","1686015 ",129.0604061,35.15935751
"2012","2012110803","20","야간","목",2,2,0,0,0,"충남","당진시","차량단독","공작물충돌","공작물충돌","운전자법규위반","안전운전 의무 불이행","교차로","교차로부근","승용차","소형","00","00","927500  ","1883574 ",126.68573834,36.94777897
"2013","2013042419","25","야간","수",1,12,1,4,6,"서울","서초구","차대차","측면직각충돌","측면직각충돌","운전자법규위반","안전거리 미확보","단일로","기타단일로","승용차","중형","화물차","소형","954985  ","1945387 ",126.99067987,37.50665983
"2013","2013042413","30","주간","수",1,1,0,0,0,"경남","김해시","차대사람","보도통행중","보도통행중","운전자법규위반","기타(운전자법규위반)","단일로","기타단일로","화물차","중형","보행자","보행자","1117491 ","1700398 ",128.79346167,35.29271602
"2013","2013042411","35","주간","수",1,1,0,0,0,"충북","청주시","차대차","기타","기타","운전자법규위반","신호위반","교차로","교차로부근","승합차","대형","원동기장치자전거","원동기장치자전거","998657  ","1845969 ",127.4849821,36.61156942
"2013","2013050212","50","주간","목",1,1,0,0,0,"경남","창원시(통합)","차대차","측면직각충돌","측면직각충돌","운전자법규위반","안전운전 의무 불이행","교차로","교차로내","승용차","중형","자전거","자전거","1107153 ","1693073 ",128.67749602,35.22732351
"2013","2013042715","45","주간","토",1,1,0,0,0,"세종","세종","차량단독","전도전복","전도전복","운전자법규위반","안전운전 의무 불이행","교차로","교차로부근","건설기계","건설기계","00","00","990250  ","1836848 ",127.39108766,36.52929408
"2013","2013042717","50","주간","토",1,1,0,0,0,"경기","부천시","차대차","정면충돌","정면충돌","운전자법규위반","신호위반","교차로","교차로부근","승용차","중형","원동기장치자전거","원동기장치자전거","938638  ","1948193 ",126.80549892,37.53100799
"2013","2013042920","35","야간","월",1,1,0,0,0,"경남","함안군","차대사람","길가장자리구역통행중","길가장자리구역통행중","운전자법규위반","안전운전 의무 불이행","단일로","기타단일로","승용차","대형","보행자","보행자","1091542 ","1705331 ",128.50734147,35.3393841
"2013","2013050512","10","주간","일",1,1,0,0,0,"전남","화순군","차량단독","도로이탈","도로이탈 추락","운전자법규위반","안전운전 의무 불이행","교차로","교차로부근","농기계","농기계","00","00","950422  ","1653864 ",126.95749428,34.87827896
"2013","2013050800","38","야간","수",1,1,0,0,0,"경북","안동시","차대차","기타","기타","운전자법규위반","안전운전 의무 불이행","단일로","기타단일로","화물차","소형","자전거","자전거","1097561 ","1843944 ",128.59061511,36.58832511
"2013","2013050500","40","야간","일",1,2,0,1,0,"서울","동대문구","차대차","기타","기타","운전자법규위반","중앙선 침범","단일로","기타단일로","이륜차","중형","승합차","대형","961125  ","1954525 ",127.05966435,37.58930271
"2013","2013051111","20","주간","토",1,1,0,0,0,"전북","순창군","차량단독","전도전복","전도전복","운전자법규위반","안전운전 의무 불이행","기타/불명","기타/불명","이륜차","사발이","00","00","961375  ","1714929 ",127.09693528,35.44983939
"2013","2013051204","35","야간","일",1,1,0,0,0,"전북","완주군","차량단독","공작물충돌","공작물충돌","운전자법규위반","안전운전 의무 불이행","교차로","교차로부근","화물차","소형","00","00","968977  ","1766014 ",127.15626444,35.890239
"2013","2013051209","50","주간","일",1,1,0,0,0,"경기","여주시","차대차","측면직각충돌","측면직각충돌","운전자법규위반","안전운전 의무 불이행","교차로","교차로내","이륜차","사발이","승합차","대형","1011365 ","1922250 ",127.62823505,37.29913577
"2013","2013051716","05","주간","금",1,1,0,0,0,"경기","광명시","차대차","추돌","진행중 추돌","운전자법규위반","신호위반","교차로","교차로내","승용차","중형","이륜차","소형","946490  ","1937916 ",126.89511103,37.43886866
"2013","2013051611","18","주간","목",1,1,0,0,0,"부산","금정구","차대사람","기타","기타","운전자법규위반","안전운전 의무 불이행","단일로","기타단일로","승합차","대형","보행자","보행자","1144314 ","1693712 ",129.08491068,35.22213324
"2013","2013051607","40","주간","목",1,1,0,0,0,"경기","양주시","차량단독","공작물충돌","공작물충돌","운전자법규위반","안전운전 의무 불이행","단일로","기타단일로","화물차","중형","00","00","953410  ","1967863 ",126.97142863,37.70916049
"2012","2012080516","20","주간","일",1,1,0,0,0,"서울","도봉구","차대차","정면충돌","정면충돌","운전자법규위반","신호위반","교차로","교차로내","이륜차","중형","승용차","중형","959768  ","1963619 ",127.04403336,37.67275245
"2012","2012080421","15","야간","토",1,1,0,0,0,"전북","완주군","차대사람","횡단중","횡단중","운전자법규위반","안전운전 의무 불이행","교차로","교차로부근","승용차","소형","보행자","보행자","974058  ","1749899 ",127.2416515,35.70764019
"2012","2012081223","03","야간","일",1,1,0,0,0,"부산","영도구","차대차","기타","기타","운전자법규위반","중앙선 침범","단일로","기타단일로","자전거","자전거","승용차","소형","1143823 ","1676373 ",129.07743258,35.07220369