"발생년","발생년월일시","발생분","주야","요일","사망자수","사상자수","중상자수","경상자수","부상신고자수","발생지시도","발생지시군구","사고유형_대분류","사고유형_중분류","사고유형","법규위반_대분류","법규위반","도로형태_대분류","도로형태","당사자종별_1당_대분류","당사자종별_1당","당사자종별_2당_대분류","당사자종별_2당","발생위치X_UTMK","발생위치Y_UTMK","경도","위도"
"2012","2012121520","15","야간","토",1,1,0,0,0,"경기","시흥시","차대사람","기타","기타","운전자법규위반","안전운전 의무 불이행","단일로","기타단일로","승합차","소형","보행자","보행자","933543  ","1927140 ",126.74973421,37.34090437
"2012","2012121207","10","주간","수",1,1,0,0,0,"경기","의정부시","차대사람","횡단중","횡단중","운전자법규위반","안전운전 의무 불이행","교차로","교차로내","승용차","중형","보행자","보행자","960264  ","1969691 ",127.0503214,37.72623442
"2012","2012121207","34","주간","수",1,1,0,0,0,"서울","종로구","차대차","추돌","주정차중 추돌","운전자법규위반","안전운전 의무 불이행","단일로","기타단일로","승용차","중형","화물차","중형","956472  ","1952541 ",127.00707959,37.57121213
"2012","2012121323","05","야간","목",1,1,0,0,0,"경남","창원시(통합)","차대사람","횡단중","횡단중","운전자법규위반","안전운전 의무 불이행","단일로","기타단일로","승용차","중형","보행자","보행자","1097734 ","1692269 ",128.57391282,35.22103756
"2013","2013012506","02","주간","금",1,1,0,0,0,"부산","동래구","차량단독","공작물충돌","공작물충돌","운전자법규위반","안전운전 의무 불이행","교차로","교차로부근","승용차","대형","00","00","1143647 ","1690504 ",129.07795925,35.199603
"2013","2013013106","25","주간","목",1,4,2,1,0,"충북","충주시","차대차","추돌","진행중 추돌","운전자법규위반","안전운전 의무 불이행","단일로","기타단일로","화물차","소형","특수차","대형","1021947 ","1900464 ",127.74699378,37.10256631
"2013","2013012806","50","주간","월",1,1,0,0,0,"전북","전주시","차대사람","차도통행중","차도통행중","운전자법규위반","안전운전 의무 불이행","단일로","기타단일로","화물차","소형","보행자","보행자","966354  ","1760566 ",127.12743204,35.84103338
"2013","2013013020","50","야간","수",2,6,4,0,0,"경북","영천시","차대차","추돌","주정차중 추돌","운전자법규위반","안전운전 의무 불이행","교차로","교차로부근","승용차","대형","화물차","대형","1142932 ","1778851 ",129.08574102,35.99598712
"2013","2013013006","40","주간","수",1,1,0,0,0,"경남","진주시","차대사람","횡단중","횡단중","운전자법규위반","안전운전 의무 불이행","교차로","교차로내","화물차","소형","보행자","보행자","1051366 ","1688855 ",128.1120502,35.18200941
"2013","2013020502","00","야간","화",1,1,0,0,0,"경북","구미시","차량단독","공작물충돌","공작물충돌","운전자법규위반","안전운전 의무 불이행","단일로","기타단일로","승용차","중형","00","00","1076722 ","1787096 ",128.35208732,36.07777642
"2013","2013020403","30","야간","월",1,1,0,0,0,"대전","동구","차량단독","공작물충돌","공작물충돌","운전자법규위반","안전운전 의무 불이행","단일로","기타단일로","승용차","중형","00","00","993579  ","1816365 ",127.42844393,36.34466231
"2013","2013020122","50","야간","금",1,1,0,0,0,"충남","공주시","차대사람","기타","기타","운전자법규위반","안전운전 의무 불이행","단일로","기타단일로","승합차","소형","보행자","보행자","957769  ","1836205 ",127.0283008,36.52261436
"2013","2013020201","00","야간","토",1,3,2,0,0,"광주","북구","차대차","정면충돌","정면충돌","운전자법규위반","중앙선 침범","단일로","기타단일로","승용차","중형","승용차","중형","943595  ","1694140 ",126.88005449,35.24108437
"2013","2013020210","59","주간","토",1,1,0,0,0,"광주","북구","차대사람","길가장자리구역통행중","길가장자리구역통행중","운전자법규위반","안전운전 의무 불이행","단일로","기타단일로","승합차","대형","보행자","보행자","947161  ","1685862 ",126.92907621,35.16222851
"2013","2013021216","00","주간","화",1,1,0,0,0,"충북","영동군","차량단독","도로이탈","도로이탈 추락","운전자법규위반","안전운전 의무 불이행","단일로","기타단일로","화물차","중형","00","00","1040926 ","1796172 ",127.95501906,36.16176796
"2013","2013021019","30","야간","일",1,1,0,0,0,"제주","서귀포시","차대사람","횡단중","횡단중","운전자법규위반","안전운전 의무 불이행","단일로","기타단일로","승용차","중형","보행자","보행자","913274  ","1475348 ",126.56882568,33.26600065
"2013","2013021211","10","주간","화",1,26,7,17,1,"충북","청주시","차대차","추돌","진행중 추돌","운전자법규위반","중앙선 침범","단일로","기타단일로","승용차","중형","승합차","대형","998339  ","1846728 ",127.48142447,36.61841132
"2013","2013021008","45","주간","일",1,1,0,0,0,"경기","광주시","차량단독","공작물충돌","공작물충돌","운전자법규위반","안전운전 의무 불이행","단일로","기타단일로","승용차","중형","00","00","983777  ","1941157 ",127.316536,37.46948755
"2013","2013020902","50","야간","토",1,3,2,0,0,"충북","청주시","차대차","측면직각충돌","측면직각충돌","운전자법규위반","안전운전 의무 불이행","단일로","기타단일로","승용차","중형","화물차","중형","996964  ","1851768 ",127.46602743,36.66384339
"2013","2013021112","25","주간","월",1,1,0,0,0,"전남","여수시","차대차","추돌","진행중 추돌","운전자법규위반","안전운전 의무 불이행","단일로","기타단일로","이륜차","대형","승용차","중형","1012177 ","1644162 ",127.63310804,34.79192694
"2013","2013021119","53","야간","월",1,3,0,2,0,"경기","성남시","차대차","기타","기타","운전자법규위반","중앙선 침범","교차로","교차로부근","승용차","중형","승용차","소형","968735  ","1930438 ",127.14688401,37.37248406
"2013","2013020714","25","주간","목",1,1,0,0,0,"경북","경주시","차대차","기타","기타","운전자법규위반","안전운전 의무 불이행","교차로","교차로내","승용차","중형","원동기장치자전거","원동기장치자전거","1154581 ","1762024 ",129.21165805,35.84256408
"2013","2013020718","00","야간","목",1,1,0,0,0,"경기","안양시","차대사람","횡단중","횡단중","운전자법규위반","안전운전 의무 불이행","단일로","횡단보도상","승용차","소형","보행자","보행자","951267  ","1932733 ",126.94945097,37.39241633
"2013","2013020618","47","야간","수",1,1,0,0,0,"충남","공주시","차대사람","횡단중","횡단중","운전자법규위반","신호위반","교차로","교차로내","화물차","소형","보행자","보행자","965850  ","1842545 ",127.11827854,36.58009169
"2013","2013021908","10","주간","화",1,1,0,0,0,"경기","용인시","차량단독","공작물충돌","공작물충돌","운전자법규위반","안전운전 의무 불이행","단일로","기타단일로","승용차","중형","00","00","970815  ","1915791 ",127.16925726,37.24124295
"2013","2013021908","20","주간","화",1,1,0,0,0,"전남","영광군","차량단독","기타","기타","운전자법규위반","안전운전 의무 불이행","단일로","기타단일로","이륜차","소형","00","00","897055  ","1687507 ",126.36943289,35.17758487
"2013","2013021317","40","주간","수",1,1,0,0,0,"부산","북구","차대사람","기타","기타","운전자법규위반","안전운전 의무 불이행","단일로","기타단일로","승용차","소형","보행자","보행자","1136622 ","1691755 ",129.00102149,35.21186048
"2013","2013021419","20","야간","목",1,1,0,0,0,"대구","남구","차대사람","기타","기타","운전자법규위반","안전운전 의무 불이행","교차로","교차로부근","승용차","중형","보행자","보행자","1099708 ","1760125 ",128.60394732,35.83256432
"2013","2013021416","43","주간","목",1,1,0,0,0,"대구","북구","차대차","추돌","진행중 추돌","운전자법규위반","안전운전 의무 불이행","단일로","기타단일로","화물차","소형","자전거","자전거","1097387 ","1772683 ",128.57978984,35.94600178
"2013","2013021322","18","야간","수",1,2,0,1,0,"경기","안양시","차대차","측면직각충돌","측면직각충돌","운전자법규위반","안전운전 의무 불이행","교차로","교차로부근","승용차","중형","승용차","중형","946557  ","1935609 ",126.90119065,37.41215611
"2013","2013022520","30","야간","월",1,1,0,0,0,"경기","포천시","차대사람","길가장자리구역통행중","길가장자리구역통행중","운전자법규위반","안전운전 의무 불이행","단일로","교량위","승용차","중형","보행자","보행자","974349  ","1981975 ",127.20807229,37.8287151
"2013","2013010120","35","야간","화",1,4,3,0,0,"충남","아산시","차대차","기타","기타","운전자법규위반","중앙선 침범","단일로","교량위","승용차","대형","승용차","중형","954608  ","1866711 ",126.99118858,36.79746864
"2013","2013010205","37","야간","수",1,1,0,0,0,"충남","공주시","차대사람","기타","기타","운전자법규위반","안전운전 의무 불이행","단일로","기타단일로","승용차","소형","보행자","보행자","960448  ","1830493 ",127.05851545,36.47123569
"2013","2013120408","45","주간","수",1,1,0,0,0,"부산","북구","차대차","기타","기타","운전자법규위반","안전운전 의무 불이행","단일로","기타단일로","화물차","중형","자전거","자전거","1136780 ","1691573 ",129.0028466,35.21021133
"2013","2013102411","29","주간","목",1,1,0,0,0,"충남","청양군","차량단독","전도전복","전도전복","운전자법규위반","안전운전 의무 불이행","단일로","기타단일로","농기계","농기계","00","00","930721  ","1831169 ",126.72665975,36.47564076
"2013","2013102418","20","야간","목",1,1,0,0,0,"전북","익산시","차대사람","횡단중","횡단중","운전자법규위반","안전운전 의무 불이행","단일로","기타단일로","승합차","중형","보행자","보행자","964175  ","1784160 ",127.11373787,36.04086516
"2013","2013102418","24","야간","목",2,2,0,0,0,"경기","양평군","차대차","추돌","진행중 추돌","운전자법규위반","안전운전 의무 불이행","단일로","기타단일로","화물차","대형","농기계","농기계","1014798 ","1947236 ",127.66747122,37.52430535
"2013","2013103020","30","야간","수",1,1,0,0,0,"서울","강남구","차량단독","공작물충돌","공작물충돌","운전자법규위반","안전운전 의무 불이행","단일로","기타단일로","이륜차","소형","00","00","958430  ","1946453 ",127.02959662,37.51642968
"2013","2013110101","30","야간","금",1,1,0,0,0,"경기","부천시","차량단독","전도전복","전도전복","운전자법규위반","안전운전 의무 불이행","단일로","기타단일로","승용차","소형","00","00","938383  ","1948344 ",126.80260032,37.53235194
"2013","2013110504","59","야간","화",1,1,0,0,0,"서울","중랑구","차대사람","횡단중","횡단중","운전자법규위반","신호위반","단일로","횡단보도상","승합차","대형","보행자","보행자","964267  ","1955547 ",127.09520292,37.5986417
"2013","2013110218","25","야간","토",1,1,0,0,0,"광주","서구","차대차","추돌","주정차중 추돌","운전자법규위반","안전운전 의무 불이행","단일로","기타단일로","승용차","중형","승용차","소형","944569  ","1684590 ",126.89140179,35.15502985
"2013","2013110203","55","야간","토",1,1,0,0,0,"광주","남구","차대사람","차도통행중","차도통행중","운전자법규위반","안전운전 의무 불이행","교차로","교차로부근","승용차","중형","보행자","보행자","945069  ","1680055 ",126.89719268,35.11416639
"2013","2013111003","46","야간","일",2,4,2,0,0,"광주","북구","차대차","측면직각충돌","측면직각충돌","운전자법규위반","안전운전 의무 불이행","단일로","기타단일로","승용차","소형","화물차","대형","946599  ","1685829 ",126.9136087,35.16631148
"2013","2013112011","25","주간","수",1,2,0,0,1,"전남","영광군","차대차","측면직각충돌","측면직각충돌","운전자법규위반","안전운전 의무 불이행","교차로","교차로내","화물차","중형","이륜차","소형","903945  ","1709118 ",126.44255915,35.37310131
"2013","2013112419","20","야간","일",1,1,0,0,0,"전북","전주시","차대사람","기타","기타","운전자법규위반","안전운전 의무 불이행","교차로","교차로내","승용차","대형","보행자","보행자","960438  ","1764171 ",127.06174589,35.87331474
"2013","2013112505","30","야간","월",1,2,0,1,0,"경기","남양주시","차대차","측면직각충돌","측면직각충돌","운전자법규위반","기타(운전자법규위반)","교차로","교차로내","자전거","자전거","승용차","대형","972167  ","1967827 ",127.18397048,37.71000287
"2013","2013112412","15","주간","일",1,1,0,0,0,"서울","강서구","차대사람","횡단중","횡단중","운전자법규위반","보행자 보호의무 위반","교차로","교차로부근","건설기계","건설기계","보행자","보행자","941813  ","1952342 ",126.84110253,37.56860875
"2013","2013112200","09","야간","금",1,1,0,0,0,"제주","제주시","차대사람","횡단중","횡단중","운전자법규위반","안전운전 의무 불이행","단일로","기타단일로","승용차","중형","보행자","보행자","911312  ","1498182 ",126.54551588,33.4717716
"2013","2013112208","21","주간","금",2,3,1,0,0,"서울","서초구","차대사람","횡단중","횡단중","운전자법규위반","안전운전 의무 불이행","교차로","교차로부근","승용차","중형","보행자","보행자","959584  ","1940814 ",127.04296461,37.46565445
"2013","2013112219","20","야간","금",1,1,0,0,0,"대구","달서구","차대차","기타","기타","운전자법규위반","보행자 보호의무 위반","단일로","횡단보도상","승합차","소형","승용차","중형","1095179 ","1762149 ",128.55526441,35.85247557
"2013","2013112212","18","주간","금",1,1,0,0,0,"서울","강남구","차대사람","차도통행중","차도통행중","운전자법규위반","안전운전 의무 불이행","단일로","기타단일로","승합차","대형","보행자","보행자","957742  ","1945746 ",127.02185215,37.51002599
"2013","2013112217","30","주간","금",1,1,0,0,0,"전남","담양군","차대차","측면직각충돌","측면직각충돌","운전자법규위반","중앙선 침범","단일로","기타단일로","원동기장치자전거","원동기장치자전거","승용차","소형","951797  ","1703928 ",126.96962342,35.3297673
"2013","2013112218","30","야간","금",1,1,0,0,0,"경남","창원시(통합)","차대차","측면직각충돌","측면직각충돌","운전자법규위반","안전운전 의무 불이행","단일로","기타단일로","화물차","중형","이륜차","대형","1108883 ","1689171 ",128.69598717,35.19195996
"2013","2013112311","50","주간","토",1,2,0,1,0,"울산","남구","차대차","정면충돌","정면충돌","운전자법규위반","중앙선 침범","단일로","기타단일로","승용차","중형","화물차","대형","1167219 ","1723533 ",129.34353932,35.49361871
"2013","2013113010","12","주간","토",1,1,0,0,0,"경기","군포시","차대사람","횡단중","횡단중","운전자법규위반","보행자 보호의무 위반","단일로","횡단보도상","승합차","대형","보행자","보행자","950823  ","1928104 ",126.94474281,37.35066966
"2013","2013112923","25","야간","금",1,1,0,0,0,"경기","남양주시","차대차","측면직각충돌","측면직각충돌","운전자법규위반","교차로 통행방법 위반","교차로","교차로내","원동기장치자전거","원동기장치자전거","승용차","경형","966258  ","1967797 ",127.11719085,37.70912897
"2013","2013113018","20","야간","토",1,1,0,0,0,"전남","보성군","차량단독","공작물충돌","공작물충돌","운전자법규위반","안전운전 의무 불이행","단일로","기타단일로","화물차","소형","00","00","969690  ","1645549 ",127.16863028,34.80405619
"2012","2012100818","40","야간","월",1,1,0,0,0,"강원","삼척시","차대사람","기타","기타","운전자법규위반","안전운전 의무 불이행","교차로","교차로부근","승합차","대형","보행자","보행자","1143304 ","1939313 ",129.11995692,37.44190534
"2013","2013113019","28","야간","토",1,1,0,0,0,"경북","김천시","차대사람","기타","기타","운전자법규위반","안전운전 의무 불이행","단일로","기타단일로","승용차","중형","보행자","보행자","1049920 ","1783568 ",128.05421263,36.04771661
"2013","2013113018","20","야간","토",1,1,0,0,0,"경남","남해군","차대사람","횡단중","횡단중","운전자법규위반","안전운전 의무 불이행","단일로","기타단일로","승용차","경형","보행자","보행자","1039342 ","1646957 ",127.93017754,34.81644387
"2013","2013112808","32","주간","목",1,1,0,0,0,"경기","안산시","차대사람","횡단중","횡단중","운전자법규위반","신호위반","교차로","교차로내","승용차","대형","보행자","보행자","938620  ","1923020 ",126.80738787,37.30411926
"2013","2013112822","15","야간","목",1,1,0,0,0,"전북","부안군","차량단독","공작물충돌","공작물충돌","운전자법규위반","안전운전 의무 불이행","단일로","기타단일로","화물차","소형","00","00","927963  ","1745716 ",126.68963811,35.72991151
"2013","2013112908","45","주간","금",1,1,0,0,0,"경기","화성시","차량단독","도로이탈","도로이탈 추락","운전자법규위반","안전운전 의무 불이행","단일로","기타단일로","승용차","중형","00","00","939237  ","1890819 ",126.81563499,37.08582214
"2013","2013112800","50","야간","목",1,1,0,0,0,"경남","양산시","차량단독","기타","기타","운전자법규위반","안전운전 의무 불이행","단일로","기타단일로","원동기장치자전거","원동기장치자전거","00","00","1140046 ","1706942 ",129.04122001,35.34828026
"2013","2013112723","10","야간","수",1,1,0,0,0,"전남","여수시","차량단독","공작물충돌","공작물충돌","운전자법규위반","안전운전 의무 불이행","단일로","기타단일로","승용차","소형","00","00","1015250 ","1648047 ",127.66676977,34.82691928
"2013","2013112811","50","주간","목",1,1,0,0,0,"경남","창원시(통합)","차대차","측면직각충돌","측면직각충돌","운전자법규위반","안전운전 의무 불이행","교차로","교차로내","화물차","소형","원동기장치자전거","원동기장치자전거","1099755 ","1696455 ",128.59662417,35.25857713
"2013","2013120623","20","야간","금",1,2,1,0,0,"울산","동구","차대차","기타","기타","운전자법규위반","신호위반","교차로","교차로내","이륜차","소형","승용차","중형","1174994 ","1724867 ",129.42950147,35.5043003
"2013","2013120623","05","야간","금",1,1,0,0,0,"인천","서구","차대사람","기타","기타","운전자법규위반","안전운전 의무 불이행","단일로","기타단일로","승용차","중형","보행자","보행자","926856  ","1944768 ",126.67250174,37.49928005
"2013","2013120605","15","야간","금",1,2,1,0,0,"서울","영등포구","차대차","추돌","주정차중 추돌","운전자법규위반","안전운전 의무 불이행","단일로","기타단일로","승용차","소형","승용차","중형","947425  ","1948631 ",126.90491435,37.53549871
"2013","2013120617","45","주간","금",1,1,0,0,0,"충남","부여군","차대사람","보도통행중","보도통행중","운전자법규위반","신호위반","교차로","교차로부근","화물차","소형","보행자","보행자","931793  ","1799958 ",126.74135841,36.19436168
"2013","2013120221","34","야간","월",1,3,2,0,0,"경남","거제시","차대사람","횡단중","횡단중","운전자법규위반","보행자 보호의무 위반","단일로","횡단보도상","이륜차","중형","보행자","보행자","1111751 ","1653125 ",128.72263405,34.86667817
"2013","2013120618","47","야간","금",1,1,0,0,0,"경북","경주시","차대사람","기타","기타","운전자법규위반","안전운전 의무 불이행","단일로","기타단일로","화물차","소형","보행자","보행자","1150299 ","1761389 ",129.16414258,35.83750714
"2012","2012092718","10","야간","목",1,1,0,0,0,"광주","광산구","차대차","측면직각충돌","측면직각충돌","운전자법규위반","중앙선 침범","교차로","교차로부근","승합차","소형","이륜차","소형","932167  ","1684260 ",126.75528303,35.15127601
"2012","2012112706","03","주간","화",1,1,0,0,0,"경기","고양시","차대차","추돌","진행중 추돌","운전자법규위반","신호위반","교차로","교차로내","화물차","중형","화물차","소형","939380  ","1963263 ",126.81264797,37.66688097
"2012","2012112710","12","주간","화",1,1,0,0,0,"전북","익산시","차대차","기타","기타","운전자법규위반","신호위반","교차로","교차로내","이륜차","중형","건설기계","건설기계","961028  ","1785917 ",127.06721274,36.06939447
"2013","2013041813","20","주간","목",1,1,0,0,0,"경북","경주시","차대사람","길가장자리구역통행중","길가장자리구역통행중","운전자법규위반","안전운전 의무 불이행","단일로","기타단일로","특수차","중형","보행자","보행자","1151271 ","1751183 ",129.17297115,35.7453771
"2013","2013042518","22","야간","목",1,1,0,0,0,"경남","창원시(통합)","차대사람","횡단중","횡단중","운전자법규위반","안전운전 의무 불이행","단일로","횡단보도상","승합차","소형","보행자","보행자","1098860 ","1694774 ",128.5865846,35.24351093
"2013","2013042500","49","야간","목",1,2,1,0,0,"충북","청주시","차대차","추돌","주정차중 추돌","운전자법규위반","안전운전 의무 불이행","교차로","교차로부근","승용차","경형","승용차","중형","998509  ","1852927 ",127.48331359,36.67429538
"2013","2013042223","30","야간","월",1,1,0,0,0,"경북","의성군","차량단독","공작물충돌","공작물충돌","운전자법규위반","안전운전 의무 불이행","교차로","교차로내","화물차","소형","00","00","1077782 ","1826378 ",128.36776607,36.43180082
"2013","2013050109","20","주간","수",1,1,0,0,0,"전북","김제시","차대차","기타","기타","운전자법규위반","중앙선 침범","단일로","기타단일로","이륜차","중형","화물차","소형","942215  ","1759349 ",126.86013687,35.82895298
"2013","2013050812","00","주간","수",1,1,0,0,0,"부산","강서구","차대차","추돌","주정차중 추돌","운전자법규위반","안전운전 의무 불이행","단일로","교량위","원동기장치자전거","원동기장치자전거","건설기계","건설기계","1126977 ","1677981 ",128.89296593,35.08896148
"2013","2013051009","30","주간","금",1,5,1,3,0,"강원","양양군","차대차","측면직각충돌","측면직각충돌","운전자법규위반","중앙선 침범","교차로","교차로부근","승용차","중형","승합차","대형","1097189 ","2017997 ",128.60937137,38.15668206
"2013","2013050912","10","주간","목",2,4,2,0,0,"충남","공주시","차량단독","전도전복","전도전복","운전자법규위반","안전운전 의무 불이행","단일로","기타단일로","승용차","경형","00","00","959270  ","1813166 ",127.04627554,36.31498226
"2012","2012091701","00","야간","월",1,1,0,0,0,"경기","용인시","차대차","기타","기타","운전자법규위반","안전운전 의무 불이행","단일로","기타단일로","승용차","소형","승용차","중형","973935  ","1917722 ",127.20606019,37.25802496
"2012","2012052404","20","야간","목",1,1,0,0,0,"경북","성주군","차대사람","횡단중","횡단중","운전자법규위반","안전운전 의무 불이행","단일로","기타단일로","화물차","소형","보행자","보행자","1070946 ","1768684 ",128.28629452,35.91222931
"2012","2012110701","00","야간","수",1,1,0,0,0,"경남","통영시","차량단독","공작물충돌","공작물충돌","운전자법규위반","안전운전 의무 불이행","교차로","교차로내","화물차","소형","00","00","1092526 ","1641715 ",128.51107349,34.76573503
"2012","2012110623","39","야간","화",1,1,0,0,0,"인천","연수구","차대사람","횡단중","횡단중","운전자법규위반","안전운전 의무 불이행","단일로","기타단일로","승합차","대형","보행자","보행자","924852  ","1935553 ",126.6503529,37.4171453
"2012","2012111418","07","야간","수",1,1,0,0,0,"경북","의성군","차대사람","횡단중","횡단중","운전자법규위반","안전운전 의무 불이행","단일로","기타단일로","승용차","소형","보행자","보행자","1084284 ","1821460 ",128.43976228,36.3869202
"2012","2012112007","20","주간","화",1,2,1,0,0,"전남","보성군","차대차","기타","기타","운전자법규위반","기타(운전자법규위반)","단일로","기타단일로","화물차","소형","화물차","소형","962765  ","1648543 ",127.09279013,34.83082485
"2012","2012111617","30","주간","금",1,1,0,0,0,"전남","곡성군","차대사람","차도통행중","차도통행중","운전자법규위반","안전운전 의무 불이행","기타/불명","기타/불명","승용차","중형","보행자","보행자","983030  ","1697545 ",127.28710883,35.27696602
"2012","2012110106","03","주간","목",1,1,0,0,0,"대구","동구","차량단독","기타","기타","운전자법규위반","안전운전 의무 불이행","단일로","기타단일로","승용차","대형","00","00","1103717 ","1766074 ",128.64896511,35.88563179
"2012","2012110102","14","야간","목",1,1,0,0,0,"경기","화성시","차대사람","차도통행중","차도통행중","운전자법규위반","안전운전 의무 불이행","단일로","기타단일로","승용차","대형","보행자","보행자","950494  ","1913935 ",126.94197215,37.22293899
"2012","2012110512","30","주간","월",1,5,3,1,0,"강원","홍천군","차대차","기타","기타","운전자법규위반","중앙선 침범","단일로","기타단일로","승용차","경형","화물차","소형","1050257 ","1971927 ",128.07045317,37.74559496
"2012","2012103004","55","야간","화",1,1,0,0,0,"전북","전주시","차량단독","공작물충돌","공작물충돌","운전자법규위반","안전운전 의무 불이행","단일로","기타단일로","승합차","소형","00","00","964891  ","1760384 ",127.11124032,35.83934116
"2012","2012102916","30","주간","월",1,1,0,0,0,"강원","영월군","차대사람","기타","기타","운전자법규위반","안전운전 의무 불이행","단일로","기타단일로","승합차","대형","보행자","보행자","1077880 ","1911563 ",128.37758176,37.19962149
"2012","2012102918","10","야간","월",1,6,4,1,0,"충남","당진시","차대차","측면직각충돌","측면직각충돌","운전자법규위반","중앙선 침범","교차로","교차로부근","승용차","소형","화물차","대형","937812  ","1875912 ",126.72340117,36.89633414
"2012","2012110306","25","주간","토",1,5,3,1,0,"경북","김천시","차대차","측면직각충돌","측면직각충돌","운전자법규위반","안전운전 의무 불이행","단일로","기타단일로","화물차","소형","농기계","농기계","1055605 ","1789137 ",128.11771694,36.09761451
"2012","2012122715","08","주간","목",1,1,0,0,0,"경남","김해시","차대사람","횡단중","횡단중","운전자법규위반","안전운전 의무 불이행","교차로","교차로내","화물차","대형","보행자","보행자","1133487 ","1703159 ",128.96844222,35.31507915
"2012","2012122810","50","주간","금",1,1,0,0,0,"경북","구미시","차량단독","공작물충돌","공작물충돌","운전자법규위반","안전운전 의무 불이행","단일로","기타단일로","승용차","중형","00","00","1076526 ","1804516 ",128.37461935,36.19177634
"2012","2012121601","42","야간","일",1,2,1,0,0,"충북","청주시","차대차","추돌","주정차중 추돌","운전자법규위반","안전운전 의무 불이행","단일로","기타단일로","승용차","대형","화물차","소형","998380  ","1849797 ",127.48187651,36.64607839
"2012","2012121619","25","야간","일",1,1,0,0,0,"경남","남해군","차량단독","전도전복","전도전복","운전자법규위반","안전운전 의무 불이행","교차로","교차로내","승용차","중형","00","00","1044929 ","1636495 ",127.98804184,34.72369524
"2012","2012120805","45","야간","토",1,1,0,0,0,"광주","서구","차대차","측면직각충돌","측면직각충돌","운전자법규위반","안전운전 의무 불이행","단일로","기타단일로","화물차","소형","자전거","자전거","939111  ","1682073 ",126.83206089,35.1319673
"2012","2012121323","12","야간","목",1,1,0,0,0,"서울","강남구","차대사람","기타","기타","운전자법규위반","안전운전 의무 불이행","단일로","기타단일로","승합차","대형","보행자","보행자","957575  ","1946264 ",127.01993271,37.51468724
"2012","2012122205","50","야간","토",1,1,0,0,0,"경기","안산시","차대차","추돌","주정차중 추돌","운전자법규위반","안전운전 의무 불이행","단일로","기타단일로","승합차","소형","화물차","대형","942340  ","1923844 ",126.84929781,37.31178449
"2012","2012121717","50","주간","월",1,1,0,0,0,"전북","익산시","차대사람","횡단중","횡단중","운전자법규위반","보행자 보호의무 위반","단일로","횡단보도상","승용차","중형","보행자","보행자","951501  ","1773951 ",126.96215187,35.96108605
"2012","2012122319","00","야간","일",1,1,0,0,0,"대구","동구","차대사람","기타","기타","운전자법규위반","안전운전 의무 불이행","단일로","횡단보도부근","승용차","중형","보행자","보행자","1102949 ","1769292 ",128.63797936,35.89754675
"2012","2012122413","20","주간","월",1,1,0,0,0,"충남","공주시","차량단독","공작물충돌","공작물충돌","운전자법규위반","안전운전 의무 불이행","단일로","기타단일로","승용차","중형","00","00","949657  ","1832294 ",126.93795235,36.48696497
"2012","2012121900","50","야간","수",1,1,0,0,0,"경기","남양주시","차대사람","기타","기타","운전자법규위반","안전운전 의무 불이행","단일로","기타단일로","승합차","중형","보행자","보행자","984951  ","1961611 ",127.32939269,37.65387021
"2012","2012121818","20","야간","화",1,1,0,0,0,"전북","김제시","차대사람","기타","기타","운전자법규위반","안전운전 의무 불이행","단일로","기타단일로","승용차","소형","보행자","보행자","958406  ","1747698 ",127.04009353,35.72471069
"2012","2012121912","05","주간","수",1,1,0,0,0,"대구","달서구","차대차","측면직각충돌","측면직각충돌","운전자법규위반","신호위반","교차로","교차로내","원동기장치자전거","원동기장치자전거","승용차","중형","1092525 ","1759988 ",128.52441453,35.83203345
"2012","2012121821","20","야간","화",1,1,0,0,0,"전북","완주군","차량단독","기타","기타","운전자법규위반","안전운전 의무 불이행","단일로","기타단일로","승용차","중형","00","00","970709  ","1766085 ",127.17545214,35.89093252
"2012","2012122323","35","야간","일",1,1,0,0,0,"경기","남양주시","차대사람","횡단중","횡단중","운전자법규위반","안전운전 의무 불이행","교차로","교차로부근","승용차","경형","보행자","보행자","972031  ","1968377 ",127.18266328,37.71455108
"2012","2012121910","45","주간","수",1,1,0,0,0,"전남","나주시","차대차","측면직각충돌","측면직각충돌","운전자법규위반","안전운전 의무 불이행","단일로","기타단일로","화물차","중형","원동기장치자전거","원동기장치자전거","930960  ","1658405 ",126.74417105,34.91808759
"2012","2012122005","40","야간","목",1,16,8,6,1,"경북","안동시","차대차","측면직각충돌","측면직각충돌","운전자법규위반","과속","교차로","교차로내","승용차","중형","승합차","소형","1111279 ","1841403 ",128.74345715,36.56398584
"2012","2012120320","24","야간","월",1,1,0,0,0,"경기","고양시","차대사람","차도통행중","차도통행중","운전자법규위반","안전운전 의무 불이행","단일로","기타단일로","승용차","중형","보행자","보행자","935906  ","1961964 ",126.77337428,37.65493736
"2012","2012120713","10","주간","금",1,2,1,0,0,"경남","김해시","차대사람","길가장자리구역통행중","길가장자리구역통행중","운전자법규위반","안전운전 의무 불이행","단일로","기타단일로","승용차","중형","보행자","보행자","1112359 ","1700266 ",128.73567682,35.29159813
"2012","2012112922","15","야간","목",1,1,0,0,0,"충북","괴산군","차량단독","기타","기타","운전자법규위반","중앙선 침범","단일로","기타단일로","화물차","경형","00","00","1020609 ","1856839 ",127.73074856,36.7093392