"발생년","발생년월일시","발생분","주야","요일","사망자수","사상자수","중상자수","경상자수","부상신고자수","발생지시도","발생지시군구","사고유형_대분류","사고유형_중분류","사고유형","법규위반_대분류","법규위반","도로형태_대분류","도로형태","당사자종별_1당_대분류","당사자종별_1당","당사자종별_2당_대분류","당사자종별_2당","발생위치X_UTMK","발생위치Y_UTMK","경도","위도"
"2012","2012112919","30","야간","목",1,1,0,0,0,"강원","강릉시","차대사람","길가장자리구역통행중","길가장자리구역통행중","운전자법규위반","안전운전 의무 불이행","단일로","기타단일로","화물차","소형","보행자","보행자","1121396 ","1976759 ",128.87858849,37.78246184
"2012","2012092117","10","주간","금",1,1,0,0,0,"경기","화성시","차량단독","기타","기타","운전자법규위반","안전운전 의무 불이행","단일로","기타단일로","농기계","농기계","00","00","931482  ","1915414 ",126.72754967,37.23506612
"2012","2012092121","06","야간","금",1,1,0,0,0,"경북","경주시","차대사람","길가장자리구역통행중","길가장자리구역통행중","운전자법규위반","안전운전 의무 불이행","단일로","기타단일로","화물차","중형","보행자","보행자","1175707 ","1755669 ",129.44381279,35.78103226
"2012","2012092018","35","야간","목",1,1,0,0,0,"경북","상주시","차량단독","공작물충돌","공작물충돌","운전자법규위반","안전운전 의무 불이행","교차로","교차로내","승용차","소형","00","00","1058388 ","1825339 ",128.15133559,36.42381107
"2012","2012092007","25","주간","목",1,1,0,0,0,"충남","당진시","차대차","측면직각충돌","측면직각충돌","운전자법규위반","안전운전 의무 불이행","교차로","교차로내","승용차","대형","화물차","소형","936934  ","1875926 ",126.79371243,36.86873807
"2012","2012092217","00","주간","토",1,1,0,0,0,"인천","강화군","차대사람","기타","기타","운전자법규위반","안전운전 의무 불이행","단일로","기타단일로","화물차","경형","보행자","보행자","913547  ","1966452 ",126.51939053,37.69355
"2012","2012092316","10","주간","일",1,1,0,0,0,"전북","익산시","차대차","기타","기타","운전자법규위반","안전운전 의무 불이행","교차로","교차로부근","승용차","중형","자전거","자전거","956587  ","1779373 ",127.01621361,36.01212958
"2012","2012080412","30","주간","토",1,1,0,0,0,"충남","태안군","차대차","정면충돌","정면충돌","운전자법규위반","중앙선 침범","단일로","기타단일로","이륜차","소형","승용차","중형","888529  ","1863654 ",126.2510505,36.76444295
"2012","2012080315","15","주간","금",1,1,0,0,0,"전남","순천시","차대사람","횡단중","횡단중","운전자법규위반","신호위반","단일로","횡단보도상","승합차","대형","보행자","보행자","999067  ","1661322 ",127.48978214,34.94674192
"2012","2012081204","35","야간","일",1,3,2,0,0,"대구","수성구","차대사람","횡단중","횡단중","운전자법규위반","과속","단일로","횡단보도상","이륜차","대형","보행자","보행자","1101284 ","1760965 ",128.62150009,35.83997493
"2012","2012080914","20","주간","목",1,3,2,0,0,"강원","강릉시","차대차","정면충돌","정면충돌","운전자법규위반","중앙선 침범","단일로","기타단일로","승용차","중형","승용차","소형","1116783 ","1969003 ",128.82496897,37.71317476
"2012","2012081520","43","야간","수",1,1,0,0,0,"경기","화성시","차대사람","길가장자리구역통행중","길가장자리구역통행중","운전자법규위반","안전운전 의무 불이행","교차로","교차로부근","승용차","소형","보행자","보행자","936230  ","1912977 ",126.78128161,37.21343755
"2012","2012081608","05","주간","목",1,2,1,0,0,"경북","김천시","차대차","측면직각충돌","측면직각충돌","운전자법규위반","중앙선 침범","교차로","교차로부근","화물차","중형","화물차","대형","1039865 ","1764309 ",127.94161746,35.87454664
"2012","2012081612","10","주간","목",1,5,1,3,0,"경기","김포시","차대차","정면충돌","정면충돌","운전자법규위반","중앙선 침범","단일로","기타단일로","화물차","소형","화물차","중형","916631  ","1957509 ",126.55538852,37.61323957
"2012","2012081608","20","주간","목",1,1,0,0,0,"경북","포항시","차대차","측면직각충돌","측면직각충돌","운전자법규위반","교차로 통행방법 위반","교차로","교차로내","특수차","대형","이륜차","중형","1172302 ","1779986 ",129.41168055,36.0014659
"2012","2012081321","40","야간","월",1,1,0,0,0,"부산","해운대구","차대사람","횡단중","횡단중","운전자법규위반","과속","단일로","기타단일로","승용차","중형","보행자","보행자","1149356 ","1687352 ",129.140079,35.17035922
"2012","2012081322","10","야간","월",1,1,0,0,0,"경기","하남시","차대차","측면직각충돌","측면직각충돌","운전자법규위반","교차로 통행방법 위반","교차로","교차로내","승합차","대형","이륜차","소형","973925  ","1949737 ",127.2077729,37.54933664
"2012","2012081212","40","주간","일",1,5,1,3,0,"충북","음성군","차대차","기타","기타","운전자법규위반","안전운전 의무 불이행","단일로","기타단일로","승용차","중형","승용차","경형","1000921 ","1891880 ",127.51035455,37.02544407
"2012","2012081205","30","야간","일",1,1,0,0,0,"전남","나주시","차량단독","도로이탈","도로이탈 기타","운전자법규위반","안전운전 의무 불이행","단일로","기타단일로","승용차","중형","00","00","937306  ","1671951 ",126.81262054,35.0406417
"2012","2012081706","30","주간","금",1,1,0,0,0,"경북","구미시","차대차","측면직각충돌","측면직각충돌","운전자법규위반","안전운전 의무 불이행","단일로","기타단일로","이륜차","중형","승용차","소형","1078467 ","1792344 ",128.37198823,36.12494646
"2012","2012082411","00","주간","금",1,1,0,0,0,"전북","전주시","차대사람","보도통행중","보도통행중","운전자법규위반","보행자 보호의무 위반","교차로","교차로내","승용차","중형","보행자","보행자","968532  ","1758230 ",127.1523815,35.82033494
"2012","2012082206","43","주간","수",1,1,0,0,0,"강원","평창군","차량단독","전도전복","전도전복","운전자법규위반","안전운전 의무 불이행","단일로","기타단일로","농기계","농기계","00","00","1084350 ","1941857 ",128.45392615,37.47208883
"2012","2012082116","05","주간","화",1,1,0,0,0,"서울","동대문구","차대차","기타","기타","운전자법규위반","중앙선 침범","교차로","교차로부근","이륜차","소형","승용차","중형","959229  ","1953281 ",127.03664911,37.57817312
"2012","2012082720","10","야간","월",1,2,1,0,0,"경기","안산시","차대차","기타","기타","운전자법규위반","중앙선 침범","단일로","기타단일로","승용차","중형","화물차","경형","937834  ","1924692 ",126.7983792,37.31913722
"2012","2012082500","04","야간","토",1,1,0,0,0,"서울","광진구","차대차","추돌","주정차중 추돌","운전자법규위반","안전운전 의무 불이행","단일로","기타단일로","이륜차","중형","화물차","대형","962370  ","1948352 ",127.07408291,37.53371524
"2012","2012090122","00","야간","토",1,1,0,0,0,"충남","태안군","차대차","측면직각충돌","측면직각충돌","운전자법규위반","안전운전 의무 불이행","단일로","기타단일로","승합차","소형","이륜차","소형","882016  ","1856075 ",126.1805414,36.69794159
"2012","2012090110","55","주간","토",1,1,0,0,0,"경기","화성시","차대차","측면직각충돌","측면직각충돌","운전자법규위반","기타(운전자법규위반)","단일로","기타단일로","건설기계","건설기계","승합차","대형","959181  ","1912369 ",127.03997388,37.20924423
"2012","2012082923","55","야간","수",1,2,1,0,0,"서울","노원구","차대사람","기타","기타","운전자법규위반","안전운전 의무 불이행","단일로","기타단일로","승용차","대형","보행자","보행자","962467  ","1957953 ",127.07468886,37.62025589
"2012","2012082914","10","주간","수",1,1,0,0,0,"전남","나주시","차대차","측면직각충돌","측면직각충돌","운전자법규위반","교차로 통행방법 위반","교차로","교차로내","승용차","중형","원동기장치자전거","원동기장치자전거","928777  ","1671273 ",126.71917367,35.0339627
"2012","2012090703","30","야간","금",1,1,0,0,0,"경기","파주시","차대차","측면직각충돌","측면직각충돌","운전자법규위반","안전운전 의무 불이행","단일로","기타단일로","원동기장치자전거","원동기장치자전거","화물차","대형","935257  ","1972993 ",126.7650363,37.7542919
"2013","2013052822","43","야간","화",1,3,0,2,0,"경기","평택시","차대차","추돌","주정차중 추돌","운전자법규위반","안전운전 의무 불이행","단일로","기타단일로","승용차","중형","승용차","중형","946183  ","1895081 ",126.89473665,37.05275551
"2013","2013012019","18","야간","일",1,2,1,0,0,"전북","무주군","차대차","기타","기타","운전자법규위반","과속","단일로","기타단일로","승용차","대형","화물차","소형","1007926 ","1778448 ",127.5877896,36.0026958
"2013","2013031411","00","주간","목",1,1,0,0,0,"전북","장수군","차대차","기타","기타","운전자법규위반","안전운전 의무 불이행","단일로","기타단일로","화물차","경형","건설기계","건설기계","1010965 ","1746045 ",127.62121948,35.71062445
"2013","2013010204","50","야간","수",1,1,0,0,0,"전북","익산시","차대사람","횡단중","횡단중","운전자법규위반","안전운전 의무 불이행","단일로","기타단일로","화물차","대형","보행자","보행자","964750  ","1776072 ",127.10898376,35.98077706
"2013","2013112608","00","주간","화",1,1,0,0,0,"경북","경주시","차량단독","공작물충돌","공작물충돌","운전자법규위반","안전운전 의무 불이행","단일로","기타단일로","화물차","대형","00","00","1153191 ","1752516 ",129.1944517,35.75709347
"2013","2013111011","30","주간","일",1,43,14,28,0,"충남","천안시","차대차","추돌","진행중 추돌","운전자법규위반","안전운전 의무 불이행","단일로","기타단일로","승합차","대형","승합차","대형","970483  ","1866208 ",127.16915191,36.79356242
"2013","2013011600","40","야간","수",1,1,0,0,0,"경기","시흥시","차대사람","기타","기타","운전자법규위반","안전운전 의무 불이행","단일로","교량위","승용차","중형","보행자","보행자","944164  ","1930636 ",126.86582551,37.36059391
"2012","2012112917","45","주간","목",1,1,0,0,0,"강원","강릉시","차대사람","횡단중","횡단중","운전자법규위반","안전운전 의무 불이행","단일로","기타단일로","승용차","소형","보행자","보행자","1123488 ","1974751 ",128.90199727,37.76408834
"2012","2012112319","00","야간","금",1,1,0,0,0,"부산","영도구","차대사람","횡단중","횡단중","운전자법규위반","안전운전 의무 불이행","단일로","횡단보도상","승용차","중형","보행자","보행자","1140525 ","1677811 ",129.04077859,35.08607307
"2012","2012112804","30","야간","수",1,2,0,1,0,"서울","종로구","차대사람","횡단중","횡단중","운전자법규위반","안전운전 의무 불이행","단일로","기타단일로","승용차","대형","보행자","보행자","954102  ","1952439 ",126.98024858,37.57017767
"2012","2012112906","30","주간","목",1,2,0,1,0,"충북","증평군","차대차","측면직각충돌","측면직각충돌","운전자법규위반","신호위반","교차로","교차로내","승용차","경형","화물차","중형","1010227 ","1870221 ",127.6146864,36.8301433
"2012","2012112419","00","야간","토",1,1,0,0,0,"경북","구미시","차대차","측면직각충돌","측면직각충돌","운전자법규위반","신호위반","교차로","교차로내","이륜차","소형","화물차","소형","1073541 ","1795246 ",128.31752311,36.15149341
"2012","2012112608","00","주간","월",1,1,0,0,0,"충북","청원군","차량단독","기타","기타","운전자법규위반","안전운전 의무 불이행","단일로","기타단일로","자전거","자전거","00","00","983579  ","1844945 ",127.31639688,36.60219756
"2012","2012110811","18","주간","목",1,1,0,0,0,"충북","청원군","차량단독","전도전복","전도전복","운전자법규위반","안전운전 의무 불이행","단일로","기타단일로","승용차","소형","00","00","1002582 ","1856718 ",127.5326271,36.7104959
"2012","2012110800","37","야간","목",2,2,0,0,0,"제주","제주시","차량단독","공작물충돌","공작물충돌","운전자법규위반","안전운전 의무 불이행","교차로","교차로내","승용차","소형","00","00","913404  ","1498720 ",126.56797597,33.47679487
"2012","2012111119","00","야간","일",1,1,0,0,0,"경기","용인시","차량단독","전도전복","전도전복","운전자법규위반","안전운전 의무 불이행","단일로","교량위","농기계","농기계","00","00","986867  ","1907413 ",127.35207759,37.16537108
"2012","2012111221","50","야간","월",1,1,0,0,0,"경기","포천시","차대사람","보도통행중","보도통행중","운전자법규위반","안전운전 의무 불이행","교차로","교차로부근","승용차","중형","보행자","보행자","970389  ","1983384 ",127.16342061,37.84975874
"2012","2012111107","00","주간","일",1,1,0,0,0,"경기","의정부시","차대사람","기타","기타","운전자법규위반","안전운전 의무 불이행","단일로","기타단일로","승용차","중형","보행자","보행자","959768  ","1970593 ",127.04336021,37.73444576
"2012","2012110918","50","야간","금",1,1,0,0,0,"전북","완주군","차대차","기타","기타","운전자법규위반","과속","단일로","기타단일로","승용차","중형","농기계","농기계","975305  ","1761849 ",127.2265071,35.85286741
"2012","2012110900","05","야간","금",1,1,0,0,0,"경북","포항시","차대차","추돌","주정차중 추돌","운전자법규위반","안전운전 의무 불이행","단일로","기타단일로","승용차","중형","특수차","대형","1172246 ","1776476 ",129.41029672,35.9698474
"2012","2012110823","30","야간","목",1,1,0,0,0,"제주","서귀포시","차량단독","공작물충돌","공작물충돌","운전자법규위반","안전운전 의무 불이행","교차로","교차로부근","승용차","중형","00","00","884364  ","1471446 ",126.25897281,33.22810101
"2012","2012110911","30","주간","금",1,1,0,0,0,"경북","고령군","차대사람","길가장자리구역통행중","길가장자리구역통행중","운전자법규위반","안전운전 의무 불이행","단일로","기타단일로","특수차","대형","보행자","보행자","1062280 ","1752998 ",128.18903174,35.77140227
"2012","2012110912","42","주간","금",1,1,0,0,0,"전남","고흥군","차대차","측면직각충돌","측면직각충돌","운전자법규위반","중앙선 침범","단일로","기타단일로","화물차","소형","원동기장치자전거","원동기장치자전거","968993  ","1615198 ",127.33552853,34.57769552
"2012","2012110819","27","야간","목",1,1,0,0,0,"전북","완주군","차대사람","차도통행중","차도통행중","운전자법규위반","안전운전 의무 불이행","단일로","기타단일로","승용차","경형","보행자","보행자","975708  ","1762091 ",127.23096284,35.85505937
"2012","2012092410","30","주간","월",1,1,0,0,0,"경기","수원시","차대차","기타","기타","운전자법규위반","안전운전 의무 불이행","단일로","횡단보도상","건설기계","건설기계","자전거","자전거","953036  ","1921453 ",126.97014982,37.29083516
"2012","2012092500","51","야간","화",1,1,0,0,0,"대구","달서구","차량단독","공작물충돌","공작물충돌","운전자법규위반","안전운전 의무 불이행","교차로","교차로내","승용차","중형","00","00","1088050 ","1761048 ",128.47499193,35.84200131
"2012","2012102803","30","야간","일",1,2,0,1,0,"경기","안성시","차량단독","도로이탈","도로이탈 추락","운전자법규위반","안전운전 의무 불이행","단일로","기타단일로","승용차","중형","00","00","978709  ","1881095 ",127.2609364,36.92798295
"2012","2012102410","05","주간","수",1,1,0,0,0,"경북","경주시","차대차","측면직각충돌","측면직각충돌","운전자법규위반","안전운전 의무 불이행","단일로","기타단일로","농기계","농기계","원동기장치자전거","원동기장치자전거","1155138 ","1781086 ",129.22688903,35.99020657
"2012","2012102418","02","야간","수",1,1,0,0,0,"인천","남동구","차대사람","횡단중","횡단중","운전자법규위반","안전운전 의무 불이행","단일로","기타단일로","승합차","대형","보행자","보행자","930967  ","1940005 ",126.71945319,37.45666842
"2012","2012102811","09","주간","일",1,1,0,0,0,"전남","영광군","차대차","정면충돌","정면충돌","운전자법규위반","중앙선 침범","단일로","기타단일로","이륜차","소형","승용차","중형","904009  ","1708132 ",126.44337946,35.36421834
"2012","2012102904","59","야간","월",1,1,0,0,0,"서울","성북구","차대사람","차도통행중","차도통행중","운전자법규위반","신호위반","교차로","교차로내","승용차","중형","보행자","보행자","956632  ","1954406 ",127.00878098,37.58802932
"2012","2012102912","30","주간","월",1,1,0,0,0,"울산","북구","차량단독","전도전복","전도전복","운전자법규위반","안전운전 의무 불이행","단일로","기타단일로","이륜차","중형","00","00","1170095 ","1731060 ",129.37681065,35.56096205
"2012","2012102503","50","야간","목",1,2,1,0,0,"경기","화성시","차대차","추돌","진행중 추돌","운전자법규위반","안전운전 의무 불이행","단일로","기타단일로","화물차","중형","화물차","대형","946005  ","1905601 ",126.89179769,37.14752414
"2012","2012102204","10","야간","월",1,2,1,0,0,"경북","포항시","차량단독","공작물충돌","공작물충돌","운전자법규위반","안전운전 의무 불이행","기타/불명","기타/불명","화물차","소형","00","00","1169090 ","1785582 ",129.37725729,36.05245432
"2012","2012102608","00","주간","금",1,1,0,0,0,"경북","김천시","차대차","측면직각충돌","측면직각충돌","운전자법규위반","안전운전 의무 불이행","단일로","기타단일로","화물차","소형","자전거","자전거","1053446 ","1792434 ",128.09395753,36.12745916
"2012","2012102217","35","주간","월",1,1,0,0,0,"대구","동구","차량단독","도로이탈","도로이탈 추락","운전자법규위반","안전운전 의무 불이행","단일로","기타단일로","승용차","중형","00","00","1105433 ","1777486 ",128.66962321,35.98846093
"2012","2012101205","02","야간","금",1,3,2,0,0,"경기","용인시","차대차","추돌","진행중 추돌","운전자법규위반","안전운전 의무 불이행","단일로","기타단일로","승용차","중형","이륜차","소형","972157  ","1915378 ",127.18609727,37.23684487
"2012","2012101200","20","야간","금",1,1,0,0,0,"인천","부평구","차대사람","기타","기타","운전자법규위반","안전운전 의무 불이행","단일로","기타단일로","승용차","중형","보행자","보행자","929684  ","1946684 ",126.70434903,37.51730939
"2012","2012100907","30","주간","화",2,3,0,0,1,"충북","괴산군","차대차","측면직각충돌","측면직각충돌","운전자법규위반","안전운전 의무 불이행","단일로","기타단일로","승용차","대형","농기계","농기계","1027130 ","1877588 ",127.85370764,36.87260006
"2012","2012100521","15","야간","금",1,1,0,0,0,"경북","안동시","차대사람","횡단중","횡단중","운전자법규위반","안전운전 의무 불이행","단일로","기타단일로","승용차","대형","보행자","보행자","1129475 ","1847244 ",128.91762088,36.56806344
"2012","2012101009","15","주간","수",1,1,0,0,0,"충남","아산시","차대차","측면직각충돌","측면직각충돌","운전자법규위반","기타(운전자법규위반)","교차로","교차로내","승용차","소형","원동기장치자전거","원동기장치자전거","962419  ","1863472 ",127.07890164,36.76861295
"2012","2012101013","00","주간","수",1,1,0,0,0,"인천","남동구","차대차","추돌","진행중 추돌","운전자법규위반","안전운전 의무 불이행","단일로","기타단일로","승용차","중형","자전거","자전거","932527  ","1935875 ",126.73746825,37.41956007
"2012","2012101515","10","주간","월",1,1,0,0,0,"충남","청양군","차대차","추돌","진행중 추돌","운전자법규위반","안전운전 의무 불이행","단일로","기타단일로","승용차","대형","이륜차","소형","940296  ","1833630 ",126.84730253,36.5290814
"2012","2012101515","55","주간","월",1,1,0,0,0,"서울","은평구","차대사람","횡단중","횡단중","운전자법규위반","안전운전 의무 불이행","단일로","기타단일로","승합차","대형","보행자","보행자","949487  ","1957216 ",126.92766072,37.61299149
"2012","2012101510","25","주간","월",1,2,1,0,0,"경기","부천시","차대차","측면직각충돌","측면직각충돌","운전자법규위반","신호위반","교차로","교차로내","이륜차","소형","승용차","중형","937224  ","1948311 ",126.78948615,37.53197632
"2012","2012101518","35","야간","월",1,3,2,0,0,"경북","영덕군","차대차","정면충돌","정면충돌","운전자법규위반","중앙선 침범","단일로","기타단일로","화물차","중형","화물차","중형","1163222 ","1827271 ",129.32083589,36.42917179
"2012","2012083017","56","주간","목",1,1,0,0,0,"경기","남양주시","차대차","기타","기타","운전자법규위반","안전운전 의무 불이행","교차로","교차로부근","원동기장치자전거","원동기장치자전거","승합차","대형","968289  ","1960871 ",127.14053381,37.64677599
"2012","2012083110","10","주간","금",1,1,0,0,0,"경기","성남시","차대차","추돌","진행중 추돌","운전자법규위반","차로위반(진로변경 위반)","단일로","기타단일로","자전거","자전거","화물차","소형","966393  ","1938036 ",127.12008765,37.44088755
"2012","2012083103","20","야간","금",2,5,2,1,0,"경기","시흥시","차량단독","공작물충돌","공작물충돌","운전자법규위반","안전운전 의무 불이행","단일로","기타단일로","승용차","중형","00","00","928138  ","1926448 ",126.68878696,37.33426468
"2012","2012090705","25","야간","금",1,1,0,0,0,"전북","군산시","차대사람","기타","기타","운전자법규위반","안전운전 의무 불이행","교차로","교차로내","승용차","중형","보행자","보행자","928192  ","1776154 ",126.70324305,35.97962522
"2012","2012113020","55","야간","금",1,1,0,0,0,"경남","거제시","차대사람","기타","기타","운전자법규위반","안전운전 의무 불이행","교차로","교차로내","화물차","소형","보행자","보행자","1099213 ","1651164 ",128.5852505,34.85029955
"2012","2012120407","30","주간","화",1,1,0,0,0,"전남","나주시","차량단독","전도전복","전도전복","운전자법규위반","안전운전 의무 불이행","단일로","교량위","승용차","중형","00","00","927537  ","1666351 ",126.70600957,34.98949498
"2012","2012120116","00","주간","토",1,3,2,0,0,"경남","통영시","차량단독","도로이탈","도로이탈 추락","운전자법규위반","안전운전 의무 불이행","단일로","기타단일로","승용차","중형","00","00","1069616 ","1628040 ",128.25962029,34.64424793
"2012","2012120106","15","주간","토",1,1,0,0,0,"경남","진주시","차대사람","횡단중","횡단중","운전자법규위반","안전운전 의무 불이행","단일로","기타단일로","승합차","대형","보행자","보행자","1054622 ","1687539 ",128.09991159,35.18166438
"2012","2012120118","05","야간","토",1,13,1,11,0,"충남","예산군","차대차","추돌","주정차중 추돌","운전자법규위반","안전거리 미확보","교차로","교차로부근","화물차","소형","화물차","소형","936584  ","1854842 ",126.79015073,36.68944414
"2013","2013080509","21","주간","월",1,1,0,0,0,"경남","김해시","차량단독","기타","기타","운전자법규위반","안전운전 의무 불이행","단일로","기타단일로","화물차","소형","00","00","1121722 ","1687626 ",128.83702134,35.17623001
"2013","2013062309","44","주간","일",1,1,0,0,0,"울산","울주군","차량단독","전도전복","전도전복","운전자법규위반","안전운전 의무 불이행","단일로","기타단일로","화물차","중형","00","00","1147368 ","1730285 ",129.12599941,35.55761968
"2013","2013092401","33","야간","화",1,1,0,0,0,"경북","구미시","차량단독","공작물충돌","공작물충돌","운전자법규위반","안전운전 의무 불이행","단일로","기타단일로","화물차","대형","00","00","1078602 ","1786218 ",128.37287729,36.06971119
"2013","2013082705","40","야간","화",2,2,0,0,0,"경북","문경시","차대차","추돌","진행중 추돌","운전자법규위반","안전운전 의무 불이행","단일로","기타단일로","화물차","소형","화물차","중형","1057746 ","1849454 ",128.14597973,36.6412362
"2013","2013062310","39","주간","일",1,5,4,0,0,"경남","양산시","차대차","기타","기타","운전자법규위반","안전운전 의무 불이행","단일로","기타단일로","승용차","소형","특수차","중형","1139994 ","1705508 ",129.04040252,35.33536196
"2013","2013062917","45","주간","토",2,4,2,0,0,"경남","김해시","차대차","기타","기타","운전자법규위반","안전운전 의무 불이행","단일로","기타단일로","화물차","중형","승용차","소형","1110806 ","1698828 ",128.7184068,35.27880786
"2012","2012121410","50","주간","금",1,1,0,0,0,"서울","양천구","차대사람","횡단중","횡단중","운전자법규위반","안전운전 의무 불이행","단일로","기타단일로","승합차","대형","보행자","보행자","943805  ","1949182 ",126.86390036,37.54025132
"2012","2012122808","05","주간","금",1,2,0,1,0,"충북","진천군","차대차","정면충돌","정면충돌","운전자법규위반","중앙선 침범","단일로","기타단일로","승용차","소형","승합차","대형","984728  ","1876979 ",127.32860277,36.89099595
"2012","2012090717","09","주간","금",1,1,0,0,0,"서울","강남구","차대사람","기타","기타","운전자법규위반","안전운전 의무 불이행","교차로","교차로내","승용차","중형","보행자","보행자","958998  ","1947513 ",127.03546597,37.52613347
"2012","2012081803","20","야간","토",1,2,1,0,0,"대전","중구","차량단독","기타","기타","운전자법규위반","안전운전 의무 불이행","교차로","교차로부근","원동기장치자전거","원동기장치자전거","00","00","990784  ","1812446 ",127.39677512,36.30887488
"2012","2012051212","45","주간","토",1,1,0,0,0,"울산","남구","차대차","측면직각충돌","측면직각충돌","운전자법규위반","안전운전 의무 불이행","단일로","기타단일로","이륜차","중형","승용차","대형","1160314 ","1727583 ",129.2682472,35.53125777
"2012","2012112321","20","야간","금",1,1,0,0,0,"경북","의성군","차대사람","기타","기타","운전자법규위반","안전운전 의무 불이행","교차로","교차로내","화물차","소형","보행자","보행자","1119409 ","1821812 ",128.83137688,36.38637002
"2012","2012110717","20","주간","수",1,1,0,0,0,"강원","홍천군","차량단독","공작물충돌","공작물충돌","운전자법규위반","안전운전 의무 불이행","기타/불명","기타/불명","승합차","경형","00","00","1037049 ","1974146 ",127.92065045,37.7662251
"2012","2012092700","40","야간","목",2,2,0,0,0,"경기","김포시","차대사람","횡단중","횡단중","운전자법규위반","신호위반","단일로","횡단보도상","화물차","중형","보행자","보행자","926759  ","1962002 ",126.66968143,37.65459554
"2012","2012092823","14","야간","금",1,1,0,0,0,"인천","중구","차대차","측면직각충돌","측면직각충돌","운전자법규위반","교차로 통행방법 위반","교차로","교차로내","승합차","대형","화물차","소형","922681  ","1938845 ",126.62589562,37.4455578
"2012","2012111106","35","주간","일",1,1,0,0,0,"서울","관악구","차량단독","전도전복","전도전복","운전자법규위반","안전운전 의무 불이행","단일로","기타단일로","화물차","소형","00","00","952774  ","1942019 ",126.96686843,37.47567424
"2012","2012072002","37","야간","금",1,1,0,0,0,"전북","김제시","차량단독","공작물충돌","공작물충돌","운전자법규위반","안전운전 의무 불이행","단일로","기타단일로","승용차","소형","00","00","954053  ","1757777 ",126.99138559,35.81538872
"2013","2013042607","00","주간","금",1,2,0,1,0,"전남","해남군","차대차","측면직각충돌","측면직각충돌","운전자법규위반","직진 및 우회전차의 통행방해","교차로","교차로내","건설기계","건설기계","승용차","중형","924497  ","1620242 ",126.6721683,34.58100482
"2013","2013042800","56","야간","일",1,1,0,0,0,"광주","서구","차대사람","기타","기타","운전자법규위반","안전운전 의무 불이행","교차로","교차로부근","승용차","중형","보행자","보행자","942595  ","1684212 ",126.86975591,35.15151075
"2013","2013042623","50","야간","금",1,3,1,1,0,"인천","서구","차대차","정면충돌","정면충돌","운전자법규위반","중앙선 침범","교차로","교차로부근","승용차","중형","화물차","소형","923749  ","1958019 ",126.63597695,37.61845392
"2013","2013042320","50","야간","화",1,1,0,0,0,"경북","영천시","차대차","측면직각충돌","측면직각충돌","운전자법규위반","교차로 통행방법 위반","교차로","교차로내","승용차","대형","이륜차","소형","1129516 ","1775029 ",128.93631867,35.96341397
"2013","2013042319","25","야간","화",1,1,0,0,0,"경북","청도군","차대차","기타","기타","운전자법규위반","안전운전 의무 불이행","단일로","기타단일로","화물차","중형","자전거","자전거","1113422 ","1738956 ",128.75272908,35.6402351
"2013","2013042722","10","야간","토",1,1,0,0,0,"경기","수원시","차대사람","차도통행중","차도통행중","운전자법규위반","안전운전 의무 불이행","교차로","교차로내","승용차","경형","보행자","보행자","953873  ","1919828 ",126.9850351,37.27378616
"2013","2013042901","00","야간","월",1,1,0,0,0,"경북","경주시","차대사람","기타","기타","운전자법규위반","안전운전 의무 불이행","단일로","기타단일로","승용차","중형","보행자","보행자","1161041 ","1761196 ",129.28299142,35.83406232
"2013","2013050507","00","주간","일",1,2,1,0,0,"경기","화성시","차량단독","전도전복","전도전복","운전자법규위반","안전운전 의무 불이행","교차로","교차로내","승용차","중형","00","00","958086  ","1913682 ",127.02755992,37.22103078
"2013","2013050518","50","야간","일",1,1,0,0,0,"부산","연제구","차대차","기타","기타","운전자법규위반","부당한 회전","단일로","횡단보도상","원동기장치자전거","원동기장치자전거","승용차","중형","1142657 ","1689652 ",129.06694024,35.19206448
"2013","2013051104","59","야간","토",1,1,0,0,0,"서울","양천구","차량단독","공작물충돌","공작물충돌","운전자법규위반","안전운전 의무 불이행","단일로","기타단일로","이륜차","소형","00","00","944782  ","1946706 ",126.8751451,37.51799398
"2013","2013051715","10","주간","금",1,1,0,0,0,"경기","광주시","차량단독","전도전복","전도전복","운전자법규위반","안전운전 의무 불이행","교차로","교차로내","농기계","농기계","00","00","984118  ","1920170 ",127.32084281,37.28032057
"2013","2013051711","50","주간","금",1,1,0,0,0,"경기","김포시","차대차","측면직각충돌","측면직각충돌","운전자법규위반","안전거리 미확보","단일로","기타단일로","이륜차","중형","승합차","대형","933361  ","1956705 ",126.74443612,37.60757373
"2013","2013051605","40","야간","목",1,2,0,1,0,"경기","수원시","차대차","측면직각충돌","측면직각충돌","운전자법규위반","신호위반","교차로","교차로내","이륜차","소형","승용차","대형","959455  ","1917883 ",127.04276168,37.25895819
"2013","2013051520","45","야간","수",1,1,0,0,0,"전남","고흥군","차량단독","도로이탈","도로이탈 추락","운전자법규위반","안전운전 의무 불이행","단일로","기타단일로","화물차","소형","00","00","972032  ","1620397 ",127.19506721,34.5773082
"2013","2013051607","35","주간","목",1,2,0,1,0,"전남","영광군","차대사람","차도통행중","차도통행중","운전자법규위반","안전운전 의무 불이행","단일로","기타단일로","이륜차","소형","보행자","보행자","909102  ","1698448 ",126.50050787,35.27738854
"2013","2013051708","42","주간","금",1,1,0,0,0,"충북","청주시","차대사람","기타","기타","운전자법규위반","안전운전 의무 불이행","교차로","교차로내","화물차","중형","보행자","보행자","997537  ","1846572 ",127.47245593,36.61700324