"발생년","발생년월일시","발생분","주야","요일","사망자수","사상자수","중상자수","경상자수","부상신고자수","발생지시도","발생지시군구","사고유형_대분류","사고유형_중분류","사고유형","법규위반_대분류","법규위반","도로형태_대분류","도로형태","당사자종별_1당_대분류","당사자종별_1당","당사자종별_2당_대분류","당사자종별_2당","발생위치X_UTMK","발생위치Y_UTMK","경도","위도"
"2013","2013051420","43","야간","화",1,1,0,0,0,"충남","홍성군","차대차","정면충돌","정면충돌","운전자법규위반","중앙선 침범","단일로","기타단일로","화물차","소형","승용차","소형","920993  ","1833471 ",126.61784474,36.49563824
"2012","2012052806","05","주간","월",1,1,0,0,0,"경북","안동시","차대차","추돌","주정차중 추돌","운전자법규위반","안전운전 의무 불이행","단일로","기타단일로","이륜차","중형","화물차","소형","1109386 ","1841325 ",128.72240649,36.56343733
"2012","2012042407","40","주간","화",1,4,2,1,0,"강원","화천군","차량단독","도로이탈","도로이탈 기타","운전자법규위반","안전운전 의무 불이행","교차로","교차로부근","승용차","소형","00","00","1014420 ","2020506 ",127.66465567,38.18470017
"2012","2012022019","59","야간","월",1,1,0,0,0,"울산","중구","차대사람","횡단중","횡단중","운전자법규위반","안전운전 의무 불이행","단일로","기타단일로","승용차","대형","보행자","보행자","1166535 ","1729932 ",129.33731617,35.55140156
"2012","2012122315","40","주간","일",1,1,0,0,0,"대전","서구","차대사람","횡단중","횡단중","운전자법규위반","안전운전 의무 불이행","단일로","기타단일로","승용차","소형","보행자","보행자","987639  ","1818182 ",127.36221942,36.3609853
"2012","2012032319","30","야간","금",1,1,0,0,0,"경기","남양주시","차대사람","보도통행중","보도통행중","운전자법규위반","신호위반","단일로","기타단일로","승용차","중형","보행자","보행자","975853  ","1973982 ",127.22584101,37.76517878
"2012","2012112410","00","주간","금",1,1,0,0,0,"경북","영덕군","차대차","측면직각충돌","측면직각충돌","운전자법규위반","부당한 회전","단일로","횡단보도상","원동기장치자전거","원동기장치자전거","승용차","중형","1168710 ","1819452 ",129.38032887,36.35771559
"2012","2012112503","09","야간","일",1,1,0,0,0,"경남","양산시","차대사람","횡단중","횡단중","운전자법규위반","안전운전 의무 불이행","단일로","기타단일로","화물차","소형","보행자","보행자","1143921 ","1722042 ",129.08664649,35.48370286
"2012","2012102013","20","주간","토",1,1,0,0,0,"부산","진구","차대사람","기타","기타","운전자법규위반","안전운전 의무 불이행","기타/불명","기타/불명","승합차","대형","보행자","보행자","1140045 ","1687398 ",129.03787654,35.1721149
"2012","2012092715","20","주간","목",1,7,0,6,0,"경북","울진군","차대차","추돌","주정차중 추돌","운전자법규위반","안전운전 의무 불이행","단일로","교량위","화물차","경형","화물차","중형","1165061 ","1905127 ",129.35820313,37.13028993
"2012","2012062209","05","주간","금",1,1,0,0,0,"전북","남원시","차대차","측면직각충돌","측면직각충돌","운전자법규위반","안전운전 의무 불이행","교차로","교차로내","화물차","중형","이륜차","소형","988832  ","1713429 ",127.37698658,35.41653743
"2012","2012062020","10","야간","수",1,1,0,0,0,"경북","의성군","차량단독","공작물충돌","공작물충돌","운전자법규위반","안전운전 의무 불이행","단일로","기타단일로","화물차","소형","00","00","1107763 ","1810611 ",128.69989464,36.28687827
"2013","2013041920","25","야간","금",1,1,0,0,0,"전북","군산시","차대사람","보도통행중","보도통행중","운전자법규위반","보행자 보호의무 위반","단일로","횡단보도상","승용차","경형","보행자","보행자","932326  ","1771878 ",126.7344948,35.9434862
"2013","2013042215","50","주간","월",1,1,0,0,0,"전남","신안군","차대사람","기타","기타","운전자법규위반","안전운전 의무 불이행","단일로","기타단일로","화물차","소형","보행자","보행자","860916  ","1644467 ",125.97984314,34.78525657
"2013","2013042817","30","주간","일",1,3,1,1,0,"경북","경주시","차대차","기타","기타","운전자법규위반","안전운전 의무 불이행","교차로","교차로내","승용차","중형","이륜차","중형","1161111 ","1762566 ",129.28404262,35.84639699
"2013","2013050709","50","주간","화",1,1,0,0,0,"대전","중구","차대사람","기타","기타","운전자법규위반","안전운전 의무 불이행","교차로","교차로부근","승용차","소형","보행자","보행자","990020  ","1813386 ",127.3888204,36.31777502
"2012","2012020216","50","주간","목",1,1,0,0,0,"경북","울진군","차량단독","도로이탈","도로이탈 추락","운전자법규위반","안전운전 의무 불이행","단일로","기타단일로","화물차","소형","00","00","1162594 ","1900489 ",129.32943771,37.08893519
"2012","2012012914","55","주간","일",1,1,0,0,0,"인천","남동구","차대차","측면직각충돌","측면직각충돌","운전자법규위반","신호위반","단일로","기타단일로","승용차","중형","이륜차","소형","932685  ","1934556 ",126.73937393,37.40768342
"2012","2012013011","00","주간","월",1,1,0,0,0,"인천","중구","차대사람","길가장자리구역통행중","길가장자리구역통행중","운전자법규위반","안전운전 의무 불이행","단일로","기타단일로","화물차","소형","보행자","보행자","923701  ","1940668 ",126.63723697,37.46207269
"2012","2012020519","35","야간","일",1,1,0,0,0,"강원","원주시","차대사람","차도통행중","차도통행중","운전자법규위반","안전운전 의무 불이행","단일로","기타단일로","승용차","중형","보행자","보행자","1040723 ","1925169 ",127.95964499,37.3246242
"2012","2012020701","50","야간","화",1,1,0,0,0,"부산","진구","차량단독","공작물충돌","공작물충돌","운전자법규위반","안전운전 의무 불이행","교차로","교차로부근","승용차","중형","00","00","1142649 ","1684949 ",129.06603916,35.14967368
"2012","2012020417","30","주간","토",1,1,0,0,0,"경기","광주시","차대사람","기타","기타","운전자법규위반","안전운전 의무 불이행","단일로","기타단일로","화물차","중형","보행자","보행자","977045  ","1932873 ",127.24066295,37.39467552
"2012","2012020306","15","주간","금",1,1,0,0,0,"서울","영등포구","차량단독","공작물충돌","공작물충돌","운전자법규위반","안전운전 의무 불이행","단일로","기타단일로","승용차","소형","00","00","946758  ","1943326 ",126.89774941,37.48764566
"2012","2012020905","47","야간","목",1,1,0,0,0,"서울","성북구","차대사람","횡단중","횡단중","운전자법규위반","안전운전 의무 불이행","단일로","횡단보도상","승용차","중형","보행자","보행자","957798  ","1953542 ",127.02203735,37.58029612
"2012","2012020707","10","주간","화",4,10,6,0,0,"경남","의령군","차량단독","도로이탈","도로이탈 추락","운전자법규위반","앞지르기 금지위반","단일로","교량위","승합차","중형","00","00","1072170 ","1702127 ",128.29390739,35.31208495
"2012","2012021222","00","야간","토",1,5,4,0,0,"충남","서산시","차량단독","공작물충돌","공작물충돌","운전자법규위반","안전운전 의무 불이행","교차로","교차로부근","승용차","중형","00","00","912415  ","1865870 ",126.51838019,36.78692506
"2012","2012021705","30","야간","금",1,1,0,0,0,"경기","하남시","차대사람","차도통행중","차도통행중","운전자법규위반","안전운전 의무 불이행","단일로","기타단일로","승용차","소형","보행자","보행자","979908  ","1947610 ",127.27260591,37.52757627
"2013","2013020319","00","야간","일",1,1,0,0,0,"전북","완주군","차량단독","기타","기타","운전자법규위반","안전운전 의무 불이행","단일로","기타단일로","승용차","소형","00","00","971205  ","1772175 ",127.1770864,35.94412245
"2013","2013020408","25","주간","월",1,1,0,0,0,"전북","무주군","차량단독","공작물충돌","공작물충돌","운전자법규위반","안전운전 의무 불이행","단일로","기타단일로","승용차","중형","00","00","1016101 ","1779224 ",127.67866847,36.00969941
"2013","2013020515","52","주간","화",1,1,0,0,0,"전남","보성군","차량단독","전도전복","전도전복","운전자법규위반","안전운전 의무 불이행","단일로","기타단일로","이륜차","소형","00","00","965795  ","1638791 ",127.12632304,34.74299195
"2013","2013020519","04","야간","화",1,1,0,0,0,"경남","진주시","차대사람","보도통행중","보도통행중","운전자법규위반","보행자 보호의무 위반","단일로","횡단보도상","원동기장치자전거","원동기장치자전거","보행자","보행자","1051746 ","1689472 ",128.06844739,35.19924601
"2013","2013020309","53","주간","일",2,7,3,2,0,"경남","고성군","차대차","기타","기타","운전자법규위반","안전운전 의무 불이행","단일로","기타단일로","승용차","대형","승용차","중형","1077291 ","1668627 ",128.34709822,35.00965897
"2013","2013011810","50","주간","금",1,3,1,1,0,"경남","창녕군","차대차","추돌","진행중 추돌","운전자법규위반","안전운전 의무 불이행","단일로","기타단일로","화물차","대형","화물차","소형","1088611 ","1727276 ",128.47748128,35.53749314
"2013","2013091219","15","야간","목",2,25,3,4,16,"경기","의정부시","차대차","추돌","주정차중 추돌","운전자법규위반","안전운전 의무 불이행","단일로","기타단일로","승합차","대형","승용차","중형","959901  ","1966857 ",127.04512323,37.70040047
"2013","2013072420","50","야간","수",1,1,0,0,0,"경북","상주시","차대사람","기타","기타","운전자법규위반","안전운전 의무 불이행","단일로","기타단일로","불명","불명","보행자","보행자","1065610 ","1817296 ",128.23121429,36.35083983
"2013","2013071722","25","야간","수",1,1,0,0,0,"경남","밀양시","차대차","추돌","진행중 추돌","운전자법규위반","안전운전 의무 불이행","단일로","기타단일로","화물차","대형","화물차","대형","1117473 ","1725849 ",128.79545923,35.52162167
"2013","2013062103","40","야간","금",1,1,0,0,0,"대구","수성구","차대차","추돌","주정차중 추돌","운전자법규위반","안전운전 의무 불이행","단일로","기타단일로","화물차","중형","화물차","대형","1107273 ","1762403 ",128.68799614,35.85230028
"2013","2013070112","10","주간","월",1,4,2,1,0,"대구","달성군","차량단독","공작물충돌","공작물충돌","운전자법규위반","안전운전 의무 불이행","단일로","기타단일로","승용차","중형","00","00","1087057 ","1748286 ",128.46260944,35.7270407
"2012","2012011820","28","야간","수",1,1,0,0,0,"경북","영천시","차대사람","보도통행중","보도통행중","운전자법규위반","보행자 보호의무 위반","단일로","횡단보도상","화물차","소형","보행자","보행자","1129739 ","1775255 ",128.93882798,35.96542132
"2013","2013042704","30","야간","토",1,1,0,0,0,"경기","고양시","차량단독","공작물충돌","공작물충돌","운전자법규위반","안전운전 의무 불이행","단일로","기타단일로","승용차","경형","00","00","937081  ","1958537 ",126.78698941,37.62413196
"2013","2013042420","08","야간","수",1,1,0,0,0,"제주","서귀포시","차대사람","횡단중","횡단중","운전자법규위반","보행자 보호의무 위반","단일로","기타단일로","화물차","소형","보행자","보행자","911879  ","1475156 ",126.55386804,33.26415598
"2013","2013042318","15","야간","화",1,4,3,0,0,"경북","포항시","차대차","측면직각충돌","측면직각충돌","운전자법규위반","교차로 통행방법 위반","교차로","교차로내","화물차","대형","승용차","소형","1171728 ","1776856 ",129.40463697,35.97336288
"2013","2013043009","08","주간","화",1,4,2,1,0,"경기","광명시","차대차","측면직각충돌","측면직각충돌","운전자법규위반","신호위반","교차로","교차로부근","승용차","중형","승용차","중형","943107  ","1943083 ",126.85647197,37.48523774
"2013","2013042722","30","야간","토",1,2,1,0,0,"충북","청주시","차대차","측면직각충돌","측면직각충돌","운전자법규위반","안전운전 의무 불이행","교차로","교차로부근","원동기장치자전거","원동기장치자전거","자전거","자전거","1000701 ","1846568 ",127.50783938,36.6169701
"2013","2013050711","10","주간","화",1,1,0,0,0,"세종","세종","차량단독","전도전복","전도전복","운전자법규위반","안전운전 의무 불이행","단일로","횡단보도부근","승용차","중형","00","00","983133  ","1831377 ",127.31170702,36.47987319
"2013","2013050710","00","주간","화",1,1,0,0,0,"충남","부여군","차대사람","기타","기타","운전자법규위반","안전운전 의무 불이행","단일로","기타단일로","농기계","농기계","보행자","보행자","936007  ","1801798 ",126.78807564,36.21123704
"2013","2013050719","00","야간","화",1,1,0,0,0,"전북","부안군","차량단독","전도전복","전도전복","운전자법규위반","안전운전 의무 불이행","단일로","기타단일로","원동기장치자전거","원동기장치자전거","00","00","925865  ","1736909 ",126.6813062,35.62552944
"2013","2013050715","35","주간","화",1,1,0,0,0,"경기","이천시","차대차","정면충돌","정면충돌","운전자법규위반","중앙선 침범","교차로","교차로부근","이륜차","대형","화물차","대형","1002742 ","1895261 ",127.53083987,37.05591809
"2013","2013050721","45","야간","화",1,1,0,0,0,"경남","김해시","차대사람","기타","기타","운전자법규위반","안전운전 의무 불이행","단일로","기타단일로","승용차","소형","보행자","보행자","1114339 ","1694259 ",128.75661093,35.2372214
"2013","2013050614","30","주간","월",2,8,6,0,0,"충북","제천시","차대차","기타","기타","운전자법규위반","신호위반","교차로","교차로내","승용차","소형","승용차","대형","1061042 ","1897307 ",128.18669655,37.0723776
"2013","2013050617","25","주간","월",1,2,1,0,0,"전남","담양군","차대차","측면직각충돌","측면직각충돌","운전자법규위반","안전운전 의무 불이행","교차로","교차로내","승용차","중형","이륜차","소형","957124  ","1694602 ",127.02872199,35.24592042
"2013","2013050402","00","야간","토",1,4,2,1,0,"경남","양산시","차대차","기타","기타","운전자법규위반","신호위반","교차로","교차로내","원동기장치자전거","원동기장치자전거","승용차","중형","1137534 ","1704295 ",129.01313896,35.32477007
"2013","2013050419","46","야간","토",1,1,0,0,0,"충남","예산군","차대사람","기타","기타","운전자법규위반","안전운전 의무 불이행","단일로","기타단일로","화물차","소형","보행자","보행자","936051  ","1856174 ",126.78407367,36.70141532
"2013","2013051100","30","야간","토",1,1,0,0,0,"충북","청주시","차대사람","보도통행중","보도통행중","운전자법규위반","보행자 보호의무 위반","단일로","기타단일로","승용차","소형","보행자","보행자","1000642 ","1845827 ",127.50717895,36.61029002
"2013","2013052019","30","야간","월",1,1,0,0,0,"부산","남구","차대사람","기타","기타","운전자법규위반","안전운전 의무 불이행","교차로","교차로내","화물차","소형","보행자","보행자","1144441 ","1681034 ",129.0850214,35.11412888
"2013","2013052120","24","야간","화",1,2,0,1,0,"울산","울주군","차대사람","차도통행중","차도통행중","운전자법규위반","안전운전 의무 불이행","단일로","횡단보도상","화물차","소형","보행자","보행자","1155660 ","1720665 ",129.21560826,35.46964994
"2013","2013052120","30","야간","화",1,1,0,0,0,"경남","김해시","차대사람","기타","기타","운전자법규위반","안전운전 의무 불이행","단일로","기타단일로","화물차","중형","보행자","보행자","1109986 ","1701327 ",128.70972715,35.3014268
"2013","2013052116","40","주간","화",1,1,0,0,0,"충북","청주시","차대사람","횡단중","횡단중","운전자법규위반","안전운전 의무 불이행","교차로","교차로내","건설기계","건설기계","보행자","보행자","999097  ","1849247 ",127.48995441,36.64114545
"2013","2013052218","30","야간","수",1,1,0,0,0,"충북","영동군","차대차","기타","기타","운전자법규위반","안전운전 의무 불이행","교차로","교차로부근","승용차","중형","자전거","자전거","1023272 ","1799718 ",127.75884788,36.19432221
"2012","2012043004","06","야간","월",1,1,0,0,0,"울산","북구","차대차","측면직각충돌","측면직각충돌","운전자법규위반","신호위반","교차로","교차로내","원동기장치자전거","원동기장치자전거","화물차","소형","1167616 ","1738164 ",129.35094412,35.62540481
"2012","2012041218","10","야간","목",1,1,0,0,0,"강원","양구군","차량단독","전도전복","전도전복","운전자법규위반","안전운전 의무 불이행","단일로","기타단일로","이륜차","사발이","00","00","1050447 ","2023374 ",128.07622354,38.20924959
"2012","2012012901","43","야간","일",1,1,0,0,0,"경북","경산시","차대차","추돌","진행중 추돌","운전자법규위반","안전운전 의무 불이행","단일로","기타단일로","승용차","중형","화물차","대형","1118862 ","1774584 ",128.81770308,35.96111508
"2012","2012060316","05","주간","일",1,1,0,0,0,"경남","김해시","차대차","측면직각충돌","측면직각충돌","운전자법규위반","안전운전 의무 불이행","교차로","교차로내","승용차","중형","원동기장치자전거","원동기장치자전거","1119548 ","1686887 ",128.8127758,35.17015673
"2012","2012110813","40","주간","목",1,3,1,1,0,"제주","제주시","차대사람","기타","기타","운전자법규위반","중앙선 침범","단일로","기타단일로","승용차","소형","보행자","보행자","907351  ","1501291 ",126.50257068,33.49947394
"2012","2012111120","35","야간","일",1,1,0,0,0,"울산","북구","차대사람","길가장자리구역통행중","길가장자리구역통행중","운전자법규위반","안전운전 의무 불이행","단일로","기타단일로","화물차","소형","보행자","보행자","1167070 ","1739168 ",129.34512554,35.63454514
"2012","2012111123","45","야간","일",1,1,0,0,0,"경북","포항시","차대차","추돌","진행중 추돌","운전자법규위반","안전운전 의무 불이행","교차로","교차로부근","승용차","중형","화물차","대형","1168127 ","1774665 ",129.36425316,35.95424653
"2012","2012111613","30","주간","금",1,1,0,0,0,"전남","영암군","차량단독","전도전복","전도전복","운전자법규위반","안전운전 의무 불이행","단일로","기타단일로","농기계","농기계","00","00","931947  ","1649780 ",126.75567705,34.84038392
"2012","2012112118","19","야간","수",1,1,0,0,0,"전남","고흥군","차대사람","횡단중","횡단중","운전자법규위반","안전운전 의무 불이행","단일로","기타단일로","화물차","소형","보행자","보행자","969985  ","1609874 ",127.17312028,34.48235407
"2012","2012111713","15","주간","토",1,1,0,0,0,"경남","밀양시","차대사람","기타","기타","운전자법규위반","안전운전 의무 불이행","단일로","기타단일로","화물차","소형","보행자","보행자","1115321 ","1729104 ",128.7723262,35.55122375
"2012","2012111322","50","야간","화",1,1,0,0,0,"충북","청원군","차대사람","횡단중","횡단중","운전자법규위반","안전운전 의무 불이행","단일로","기타단일로","승용차","대형","보행자","보행자","1000710 ","1843398 ",127.50798182,36.58849161
"2012","2012111321","10","야간","화",1,1,0,0,0,"경기","부천시","차대차","기타","기타","운전자법규위반","안전운전 의무 불이행","단일로","기타단일로","승용차","중형","승용차","중형","933568  ","1945400 ",126.74837306,37.50548369
"2012","2012110115","40","주간","목",1,1,0,0,0,"전남","영암군","차대차","측면직각충돌","측면직각충돌","운전자법규위반","직진 및 우회전차의 통행방해","교차로","교차로내","승용차","경형","이륜차","중형","904015  ","1641518 ",126.45115643,34.7636391
"2012","2012110505","00","야간","월",1,1,0,0,0,"광주","북구","차대사람","횡단중","횡단중","운전자법규위반","안전운전 의무 불이행","단일로","기타단일로","승용차","소형","보행자","보행자","945569  ","1684974 ",126.9028054,35.15855816
"2013","2013050414","32","주간","토",1,1,0,0,0,"인천","연수구","차대사람","횡단중","횡단중","운전자법규위반","안전운전 의무 불이행","교차로","교차로부근","승합차","대형","보행자","보행자","926718  ","1933429 ",126.67206774,37.39707295
"2013","2013050512","00","주간","일",1,6,1,3,1,"대구","북구","차대차","추돌","진행중 추돌","운전자법규위반","안전운전 의무 불이행","교차로","교차로부근","승용차","중형","승용차","대형","1095318 ","1771692 ",128.56024378,35.93858495
"2013","2013051211","40","주간","일",1,1,0,0,0,"전북","군산시","차량단독","기타","기타","운전자법규위반","기타(운전자법규위반)","단일로","기타단일로","승용차","중형","00","00","929622  ","1776031 ",126.71934886,35.97850496
"2013","2013051213","01","주간","일",1,1,0,0,0,"전북","전주시","차대사람","기타","기타","운전자법규위반","부당한 회전","단일로","기타단일로","승용차","대형","보행자","보행자","968450  ","1757305 ",127.15076984,35.8117018
"2013","2013051606","48","주간","목",1,1,0,0,0,"서울","양천구","차대차","측면직각충돌","측면직각충돌","운전자법규위반","안전운전 의무 불이행","단일로","횡단보도부근","자전거","자전거","승합차","대형","942757  ","1947108 ",126.8521999,37.52149378
"2013","2013051621","30","야간","목",1,1,0,0,0,"경기","화성시","차대사람","길가장자리구역통행중","길가장자리구역통행중","운전자법규위반","안전운전 의무 불이행","단일로","기타단일로","승용차","중형","보행자","보행자","951424  ","1907955 ",126.95284374,37.16908588
"2013","2013051615","30","주간","목",1,1,0,0,0,"경기","고양시","차대차","측면직각충돌","측면직각충돌","운전자법규위반","안전거리 미확보","단일로","횡단보도상","자전거","자전거","승합차","대형","946637  ","1961738 ",126.89503998,37.65358707
"2013","2013051717","00","주간","금",1,1,0,0,0,"경북","문경시","차대사람","횡단중","횡단중","운전자법규위반","안전운전 의무 불이행","단일로","기타단일로","승합차","중형","보행자","보행자","1062176 ","1844425 ",128.19512594,36.59562404
"2013","2013051714","55","주간","금",1,1,0,0,0,"전남","나주시","차대차","기타","기타","운전자법규위반","안전운전 의무 불이행","기타/불명","기타/불명","승용차","경형","자전거","자전거","935809  ","1662322 ",126.79695143,34.95372519
"2012","2012121911","50","주간","수",1,1,0,0,0,"경기","연천군","차량단독","공작물충돌","공작물충돌","운전자법규위반","안전운전 의무 불이행","단일로","기타단일로","화물차","소형","00","00","962998  ","2025819 ",127.08557406,38.2232167
"2012","2012121911","50","주간","수",1,1,0,0,0,"경남","거제시","차량단독","공작물충돌","공작물충돌","운전자법규위반","안전운전 의무 불이행","단일로","기타단일로","승용차","중형","00","00","1110646 ","1663222 ",128.71188418,34.95782913
"2012","2012121823","55","야간","화",1,1,0,0,0,"인천","서구","차량단독","전도전복","전도전복","운전자법규위반","안전운전 의무 불이행","단일로","기타단일로","승용차","중형","00","00","923893  ","1952579 ",126.66630099,37.5715687
"2012","2012122518","20","야간","화",1,2,0,1,0,"전남","해남군","차대차","정면충돌","정면충돌","운전자법규위반","중앙선 침범","단일로","기타단일로","승용차","경형","화물차","대형","900171  ","1633251 ",126.41013784,34.68873304
"2012","2012120609","47","주간","목",1,1,0,0,0,"경기","고양시","차대사람","기타","기타","운전자법규위반","안전운전 의무 불이행","단일로","횡단보도부근","승합차","대형","보행자","보행자","937482  ","1961640 ",126.78874782,37.65246228
"2012","2012120316","50","주간","월",1,1,0,0,0,"경남","함양군","차대차","측면직각충돌","측면직각충돌","운전자법규위반","교차로 통행방법 위반","교차로","교차로내","화물차","소형","원동기장치자전거","원동기장치자전거","1021625 ","1726587 ",127.73854483,35.53500631
"2012","2012120718","20","야간","금",1,1,0,0,0,"경남","진주시","차대차","추돌","진행중 추돌","운전자법규위반","안전거리 미확보","단일로","기타단일로","화물차","소형","화물차","중형","1054783 ","1682073 ",128.10096873,35.13277777
"2012","2012120318","50","야간","월",1,1,0,0,0,"충북","청주시","차대사람","횡단중","횡단중","운전자법규위반","안전운전 의무 불이행","단일로","교량위","승용차","중형","보행자","보행자","999779  ","1845350 ",127.49752888,36.60599004
"2012","2012120805","05","야간","토",1,1,0,0,0,"경기","안산시","차대사람","기타","기타","운전자법규위반","안전운전 의무 불이행","단일로","기타단일로","승용차","중형","보행자","보행자","943811  ","1920929 ",126.86768957,37.28516721
"2012","2012112918","10","야간","목",1,1,0,0,0,"경북","예천군","차대사람","길가장자리구역통행중","길가장자리구역통행중","운전자법규위반","안전운전 의무 불이행","단일로","기타단일로","승용차","소형","보행자","보행자","1081754 ","1842731 ",128.41380521,36.57887703
"2012","2012113005","49","야간","금",1,2,0,1,0,"인천","계양구","차대차","추돌","주정차중 추돌","운전자법규위반","안전운전 의무 불이행","교차로","교차로부근","화물차","대형","화물차","대형","934081  ","1949513 ",126.75380767,37.54259038
"2012","2012120712","10","주간","금",1,1,0,0,0,"경북","포항시","차량단독","기타","기타","운전자법규위반","기타(운전자법규위반)","교차로","교차로내","화물차","소형","00","00","1167186 ","1780174 ",129.35427186,36.00578386
"2012","2012120504","52","야간","수",1,1,0,0,0,"강원","동해시","차대사람","횡단중","횡단중","운전자법규위반","안전운전 의무 불이행","교차로","교차로내","승용차","중형","보행자","보행자","1143651 ","1944967 ",129.12498066,37.49279454
"2012","2012072110","30","주간","토",1,5,0,4,0,"경기","남양주시","차대차","측면직각충돌","측면직각충돌","운전자법규위반","안전운전 의무 불이행","단일로","기타단일로","승용차","소형","승용차","중형","984301  ","1959136 ",127.3220313,37.63171332
"2012","2012010419","35","야간","수",1,1,0,0,0,"경기","남양주시","차대사람","횡단중","횡단중","운전자법규위반","안전운전 의무 불이행","단일로","횡단보도상","승용차","소형","보행자","보행자","973162  ","1970419 ",127.1954201,37.73298986
"2012","2012010220","15","야간","월",1,1,0,0,0,"경기","부천시","차대사람","횡단중","횡단중","운전자법규위반","안전운전 의무 불이행","단일로","횡단보도부근","승용차","소형","보행자","보행자","935527  ","1942998 ",126.77074651,37.48397355
"2012","2012051319","24","야간","일",1,1,0,0,0,"경기","용인시","차대사람","횡단중","횡단중","운전자법규위반","안전운전 의무 불이행","교차로","교차로내","승합차","대형","보행자","보행자","974031  ","1915234 ",127.20722956,37.23560097
"2013","2013121219","40","야간","목",1,1,0,0,0,"경기","남양주시","차량단독","공작물충돌","공작물충돌","운전자법규위반","안전운전 의무 불이행","단일로","기타단일로","승용차","소형","00","00","966721  ","1961493 ",127.1226186,37.65132318
"2013","2013121900","30","야간","목",1,2,1,0,0,"경기","남양주시","차대차","추돌","주정차중 추돌","운전자법규위반","안전운전 의무 불이행","단일로","기타단일로","승용차","중형","화물차","대형","974621  ","1955161 ",127.21250875,37.59550653
"2013","2013041912","23","주간","금",1,1,0,0,0,"서울","서대문구","차대사람","횡단중","횡단중","운전자법규위반","안전운전 의무 불이행","단일로","기타단일로","승합차","대형","보행자","보행자","952373  ","1952625 ",126.96065798,37.5717663
"2013","2013041921","00","야간","금",1,1,0,0,0,"대전","유성구","차대사람","기타","기타","운전자법규위반","안전운전 의무 불이행","단일로","기타단일로","승용차","중형","보행자","보행자","985034  ","1817947 ",127.33318769,36.35882968
"2013","2013042621","25","야간","금",1,1,0,0,0,"경남","양산시","차대차","측면직각충돌","측면직각충돌","운전자법규위반","중앙선 침범","기타/불명","기타/불명","승합차","소형","자전거","자전거","1143985 ","1722090 ",129.08734769,35.47676065
"2013","2013042703","05","야간","토",1,1,0,0,0,"경남","양산시","차대사람","차도통행중","차도통행중","운전자법규위반","안전운전 의무 불이행","단일로","기타단일로","승용차","중형","보행자","보행자","1140566 ","1710245 ",129.04721385,35.37636003
"2013","2013042508","45","주간","목",1,1,0,0,0,"서울","노원구","차대사람","기타","기타","운전자법규위반","안전운전 의무 불이행","단일로","기타단일로","특수차","소형","보행자","보행자","959902  ","1958933 ",127.0455702,37.62898048
"2013","2013042314","11","주간","화",1,4,0,3,0,"충북","청주시","차대차","추돌","주정차중 추돌","운전자법규위반","안전운전 의무 불이행","교차로","교차로부근","화물차","소형","승용차","중형","1000966 ","1851695 ",127.51080936,36.66318966
"2013","2013050111","05","주간","수",1,1,0,0,0,"경기","시흥시","차대사람","횡단중","횡단중","운전자법규위반","안전운전 의무 불이행","단일로","기타단일로","승용차","중형","보행자","보행자","932121  ","1928548 ",126.73355285,37.35349191
"2013","2013050316","34","주간","금",1,5,4,0,0,"충남","청양군","차량단독","전도전복","전도전복","운전자법규위반","안전운전 의무 불이행","단일로","기타단일로","화물차","소형","00","00","937177  ","1824699 ",126.79924572,36.41776159
"2013","2013050501","40","야간","일",1,1,0,0,0,"경북","청도군","차량단독","도로이탈","도로이탈 추락","운전자법규위반","안전운전 의무 불이행","단일로","교량위","승용차","소형","00","00","1112702 ","1740235 ",128.74482544,35.65190233
"2013","2013050411","20","주간","토",1,1,0,0,0,"경남","고성군","차대차","측면직각충돌","측면직각충돌","운전자법규위반","안전운전 의무 불이행","단일로","기타단일로","특수차","중형","원동기장치자전거","원동기장치자전거","1075475 ","1666677 ",128.32687003,34.98993645
"2013","2013051216","20","주간","일",1,4,0,3,0,"전북","남원시","차대차","정면충돌","정면충돌","운전자법규위반","중앙선 침범","단일로","기타단일로","원동기장치자전거","원동기장치자전거","승용차","중형","1013475 ","1712686 ",127.6482343,35.40887186
"2013","2013051311","50","주간","월",2,5,1,2,0,"전남","강진군","차대차","추돌","진행중 추돌","운전자법규위반","안전운전 의무 불이행","단일로","기타단일로","화물차","중형","승용차","중형","935085  ","1622172 ",126.79212085,34.59164303
"2013","2013051314","40","주간","월",2,2,0,0,0,"충남","청양군","차량단독","기타","기타","운전자법규위반","안전운전 의무 불이행","단일로","기타단일로","승용차","중형","00","00","941577  ","1827065 ",126.84814391,36.43936832
"2013","2013051318","40","야간","월",1,1,0,0,0,"충남","태안군","차대차","측면직각충돌","측면직각충돌","운전자법규위반","안전운전 의무 불이행","교차로","교차로내","특수차","대형","원동기장치자전거","원동기장치자전거","891550  ","1858872 ",126.2855709,36.72169428
"2013","2013051323","40","야간","월",2,4,2,0,0,"충남","서산시","차량단독","공작물충돌","공작물충돌","운전자법규위반","안전운전 의무 불이행","교차로","교차로부근","승용차","중형","00","00","904430  ","1888436 ",126.41303889,36.96694124
"2013","2013051320","16","야간","월",1,1,0,0,0,"경기","이천시","차대차","정면충돌","정면충돌","운전자법규위반","중앙선 침범","단일로","기타단일로","승용차","소형","이륜차","소형","991333  ","1923815 ",127.40364993,37.31815843