"발생년","발생년월일시","발생분","주야","요일","사망자수","사상자수","중상자수","경상자수","부상신고자수","발생지시도","발생지시군구","사고유형_대분류","사고유형_중분류","사고유형","법규위반_대분류","법규위반","도로형태_대분류","도로형태","당사자종별_1당_대분류","당사자종별_1당","당사자종별_2당_대분류","당사자종별_2당","발생위치X_UTMK","발생위치Y_UTMK","경도","위도"
"2013","2013051320","15","야간","월",1,1,0,0,0,"전남","강진군","차대사람","차도통행중","차도통행중","운전자법규위반","안전운전 의무 불이행","단일로","기타단일로","승용차","중형","보행자","보행자","938086  ","1628004 ",126.82441782,34.64441782
"2013","2013052215","20","주간","수",1,2,1,0,0,"서울","용산구","차량단독","도로이탈","도로이탈 추락","운전자법규위반","안전운전 의무 불이행","단일로","교량위","원동기장치자전거","원동기장치자전거","00","00","954332  ","1946848 ",126.98457118,37.51966692
"2013","2013052311","15","주간","목",1,2,1,0,0,"전남","광양시","차대차","측면직각충돌","측면직각충돌","운전자법규위반","신호위반","교차로","교차로내","승용차","대형","원동기장치자전거","원동기장치자전거","1018115 ","1659340 ",127.69834493,34.92870771
"2013","2013051003","35","야간","금",1,1,0,0,0,"부산","연제구","차량단독","공작물충돌","공작물충돌","운전자법규위반","안전운전 의무 불이행","단일로","기타단일로","원동기장치자전거","원동기장치자전거","00","00","1145091 ","1687668 ",129.09383929,35.17359033
"2013","2013051713","10","주간","금",2,5,3,0,0,"전남","강진군","차량단독","전도전복","전도전복","운전자법규위반","안전운전 의무 불이행","교차로","교차로부근","승용차","소형","00","00","932668  ","1635643 ",126.76469415,34.7129582
"2013","2013051603","20","야간","목",1,1,0,0,0,"경기","광주시","차량단독","공작물충돌","공작물충돌","운전자법규위반","안전운전 의무 불이행","단일로","기타단일로","이륜차","중형","00","00","978118  ","1939323 ",127.25259398,37.45283984
"2013","2013051417","58","주간","화",1,1,0,0,0,"경북","영양군","차대차","정면충돌","정면충돌","운전자법규위반","중앙선 침범","단일로","기타단일로","이륜차","소형","건설기계","건설기계","1141846 ","1844577 ",129.08564023,36.58847288
"2013","2013051415","10","주간","화",1,1,0,0,0,"경북","문경시","차대차","측면직각충돌","측면직각충돌","운전자법규위반","신호위반","교차로","교차로내","원동기장치자전거","원동기장치자전거","승용차","소형","1061898 ","1843428 ",128.19193787,36.58665478
"2013","2013051412","45","주간","화",1,1,0,0,0,"경남","고성군","차대사람","길가장자리구역통행중","길가장자리구역통행중","운전자법규위반","안전운전 의무 불이행","단일로","기타단일로","승용차","중형","보행자","보행자","1062830 ","1671448 ",128.18883241,35.03609783
"2013","2013051409","30","주간","화",1,1,0,0,0,"서울","금천구","차대사람","횡단중","횡단중","운전자법규위반","안전운전 의무 불이행","단일로","기타단일로","승합차","대형","보행자","보행자","946848  ","1940127 ",126.89899832,37.45881759
"2013","2013051423","50","야간","화",1,1,0,0,0,"서울","관악구","차대차","기타","기타","운전자법규위반","안전운전 의무 불이행","단일로","기타단일로","승용차","대형","이륜차","대형","951576  ","1942137 ",126.95232439,37.47719411
"2013","2013051415","15","주간","화",1,2,0,1,0,"전남","순천시","차량단독","도로이탈","도로이탈 기타","운전자법규위반","안전운전 의무 불이행","단일로","기타단일로","승용차","소형","00","00","987635  ","1669432 ",127.364463,35.01979833
"2012","2012051912","15","주간","토",1,2,1,0,0,"경북","고령군","차량단독","공작물충돌","공작물충돌","운전자법규위반","안전운전 의무 불이행","단일로","기타단일로","화물차","소형","00","00","1067339 ","1752913 ",128.2441904,35.76991955
"2012","2012041801","15","야간","수",1,3,1,1,0,"충남","천안시","차대차","측면직각충돌","측면직각충돌","운전자법규위반","안전운전 의무 불이행","교차로","교차로내","승용차","중형","승용차","경형","965917  ","1873996 ",127.1176246,36.8636139
"2012","2012032903","40","야간","목",1,1,0,0,0,"전남","여수시","차대사람","횡단중","횡단중","운전자법규위반","안전운전 의무 불이행","단일로","기타단일로","승용차","중형","보행자","보행자","1018137 ","1641555 ",127.6982009,34.76832908
"2012","2012030902","30","야간","금",1,1,0,0,0,"강원","삼척시","차량단독","공작물충돌","공작물충돌","운전자법규위반","안전운전 의무 불이행","단일로","기타단일로","승용차","중형","00","00","1137364 ","1917466 ",129.04878292,37.24595205
"2012","2012120917","35","주간","일",1,1,0,0,0,"대구","북구","차대차","정면충돌","정면충돌","운전자법규위반","중앙선 침범","단일로","기타단일로","승용차","대형","승용차","소형","1099283 ","1768145 ",128.60024164,35.90490354
"2012","2012110313","50","주간","토",1,1,0,0,0,"경북","포항시","차대사람","기타","기타","운전자법규위반","안전운전 의무 불이행","교차로","교차로내","화물차","소형","보행자","보행자","1169542 ","1799974 ",129.38534468,36.18232208
"2012","2012081605","40","야간","목",1,1,0,0,0,"대전","유성구","차대사람","횡단중","횡단중","운전자법규위반","안전운전 의무 불이행","단일로","기타단일로","승용차","중형","보행자","보행자","984537  ","1817004 ",127.32766684,36.35032032
"2012","2012082115","15","주간","화",1,1,0,0,0,"전북","정읍시","차량단독","전도전복","전도전복","운전자법규위반","안전운전 의무 불이행","단일로","기타단일로","승용차","중형","00","00","938256  ","1733544 ",126.81839139,35.59604314
"2012","2012090813","35","주간","토",1,1,0,0,0,"대구","수성구","차대사람","기타","기타","운전자법규위반","신호위반","단일로","기타단일로","특수차","대형","보행자","보행자","1103548 ","1758577 ",128.64421516,35.81800606
"2012","2012100517","15","주간","금",1,1,0,0,0,"경기","파주시","차대사람","차도통행중","차도통행중","운전자법규위반","신호위반","교차로","교차로부근","화물차","소형","보행자","보행자","945495  ","1983167 ",126.88048604,37.84665433
"2012","2012092723","45","야간","목",1,2,1,0,0,"경기","안양시","차대사람","보도통행중","보도통행중","운전자법규위반","보행자 보호의무 위반","교차로","교차로내","승합차","대형","보행자","보행자","947833  ","1933867 ",126.91038414,37.40267486
"2012","2012112711","50","주간","화",1,1,0,0,0,"강원","영월군","차량단독","전도전복","전도전복","운전자법규위반","안전운전 의무 불이행","단일로","기타단일로","이륜차","소형","00","00","1068630 ","1921872 ",128.27430861,37.29326514
"2012","2012071319","27","야간","금",1,1,0,0,0,"강원","강릉시","차대사람","보도통행중","보도통행중","운전자법규위반","보행자 보호의무 위반","단일로","횡단보도상","승용차","소형","보행자","보행자","1124395 ","1973179 ",128.91202256,37.74980085
"2013","2013041914","15","주간","금",1,1,0,0,0,"전북","고창군","차량단독","도로이탈","도로이탈 추락","운전자법규위반","안전운전 의무 불이행","단일로","기타단일로","화물차","소형","00","00","925073  ","1720611 ",126.67406924,35.4785322
"2013","2013041923","14","야간","금",1,1,0,0,0,"경기","포천시","차량단독","공작물충돌","공작물충돌","운전자법규위반","안전운전 의무 불이행","단일로","기타단일로","승용차","경형","00","00","988572  ","2002098 ",127.3698033,38.01883696
"2012","2012121821","02","야간","화",1,6,2,3,0,"경기","안산시","차대차","정면충돌","정면충돌","운전자법규위반","중앙선 침범","고가도로위","고가도로위","화물차","소형","승용차","중형","934027  ","1926247 ",126.75527737,37.33289015
"2012","2012120517","30","주간","수",1,1,0,0,0,"강원","양양군","차대사람","길가장자리구역통행중","길가장자리구역통행중","운전자법규위반","안전운전 의무 불이행","교차로","교차로부근","승용차","중형","보행자","보행자","1099954 ","2012058 ",128.64004343,38.1031456
"2012","2012120122","10","야간","토",1,1,0,0,0,"충북","청원군","차대사람","횡단중","횡단중","운전자법규위반","신호위반","교차로","교차로부근","승용차","중형","보행자","보행자","993224  ","1831871 ",127.42435235,36.48445128
"2012","2012120804","10","야간","토",1,1,0,0,0,"전북","익산시","차대차","추돌","진행중 추돌","운전자법규위반","안전운전 의무 불이행","단일로","기타단일로","화물차","소형","건설기계","건설기계","960141  ","1771160 ",127.0810919,35.96494114
"2012","2012120305","27","야간","월",1,1,0,0,0,"경기","성남시","차대차","추돌","주정차중 추돌","운전자법규위반","안전운전 의무 불이행","단일로","기타단일로","이륜차","소형","승합차","대형","969356  ","1935666 ",127.1536809,37.41962821
"2012","2012071123","48","야간","수",1,4,1,2,0,"경기","수원시","차대차","추돌","진행중 추돌","운전자법규위반","안전운전 의무 불이행","단일로","기타단일로","승합차","대형","화물차","대형","964087  ","1921271 ",127.09483326,37.2896871
"2012","2012103010","25","주간","화",1,1,0,0,0,"서울","성북구","차대사람","기타","기타","운전자법규위반","기타(운전자법규위반)","교차로","교차로내","승용차","중형","보행자","보행자","956191  ","1956804 ",127.00364249,37.60962202
"2012","2012102917","25","주간","월",1,2,1,0,0,"경기","안성시","차대사람","기타","기타","운전자법규위반","안전운전 의무 불이행","기타/불명","기타/불명","화물차","중형","보행자","보행자","994461  ","1898064 ",127.437681,37.08117288
"2012","2012110303","25","야간","토",1,1,0,0,0,"울산","남구","차대사람","횡단중","횡단중","운전자법규위반","안전운전 의무 불이행","단일로","기타단일로","승용차","중형","보행자","보행자","1165360 ","1729344 ",129.32423867,35.54629929
"2012","2012110303","40","야간","토",1,1,0,0,0,"인천","중구","차량단독","공작물충돌","공작물충돌","운전자법규위반","안전운전 의무 불이행","교차로","교차로부근","승용차","소형","00","00","922013  ","1941950 ",126.61801595,37.47348601
"2012","2012103021","16","야간","화",1,1,0,0,0,"경기","안양시","차대사람","차도통행중","차도통행중","운전자법규위반","안전운전 의무 불이행","고가도로위","고가도로위","승용차","중형","보행자","보행자","951401  ","1930002 ",126.95114416,37.36780768
"2012","2012103113","00","주간","수",1,1,0,0,0,"경기","남양주시","차대사람","기타","기타","운전자법규위반","안전운전 의무 불이행","단일로","기타단일로","화물차","중형","보행자","보행자","975415  ","1957587 ",127.22142148,37.6173946
"2012","2012110509","20","주간","월",1,1,0,0,0,"경기","시흥시","차대사람","기타","기타","운전자법규위반","안전운전 의무 불이행","교차로","교차로부근","승용차","소형","보행자","보행자","937483  ","1937976 ",126.79329538,37.43884456
"2012","2012121406","50","주간","금",1,1,0,0,0,"대전","동구","차대차","기타","기타","운전자법규위반","안전운전 의무 불이행","단일로","기타단일로","승용차","중형","승용차","소형","998374  ","1807349 ",127.48189853,36.26339875
"2012","2012121715","40","주간","월",1,1,0,0,0,"충북","청주시","차대차","측면직각충돌","측면직각충돌","운전자법규위반","보행자 보호의무 위반","교차로","교차로내","건설기계","건설기계","자전거","자전거","997696  ","1848635 ",127.47422786,36.63560158
"2012","2012121408","00","주간","금",1,4,3,0,0,"대구","달성군","차대차","기타","기타","운전자법규위반","안전운전 의무 불이행","단일로","기타단일로","화물차","소형","승합차","소형","1082090 ","1766237 ",128.46248239,35.85505782
"2012","2012121409","30","주간","금",1,1,0,0,0,"충남","홍성군","차대사람","길가장자리구역통행중","길가장자리구역통행중","운전자법규위반","안전운전 의무 불이행","단일로","기타단일로","승용차","중형","보행자","보행자","930640  ","1843165 ",126.72467708,36.58377065
"2012","2012121020","30","야간","월",1,1,0,0,0,"충남","당진시","차대사람","길가장자리구역통행중","길가장자리구역통행중","운전자법규위반","안전운전 의무 불이행","단일로","기타단일로","화물차","소형","보행자","보행자","921834  ","1876970 ",126.62455006,36.88903041
"2012","2012121501","12","야간","토",1,2,0,0,1,"경기","시흥시","차대차","추돌","주정차중 추돌","운전자법규위반","안전운전 의무 불이행","단일로","기타단일로","승용차","소형","승합차","대형","933551  ","1926873 ",126.74984845,37.33849843
"2012","2012122009","50","주간","목",1,1,0,0,0,"충남","청양군","차량단독","도로이탈","도로이탈 기타","운전자법규위반","안전운전 의무 불이행","단일로","기타단일로","화물차","소형","00","00","950676  ","1815618 ",126.95038844,36.33668545
"2012","2012122004","15","야간","목",1,4,2,1,0,"대전","유성구","차량단독","기타","기타","운전자법규위반","과속","단일로","기타단일로","승용차","중형","00","00","991794  ","1823882 ",127.40759095,36.412687
"2012","2012122004","30","야간","목",1,11,9,1,0,"대전","서구","차대차","기타","기타","운전자법규위반","중앙선 침범","단일로","기타단일로","승용차","중형","승합차","소형","989344  ","1816265 ",127.38125023,36.34372319
"2012","2012122108","00","주간","금",1,1,0,0,0,"경남","밀양시","차량단독","공작물충돌","공작물충돌","운전자법규위반","안전운전 의무 불이행","단일로","교량위","화물차","소형","00","00","1114513 ","1710594 ",128.76080613,35.38445817
"2012","2012122517","40","주간","화",1,1,0,0,0,"경남","김해시","차대사람","횡단중","횡단중","운전자법규위반","안전운전 의무 불이행","단일로","기타단일로","승용차","경형","보행자","보행자","1125371 ","1694922 ",128.8779263,35.24187865
"2012","2012122605","11","야간","수",1,1,0,0,0,"서울","용산구","차량단독","공작물충돌","공작물충돌","운전자법규위반","안전운전 의무 불이행","단일로","기타단일로","승용차","대형","00","00","956144  ","1949168 ",127.0035671,37.54079489
"2012","2012122109","45","주간","금",1,3,2,0,0,"경남","의령군","차량단독","기타","기타","운전자법규위반","안전운전 의무 불이행","단일로","기타단일로","승용차","중형","00","00","1074438 ","1709960 ",128.31956738,35.38254091
"2012","2012122517","25","주간","화",1,1,0,0,0,"경기","포천시","차대사람","보도통행중","보도통행중","운전자법규위반","기타(운전자법규위반)","단일로","기타단일로","이륜차","사발이","보행자","보행자","977318  ","2000483 ",127.24164094,38.00406944
"2012","2012121717","50","주간","월",1,1,0,0,0,"경기","화성시","차대사람","횡단중","횡단중","운전자법규위반","보행자 보호의무 위반","교차로","교차로부근","화물차","소형","보행자","보행자","948232  ","1914253 ",126.91645416,37.22568245
"2012","2012120105","25","야간","토",1,4,2,1,0,"서울","강남구","차대차","기타","기타","운전자법규위반","안전거리 미확보","단일로","기타단일로","승용차","중형","화물차","중형","961927  ","1945016 ",127.06924181,37.5036284
"2012","2012113018","45","야간","금",1,1,0,0,0,"전북","부안군","차대사람","기타","기타","운전자법규위반","안전운전 의무 불이행","단일로","기타단일로","승용차","소형","보행자","보행자","925549  ","1747699 ",126.67681849,35.72278294
"2012","2012120203","00","야간","일",1,1,0,0,0,"경남","창원시(통합)","차량단독","도로이탈","도로이탈 추락","운전자법규위반","안전운전 의무 불이행","교차로","교차로부근","승용차","중형","00","00","1112964 ","1705723 ",128.74301907,35.34095002
"2012","2012120314","30","주간","월",1,1,0,0,0,"전남","목포시","차대사람","횡단중","횡단중","운전자법규위반","안전운전 의무 불이행","단일로","기타단일로","승용차","대형","보행자","보행자","901501  ","1648229 ",126.42290318,34.82390677
"2012","2012090311","45","주간","월",1,1,0,0,0,"경기","수원시","차대사람","횡단중","횡단중","운전자법규위반","보행자 보호의무 위반","단일로","횡단보도상","화물차","중형","보행자","보행자","956832  ","1919266 ",127.01310201,37.27130621
"2012","2012091009","45","주간","월",1,1,0,0,0,"전남","해남군","차대차","추돌","주정차중 추돌","운전자법규위반","안전운전 의무 불이행","교차로","교차로부근","원동기장치자전거","원동기장치자전거","승합차","대형","915692  ","1614392 ",126.58143855,34.52008142
"2012","2012090805","30","야간","토",1,1,0,0,0,"경남","창녕군","차량단독","도로이탈","도로이탈 추락","운전자법규위반","안전운전 의무 불이행","단일로","기타단일로","승용차","경형","00","00","1088623 ","1727029 ",128.47758662,35.53526528
"2012","2012090814","20","주간","토",1,2,0,1,0,"충북","청원군","차대차","기타","기타","운전자법규위반","안전운전 의무 불이행","단일로","기타단일로","원동기장치자전거","원동기장치자전거","화물차","소형","1007185 ","1859988 ",127.58047669,36.73792338
"2012","2012091317","40","주간","목",1,3,1,1,0,"충남","예산군","차대차","정면충돌","정면충돌","운전자법규위반","중앙선 침범","단일로","기타단일로","승용차","중형","승용차","소형","945772  ","1852002 ",126.89319236,36.66441191
"2012","2012091118","50","야간","화",1,1,0,0,0,"광주","북구","차대차","측면직각충돌","측면직각충돌","운전자법규위반","신호위반","교차로","교차로내","승용차","중형","자전거","자전거","942198  ","1689682 ",126.86674966,35.19941138
"2012","2012091207","58","주간","수",1,1,0,0,0,"강원","삼척시","차대차","측면직각충돌","측면직각충돌","운전자법규위반","안전운전 의무 불이행","교차로","교차로부근","원동기장치자전거","원동기장치자전거","승용차","중형","1148552 ","1938105 ",129.1791247,37.43050742
"2012","2012091714","00","주간","월",1,5,1,3,0,"경기","평택시","차대차","기타","기타","운전자법규위반","중앙선 침범","단일로","기타단일로","승용차","중형","승합차","소형","961419  ","1897324 ",127.06597076,37.07372455
"2012","2012091621","40","야간","일",1,1,0,0,0,"경기","남양주시","차대차","측면직각충돌","측면직각충돌","운전자법규위반","부당한 회전","교차로","교차로내","승용차","소형","이륜차","소형","968670  ","1961464 ",127.14482718,37.65213394
"2012","2012092019","10","야간","목",1,2,0,1,0,"대구","북구","차대차","정면충돌","정면충돌","운전자법규위반","중앙선 침범","단일로","기타단일로","승용차","소형","화물차","중형","1099939 ","1771588 ",128.60794295,35.93587321
"2012","2012092021","35","야간","목",1,1,0,0,0,"대구","달서구","차대차","정면충돌","정면충돌","운전자법규위반","안전운전 의무 불이행","교차로","교차로내","승용차","중형","이륜차","중형","1092994 ","1758755 ",128.52946287,35.8208739
"2012","2012092300","50","야간","일",1,1,0,0,0,"대구","달성군","차량단독","기타","기타","운전자법규위반","안전운전 의무 불이행","단일로","기타단일로","승용차","소형","00","00","1083748 ","1743168 ",128.42549196,35.68118798
"2012","2012091907","03","주간","수",1,1,0,0,0,"대구","북구","차대차","측면직각충돌","측면직각충돌","운전자법규위반","신호위반","교차로","교차로내","이륜차","소형","화물차","소형","1098849 ","1765123 ",128.59505767,35.87770582
"2012","2012092502","14","야간","화",1,1,0,0,0,"경기","안양시","차대사람","차도통행중","차도통행중","운전자법규위반","안전운전 의무 불이행","교차로","교차로부근","승용차","중형","보행자","보행자","949456  ","1933699 ",126.9289265,37.40102623
"2012","2012080718","00","야간","화",1,1,0,0,0,"경남","김해시","차대차","측면직각충돌","측면직각충돌","운전자법규위반","직진 및 우회전차의 통행방해","교차로","교차로내","이륜차","중형","이륜차","소형","1125732 ","1693862 ",128.88173086,35.23227809
"2012","2012080406","35","주간","토",1,1,0,0,0,"경기","수원시","차대차","기타","기타","운전자법규위반","안전운전 의무 불이행","단일로","기타단일로","자전거","자전거","승용차","소형","954835  ","1920934 ",126.99047702,37.2862462
"2012","2012081219","50","야간","일",1,1,0,0,0,"경남","거창군","차대사람","횡단중","횡단중","운전자법규위반","안전운전 의무 불이행","단일로","기타단일로","화물차","소형","보행자","보행자","1034522 ","1755151 ",127.8820339,35.79218118
"2012","2012081205","45","야간","일",1,1,0,0,0,"제주","제주시","차대차","측면직각충돌","측면직각충돌","운전자법규위반","안전운전 의무 불이행","단일로","기타단일로","승용차","중형","자전거","자전거","910940  ","1502832 ",126.54105061,33.51367625
"2012","2012111020","06","야간","토",1,1,0,0,0,"전북","고창군","차대사람","횡단중","횡단중","운전자법규위반","안전운전 의무 불이행","단일로","교량위","승용차","중형","보행자","보행자","925326  ","1712853 ",126.67756967,35.40860631
"2012","2012111506","20","주간","목",1,1,0,0,0,"강원","강릉시","차대사람","횡단중","횡단중","운전자법규위반","안전운전 의무 불이행","단일로","기타단일로","화물차","소형","보행자","보행자","1123176 ","1973124 ",128.89818002,37.74947021
"2012","2012111509","15","주간","목",1,1,0,0,0,"전북","무주군","차대차","기타","기타","운전자법규위반","안전운전 의무 불이행","단일로","기타단일로","화물차","소형","농기계","농기계","1013215 ","1777313 ",127.64661151,35.99251343
"2012","2012111521","30","야간","목",1,2,1,0,0,"경북","칠곡군","차대차","기타","기타","운전자법규위반","안전운전 의무 불이행","단일로","기타단일로","승용차","소형","건설기계","건설기계","1090194 ","1766943 ",128.4993967,35.89494841
"2012","2012111910","00","주간","월",1,1,0,0,0,"전남","무안군","차대차","기타","기타","운전자법규위반","안전거리 미확보","단일로","기타단일로","이륜차","소형","화물차","소형","901733  ","1652992 ",126.42505531,34.86695549
"2012","2012111820","30","야간","일",1,1,0,0,0,"충북","괴산군","차대사람","횡단중","횡단중","운전자법규위반","안전운전 의무 불이행","단일로","기타단일로","승용차","소형","보행자","보행자","1026074 ","1867509 ",127.79230148,36.80539152
"2012","2012112010","10","주간","화",1,1,0,0,0,"인천","부평구","차대차","측면직각충돌","측면직각충돌","운전자법규위반","안전운전 의무 불이행","교차로","교차로부근","화물차","대형","자전거","자전거","933830  ","1942696 ",126.75158039,37.48113161
"2012","2012111704","37","야간","토",1,1,0,0,0,"경북","포항시","차대사람","기타","기타","운전자법규위반","신호위반","단일로","횡단보도상","승용차","중형","보행자","보행자","1169129 ","1786218 ",129.37782625,36.05817854
"2012","2012112019","00","야간","화",1,1,0,0,0,"강원","강릉시","차량단독","공작물충돌","공작물충돌","운전자법규위반","안전운전 의무 불이행","단일로","기타단일로","승용차","소형","00","00","1129385 ","1964399 ",128.96708713,37.66999759
"2013","2013011114","05","주간","금",1,1,0,0,0,"전북","익산시","차대사람","기타","기타","운전자법규위반","안전운전 의무 불이행","단일로","기타단일로","특수차","대형","보행자","보행자","962240  ","1771135 ",127.08137679,35.93617226
"2013","2013061200","24","야간","수",1,1,0,0,0,"전북","장수군","차대사람","기타","기타","운전자법규위반","안전운전 의무 불이행","단일로","기타단일로","승용차","중형","보행자","보행자","1012267 ","1756116 ",127.63576739,35.8014121
"2012","2012110921","22","야간","금",2,3,0,1,0,"경남","진주시","차대차","정면충돌","정면충돌","운전자법규위반","중앙선 침범","단일로","기타단일로","승용차","중형","승용차","중형","1051460 ","1684411 ",128.0654402,35.15365196
"2012","2012092514","35","주간","화",1,1,0,0,0,"전북","순창군","차대차","추돌","주정차중 추돌","운전자법규위반","안전운전 의무 불이행","단일로","기타단일로","승용차","중형","자전거","자전거","967485  ","1709050 ",127.14203069,35.37658504
"2012","2012092515","00","주간","화",1,1,0,0,0,"전남","해남군","차대차","추돌","주정차중 추돌","운전자법규위반","안전운전 의무 불이행","교차로","교차로내","원동기장치자전거","원동기장치자전거","화물차","소형","916278  ","1618844 ",126.58738443,34.56027285
"2012","2012092519","42","야간","화",1,1,0,0,0,"세종","세종","차대차","추돌","진행중 추돌","운전자법규위반","안전운전 의무 불이행","단일로","기타단일로","승용차","대형","농기계","농기계","980772  ","1828134 ",127.28543098,36.45059247
"2012","2012092501","03","야간","화",1,2,1,0,0,"충남","아산시","차대차","정면충돌","정면충돌","운전자법규위반","중앙선 침범","단일로","기타단일로","승용차","중형","승용차","중형","958437  ","1878092 ",127.03348462,36.90023693
"2012","2012102909","08","주간","일",1,1,0,0,0,"전남","강진군","차대사람","횡단중","횡단중","운전자법규위반","과속","단일로","기타단일로","화물차","소형","보행자","보행자","928508  ","1614669 ",126.72103712,34.52354943
"2012","2012102306","10","주간","화",1,1,0,0,0,"부산","강서구","차대사람","횡단중","횡단중","운전자법규위반","신호위반","단일로","횡단보도상","승용차","중형","보행자","보행자","1127235 ","1681846 ",128.89686816,35.12415255
"2012","2012102701","33","야간","토",1,1,0,0,0,"경기","남양주시","차대차","기타","기타","운전자법규위반","안전운전 의무 불이행","단일로","기타단일로","승용차","중형","화물차","대형","973336  ","1959247 ",127.19780355,37.6322988
"2012","2012102718","40","야간","토",1,1,0,0,0,"경북","김천시","차대사람","기타","기타","운전자법규위반","신호위반","단일로","기타단일로","승용차","대형","보행자","보행자","1047710 ","1792841 ",128.03023934,36.13142752
"2012","2012102711","30","주간","토",1,1,0,0,0,"경기","여주시","차량단독","전도전복","전도전복","운전자법규위반","안전운전 의무 불이행","단일로","기타단일로","승용차","중형","00","00","1009560 ","1914020 ",127.60776292,37.22497075
"2012","2012101219","00","야간","금",1,1,0,0,0,"울산","중구","차대사람","횡단중","횡단중","운전자법규위반","안전운전 의무 불이행","단일로","횡단보도부근","화물차","중형","보행자","보행자","1166577 ","1731096 ",129.33801886,35.56188442
"2012","2012101020","13","야간","수",1,1,0,0,0,"부산","수영구","차대사람","횡단중","횡단중","운전자법규위반","보행자 보호의무 위반","교차로","교차로부근","화물차","소형","보행자","보행자","1146976 ","1687003 ",129.11389134,35.16756446
"2012","2012101117","33","주간","목",1,1,0,0,0,"전북","김제시","차량단독","도로이탈","도로이탈 기타","운전자법규위반","안전운전 의무 불이행","단일로","기타단일로","원동기장치자전거","원동기장치자전거","00","00","941512  ","1756536 ",126.85265978,35.80353279
"2012","2012101215","38","주간","금",1,1,0,0,0,"강원","춘천시","차량단독","도로이탈","도로이탈 추락","운전자법규위반","안전운전 의무 불이행","단일로","기타단일로","승용차","경형","00","00","1019230 ","1990348 ",127.71868886,37.91288479
"2012","2012101223","55","야간","금",1,1,0,0,0,"경기","수원시","차대사람","횡단중","횡단중","운전자법규위반","안전운전 의무 불이행","교차로","교차로부근","승용차","소형","보행자","보행자","954116  ","1917056 ",126.98325844,37.2513761
"2012","2012101704","35","야간","수",1,1,0,0,0,"서울","광진구","차대사람","기타","기타","운전자법규위반","안전운전 의무 불이행","단일로","기타단일로","승용차","중형","보행자","보행자","962215  ","1950913 ",127.07219669,37.55679207
"2012","2012101720","10","야간","수",1,1,0,0,0,"전남","해남군","차대사람","기타","기타","운전자법규위반","안전운전 의무 불이행","단일로","기타단일로","화물차","소형","보행자","보행자","918721  ","1600946 ",126.61571619,34.39908034
"2012","2012102110","57","주간","일",1,1,0,0,0,"경북","고령군","차대차","추돌","진행중 추돌","운전자법규위반","안전운전 의무 불이행","단일로","기타단일로","자전거","자전거","자전거","자전거","1069860 ","1747677 ",128.2724226,35.72292112
"2012","2012101418","35","야간","일",1,2,1,0,0,"충북","옥천군","차대차","추돌","진행중 추돌","운전자법규위반","안전운전 의무 불이행","단일로","기타단일로","승용차","중형","농기계","농기계","1014487 ","1804993 ",127.66123282,36.24205081
"2012","2012101811","05","주간","목",1,1,0,0,0,"인천","중구","차대사람","기타","기타","운전자법규위반","안전운전 의무 불이행","단일로","기타단일로","건설기계","건설기계","보행자","보행자","923087  ","1941071 ",126.63025273,37.46565391
"2012","2012101407","20","주간","일",1,1,0,0,0,"경남","진주시","차량단독","도로이탈","도로이탈 기타","운전자법규위반","안전운전 의무 불이행","단일로","기타단일로","농기계","농기계","00","00","1039550 ","1692912 ",127.93506827,35.23086236
"2012","2012092720","05","야간","목",1,1,0,0,0,"경북","청도군","차대사람","횡단중","횡단중","운전자법규위반","안전운전 의무 불이행","단일로","기타단일로","승용차","중형","보행자","보행자","1114355 ","1736273 ",128.76210174,35.61748957
"2012","2012092808","00","주간","금",1,3,0,2,0,"경북","성주군","차대차","추돌","진행중 추돌","운전자법규위반","안전운전 의무 불이행","단일로","기타단일로","승용차","대형","승용차","중형","1075626 ","1768345 ",128.33654514,35.90920303
"2012","2012092823","06","야간","금",1,2,1,0,0,"서울","금천구","차대차","기타","기타","운전자법규위반","안전거리 미확보","교차로","교차로부근","승용차","소형","승용차","대형","947078  ","1939296 ",126.90165853,37.45134078
"2012","2012100310","53","주간","수",1,1,0,0,0,"부산","금정구","차량단독","공작물충돌","공작물충돌","운전자법규위반","안전운전 의무 불이행","단일로","기타단일로","승용차","소형","00","00","1148059 ","1694498 ",129.1271263,35.23496163
"2012","2012092706","00","주간","목",1,1,0,0,0,"제주","제주시","차대사람","기타","기타","운전자법규위반","안전운전 의무 불이행","단일로","기타단일로","승용차","경형","보행자","보행자","906478  ","1503530 ",126.49293961,33.51958977
"2012","2012092904","55","야간","토",2,2,0,0,0,"경남","양산시","차량단독","공작물충돌","공작물충돌","운전자법규위반","안전운전 의무 불이행","교차로","교차로내","승용차","중형","00","00","1141329 ","1714084 ",129.05638844,35.39896189
"2012","2012100501","01","야간","금",1,1,0,0,0,"부산","진구","차대사람","기타","기타","운전자법규위반","과속","고가도로위","고가도로위","화물차","대형","보행자","보행자","1140446 ","1686291 ",129.04209019,35.16208052
"2012","2012112607","01","주간","월",1,1,0,0,0,"전남","여수시","차대차","추돌","주정차중 추돌","운전자법규위반","안전운전 의무 불이행","단일로","기타단일로","화물차","중형","승합차","대형","1018916 ","1640980 ",127.70670083,34.76312973
"2012","2012112516","30","주간","일",1,1,0,0,0,"경남","창원시(통합)","차대차","추돌","진행중 추돌","운전자법규위반","안전거리 미확보","단일로","기타단일로","원동기장치자전거","원동기장치자전거","화물차","소형","1091709 ","1683385 ",128.50673058,35.14151058