"발생년","발생년월일시","발생분","주야","요일","사망자수","사상자수","중상자수","경상자수","부상신고자수","발생지시도","발생지시군구","사고유형_대분류","사고유형_중분류","사고유형","법규위반_대분류","법규위반","도로형태_대분류","도로형태","당사자종별_1당_대분류","당사자종별_1당","당사자종별_2당_대분류","당사자종별_2당","발생위치X_UTMK","발생위치Y_UTMK","경도","위도"
"2012","2012112912","45","주간","목",1,2,0,0,1,"경기","화성시","차량단독","기타","기타","운전자법규위반","안전운전 의무 불이행","교차로","교차로내","이륜차","소형","00","00","941400  ","1910464 ",126.84576982,37.19001444
"2012","2012113010","25","주간","금",1,1,0,0,0,"경기","안산시","차대사람","횡단중","횡단중","운전자법규위반","안전운전 의무 불이행","단일로","기타단일로","승용차","소형","보행자","보행자","937893  ","1925622 ",126.80382186,37.3249562
"2012","2012112618","47","야간","월",1,1,0,0,0,"강원","원주시","차대사람","길가장자리구역통행중","길가장자리구역통행중","운전자법규위반","안전운전 의무 불이행","단일로","기타단일로","화물차","소형","보행자","보행자","1039498 ","1926138 ",127.94587027,37.33341134
"2012","2012112306","10","주간","금",1,1,0,0,0,"부산","북구","차대사람","기타","기타","운전자법규위반","안전운전 의무 불이행","기타/불명","기타/불명","승용차","중형","보행자","보행자","1136199 ","1691081 ",128.99626405,35.20584253
"2012","2012112318","40","야간","금",1,2,1,0,0,"경북","영천시","차대차","기타","기타","운전자법규위반","중앙선 침범","단일로","기타단일로","이륜차","사발이","화물차","소형","1127405 ","1774484 ",128.91282684,35.95877964
"2012","2012110614","30","주간","화",1,1,0,0,0,"경기","성남시","차대사람","차도통행중","차도통행중","운전자법규위반","안전운전 의무 불이행","교차로","교차로내","건설기계","건설기계","보행자","보행자","967008  ","1938370 ",127.12702487,37.44392022
"2012","2012110616","05","주간","화",1,1,0,0,0,"경북","경주시","차대사람","기타","기타","운전자법규위반","안전운전 의무 불이행","단일로","횡단보도부근","화물차","중형","보행자","보행자","1156146 ","1784317 ",129.23336307,36.04321839
"2012","2012111015","46","주간","토",1,1,0,0,0,"전남","광양시","차량단독","전도전복","전도전복","운전자법규위반","안전운전 의무 불이행","단일로","기타단일로","농기계","농기계","00","00","1010192 ","1668332 ",127.61170456,35.00990345
"2012","2012081523","38","야간","수",1,1,0,0,0,"전남","여수시","차대사람","횡단중","횡단중","운전자법규위반","안전운전 의무 불이행","단일로","횡단보도상","승용차","중형","보행자","보행자","1022044 ","1638745 ",127.74082266,34.74291228
"2012","2012082014","10","주간","월",1,1,0,0,0,"경북","영덕군","차대차","측면직각충돌","측면직각충돌","운전자법규위반","안전운전 의무 불이행","교차로","교차로내","승용차","소형","이륜차","중형","1170455 ","1837685 ",129.40377796,36.52169281
"2012","2012082104","00","야간","화",2,3,1,0,0,"경기","양평군","차량단독","공작물충돌","공작물충돌","운전자법규위반","중앙선 침범","단일로","기타단일로","승용차","소형","00","00","998626  ","1943942 ",127.48445636,37.49473209
"2012","2012082005","50","야간","월",1,1,0,0,0,"부산","남구","차대사람","기타","기타","운전자법규위반","안전운전 의무 불이행","단일로","기타단일로","승용차","대형","보행자","보행자","1146360 ","1683668 ",129.10653849,35.13759383
"2012","2012082020","10","야간","월",1,1,0,0,0,"부산","기장군","차대사람","차도통행중","차도통행중","운전자법규위반","안전운전 의무 불이행","단일로","기타단일로","승용차","소형","보행자","보행자","1157718 ","1704524 ",129.23516098,35.32385152
"2012","2012112306","15","주간","금",1,2,1,0,0,"경기","포천시","차대사람","횡단중","횡단중","운전자법규위반","안전운전 의무 불이행","교차로","교차로부근","화물차","중형","보행자","보행자","977818  ","2001653 ",127.24729994,38.01462678
"2012","2012112901","13","야간","목",1,1,0,0,0,"충남","홍성군","차량단독","전도전복","전도전복","운전자법규위반","안전운전 의무 불이행","단일로","기타단일로","승용차","대형","00","00","928245  ","1850918 ",126.69718321,36.65348001
"2012","2012112609","05","주간","월",1,1,0,0,0,"경기","수원시","차대사람","횡단중","횡단중","운전자법규위반","안전운전 의무 불이행","교차로","교차로내","승합차","중형","보행자","보행자","953142  ","1922267 ",126.97129432,37.29817757
"2012","2012112904","50","야간","목",1,1,0,0,0,"충남","서산시","차대사람","횡단중","횡단중","운전자법규위반","안전운전 의무 불이행","단일로","기타단일로","승용차","대형","보행자","보행자","907485  ","1864541 ",126.46329595,36.77447763
"2012","2012112906","45","주간","목",1,20,16,3,0,"충남","천안시","차대차","추돌","주정차중 추돌","운전자법규위반","안전운전 의무 불이행","단일로","기타단일로","승합차","대형","화물차","대형","967276  ","1883355 ",127.13246641,36.94802762
"2012","2012112116","20","주간","수",1,1,0,0,0,"경북","예천군","차대사람","횡단중","횡단중","운전자법규위반","안전운전 의무 불이행","단일로","기타단일로","화물차","중형","보행자","보행자","1084476 ","1850581 ",128.44508986,36.64939816
"2012","2012112600","16","야간","월",1,1,0,0,0,"서울","강남구","차량단독","기타","기타","운전자법규위반","안전운전 의무 불이행","교차로","교차로내","화물차","소형","00","00","963480  ","1943882 ",127.08686835,37.49346993
"2012","2012112608","50","주간","월",1,1,0,0,0,"서울","성북구","차대사람","횡단중","횡단중","운전자법규위반","안전운전 의무 불이행","단일로","횡단보도부근","승합차","대형","보행자","보행자","957988  ","1956110 ",127.02404176,37.60345074
"2012","2012112600","27","야간","월",1,1,0,0,0,"경북","포항시","차대사람","횡단중","횡단중","운전자법규위반","안전운전 의무 불이행","교차로","교차로부근","승용차","소형","보행자","보행자","1166884 ","1782419 ",129.35210985,36.02433296
"2012","2012112606","35","주간","월",1,1,0,0,0,"울산","중구","차대차","기타","기타","운전자법규위반","안전운전 의무 불이행","교차로","교차로부근","화물차","소형","승합차","대형","1167059 ","1733166 ",129.34376232,35.58045788
"2012","2012112704","30","야간","화",1,1,0,0,0,"강원","태백시","차대사람","보도통행중","보도통행중","운전자법규위반","보행자 보호의무 위반","단일로","기타단일로","승용차","소형","보행자","보행자","1133654 ","1902500 ",129.00428889,37.11163256
"2012","2012112218","00","야간","목",1,1,0,0,0,"울산","울주군","차대사람","기타","기타","운전자법규위반","안전운전 의무 불이행","교차로","교차로부근","이륜차","중형","보행자","보행자","1164104 ","1717057 ",129.31416687,35.43497804
"2012","2012111300","25","야간","화",1,1,0,0,0,"인천","부평구","차대사람","기타","기타","운전자법규위반","안전운전 의무 불이행","교차로","교차로부근","화물차","소형","보행자","보행자","929269  ","1941306 ",126.70013092,37.46826576
"2012","2012111003","10","야간","토",1,1,0,0,0,"부산","진구","차대사람","횡단중","횡단중","운전자법규위반","안전운전 의무 불이행","단일로","횡단보도부근","승용차","중형","보행자","보행자","1142048 ","1684415 ",129.05922144,35.14215205
"2012","2012111018","04","야간","토",1,1,0,0,0,"전남","나주시","차대사람","기타","기타","운전자법규위반","안전운전 의무 불이행","단일로","기타단일로","승합차","소형","보행자","보행자","940373  ","1672972 ",126.8461719,35.05003368
"2012","2012111315","40","주간","화",1,2,1,0,0,"경기","안성시","차대차","정면충돌","정면충돌","운전자법규위반","중앙선 침범","단일로","기타단일로","화물차","대형","화물차","대형","992038  ","1895685 ",127.41715535,37.04339928
"2012","2012110920","45","야간","금",1,1,0,0,0,"경기","용인시","차대사람","횡단중","횡단중","운전자법규위반","안전운전 의무 불이행","단일로","기타단일로","승용차","중형","보행자","보행자","972371  ","1915989 ",127.18848722,37.24235875
"2012","2012110918","35","야간","금",1,1,0,0,0,"강원","태백시","차대사람","횡단중","횡단중","운전자법규위반","중앙선 침범","교차로","교차로내","승용차","중형","보행자","보행자","1128751 ","1912802 ",128.95089495,37.20515414
"2012","2012092411","00","주간","월",1,2,1,0,0,"전남","해남군","차대차","측면직각충돌","측면직각충돌","운전자법규위반","신호위반","교차로","교차로내","이륜차","사발이","화물차","소형","890965  ","1621217 ",126.31120075,34.57929398
"2012","2012092511","20","주간","화",1,2,1,0,0,"경기","안성시","차량단독","공작물충돌","공작물충돌","운전자법규위반","안전운전 의무 불이행","단일로","기타단일로","승용차","소형","00","00","978008  ","1891707 ",127.2527561,37.02362747
"2012","2012092505","30","야간","화",1,1,0,0,0,"울산","울주군","차대차","추돌","주정차중 추돌","운전자법규위반","안전거리 미확보","교차로","교차로부근","화물차","소형","화물차","대형","1156000 ","1721212 ",129.21945905,35.47452655
"2012","2012092421","16","야간","월",1,1,0,0,0,"인천","서구","차대차","기타","기타","운전자법규위반","안전운전 의무 불이행","단일로","기타단일로","승용차","중형","자전거","자전거","924064  ","1951017 ",126.64006781,37.55541795
"2012","2012102819","45","야간","일",1,1,0,0,0,"경기","화성시","차량단독","기타","기타","운전자법규위반","안전운전 의무 불이행","단일로","기타단일로","원동기장치자전거","원동기장치자전거","00","00","961786  ","1910859 ",127.07404012,37.19565224
"2012","2012102123","00","야간","일",1,2,0,1,0,"대구","달성군","차대차","측면직각충돌","측면직각충돌","운전자법규위반","중앙선 침범","단일로","기타단일로","승용차","중형","승합차","대형","1085882 ","1765780 ",128.4514981,35.88485219
"2012","2012102607","40","주간","금",1,1,0,0,0,"충남","논산시","차량단독","공작물충돌","공작물충돌","운전자법규위반","안전운전 의무 불이행","단일로","기타단일로","이륜차","중형","00","00","967220  ","1812354 ",127.13486935,36.30796517
"2012","2012102607","22","주간","금",1,1,0,0,0,"서울","은평구","차량단독","공작물충돌","공작물충돌","운전자법규위반","안전운전 의무 불이행","단일로","기타단일로","이륜차","소형","00","00","949680  ","1961303 ",126.92956591,37.64983828
"2012","2012102521","07","야간","목",1,2,0,1,0,"광주","광산구","차대차","측면직각충돌","측면직각충돌","운전자법규위반","안전운전 의무 불이행","교차로","교차로부근","승용차","중형","원동기장치자전거","원동기장치자전거","940174  ","1690142 ",126.84274725,35.20483791
"2012","2012102614","10","주간","금",1,1,0,0,0,"전남","나주시","차대차","추돌","진행중 추돌","운전자법규위반","안전운전 의무 불이행","기타/불명","기타/불명","화물차","대형","농기계","농기계","920214  ","1670334 ",126.61141877,35.02394291
"2012","2012102701","40","야간","토",1,1,0,0,0,"광주","남구","차대사람","횡단중","횡단중","운전자법규위반","안전운전 의무 불이행","단일로","기타단일로","승용차","중형","보행자","보행자","944942  ","1682805 ",126.8956159,35.13895551
"2012","2012101215","45","주간","금",1,2,0,0,1,"경북","칠곡군","차대차","측면직각충돌","측면직각충돌","운전자법규위반","신호위반","교차로","교차로내","승용차","중형","화물차","경형","1081062 ","1779616 ",128.39951549,36.00999364
"2012","2012101319","45","야간","토",1,1,0,0,0,"경북","구미시","차량단독","전도전복","전도전복","운전자법규위반","안전운전 의무 불이행","단일로","기타단일로","이륜차","소형","00","00","1080102 ","1790818 ",128.39000044,36.11105643
"2012","2012100512","00","주간","금",1,1,0,0,0,"경북","구미시","차량단독","공작물충돌","공작물충돌","운전자법규위반","안전운전 의무 불이행","단일로","기타단일로","농기계","농기계","00","00","1084315 ","1797322 ",128.43750224,36.16933004
"2012","2012100917","20","주간","화",1,1,0,0,0,"광주","남구","차대사람","횡단중","횡단중","운전자법규위반","보행자 보호의무 위반","단일로","기타단일로","건설기계","건설기계","보행자","보행자","946462  ","1682256 ",126.91233607,35.13408737
"2012","2012090422","36","야간","화",1,1,0,0,0,"전남","고흥군","차량단독","기타","기타","운전자법규위반","안전운전 의무 불이행","단일로","기타단일로","이륜차","소형","00","00","986622  ","1629842 ",127.35399098,34.66277673
"2012","2012090907","30","주간","일",1,6,0,5,0,"충남","논산시","차대차","기타","기타","운전자법규위반","신호위반","교차로","교차로내","화물차","소형","승용차","소형","962192  ","1801644 ",127.07938258,36.21122705
"2012","2012090920","46","야간","일",1,3,1,1,0,"광주","북구","차대차","정면충돌","정면충돌","운전자법규위반","중앙선 침범","단일로","기타단일로","화물차","소형","승용차","중형","945277  ","1688844 ",126.89847747,35.19310797
"2012","2012091419","14","야간","금",1,1,0,0,0,"충남","논산시","차대사람","횡단중","횡단중","운전자법규위반","안전운전 의무 불이행","단일로","기타단일로","화물차","소형","보행자","보행자","962563  ","1801078 ",127.08353693,36.20613877
"2012","2012091320","45","야간","목",1,1,0,0,0,"경기","화성시","차대차","기타","기타","운전자법규위반","안전운전 의무 불이행","단일로","기타단일로","승용차","중형","승용차","소형","945492  ","1901975 ",126.83390759,37.24749328
"2012","2012091509","15","주간","토",1,3,0,2,0,"경북","경산시","차대차","측면직각충돌","측면직각충돌","운전자법규위반","보행자 보호의무 위반","교차로","교차로부근","화물차","소형","승용차","중형","1115399 ","1766516 ",128.77856378,35.88845105
"2012","2012091515","26","주간","토",1,2,0,1,0,"부산","금정구","차대차","추돌","진행중 추돌","운전자법규위반","안전운전 의무 불이행","단일로","기타단일로","불명","불명","원동기장치자전거","원동기장치자전거","1144745 ","1693765 ",129.09059002,35.22883872
"2012","2012092119","10","야간","금",1,1,0,0,0,"충남","서산시","차대사람","횡단중","횡단중","운전자법규위반","신호위반","교차로","교차로내","화물차","중형","보행자","보행자","908649  ","1872273 ",126.49946296,36.8316678
"2012","2012061822","20","야간","월",1,1,0,0,0,"경기","연천군","차대차","측면직각충돌","측면직각충돌","운전자법규위반","중앙선 침범","단일로","기타단일로","승용차","중형","화물차","대형","962913  ","2008578 ",127.07377156,38.10574943
"2012","2012061906","00","주간","화",1,1,0,0,0,"충북","음성군","차대차","추돌","진행중 추돌","운전자법규위반","안전운전 의무 불이행","단일로","기타단일로","화물차","중형","원동기장치자전거","원동기장치자전거","1005866 ","1887092 ",127.56648571,36.98240907
"2012","2012061614","47","주간","토",1,3,1,1,0,"강원","삼척시","차대사람","기타","기타","운전자법규위반","안전운전 의무 불이행","기타/불명","기타/불명","승용차","중형","보행자","보행자","1146367 ","1938990 ",129.15450495,37.43851553
"2012","2012061510","15","주간","금",1,1,0,0,0,"충남","당진시","차대차","기타","기타","운전자법규위반","신호위반","교차로","교차로내","자전거","자전거","승용차","소형","920447  ","1872441 ",126.60758779,36.84705073
"2012","2012062006","10","주간","수",1,1,0,0,0,"전남","나주시","차대사람","횡단중","횡단중","운전자법규위반","신호위반","단일로","횡단보도상","특수차","대형","보행자","보행자","931126  ","1671417 ",126.74491207,35.03542407
"2012","2012062109","05","주간","목",1,1,0,0,0,"인천","동구","차대차","추돌","진행중 추돌","운전자법규위반","안전거리 미확보","교차로","교차로내","화물차","소형","특수차","대형","924576  ","1943560 ",126.64683391,37.48820925
"2012","2012062714","02","주간","수",1,4,0,3,0,"경북","경주시","차대차","측면직각충돌","측면직각충돌","운전자법규위반","안전운전 의무 불이행","단일로","기타단일로","승용차","대형","화물차","소형","1164625 ","1747800 ",129.31990084,35.71274619
"2012","2012062809","26","주간","목",1,4,0,3,0,"전남","신안군","차대차","측면직각충돌","측면직각충돌","운전자법규위반","중앙선 침범","단일로","기타단일로","승용차","중형","농기계","농기계","876370  ","1627485 ",126.15119572,34.63414982
"2012","2012062416","20","주간","일",1,1,0,0,0,"강원","원주시","차량단독","공작물충돌","공작물충돌","운전자법규위반","안전운전 의무 불이행","단일로","기타단일로","승용차","중형","00","00","1049366 ","1937542 ",128.05802136,37.43572811
"2012","2012062315","48","주간","토",1,2,1,0,0,"경기","안성시","차량단독","공작물충돌","공작물충돌","운전자법규위반","안전운전 의무 불이행","단일로","기타단일로","승합차","소형","00","00","969407  ","1888859 ",127.15617683,36.99771403
"2012","2012063001","10","야간","토",1,1,0,0,0,"경기","가평군","차대사람","차도통행중","차도통행중","운전자법규위반","안전운전 의무 불이행","단일로","기타단일로","승용차","대형","보행자","보행자","1004097 ","1986757 ",127.54658887,37.88063173
"2012","2012063008","00","주간","토",1,4,3,0,0,"충북","충주시","차대차","측면직각충돌","측면직각충돌","운전자법규위반","신호위반","교차로","교차로내","화물차","중형","승용차","중형","1037871 ","1892851 ",127.92581673,37.03343345
"2012","2012062723","49","야간","수",2,7,3,1,1,"경기","수원시","차량단독","전도전복","전도전복","운전자법규위반","과속","단일로","기타단일로","승용차","중형","00","00","958205  ","1915479 ",127.02430154,37.2427054
"2012","2012070423","09","야간","수",1,1,0,0,0,"전남","담양군","차대차","기타","기타","운전자법규위반","안전운전 의무 불이행","단일로","기타단일로","승용차","소형","승용차","소형","944468  ","1696876 ",126.88946416,35.26580242
"2012","2012070407","18","주간","수",1,1,0,0,0,"경기","김포시","차대사람","횡단중","횡단중","운전자법규위반","안전운전 의무 불이행","단일로","기타단일로","승합차","대형","보행자","보행자","929139  ","1958858 ",126.69696562,37.62644686
"2012","2012070311","40","주간","화",1,2,1,0,0,"충북","옥천군","차대차","측면직각충돌","측면직각충돌","운전자법규위반","교차로 통행방법 위반","교차로","교차로내","승용차","경형","화물차","중형","1026276 ","1816309 ",127.79281807,36.34382013
"2012","2012070809","38","주간","일",1,1,0,0,0,"서울","강동구","차대사람","횡단중","횡단중","운전자법규위반","안전운전 의무 불이행","단일로","기타단일로","승합차","대형","보행자","보행자","968454  ","1948389 ",127.14294204,37.53427701
"2012","2012071204","15","야간","목",1,1,0,0,0,"충남","서산시","차대차","추돌","주정차중 추돌","운전자법규위반","안전운전 의무 불이행","단일로","기타단일로","승용차","중형","화물차","중형","905759  ","1870345 ",126.44323916,36.82662012
"2012","2012071112","40","주간","수",1,1,0,0,0,"경남","진주시","차대사람","횡단중","횡단중","운전자법규위반","안전운전 의무 불이행","교차로","교차로내","승용차","중형","보행자","보행자","1056628 ","1688833 ",128.09983699,35.22231326
"2012","2012071021","50","야간","화",1,1,0,0,0,"경기","고양시","차대사람","기타","기타","운전자법규위반","안전운전 의무 불이행","단일로","횡단보도부근","승용차","중형","보행자","보행자","935527  ","1965277 ",126.77024259,37.68648232
"2012","2012071608","30","주간","월",1,1,0,0,0,"경기","오산시","차대사람","기타","기타","운전자법규위반","보행자 보호의무 위반","교차로","교차로내","승용차","경형","보행자","보행자","959029  ","1907209 ",127.03854398,37.16272608
"2012","2012071506","25","주간","일",1,2,1,0,0,"강원","원주시","차대차","측면직각충돌","측면직각충돌","운전자법규위반","신호위반","교차로","교차로내","이륜차","중형","승용차","대형","1041754 ","1927121 ",127.97139157,37.342173
"2012","2012081123","32","야간","토",1,1,0,0,0,"경남","김해시","차대사람","횡단중","횡단중","운전자법규위반","안전운전 의무 불이행","단일로","기타단일로","승용차","소형","보행자","보행자","1126945 ","1694175 ",128.89510593,35.23494671
"2012","2012080818","33","야간","수",1,3,2,0,0,"강원","춘천시","차대차","측면직각충돌","측면직각충돌","운전자법규위반","신호위반","교차로","교차로내","승용차","중형","원동기장치자전거","원동기장치자전거","1021209 ","1987835 ",127.74120805,37.89010993
"2012","2012081000","14","야간","금",1,1,0,0,0,"광주","남구","차대차","기타","기타","운전자법규위반","과속","단일로","기타단일로","승용차","중형","승용차","중형","944972  ","1682749 ",126.89594893,35.13845222
"2012","2012081009","50","주간","금",1,1,0,0,0,"서울","동대문구","차대차","측면직각충돌","측면직각충돌","운전자법규위반","안전운전 의무 불이행","단일로","기타단일로","화물차","경형","원동기장치자전거","원동기장치자전거","958656  ","1953294 ",127.03176841,37.57809978
"2012","2012081610","20","주간","목",1,1,0,0,0,"전남","여수시","차대사람","보도통행중","보도통행중","운전자법규위반","신호위반","교차로","교차로내","화물차","대형","보행자","보행자","1022597 ","1639896 ",127.74719049,34.75350444
"2012","2012081405","00","야간","화",1,1,0,0,0,"경기","군포시","차대사람","횡단중","횡단중","운전자법규위반","안전운전 의무 불이행","단일로","횡단보도상","승용차","소형","보행자","보행자","950314  ","1927253 ",126.93905302,37.34297209
"2012","2012081314","15","주간","월",2,4,0,2,0,"세종","세종","차대사람","기타","기타","운전자법규위반","안전운전 의무 불이행","단일로","기타단일로","승용차","대형","보행자","보행자","972129  ","1853532 ",127.18866798,36.67941572
"2012","2012081221","25","야간","일",1,1,0,0,0,"경기","의정부시","차대사람","횡단중","횡단중","운전자법규위반","안전운전 의무 불이행","지하도로내","지하도로내","승용차","경형","보행자","보행자","961029  ","1970972 ",127.05769827,37.73753789
"2012","2012081415","28","주간","화",1,4,2,1,0,"강원","양구군","차량단독","공작물충돌","공작물충돌","운전자법규위반","안전운전 의무 불이행","단일로","기타단일로","승용차","소형","00","00","1038882 ","2023246 ",127.94412121,38.20867007
"2012","2012081923","25","야간","일",1,1,0,0,0,"강원","원주시","차대사람","길가장자리구역통행중","길가장자리구역통행중","운전자법규위반","신호위반","단일로","기타단일로","승합차","대형","보행자","보행자","1040393 ","1934237 ",127.95405712,37.40321005
"2012","2012081714","36","주간","금",1,1,0,0,0,"충남","논산시","차량단독","도로이탈","도로이탈 추락","운전자법규위반","안전운전 의무 불이행","단일로","기타단일로","이륜차","대형","00","00","978731  ","1790929 ",127.26366863,36.11512991
"2012","2012082413","01","주간","금",1,1,0,0,0,"경기","양평군","차대차","정면충돌","정면충돌","운전자법규위반","중앙선 침범","단일로","기타단일로","승용차","소형","승합차","대형","1014950 ","1950874 ",127.6650793,37.57382032
"2012","2012082320","30","야간","목",1,1,0,0,0,"경북","봉화군","차량단독","공작물충돌","공작물충돌","운전자법규위반","안전운전 의무 불이행","단일로","기타단일로","화물차","소형","00","00","1109141 ","1888049 ",128.72635943,36.98457541
"2012","2012083001","04","야간","목",1,3,2,0,0,"대전","유성구","차대차","측면직각충돌","측면직각충돌","운전자법규위반","신호위반","교차로","교차로내","승용차","중형","승용차","소형","984163  ","1818819 ",127.32366199,36.36684871
"2012","2012082715","36","주간","월",1,1,0,0,0,"경남","사천시","차대차","측면직각충돌","측면직각충돌","운전자법규위반","과속","교차로","교차로내","승용차","대형","원동기장치자전거","원동기장치자전거","1052576 ","1660163 ",128.07576825,34.93598176
"2012","2012082621","50","야간","일",1,5,1,3,0,"충북","청주시","차대차","측면직각충돌","측면직각충돌","운전자법규위반","신호위반","교차로","교차로내","승용차","중형","이륜차","중형","999464  ","1852202 ",127.4940019,36.66776057
"2012","2012090101","40","야간","토",1,1,0,0,0,"경기","성남시","차량단독","전도전복","전도전복","운전자법규위반","안전운전 의무 불이행","단일로","기타단일로","이륜차","소형","00","00","966286  ","1937180 ",127.11891721,37.43316804
"2012","2012083123","25","야간","금",1,1,0,0,0,"전남","고흥군","차량단독","공작물충돌","공작물충돌","운전자법규위반","안전운전 의무 불이행","단일로","기타단일로","이륜차","중형","00","00","965952  ","1606948 ",127.11031863,34.4674794
"2012","2012083109","50","주간","금",1,1,0,0,0,"전북","정읍시","차대사람","기타","기타","운전자법규위반","안전운전 의무 불이행","단일로","기타단일로","화물차","소형","보행자","보행자","941643  ","1729723 ",126.85605504,35.56179865
"2012","2012083112","00","주간","금",1,2,1,0,0,"경기","안산시","차대차","기타","기타","운전자법규위반","차로위반(진로변경 위반)","교차로","교차로부근","원동기장치자전거","원동기장치자전거","특수차","중형","938784  ","1925329 ",126.80904786,37.32494177
"2012","2012101409","25","주간","일",1,1,0,0,0,"경북","칠곡군","차대차","정면충돌","정면충돌","운전자법규위반","안전운전 의무 불이행","단일로","기타단일로","화물차","소형","이륜차","소형","1094165 ","1790079 ",128.54614213,36.10313237
"2012","2012101815","50","주간","목",1,1,0,0,0,"경북","포항시","차대차","기타","기타","운전자법규위반","교차로 통행방법 위반","교차로","교차로내","화물차","경형","화물차","경형","1149422 ","1791953 ",129.16019562,36.11309004
"2012","2012101515","32","주간","월",1,1,0,0,0,"서울","동작구","차대사람","횡단중","횡단중","운전자법규위반","보행자 보호의무 위반","교차로","교차로내","화물차","소형","보행자","보행자","951893  ","1946177 ",126.95564527,37.51362427
"2012","2012101919","00","야간","금",1,1,0,0,0,"경북","경산시","차대사람","길가장자리구역통행중","길가장자리구역통행중","운전자법규위반","안전운전 의무 불이행","단일로","기타단일로","승용차","소형","보행자","보행자","1114802 ","1765873 ",128.77220417,35.88219879
"2012","2012101608","55","주간","화",1,1,0,0,0,"서울","서초구","차대사람","기타","기타","운전자법규위반","안전운전 의무 불이행","교차로","교차로부근","건설기계","건설기계","보행자","보행자","955230  ","1943262 ",126.99353708,37.487347
"2012","2012100320","20","야간","수",1,1,0,0,0,"경북","성주군","차대사람","기타","기타","운전자법규위반","안전운전 의무 불이행","단일로","기타단일로","승용차","대형","보행자","보행자","1071501 ","1770063 ",128.29256908,35.92462084
"2012","2012092818","22","야간","금",1,1,0,0,0,"경북","영천시","차량단독","기타","기타","운전자법규위반","안전운전 의무 불이행","교차로","교차로내","원동기장치자전거","원동기장치자전거","00","00","1123082 ","1772761 ",128.86463326,35.94380419
"2012","2012092818","40","야간","금",2,4,2,0,0,"경남","밀양시","차대차","정면충돌","정면충돌","운전자법규위반","중앙선 침범","단일로","교량위","승용차","중형","화물차","소형","1102402 ","1728763 ",128.62977524,35.54956937
"2012","2012100415","45","주간","목",1,1,0,0,0,"부산","해운대구","차대사람","기타","기타","운전자법규위반","안전운전 의무 불이행","교차로","교차로부근","화물차","중형","보행자","보행자","1148071 ","1688291 ",129.12614206,35.17901313
"2012","2012093017","04","주간","일",1,1,0,0,0,"경남","합천군","차대사람","횡단중","횡단중","운전자법규위반","안전운전 의무 불이행","교차로","교차로부근","승용차","경형","보행자","보행자","1058397 ","1742794 ",128.14533245,35.67964366
"2012","2012071008","55","주간","화",1,1,0,0,0,"충남","예산군","차대차","추돌","진행중 추돌","운전자법규위반","안전거리 미확보","단일로","터널안","화물차","소형","농기계","농기계","944025  ","1853212 ",126.87355618,36.67521812
"2012","2012071611","00","주간","월",1,1,0,0,0,"충북","음성군","차대차","측면직각충돌","측면직각충돌","운전자법규위반","교차로 통행방법 위반","교차로","교차로내","화물차","소형","원동기장치자전거","원동기장치자전거","1019741 ","1881046 ",127.72165844,36.92757499
"2012","2012071716","05","주간","화",1,1,0,0,0,"경남","사천시","차대사람","기타","기타","운전자법규위반","안전운전 의무 불이행","단일로","횡단보도부근","승용차","중형","보행자","보행자","1052999 ","1660706 ",128.08037225,34.93980126
"2012","2012071701","40","야간","화",1,1,0,0,0,"인천","서구","차대사람","횡단중","횡단중","운전자법규위반","안전운전 의무 불이행","기타/불명","기타/불명","승용차","소형","보행자","보행자","926498  ","1943174 ",126.66861124,37.48488532
"2012","2012071711","15","주간","화",1,1,0,0,0,"경북","청송군","차대차","측면직각충돌","측면직각충돌","운전자법규위반","중앙선 침범","단일로","기타단일로","승용차","중형","원동기장치자전거","원동기장치자전거","1137911 ","1837233 ",129.04035259,36.52286696
"2012","2012071418","55","야간","토",1,1,0,0,0,"충남","공주시","차량단독","도로이탈","도로이탈 추락","운전자법규위반","안전운전 의무 불이행","교차로","교차로내","이륜차","대형","00","00","966020  ","1827731 ",127.12083075,36.44654998
"2012","2012071409","10","주간","토",1,1,0,0,0,"전남","여수시","차대사람","횡단중","횡단중","운전자법규위반","보행자 보호의무 위반","단일로","횡단보도상","승합차","중형","보행자","보행자","1021487 ","1638431 ",127.73472968,34.74009259
"2012","2012072116","30","주간","토",1,1,0,0,0,"강원","인제군","차량단독","공작물충돌","공작물충돌","운전자법규위반","안전운전 의무 불이행","단일로","기타단일로","이륜차","중형","00","00","1074251 ","2005839 ",128.34627172,38.04957987
"2012","2012073013","50","주간","월",1,1,0,0,0,"충북","괴산군","차대차","정면충돌","정면충돌","운전자법규위반","안전운전 의무 불이행","단일로","기타단일로","승합차","경형","원동기장치자전거","원동기장치자전거","1018144 ","1861195 ",127.70325284,36.7486579
"2012","2012072813","55","주간","토",2,2,0,0,0,"경북","경주시","차대차","정면충돌","정면충돌","운전자법규위반","중앙선 침범","단일로","기타단일로","화물차","소형","건설기계","건설기계","1148141 ","1777238 ",129.14320907,35.98067263
"2012","2012072722","00","야간","금",1,1,0,0,0,"경남","의령군","차량단독","도로이탈","도로이탈 추락","운전자법규위반","안전운전 의무 불이행","단일로","기타단일로","화물차","소형","00","00","1075093 ","1708690 ",128.32666151,35.37104154
"2012","2012072710","17","주간","금",1,1,0,0,0,"경남","함양군","차대차","측면직각충돌","측면직각충돌","운전자법규위반","신호위반","교차로","교차로내","특수차","대형","원동기장치자전거","원동기장치자전거","1028180 ","1724002 ",127.81076217,35.5115339