"발생년","발생년월일시","발생분","주야","요일","사망자수","사상자수","중상자수","경상자수","부상신고자수","발생지시도","발생지시군구","사고유형_대분류","사고유형_중분류","사고유형","법규위반_대분류","법규위반","도로형태_대분류","도로형태","당사자종별_1당_대분류","당사자종별_1당","당사자종별_2당_대분류","당사자종별_2당","발생위치X_UTMK","발생위치Y_UTMK","경도","위도"
"2012","2012091417","00","주간","금",1,1,0,0,0,"강원","횡성군","차량단독","전도전복","전도전복","운전자법규위반","기타(운전자법규위반)","단일로","기타단일로","농기계","농기계","00","00","1049320 ","1948336 ",128.05822481,37.53301972
"2012","2012091313","25","주간","목",1,1,0,0,0,"경남","양산시","차대차","기타","기타","운전자법규위반","안전운전 의무 불이행","교차로","교차로부근","화물차","소형","자전거","자전거","1135996 ","1701532 ",128.99592074,35.30019953
"2012","2012091113","20","주간","화",1,1,0,0,0,"경남","합천군","차대차","측면직각충돌","측면직각충돌","운전자법규위반","교차로 통행방법 위반","교차로","교차로내","건설기계","건설기계","자전거","자전거","1070233 ","1729139 ",128.27493113,35.55576232
"2012","2012091705","50","야간","월",1,3,0,2,0,"경기","수원시","차대차","측면직각충돌","측면직각충돌","운전자법규위반","중앙선 침범","단일로","기타단일로","승용차","소형","승합차","대형","957215  ","1921942 ",127.0172754,37.29424568
"2012","2012091704","28","야간","월",1,2,1,0,0,"경기","안양시","차대차","정면충돌","정면충돌","운전자법규위반","중앙선 침범","단일로","교량위","승용차","중형","승용차","중형","950394  ","1931763 ",126.93965397,37.383627
"2012","2012091802","30","야간","화",1,1,0,0,0,"광주","북구","차대사람","횡단중","횡단중","운전자법규위반","안전운전 의무 불이행","단일로","기타단일로","승용차","중형","보행자","보행자","943194  ","1687258 ",126.87612221,35.17900953
"2012","2012092205","47","야간","토",1,1,0,0,0,"전남","진도군","차대사람","횡단중","횡단중","운전자법규위반","안전운전 의무 불이행","교차로","교차로부근","승용차","소형","보행자","보행자","886061  ","1610136 ",126.25922662,34.47885505
"2012","2012092100","25","야간","금",1,1,0,0,0,"전북","익산시","차량단독","공작물충돌","공작물충돌","운전자법규위반","안전운전 의무 불이행","교차로","교차로내","승용차","중형","00","00","960650  ","1777779 ",127.0634202,35.99601003
"2014","2014031411","40","주간","금",1,1,0,0,0,"경기","오산시","차대차","측면직각충돌","측면직각충돌","운전자법규위반","안전운전 의무 불이행","단일로","기타단일로","이륜차","소형","승용차","중형","960824  ","1905922 ",127.05882791,37.15120216
"2014","2014031313","23","주간","목",1,9,3,5,0,"경북","문경시","차대차","정면충돌","정면충돌","운전자법규위반","중앙선 침범","단일로","기타단일로","화물차","소형","승합차","대형","1045257 ","1843983 ",128.01221855,36.58983435
"2014","2014031121","10","야간","화",1,3,0,2,0,"세종","세종","차대사람","기타","기타","운전자법규위반","안전운전 의무 불이행","단일로","기타단일로","승용차","소형","보행자","보행자","974095  ","1828345 ",127.21091471,36.45233748
"2014","2014031205","37","야간","수",1,1,0,0,0,"강원","속초시","차량단독","공작물충돌","공작물충돌","운전자법규위반","안전운전 의무 불이행","교차로","교차로부근","이륜차","소형","00","00","1094818 ","2021380 ",128.58271469,38.18770048
"2014","2014031209","50","주간","수",1,1,0,0,0,"대구","동구","차대사람","보도통행중","보도통행중","운전자법규위반","보행자 보호의무 위반","단일로","횡단보도상","특수차","대형","보행자","보행자","1103199 ","1766794 ",128.64345545,35.89231981
"2014","2014031102","20","야간","화",1,3,1,1,0,"충북","음성군","차량단독","전도전복","전도전복","운전자법규위반","안전운전 의무 불이행","교차로","교차로내","승용차","중형","00","00","1016945 ","1880378 ",127.70505351,36.94499381
"2014","2014032319","25","야간","일",1,1,0,0,0,"경기","평택시","차대사람","기타","기타","운전자법규위반","안전운전 의무 불이행","교차로","교차로부근","승용차","중형","보행자","보행자","960686  ","1897749 ",127.05770261,37.07752506
"2013","2013122617","58","주간","목",1,1,0,0,0,"경기","화성시","차대사람","횡단중","횡단중","운전자법규위반","안전운전 의무 불이행","교차로","교차로내","화물차","소형","보행자","보행자","946922  ","1905005 ",126.90234532,37.14225048
"2013","2013122713","50","주간","금",1,2,1,0,0,"전남","구례군","차대차","추돌","진행중 추돌","운전자법규위반","중앙선 침범","단일로","기타단일로","승용차","대형","승용차","대형","994917  ","1701802 ",127.444084,35.31174767
"2013","2013122911","30","주간","일",1,3,1,1,0,"대구","달성군","차대차","추돌","주정차중 추돌","운전자법규위반","안전운전 의무 불이행","단일로","기타단일로","승용차","중형","화물차","대형","1084948 ","1747896 ",128.4392513,35.72370908
"2013","2013121819","30","야간","수",1,1,0,0,0,"경북","김천시","차대차","측면직각충돌","측면직각충돌","운전자법규위반","안전운전 의무 불이행","단일로","기타단일로","이륜차","중형","승용차","중형","1057425 ","1792016 ",128.13814417,36.12346339
"2013","2013122304","34","야간","월",1,1,0,0,0,"대구","달성군","차량단독","도로이탈","도로이탈 추락","운전자법규위반","안전운전 의무 불이행","단일로","기타단일로","승용차","중형","00","00","1088769 ","1754097 ",128.4821805,35.77927388
"2013","2013122422","06","야간","화",1,1,0,0,0,"경기","수원시","차대사람","횡단중","횡단중","운전자법규위반","안전운전 의무 불이행","단일로","기타단일로","승용차","중형","보행자","보행자","956765  ","1918330 ",127.01392117,37.26250306
"2013","2013122720","25","야간","금",1,1,0,0,0,"제주","제주시","차대사람","횡단중","횡단중","운전자법규위반","안전운전 의무 불이행","단일로","기타단일로","승용차","중형","보행자","보행자","894733  ","1498283 ",126.36710438,33.4711802
"2013","2013122609","50","주간","목",1,1,0,0,0,"서울","강서구","차대사람","횡단중","횡단중","운전자법규위반","안전운전 의무 불이행","교차로","교차로내","화물차","소형","보행자","보행자","942092  ","1951160 ",126.84435505,37.557973
"2013","2013122820","21","야간","토",1,1,0,0,0,"경기","시흥시","차대사람","기타","기타","운전자법규위반","안전운전 의무 불이행","단일로","기타단일로","승용차","경형","보행자","보행자","939140  ","1937055 ",126.818768,37.41463934
"2013","2013122823","20","야간","토",1,1,0,0,0,"인천","남동구","차대차","기타","기타","운전자법규위반","안전운전 의무 불이행","단일로","횡단보도부근","승용차","소형","승용차","소형","930235  ","1940993 ",126.71161484,37.46447616
"2013","2013122823","35","야간","토",1,1,0,0,0,"경기","파주시","차대사람","차도통행중","차도통행중","운전자법규위반","안전운전 의무 불이행","단일로","기타단일로","승용차","소형","보행자","보행자","938294  ","1973223 ",126.80271243,37.75624522
"2013","2013122008","50","주간","금",1,5,2,2,0,"경남","함안군","차대차","기타","기타","운전자법규위반","안전운전 의무 불이행","단일로","기타단일로","승용차","소형","화물차","소형","1072798 ","1699710 ",128.304288,35.28837457
"2013","2013121209","20","주간","목",1,1,0,0,0,"경기","부천시","차량단독","기타","기타","운전자법규위반","안전운전 의무 불이행","단일로","기타단일로","이륜차","소형","00","00","936878  ","1942864 ",126.78603805,37.48285914
"2013","2013121717","35","주간","화",1,1,0,0,0,"강원","양양군","차대사람","횡단중","횡단중","운전자법규위반","안전운전 의무 불이행","교차로","교차로부근","화물차","중형","보행자","보행자","1098548 ","2008750 ",128.62355351,38.07349162
"2013","2013121706","55","주간","화",1,1,0,0,0,"서울","구로구","차대사람","횡단중","횡단중","운전자법규위반","안전운전 의무 불이행","단일로","기타단일로","승용차","중형","보행자","보행자","945654  ","1943205 ",126.88527103,37.48649075
"2012","2012062520","40","야간","월",1,1,0,0,0,"전남","보성군","차대사람","횡단중","횡단중","운전자법규위반","보행자 보호의무 위반","교차로","교차로내","승용차","대형","보행자","보행자","981259  ","1649572 ",127.29501973,34.84061285
"2012","2012062514","20","주간","월",1,1,0,0,0,"전남","함평군","차량단독","도로이탈","도로이탈 기타","운전자법규위반","안전운전 의무 불이행","단일로","기타단일로","화물차","소형","00","00","918948  ","1691457 ",126.60944921,35.21520381
"2012","2012062312","10","주간","토",2,5,1,2,0,"서울","마포구","차대차","추돌","진행중 추돌","운전자법규위반","안전운전 의무 불이행","단일로","횡단보도상","승용차","중형","승용차","중형","951053  ","1950949 ",126.94582246,37.55659103
"2012","2012062516","45","주간","월",1,1,0,0,0,"전남","순천시","차대차","기타","기타","운전자법규위반","안전운전 의무 불이행","단일로","기타단일로","승용차","중형","원동기장치자전거","원동기장치자전거","1000812 ","1655079 ",127.50875531,34.89046343
"2012","2012070104","00","야간","일",1,1,0,0,0,"충남","아산시","차대차","추돌","진행중 추돌","운전자법규위반","안전운전 의무 불이행","기타/불명","기타/불명","승용차","중형","이륜차","소형","950529  ","1865089 ",126.94557317,36.78264302
"2012","2012070114","20","주간","일",1,1,0,0,0,"대구","북구","차대차","측면직각충돌","측면직각충돌","운전자법규위반","안전운전 의무 불이행","단일로","횡단보도부근","승용차","중형","자전거","자전거","1095923 ","1771073 ",128.56336566,35.93163339
"2012","2012062910","15","주간","금",1,3,1,1,0,"광주","광산구","차대차","추돌","주정차중 추돌","운전자법규위반","안전운전 의무 불이행","교차로","교차로부근","승용차","중형","승용차","중형","936126  ","1683375 ",126.79880261,35.14357368
"2012","2012062918","30","야간","금",1,1,0,0,0,"경기","안산시","차대사람","기타","기타","운전자법규위반","안전운전 의무 불이행","단일로","횡단보도부근","승용차","소형","보행자","보행자","947334  ","1923002 ",126.90563473,37.30436502
"2012","2012062914","20","주간","금",1,1,0,0,0,"충남","청양군","차대차","측면직각충돌","측면직각충돌","운전자법규위반","안전운전 의무 불이행","단일로","기타단일로","승합차","대형","자전거","자전거","953614  ","1822885 ",126.98269145,36.40234365
"2012","2012062919","43","야간","금",1,1,0,0,0,"경기","안산시","차대차","정면충돌","정면충돌","운전자법규위반","안전운전 의무 불이행","단일로","기타단일로","이륜차","소형","승용차","중형","937920  ","1926769 ",126.79917589,37.3378635
"2013","2013111319","20","야간","수",1,1,0,0,0,"전북","군산시","차대사람","횡단중","횡단중","운전자법규위반","안전운전 의무 불이행","단일로","기타단일로","승용차","중형","보행자","보행자","938343  ","1772190 ",126.81633692,35.94415426
"2013","2013111114","47","주간","월",1,2,0,1,0,"전남","여수시","차대차","추돌","주정차중 추돌","운전자법규위반","안전운전 의무 불이행","교차로","교차로부근","승용차","중형","건설기계","건설기계","1016684 ","1647886 ",127.68244833,34.82544493
"2012","2012051819","26","야간","금",1,1,0,0,0,"부산","강서구","차대차","기타","기타","운전자법규위반","안전운전 의무 불이행","단일로","기타단일로","승용차","소형","승용차","대형","1131430 ","1684921 ",128.94290573,35.15095044
"2013","2013111312","27","주간","수",1,1,0,0,0,"경기","의왕시","차대사람","횡단중","횡단중","운전자법규위반","안전운전 의무 불이행","교차로","교차로부근","화물차","소형","보행자","보행자","953723  ","1932410 ",126.97721616,37.38963091
"2012","2012100407","30","주간","목",1,1,0,0,0,"강원","동해시","차대차","기타","기타","운전자법규위반","안전운전 의무 불이행","단일로","기타단일로","화물차","소형","농기계","농기계","1139793 ","1943763 ",129.08112566,37.48253837
"2013","2013111910","30","주간","화",1,2,1,0,0,"전북","장수군","차대차","정면충돌","정면충돌","운전자법규위반","중앙선 침범","단일로","기타단일로","승용차","중형","농기계","농기계","1000633 ","1735807 ",127.50698985,35.61837489
"2013","2013111801","25","야간","월",1,3,2,0,0,"경남","창원시(통합)","차량단독","도로이탈","도로이탈 추락","운전자법규위반","안전운전 의무 불이행","교차로","교차로부근","승용차","중형","00","00","1103357 ","1692665 ",128.63573825,35.22404381
"2013","2013111818","30","야간","월",1,1,0,0,0,"인천","남동구","차대사람","기타","기타","운전자법규위반","안전운전 의무 불이행","교차로","교차로내","승용차","중형","보행자","보행자","931376  ","1939137 ",126.72415812,37.44887566
"2013","2013111818","05","야간","월",1,1,0,0,0,"경북","문경시","차대차","측면직각충돌","측면직각충돌","운전자법규위반","안전운전 의무 불이행","교차로","교차로내","화물차","소형","자전거","자전거","1050279 ","1849534 ",128.06245876,36.64238101
"2013","2013111618","30","야간","토",1,1,0,0,0,"울산","울주군","차대사람","기타","기타","운전자법규위반","안전운전 의무 불이행","단일로","기타단일로","승용차","중형","보행자","보행자","1154391 ","1718430 ",129.20120323,35.44970437
"2013","2013111622","05","야간","토",1,9,1,7,0,"전북","전주시","차대차","측면직각충돌","측면직각충돌","운전자법규위반","신호위반","교차로","교차로내","화물차","소형","승합차","대형","961364  ","1763676 ",127.07202753,35.86888886
"2013","2013111717","59","주간","일",1,1,0,0,0,"충남","홍성군","차대사람","횡단중","횡단중","운전자법규위반","안전운전 의무 불이행","단일로","기타단일로","화물차","소형","보행자","보행자","907634  ","1839881 ",126.46793743,36.55221999
"2013","2013111719","50","야간","일",1,1,0,0,0,"대구","달성군","차량단독","공작물충돌","공작물충돌","운전자법규위반","안전운전 의무 불이행","단일로","기타단일로","원동기장치자전거","원동기장치자전거","00","00","1088745 ","1757382 ",128.48227943,35.80889008
"2013","2013112518","35","야간","월",1,1,0,0,0,"전남","순천시","차대사람","횡단중","횡단중","운전자법규위반","안전운전 의무 불이행","단일로","기타단일로","승합차","대형","보행자","보행자","999045  ","1663455 ",127.48953876,34.96597624
"2013","2013112518","30","야간","월",1,1,0,0,0,"강원","강릉시","차대사람","기타","기타","운전자법규위반","안전운전 의무 불이행","기타/불명","기타/불명","승용차","중형","보행자","보행자","1117601 ","1969722 ",128.83430655,37.71915392
"2013","2013112518","30","야간","월",1,1,0,0,0,"충남","천안시","차대사람","횡단중","횡단중","운전자법규위반","안전운전 의무 불이행","단일로","기타단일로","승용차","소형","보행자","보행자","967608  ","1877395 ",127.13645028,36.89431347
"2013","2013112600","22","야간","화",1,1,0,0,0,"경기","용인시","차대차","추돌","주정차중 추돌","운전자법규위반","안전운전 의무 불이행","단일로","기타단일로","승용차","중형","건설기계","건설기계","962480  ","1925018 ",127.07651433,37.32339805
"2013","2013112607","40","주간","화",1,1,0,0,0,"광주","서구","차대사람","횡단중","횡단중","운전자법규위반","보행자 보호의무 위반","단일로","기타단일로","승합차","대형","보행자","보행자","943571  ","1680834 ",126.88070147,35.12110757
"2013","2013112618","00","야간","화",1,1,0,0,0,"충남","당진시","차대사람","길가장자리구역통행중","길가장자리구역통행중","운전자법규위반","안전운전 의무 불이행","단일로","기타단일로","화물차","소형","보행자","보행자","936032  ","1875935 ",126.80539771,36.87801068
"2013","2013112219","00","야간","금",1,1,0,0,0,"경남","진주시","차대사람","횡단중","횡단중","운전자법규위반","안전운전 의무 불이행","단일로","기타단일로","승용차","대형","보행자","보행자","1055943 ","1686037 ",128.11431747,35.16804863
"2013","2013112308","57","주간","토",1,1,0,0,0,"전남","여수시","차대사람","차도통행중","차도통행중","운전자법규위반","안전운전 의무 불이행","교차로","교차로내","건설기계","건설기계","보행자","보행자","1019756 ","1640363 ",127.71586522,34.75754986
"2013","2013102618","20","야간","토",1,1,0,0,0,"경기","의정부시","차대사람","횡단중","횡단중","운전자법규위반","안전운전 의무 불이행","교차로","교차로내","승용차","중형","보행자","보행자","960044  ","1968293 ",127.04709149,37.71622635
"2013","2013102703","50","야간","일",1,1,0,0,0,"경북","청도군","차량단독","공작물충돌","공작물충돌","운전자법규위반","안전운전 의무 불이행","단일로","기타단일로","승용차","소형","00","00","1114344 ","1737055 ",128.76267435,35.62301026
"2013","2013102717","09","주간","일",1,1,0,0,0,"경북","경주시","차대차","기타","기타","운전자법규위반","안전운전 의무 불이행","단일로","기타단일로","이륜차","사발이","화물차","대형","1165360 ","1748374 ",129.32814062,35.71779583
"2013","2013102417","40","주간","목",1,1,0,0,0,"부산","서구","차대사람","횡단중","횡단중","운전자법규위반","안전운전 의무 불이행","단일로","기타단일로","승합차","대형","보행자","보행자","1138570 ","1680611 ",129.02054582,35.11114113
"2013","2013102506","12","주간","금",1,1,0,0,0,"제주","서귀포시","차대사람","횡단중","횡단중","운전자법규위반","안전운전 의무 불이행","단일로","기타단일로","승합차","소형","보행자","보행자","912220  ","1475156 ",126.55752883,33.26418378
"2013","2013103118","35","야간","목",1,1,0,0,0,"전남","강진군","차대사람","횡단중","횡단중","운전자법규위반","안전운전 의무 불이행","단일로","기타단일로","승용차","소형","보행자","보행자","928084  ","1632898 ",126.71487199,34.68789405
"2013","2013103018","45","야간","수",1,1,0,0,0,"전남","화순군","차대사람","길가장자리구역통행중","길가장자리구역통행중","운전자법규위반","안전운전 의무 불이행","단일로","기타단일로","승합차","중형","보행자","보행자","964994  ","1670701 ",127.11617116,35.03074613
"2013","2013102808","55","주간","월",1,1,0,0,0,"경기","수원시","차대사람","기타","기타","운전자법규위반","보행자 보호의무 위반","단일로","횡단보도상","승용차","중형","보행자","보행자","956874  ","1918168 ",127.01392117,37.26250306
"2013","2013102821","50","야간","월",1,1,0,0,0,"충남","홍성군","차대사람","기타","기타","운전자법규위반","안전운전 의무 불이행","단일로","기타단일로","승용차","중형","보행자","보행자","925224  ","1847738 ",126.66369644,36.62458285
"2013","2013110616","15","주간","수",1,1,0,0,0,"전북","김제시","차대사람","횡단중","횡단중","운전자법규위반","안전운전 의무 불이행","교차로","교차로부근","화물차","소형","보행자","보행자","934643  ","1758136 ",126.77650858,35.81752424
"2013","2013110418","40","야간","월",1,1,0,0,0,"충남","서산시","차량단독","도로이탈","도로이탈 추락","운전자법규위반","안전운전 의무 불이행","단일로","기타단일로","자전거","자전거","00","00","915387  ","1851378 ",126.55328967,36.65656993
"2013","2013110915","20","주간","토",1,1,0,0,0,"충북","청원군","차대차","측면직각충돌","측면직각충돌","운전자법규위반","안전운전 의무 불이행","단일로","기타단일로","승용차","중형","이륜차","대형","1005744 ","1863692 ",127.56436445,36.77132401
"2013","2013110908","00","주간","토",1,1,0,0,0,"충남","서천군","차대차","정면충돌","정면충돌","운전자법규위반","안전운전 의무 불이행","단일로","기타단일로","원동기장치자전거","원동기장치자전거","승용차","중형","926778  ","1789576 ",126.68655032,36.10040341
"2013","2013111516","20","주간","금",1,1,0,0,0,"인천","남동구","차량단독","기타","기타","운전자법규위반","안전운전 의무 불이행","단일로","기타단일로","농기계","농기계","00","00","930598  ","1940374 ",126.71524656,37.45996654
"2013","2013111309","50","주간","수",1,1,0,0,0,"전북","전주시","차대사람","기타","기타","운전자법규위반","보행자 보호의무 위반","교차로","교차로내","승합차","소형","보행자","보행자","968280  ","1758667 ",127.14883405,35.82397618
"2013","2013111303","39","야간","수",1,1,0,0,0,"전북","전주시","차대사람","기타","기타","운전자법규위반","안전거리 미확보","단일로","기타단일로","승용차","중형","보행자","보행자","968021  ","1758970 ",127.14557487,35.82695186
"2013","2013111300","40","야간","수",1,1,0,0,0,"서울","광진구","차대사람","차도통행중","차도통행중","운전자법규위반","과속","단일로","기타단일로","승용차","중형","보행자","보행자","965500  ","1949678 ",127.10944685,37.54578945
"2013","2013111918","33","야간","화",1,2,0,1,0,"전남","광양시","차대차","추돌","주정차중 추돌","운전자법규위반","안전운전 의무 불이행","단일로","기타단일로","화물차","소형","승용차","중형","1019148 ","1659447 ",127.71103504,34.93041319
"2013","2013112418","45","야간","일",1,1,0,0,0,"부산","진구","차대차","기타","기타","운전자법규위반","중앙선 침범","단일로","기타단일로","원동기장치자전거","원동기장치자전거","승용차","중형","1142373 ","1684285 ",129.0628957,35.1437276
"2013","2013112723","19","야간","수",1,1,0,0,0,"경기","성남시","차대차","추돌","주정차중 추돌","운전자법규위반","안전운전 의무 불이행","교차로","교차로부근","화물차","소형","승합차","대형","968751  ","1930416 ",127.14706565,37.3722863
"2013","2013112616","15","주간","화",1,4,3,0,0,"인천","남구","차대차","기타","기타","운전자법규위반","중앙선 침범","단일로","기타단일로","승용차","중형","승용차","중형","926239  ","1938205 ",126.66617944,37.44008024
"2013","2013112700","50","야간","수",1,1,0,0,0,"인천","부평구","차대차","기타","기타","운전자법규위반","안전운전 의무 불이행","단일로","기타단일로","이륜차","중형","화물차","대형","929562  ","1942107 ",126.70336743,37.47550743
"2013","2013112613","00","주간","화",1,1,0,0,0,"경남","창원시(통합)","차대사람","차도통행중","차도통행중","운전자법규위반","안전운전 의무 불이행","단일로","기타단일로","승용차","중형","보행자","보행자","1107063 ","1694017 ",128.67663009,35.23584347
"2013","2013112715","20","주간","수",1,1,0,0,0,"인천","동구","차대차","기타","기타","운전자법규위반","안전운전 의무 불이행","교차로","교차로내","화물차","대형","자전거","자전거","924676  ","1943940 ",126.64792605,37.49164223
"2013","2013112818","50","야간","목",1,1,0,0,0,"부산","기장군","차대차","추돌","주정차중 추돌","운전자법규위반","안전운전 의무 불이행","단일로","기타단일로","승용차","중형","화물차","중형","1154708 ","1704655 ",129.20208386,35.32550287
"2013","2013112706","22","주간","수",1,1,0,0,0,"제주","서귀포시","차대사람","기타","기타","운전자법규위반","안전운전 의무 불이행","단일로","기타단일로","화물차","소형","보행자","보행자","917772  ","1474709 ",126.61717342,33.26058986
"2013","2013112714","37","주간","수",1,1,0,0,0,"경기","화성시","차대사람","기타","기타","운전자법규위반","안전운전 의무 불이행","단일로","기타단일로","승합차","대형","보행자","보행자","947736  ","1904249 ",126.91179776,37.1358901
"2013","2013120319","08","야간","화",1,1,0,0,0,"인천","연수구","차대사람","기타","기타","운전자법규위반","안전운전 의무 불이행","단일로","기타단일로","화물차","경형","보행자","보행자","927016  ","1936286 ",126.6751519,37.42284624
"2013","2013120413","10","주간","수",1,1,0,0,0,"경기","남양주시","차량단독","기타","기타","운전자법규위반","안전운전 의무 불이행","단일로","기타단일로","이륜차","사발이","00","00","975717  ","1959810 ",127.2247696,37.63743934
"2013","2013120707","10","주간","토",1,1,0,0,0,"전북","전주시","차대사람","보도통행중","보도통행중","운전자법규위반","신호위반","교차로","교차로부근","승용차","중형","보행자","보행자","969310  ","1759066 ",127.16022146,35.82760635
"2013","2013120700","55","야간","토",1,1,0,0,0,"전북","전주시","차대차","기타","기타","운전자법규위반","안전운전 의무 불이행","단일로","기타단일로","승용차","중형","승용차","대형","965934  ","1759388 ",127.12283167,35.83039803
"2013","2013120305","45","야간","화",1,21,0,20,0,"경기","평택시","차대차","추돌","진행중 추돌","운전자법규위반","안전운전 의무 불이행","교차로","교차로부근","승용차","대형","화물차","소형","951367  ","1888838 ",126.95344028,36.99676436
"2013","2013120310","20","주간","화",1,2,1,0,0,"경북","안동시","차대차","정면충돌","정면충돌","운전자법규위반","중앙선 침범","단일로","기타단일로","화물차","소형","화물차","소형","1131144 ","1842017 ",128.96560751,36.56693321
"2013","2013120619","35","야간","금",1,1,0,0,0,"경기","여주시","차량단독","기타","기타","운전자법규위반","안전운전 의무 불이행","단일로","기타단일로","화물차","소형","00","00","1021405 ","1919627 ",127.74144342,37.27531532
"2013","2013120618","40","야간","금",1,2,1,0,0,"전남","영암군","차대사람","길가장자리구역통행중","길가장자리구역통행중","운전자법규위반","안전운전 의무 불이행","단일로","기타단일로","승용차","대형","보행자","보행자","926839  ","1655217 ",126.69933845,34.88905337
"2013","2013102612","00","주간","토",1,1,0,0,0,"전남","무안군","차량단독","도로이탈","도로이탈 추락","운전자법규위반","안전운전 의무 불이행","단일로","기타단일로","농기계","농기계","00","00","892103  ","1660838 ",126.31852774,34.93663262
"2013","2013102518","40","야간","금",1,1,0,0,0,"강원","홍천군","차대사람","횡단중","횡단중","운전자법규위반","안전운전 의무 불이행","단일로","기타단일로","화물차","소형","보행자","보행자","1015842 ","1956788 ",127.67949275,37.61038514
"2013","2013102521","00","야간","금",1,1,0,0,0,"경남","거제시","차량단독","기타","기타","운전자법규위반","안전운전 의무 불이행","단일로","기타단일로","승용차","경형","00","00","1109587 ","1669061 ",128.70105604,35.01058569
"2013","2013102518","55","야간","금",1,1,0,0,0,"경기","양주시","차대사람","기타","기타","운전자법규위반","안전운전 의무 불이행","단일로","기타단일로","승용차","대형","보행자","보행자","955217  ","1977180 ",126.99135409,37.79322404
"2013","2013110118","31","야간","금",1,19,0,17,1,"서울","영등포구","차대차","기타","기타","운전자법규위반","과속","교차로","교차로부근","승용차","대형","승합차","중형","946779  ","1943314 ",126.89798781,37.48753872
"2013","2013102819","55","야간","월",1,1,0,0,0,"경남","진주시","차대사람","차도통행중","차도통행중","운전자법규위반","안전운전 의무 불이행","단일로","기타단일로","화물차","소형","보행자","보행자","1052707 ","1684562 ",128.07866259,35.15570854
"2013","2013103000","10","야간","수",1,1,0,0,0,"충남","천안시","차대사람","횡단중","횡단중","운전자법규위반","안전운전 의무 불이행","단일로","기타단일로","승용차","중형","보행자","보행자","967653  ","1868994 ",127.13875961,36.81860691
"2013","2013102804","30","야간","월",1,1,0,0,0,"경기","안산시","차대차","추돌","주정차중 추돌","운전자법규위반","안전운전 의무 불이행","단일로","기타단일로","승용차","중형","화물차","대형","943494  ","1926523 ",126.86211606,37.33600221
"2013","2013102918","25","야간","화",1,1,0,0,0,"강원","강릉시","차대차","추돌","진행중 추돌","운전자법규위반","안전운전 의무 불이행","단일로","기타단일로","화물차","소형","농기계","농기계","1127510 ","1971279 ",128.9470377,37.7322522
"2013","2013110604","43","야간","수",1,1,0,0,0,"제주","제주시","차대사람","횡단중","횡단중","운전자법규위반","보행자 보호의무 위반","교차로","교차로내","승합차","소형","보행자","보행자","911068  ","1502794 ",126.54243245,33.51334421
"2013","2013110505","30","야간","화",1,1,0,0,0,"대구","수성구","차대차","측면직각충돌","측면직각충돌","운전자법규위반","안전운전 의무 불이행","교차로","교차로내","승용차","중형","이륜차","소형","1100918 ","1763149 ",128.61772441,35.85970024
"2013","2013112306","10","주간","토",1,1,0,0,0,"부산","사하구","차량단독","도로이탈","도로이탈 기타","운전자법규위반","안전운전 의무 불이행","단일로","기타단일로","화물차","소형","00","00","1131833 ","1680150 ",128.94656792,35.10789015
"2013","2013112302","09","야간","토",1,1,0,0,0,"서울","동작구","차대사람","기타","기타","운전자법규위반","안전운전 의무 불이행","단일로","기타단일로","승용차","중형","보행자","보행자","950429  ","1946178 ",126.93858446,37.51339839
"2013","2013112318","15","야간","토",1,1,0,0,0,"전남","담양군","차대사람","보도통행중","보도통행중","운전자법규위반","보행자 보호의무 위반","교차로","교차로내","승용차","중형","보행자","보행자","951443  ","1704337 ",126.96529215,35.33419351
"2013","2013113018","00","야간","토",1,1,0,0,0,"전남","영광군","차대차","추돌","진행중 추돌","운전자법규위반","안전운전 의무 불이행","단일로","기타단일로","화물차","소형","자전거","자전거","893977  ","1692637 ",126.33497535,35.22351301
"2013","2013113004","50","야간","토",1,1,0,0,0,"충남","천안시","차대사람","기타","기타","운전자법규위반","안전운전 의무 불이행","교차로","교차로내","승용차","중형","보행자","보행자","967037  ","1866723 ",127.13050502,36.79809121
"2013","2013112921","30","야간","금",1,2,1,0,0,"경남","김해시","차대사람","기타","기타","운전자법규위반","안전운전 의무 불이행","교차로","교차로내","화물차","소형","보행자","보행자","1126994 ","1693852 ",128.8962332,35.2314715
"2013","2013120911","25","주간","월",1,7,6,0,0,"서울","서대문구","차량단독","기타","기타","운전자법규위반","안전운전 의무 불이행","단일로","기타단일로","승용차","중형","00","00","951299  ","1952296 ",126.94851807,37.56874478
"2013","2013121519","05","야간","일",1,1,0,0,0,"충남","공주시","차대사람","길가장자리구역통행중","길가장자리구역통행중","운전자법규위반","안전운전 의무 불이행","단일로","기타단일로","화물차","소형","보행자","보행자","968596  ","1833512 ",127.14934011,36.49875389
"2013","2013121807","15","주간","수",1,2,0,1,0,"경기","시흥시","차대사람","기타","기타","운전자법규위반","안전운전 의무 불이행","단일로","횡단보도부근","승용차","중형","보행자","보행자","933054  ","1927254 ",126.74478276,37.34157593
"2012","2012021614","10","주간","목",1,1,0,0,0,"대전","대덕구","차대차","추돌","주정차중 추돌","운전자법규위반","안전운전 의무 불이행","단일로","기타단일로","화물차","소형","화물차","소형","992699  ","1822764 ",127.41857705,36.4023454
"2013","2013120917","25","주간","월",1,1,0,0,0,"울산","남구","차대차","기타","기타","운전자법규위반","신호위반","교차로","교차로내","승합차","대형","원동기장치자전거","원동기장치자전거","1166817 ","1725817 ",129.3395789,35.51426981