"발생년","발생년월일시","발생분","주야","요일","사망자수","사상자수","중상자수","경상자수","부상신고자수","발생지시도","발생지시군구","사고유형_대분류","사고유형_중분류","사고유형","법규위반_대분류","법규위반","도로형태_대분류","도로형태","당사자종별_1당_대분류","당사자종별_1당","당사자종별_2당_대분류","당사자종별_2당","발생위치X_UTMK","발생위치Y_UTMK","경도","위도"
"2013","2013113008","20","주간","토",1,1,0,0,0,"경기","시흥시","차대차","측면직각충돌","측면직각충돌","운전자법규위반","신호위반","교차로","교차로내","화물차","중형","자전거","자전거","939109  ","1939325 ",126.81156338,37.45111169
"2013","2013120103","10","야간","일",1,1,0,0,0,"경기","안성시","차량단독","공작물충돌","공작물충돌","운전자법규위반","안전운전 의무 불이행","단일로","기타단일로","승용차","중형","00","00","976364  ","1889098 ",127.23435556,37.00006918
"2013","2013113012","30","주간","토",1,1,0,0,0,"전북","전주시","차대차","측면직각충돌","측면직각충돌","운전자법규위반","부당한 회전","교차로","교차로내","원동기장치자전거","원동기장치자전거","승용차","중형","964809  ","1761654 ",127.11027635,35.8507885
"2013","2013113018","16","야간","토",1,3,1,1,0,"경북","군위군","차대차","추돌","주정차중 추돌","운전자법규위반","안전운전 의무 불이행","단일로","기타단일로","화물차","소형","승용차","중형","1096824 ","1792097 ",128.57592624,36.12106145
"2013","2013102702","40","야간","일",1,1,0,0,0,"서울","강남구","차대사람","기타","기타","운전자법규위반","안전운전 의무 불이행","단일로","기타단일로","승용차","대형","보행자","보행자","957354  ","1946705 ",127.01740643,37.51865192
"2013","2013102301","13","야간","수",1,1,0,0,0,"경기","고양시","차대사람","기타","기타","운전자법규위반","안전운전 의무 불이행","단일로","기타단일로","승용차","중형","보행자","보행자","941070  ","1962113 ",126.83190206,37.65662635
"2013","2013102310","18","주간","수",1,1,0,0,0,"경기","부천시","차대차","측면직각충돌","측면직각충돌","운전자법규위반","안전거리 미확보","단일로","기타단일로","자전거","자전거","승합차","대형","937713  ","1942593 ",126.79528036,37.48135267
"2013","2013102503","40","야간","금",1,1,0,0,0,"경북","칠곡군","차대사람","기타","기타","운전자법규위반","안전운전 의무 불이행","단일로","기타단일로","불명","불명","보행자","보행자","1089332 ","1789656 ",128.49240858,36.09977601
"2013","2013102423","34","야간","목",1,2,1,0,0,"충남","아산시","차량단독","공작물충돌","공작물충돌","운전자법규위반","안전운전 의무 불이행","단일로","기타단일로","이륜차","중형","00","00","960683  ","1869430 ",127.05914245,36.82225074
"2013","2013102217","10","주간","화",1,2,1,0,0,"제주","서귀포시","차대사람","횡단중","횡단중","운전자법규위반","보행자 보호의무 위반","교차로","교차로부근","화물차","소형","보행자","보행자","912067  ","1473308 ",126.55606556,33.24750462
"2013","2013103114","35","주간","목",1,4,1,2,0,"경기","용인시","차대차","정면충돌","정면충돌","운전자법규위반","중앙선 침범","단일로","기타단일로","승용차","중형","승용차","중형","964835  ","1923682 ",127.10315776,37.31144785
"2013","2013110110","57","주간","금",1,1,0,0,0,"경기","포천시","차량단독","전도전복","전도전복","운전자법규위반","안전운전 의무 불이행","단일로","기타단일로","화물차","중형","00","00","974751  ","1977705 ",127.21333975,37.79479348
"2013","2013102821","45","야간","월",1,1,0,0,0,"부산","사하구","차대사람","기타","기타","운전자법규위반","안전운전 의무 불이행","교차로","교차로내","승용차","중형","보행자","보행자","1133825 ","1679905 ",128.96837964,35.10541888
"2013","2013102900","55","야간","화",1,1,0,0,0,"제주","제주시","차대사람","횡단중","횡단중","운전자법규위반","안전운전 의무 불이행","단일로","기타단일로","승합차","소형","보행자","보행자","905361  ","1499925 ",126.48129419,33.48698073
"2013","2013102818","10","야간","월",2,2,0,0,0,"경북","문경시","차대차","추돌","주정차중 추돌","운전자법규위반","안전운전 의무 불이행","단일로","기타단일로","승용차","소형","농기계","농기계","1055215 ","1857807 ",128.11827033,36.71668357
"2013","2013110318","05","야간","일",1,2,1,0,0,"충남","금산군","차량단독","전도전복","전도전복","운전자법규위반","안전운전 의무 불이행","교차로","교차로부근","화물차","중형","00","00","999862  ","1792453 ",127.49846633,36.12910301
"2013","2013110321","30","야간","일",1,1,0,0,0,"충남","서산시","차량단독","전도전복","전도전복","운전자법규위반","안전운전 의무 불이행","단일로","기타단일로","승용차","중형","00","00","905841  ","1880604 ",126.43996972,36.87744923
"2013","2013111417","50","주간","목",2,2,0,0,0,"울산","울주군","차대차","추돌","주정차중 추돌","운전자법규위반","안전운전 의무 불이행","교차로","교차로부근","승용차","소형","화물차","대형","1150810 ","1740864 ",129.1659386,35.65244717
"2013","2013111515","45","주간","금",1,1,0,0,0,"경남","양산시","차량단독","기타","기타","운전자법규위반","안전운전 의무 불이행","기타/불명","기타/불명","농기계","농기계","00","00","1150251 ","1712685 ",129.15484351,35.39870778
"2013","2013111918","30","야간","화",1,1,0,0,0,"전남","담양군","차대사람","횡단중","횡단중","운전자법규위반","안전운전 의무 불이행","단일로","기타단일로","승합차","소형","보행자","보행자","960204  ","1694419 ",127.06258423,35.24439743
"2013","2013120421","25","야간","수",1,1,0,0,0,"전북","김제시","차대차","정면충돌","정면충돌","운전자법규위반","중앙선 침범","단일로","기타단일로","승용차","중형","승용차","대형","939778  ","1768236 ",126.83258561,35.90890984
"2013","2013120217","40","주간","월",1,6,0,5,0,"전북","군산시","차대차","측면직각충돌","측면직각충돌","운전자법규위반","안전운전 의무 불이행","교차로","교차로내","승용차","소형","승합차","대형","918530  ","1773787 ",126.59655683,35.95741207
"2013","2013120217","50","주간","월",1,1,0,0,0,"전북","군산시","차대사람","횡단중","횡단중","운전자법규위반","안전운전 의무 불이행","교차로","교차로내","화물차","소형","보행자","보행자","928582  ","1775494 ",126.70786227,35.97358823
"2013","2013123101","00","야간","화",1,2,1,0,0,"충남","서산시","차량단독","공작물충돌","공작물충돌","운전자법규위반","안전운전 의무 불이행","단일로","기타단일로","승용차","중형","00","00","904894  ","1874486 ",126.43302258,36.86385677
"2013","2013123104","10","야간","화",1,1,0,0,0,"대구","서구","차대사람","횡단중","횡단중","운전자법규위반","안전운전 의무 불이행","단일로","기타단일로","화물차","소형","보행자","보행자","1095159 ","1762734 ",128.55390065,35.85653559
"2013","2013123015","43","주간","월",1,1,0,0,0,"경기","파주시","차량단독","전도전복","전도전복","운전자법규위반","안전운전 의무 불이행","단일로","기타단일로","화물차","소형","00","00","947580  ","1997059 ",126.90317278,37.97197896
"2013","2013123118","10","야간","화",1,1,0,0,0,"충남","금산군","차대사람","횡단중","횡단중","운전자법규위반","보행자 보호의무 위반","단일로","횡단보도상","승용차","경형","보행자","보행자","999336  ","1802168 ",127.49261241,36.21669016
"2013","2013123107","40","주간","화",1,1,0,0,0,"전북","익산시","차대차","측면직각충돌","측면직각충돌","운전자법규위반","안전운전 의무 불이행","단일로","기타단일로","불명","불명","자전거","자전거","947828  ","1783655 ",126.92078101,36.04838277
"2013","2013122905","43","야간","일",2,2,0,0,0,"대구","달성군","차량단독","기타","기타","운전자법규위반","안전운전 의무 불이행","단일로","기타단일로","승용차","중형","00","00","1087763 ","1764508 ",128.47066145,35.87189653
"2013","2013112600","57","야간","화",1,1,0,0,0,"충남","서산시","차대차","기타","기타","운전자법규위반","교차로 통행방법 위반","교차로","교차로내","승용차","대형","이륜차","소형","906572  ","1863098 ",126.45324342,36.76138189
"2013","2013112609","25","주간","화",1,14,9,4,0,"전북","군산시","차대차","측면직각충돌","측면직각충돌","운전자법규위반","신호위반","교차로","교차로내","건설기계","건설기계","승합차","대형","936248  ","1773497 ",126.79304458,35.95611584
"2013","2013112604","25","야간","화",1,1,0,0,0,"대구","달서구","차대차","기타","기타","운전자법규위반","안전운전 의무 불이행","단일로","기타단일로","승용차","소형","건설기계","건설기계","1088548 ","1762425 ",128.48734044,35.85469382
"2013","2013112611","00","주간","화",1,4,0,3,0,"전남","영암군","차대사람","기타","기타","운전자법규위반","안전운전 의무 불이행","기타/불명","기타/불명","화물차","소형","보행자","보행자","929623  ","1643959 ",126.73074853,34.78773834
"2012","2012032619","55","야간","월",1,1,0,0,0,"경남","거제시","차대차","측면직각충돌","측면직각충돌","운전자법규위반","중앙선 침범","교차로","교차로부근","원동기장치자전거","원동기장치자전거","화물차","소형","1100090 ","1636784 ",128.59313007,34.72056189
"2013","2013112303","40","야간","토",1,2,0,1,0,"경기","성남시","차대차","추돌","주정차중 추돌","운전자법규위반","안전운전 의무 불이행","단일로","기타단일로","승용차","대형","건설기계","건설기계","966344  ","1933597 ",127.11973611,37.40087444
"2012","2012110709","05","주간","수",1,1,0,0,0,"강원","원주시","차대사람","횡단중","횡단중","운전자법규위반","과속","단일로","기타단일로","승용차","중형","보행자","보행자","1040944 ","1925718 ",127.96216967,37.32956297
"2012","2012111101","40","야간","일",1,1,0,0,0,"제주","서귀포시","차대차","기타","기타","운전자법규위반","안전운전 의무 불이행","교차로","교차로부근","승용차","경형","승용차","중형","926871  ","1477069 ",126.69844249,33.27498546
"2012","2012110721","45","야간","수",1,1,0,0,0,"대전","중구","차대차","기타","기타","운전자법규위반","안전거리 미확보","단일로","기타단일로","원동기장치자전거","원동기장치자전거","승용차","중형","993206  ","1813635 ",127.424311,36.32004761
"2012","2012110811","00","주간","목",1,1,0,0,0,"전남","순천시","차량단독","기타","기타","운전자법규위반","안전운전 의무 불이행","단일로","기타단일로","원동기장치자전거","원동기장치자전거","00","00","975559  ","1677006 ",127.26756273,35.05152781
"2012","2012111218","30","야간","월",1,1,0,0,0,"경남","고성군","차대사람","차도통행중","차도통행중","운전자법규위반","안전운전 의무 불이행","단일로","기타단일로","승합차","소형","보행자","보행자","1076538 ","1663042 ",128.33833274,34.95935915
"2012","2012111217","50","주간","월",1,1,0,0,0,"경북","경주시","차대차","추돌","진행중 추돌","운전자법규위반","안전운전 의무 불이행","단일로","기타단일로","승용차","중형","농기계","농기계","1155575 ","1781457 ",129.22646438,36.01753612
"2012","2012092619","15","야간","수",1,1,0,0,0,"충북","음성군","차대차","추돌","진행중 추돌","운전자법규위반","안전운전 의무 불이행","단일로","기타단일로","특수차","대형","이륜차","사발이","1006567 ","1882259 ",127.57374719,36.93869353
"2013","2013120621","25","야간","금",1,1,0,0,0,"서울","중구","차대사람","기타","기타","운전자법규위반","안전운전 의무 불이행","교차로","교차로내","승용차","중형","보행자","보행자","955879  ","1951793 ",127.0004096,37.56444201
"2013","2013123106","40","주간","화",1,2,1,0,0,"서울","광진구","차대차","정면충돌","정면충돌","운전자법규위반","중앙선 침범","단일로","교량위","승용차","중형","승용차","중형","965316  ","1947969 ",127.10744471,37.53037865
"2013","2013122321","00","야간","월",1,2,1,0,0,"경북","상주시","차량단독","도로이탈","도로이탈 추락","운전자법규위반","안전운전 의무 불이행","단일로","기타단일로","승용차","대형","00","00","1059971 ","1830575 ",128.16939876,36.47091416
"2013","2013122611","51","주간","목",1,2,0,1,0,"서울","관악구","차대차","기타","기타","운전자법규위반","안전운전 의무 불이행","단일로","기타단일로","승용차","경형","승용차","소형","954014  ","1942049 ",126.97990261,37.47652553
"2013","2013122523","48","야간","수",1,1,0,0,0,"서울","은평구","차대차","정면충돌","정면충돌","운전자법규위반","안전운전 의무 불이행","교차로","교차로부근","이륜차","대형","승용차","경형","950706  ","1956965 ",126.94148895,37.61079539
"2013","2013122821","00","야간","토",1,8,7,0,0,"전북","전주시","차대차","정면충돌","정면충돌","운전자법규위반","중앙선 침범","단일로","기타단일로","승용차","중형","승용차","대형","965600  ","1761207 ",127.1190554,35.84678645
"2013","2013122912","58","주간","일",1,3,1,1,0,"울산","중구","차대차","추돌","주정차중 추돌","운전자법규위반","안전운전 의무 불이행","지하도로내","지하도로내","승용차","중형","화물차","대형","1167867 ","1731023 ",129.35223101,35.56100874
"2013","2013122005","40","야간","금",1,1,0,0,0,"인천","중구","차량단독","전도전복","전도전복","운전자법규위반","안전운전 의무 불이행","교차로","교차로부근","승용차","중형","00","00","914204  ","1943333 ",126.52955094,37.48525799
"2013","2013122203","35","야간","일",1,1,0,0,0,"충남","천안시","차대사람","횡단중","횡단중","운전자법규위반","신호위반","교차로","교차로내","승용차","대형","보행자","보행자","967600  ","1869524 ",127.1366965,36.82336036
"2013","2013122417","45","주간","화",1,1,0,0,0,"전남","순천시","차량단독","공작물충돌","공작물충돌","운전자법규위반","안전운전 의무 불이행","단일로","기타단일로","승용차","중형","00","00","998861  ","1658006 ",127.48753064,34.91683954
"2013","2013122423","00","야간","화",1,1,0,0,0,"전남","화순군","차대사람","차도통행중","차도통행중","운전자법규위반","보행자 보호의무 위반","단일로","횡단보도부근","승용차","소형","보행자","보행자","953177  ","1673532 ",126.98462155,35.05999762
"2013","2013122020","20","야간","금",1,1,0,0,0,"경기","화성시","차대사람","기타","기타","운전자법규위반","안전운전 의무 불이행","교차로","교차로부근","승용차","중형","보행자","보행자","960824  ","1913217 ",127.05844528,37.21695842
"2013","2013122318","05","야간","월",1,1,0,0,0,"경북","청송군","차대사람","횡단중","횡단중","운전자법규위반","안전운전 의무 불이행","단일로","기타단일로","승용차","소형","보행자","보행자","1137099 ","1834861 ",129.0307658,36.50167177
"2013","2013121115","10","주간","수",1,1,0,0,0,"충남","서산시","차대사람","횡단중","횡단중","운전자법규위반","보행자 보호의무 위반","교차로","교차로부근","화물차","소형","보행자","보행자","906211  ","1865182 ",126.44894305,36.78012987
"2013","2013121710","00","주간","화",1,2,1,0,0,"인천","남구","차대차","정면충돌","정면충돌","운전자법규위반","중앙선 침범","교차로","교차로부근","화물차","대형","승합차","소형","923388  ","1937825 ",126.63399349,37.43642366
"2013","2013121718","30","야간","화",1,1,0,0,0,"경기","동두천시","차대사람","횡단중","횡단중","운전자법규위반","안전운전 의무 불이행","단일로","기타단일로","승합차","소형","보행자","보행자","957760  ","1990148 ",127.01947857,37.91022332
"2013","2013121221","15","야간","목",1,2,1,0,0,"인천","연수구","차대사람","횡단중","횡단중","운전자법규위반","안전운전 의무 불이행","단일로","기타단일로","승용차","대형","보행자","보행자","928845  ","1936304 ",126.69581921,37.42315089
"2013","2013120902","03","야간","월",1,1,0,0,0,"서울","강남구","차대차","기타","기타","운전자법규위반","안전운전 의무 불이행","단일로","기타단일로","이륜차","중형","승용차","중형","958261  ","1948391 ",127.02757414,37.53388987
"2014","2014022714","00","주간","목",1,1,0,0,0,"전남","나주시","차량단독","기타","기타","운전자법규위반","안전운전 의무 불이행","단일로","기타단일로","이륜차","사발이","00","00","932033  ","1669954 ",126.75494188,35.022294
"2014","2014032308","10","주간","일",1,1,0,0,0,"강원","속초시","차대차","측면직각충돌","측면직각충돌","운전자법규위반","안전운전 의무 불이행","교차로","교차로부근","승용차","중형","자전거","자전거","1095258 ","2025425 ",128.58828075,38.22410335
"2014","2014032401","50","야간","월",1,1,0,0,0,"경북","경주시","차량단독","공작물충돌","공작물충돌","운전자법규위반","안전운전 의무 불이행","단일로","기타단일로","승용차","경형","00","00","1139800 ","1767425 ",129.0484934,35.8939553
"2014","2014032108","10","주간","금",1,1,0,0,0,"서울","영등포구","차대사람","횡단중","횡단중","운전자법규위반","안전운전 의무 불이행","교차로","교차로내","화물차","대형","보행자","보행자","947424  ","1944662 ",126.90518705,37.49972545
"2014","2014032314","00","주간","일",1,1,0,0,0,"전남","구례군","차대사람","기타","기타","운전자법규위반","안전운전 의무 불이행","단일로","교량위","승용차","소형","보행자","보행자","999843  ","1689995 ",127.49827516,35.2052962
"2014","2014032105","35","야간","금",1,2,1,0,0,"경북","영천시","차대사람","길가장자리구역통행중","길가장자리구역통행중","운전자법규위반","안전운전 의무 불이행","단일로","기타단일로","승용차","소형","보행자","보행자","1130897 ","1776112 ",128.95100675,35.97162128
"2014","2014030904","05","야간","일",1,1,0,0,0,"경남","양산시","차량단독","공작물충돌","공작물충돌","운전자법규위반","안전운전 의무 불이행","단일로","기타단일로","화물차","소형","00","00","1142886 ","1718269 ",129.07167148,35.43976734
"2014","2014030806","10","주간","토",1,1,0,0,0,"서울","강서구","차대사람","보도통행중","보도통행중","운전자법규위반","안전운전 의무 불이행","단일로","횡단보도상","승합차","중형","보행자","보행자","939193  ","1951551 ",126.81150173,37.56131023
"2014","2014030805","42","야간","토",2,2,0,0,0,"충남","태안군","차량단독","공작물충돌","공작물충돌","운전자법규위반","안전운전 의무 불이행","교차로","교차로부근","승용차","소형","00","00","895615  ","1842701 ",126.33328322,36.57639937
"2014","2014031720","50","야간","월",1,1,0,0,0,"경기","안산시","차대사람","기타","기타","운전자법규위반","안전운전 의무 불이행","단일로","기타단일로","승용차","중형","보행자","보행자","947384  ","1923949 ",126.90620977,37.3130302
"2014","2014031722","05","야간","월",1,1,0,0,0,"충남","공주시","차대사람","횡단중","횡단중","운전자법규위반","안전운전 의무 불이행","단일로","기타단일로","화물차","소형","보행자","보행자","966292  ","1848724 ",127.12294798,36.63581004
"2014","2014031905","35","야간","수",1,1,0,0,0,"울산","북구","차대사람","기타","기타","운전자법규위반","신호위반","교차로","교차로부근","화물차","소형","보행자","보행자","1166862 ","1740549 ",129.34311531,35.6470256
"2014","2014030618","48","야간","목",1,1,0,0,0,"대구","달서구","차대사람","기타","기타","운전자법규위반","안전운전 의무 불이행","교차로","교차로부근","승용차","중형","보행자","보행자","1093973 ","1758514 ",128.54027066,35.81860805
"2013","2013120718","05","야간","토",1,1,0,0,0,"전북","정읍시","차대사람","기타","기타","운전자법규위반","안전운전 의무 불이행","단일로","기타단일로","이륜차","소형","보행자","보행자","939239  ","1740843 ",126.82869238,35.66191094
"2012","2012101013","13","주간","수",1,1,0,0,0,"경기","수원시","차대차","기타","기타","운전자법규위반","부당한 회전","단일로","교량위","자전거","자전거","승용차","소형","954890  ","1918055 ",126.99127212,37.26029855
"2012","2012100620","50","야간","토",1,1,0,0,0,"경남","진주시","차대차","측면직각충돌","측면직각충돌","운전자법규위반","직진 및 우회전차의 통행방해","교차로","교차로내","승용차","중형","이륜차","소형","1056719 ","1687150 ",128.12291492,35.17804065
"2012","2012100715","00","주간","일",1,3,2,0,0,"강원","삼척시","차량단독","도로이탈","도로이탈 추락","운전자법규위반","안전운전 의무 불이행","단일로","기타단일로","화물차","소형","00","00","1124369 ","1931735 ",129.34535012,37.16280212
"2012","2012101104","24","야간","목",1,1,0,0,0,"경기","안산시","차량단독","공작물충돌","공작물충돌","운전자법규위반","안전운전 의무 불이행","교차로","교차로부근","승용차","중형","00","00","941304  ","1922559 ",126.83770868,37.30013746
"2012","2012101208","10","주간","금",1,1,0,0,0,"충남","논산시","차량단독","도로이탈","도로이탈 추락","운전자법규위반","안전운전 의무 불이행","단일로","기타단일로","농기계","농기계","00","00","979828  ","1792846 ",127.27580877,36.1324364
"2012","2012100804","43","야간","월",2,3,0,0,1,"경남","창원시(통합)","차대차","추돌","진행중 추돌","운전자법규위반","안전운전 의무 불이행","단일로","기타단일로","승용차","소형","이륜차","소형","1086029 ","1679646 ",128.44399739,35.1083016
"2012","2012100719","25","야간","일",1,1,0,0,0,"경북","포항시","차대사람","길가장자리구역통행중","길가장자리구역통행중","운전자법규위반","안전운전 의무 불이행","단일로","기타단일로","화물차","소형","보행자","보행자","1149269 ","1790957 ",129.15830758,36.10413764
"2012","2012101821","00","야간","목",1,1,0,0,0,"인천","연수구","차대차","기타","기타","운전자법규위반","안전운전 의무 불이행","단일로","기타단일로","승용차","소형","자전거","자전거","926390  ","1933128 ",126.66839237,37.39433407
"2012","2012101614","10","주간","화",1,1,0,0,0,"경기","동두천시","차대사람","횡단중","횡단중","운전자법규위반","안전운전 의무 불이행","교차로","교차로부근","건설기계","건설기계","보행자","보행자","961480  ","1994267 ",127.06157563,37.94751198
"2012","2012102004","50","야간","토",1,1,0,0,0,"전남","함평군","차대사람","횡단중","횡단중","운전자법규위반","안전운전 의무 불이행","단일로","기타단일로","승용차","소형","보행자","보행자","911841  ","1673112 ",126.53332818,35.04920658
"2012","2012092414","40","주간","월",1,1,0,0,0,"서울","마포구","차대차","측면직각충돌","측면직각충돌","운전자법규위반","안전운전 의무 불이행","단일로","기타단일로","승합차","중형","자전거","자전거","945104  ","1952244 ",126.8783744,37.56792758
"2012","2012092419","30","야간","월",1,1,0,0,0,"경남","의령군","차대사람","차도통행중","차도통행중","운전자법규위반","안전운전 의무 불이행","단일로","교량위","승용차","중형","보행자","보행자","1067585 ","1703345 ",128.24357445,35.32338729
"2012","2012102316","00","주간","화",1,1,0,0,0,"경기","화성시","차대사람","기타","기타","운전자법규위반","신호위반","단일로","횡단보도상","승합차","대형","보행자","보행자","940923  ","1910793 ",126.79448103,37.15388954
"2012","2012102407","00","주간","수",1,2,1,0,0,"경기","이천시","차대차","측면직각충돌","측면직각충돌","운전자법규위반","신호위반","교차로","교차로내","승용차","소형","승용차","경형","995854  ","1921127 ",127.45322553,37.2890733
"2012","2012102422","15","야간","수",1,1,0,0,0,"전북","익산시","차대사람","횡단중","횡단중","운전자법규위반","안전운전 의무 불이행","교차로","교차로내","승용차","중형","보행자","보행자","953238  ","1773672 ",126.98143071,35.95865548
"2012","2012102213","10","주간","월",2,2,0,0,0,"전북","완주군","차량단독","기타","기타","운전자법규위반","안전운전 의무 불이행","단일로","기타단일로","승용차","중형","00","00","969646  ","1750564 ",127.16426392,35.75096188
"2012","2012102600","47","야간","금",1,1,0,0,0,"경기","평택시","차량단독","공작물충돌","공작물충돌","운전자법규위반","안전운전 의무 불이행","단일로","기타단일로","승용차","대형","00","00","961966  ","1890835 ",127.07245241,37.01525435
"2012","2012102612","00","주간","금",1,1,0,0,0,"전남","화순군","차량단독","전도전복","전도전복","운전자법규위반","안전운전 의무 불이행","기타/불명","기타/불명","농기계","농기계","00","00","952484  ","1652770 ",126.98011891,34.86851266
"2012","2012102216","20","주간","월",1,1,0,0,0,"경남","남해군","차대사람","횡단중","횡단중","운전자법규위반","신호위반","단일로","횡단보도상","승용차","소형","보행자","보행자","1036468 ","1649808 ",127.89887699,34.84225973
"2012","2012102208","59","주간","월",1,1,0,0,0,"대전","유성구","차량단독","공작물충돌","공작물충돌","운전자법규위반","안전운전 의무 불이행","단일로","기타단일로","승용차","중형","00","00","981994  ","1824533 ",127.29915109,36.41815235
"2012","2012101310","00","주간","토",1,1,0,0,0,"전북","김제시","차량단독","도로이탈","도로이탈 기타","운전자법규위반","안전운전 의무 불이행","단일로","기타단일로","원동기장치자전거","원동기장치자전거","00","00","942587  ","1753185 ",126.8658947,35.76618655
"2012","2012101014","52","주간","수",1,1,0,0,0,"강원","강릉시","차대사람","횡단중","횡단중","운전자법규위반","안전운전 의무 불이행","단일로","기타단일로","승용차","소형","보행자","보행자","1125298 ","1975556 ",128.92267996,37.77109554
"2012","2012101018","20","야간","수",1,1,0,0,0,"서울","구로구","차대차","측면직각충돌","측면직각충돌","운전자법규위반","신호위반","단일로","횡단보도상","승합차","대형","이륜차","중형","943387  ","1944381 ",126.85953903,37.49695398
"2012","2012101116","00","주간","목",1,1,0,0,0,"경기","의정부시","차대사람","횡단중","횡단중","운전자법규위반","보행자 보호의무 위반","교차로","교차로내","자전거","자전거","보행자","보행자","960470  ","1971683 ",127.05131539,37.74392217
"2012","2012102210","50","주간","월",1,2,0,1,0,"경기","과천시","차대사람","기타","기타","운전자법규위반","기타(운전자법규위반)","교차로","교차로부근","승용차","경형","보행자","보행자","955057  ","1936742 ",126.99202201,37.42874283
"2012","2012101918","20","야간","금",1,1,0,0,0,"경북","청도군","차대차","추돌","주정차중 추돌","운전자법규위반","안전운전 의무 불이행","단일로","기타단일로","원동기장치자전거","원동기장치자전거","농기계","농기계","1100054 ","1738701 ",128.60510555,35.63939909
"2012","2012101703","48","야간","수",1,1,0,0,0,"대전","서구","차대차","기타","기타","운전자법규위반","안전운전 의무 불이행","단일로","기타단일로","승용차","중형","이륜차","소형","988673  ","1815927 ",127.37358928,36.33996492
"2012","2012102109","30","주간","일",1,2,1,0,0,"강원","홍천군","차대차","기타","기타","운전자법규위반","중앙선 침범","단일로","기타단일로","승용차","중형","이륜차","사발이","1045681 ","1959827 ",128.0177555,37.63677754
"2012","2012101717","20","주간","수",1,1,0,0,0,"경북","영천시","차량단독","공작물충돌","공작물충돌","운전자법규위반","안전운전 의무 불이행","단일로","기타단일로","이륜차","소형","00","00","1131754 ","1777665 ",128.95850122,35.98654949
"2012","2012101418","55","야간","일",1,1,0,0,0,"전남","영암군","차대차","측면직각충돌","측면직각충돌","운전자법규위반","직진 및 우회전차의 통행방해","교차로","교차로내","이륜차","소형","승용차","대형","925778  ","1654561 ",126.68778628,34.88306139
"2012","2012072019","20","야간","금",1,1,0,0,0,"경북","경산시","차대차","측면직각충돌","측면직각충돌","운전자법규위반","안전운전 의무 불이행","단일로","기타단일로","원동기장치자전거","원동기장치자전거","승용차","소형","1119281 ","1758411 ",128.82035374,35.8150101
"2012","2012072518","20","야간","수",1,1,0,0,0,"경기","광명시","차대차","측면직각충돌","측면직각충돌","운전자법규위반","안전거리 미확보","단일로","기타단일로","화물차","소형","이륜차","중형","942437  ","1935528 ",126.84948389,37.41710181
"2012","2012072316","30","주간","월",1,2,0,1,0,"충남","예산군","차대차","정면충돌","정면충돌","운전자법규위반","중앙선 침범","단일로","기타단일로","화물차","소형","건설기계","건설기계","947803  ","1843875 ",126.91647059,36.59126448
"2012","2012072315","30","주간","월",1,2,1,0,0,"경기","하남시","차대차","측면직각충돌","측면직각충돌","운전자법규위반","안전운전 의무 불이행","단일로","횡단보도상","화물차","중형","이륜차","소형","976988  ","1942597 ",127.24082537,37.48521884
"2012","2012072616","20","주간","목",1,1,0,0,0,"서울","종로구","차대사람","기타","기타","운전자법규위반","안전운전 의무 불이행","단일로","기타단일로","화물차","소형","보행자","보행자","952693  ","1955006 ",126.96412781,37.5932431
"2012","2012080222","10","야간","목",1,1,0,0,0,"광주","남구","차대차","정면충돌","정면충돌","운전자법규위반","신호위반","교차로","교차로내","원동기장치자전거","원동기장치자전거","화물차","소형","944917  ","1679829 ",126.89553978,35.11212029
"2012","2012061301","10","야간","수",1,1,0,0,0,"부산","진구","차대차","측면직각충돌","측면직각충돌","운전자법규위반","중앙선 침범","단일로","기타단일로","이륜차","소형","승용차","중형","1139655 ","1685403 ",129.03325759,35.15418635
"2012","2012061716","48","주간","일",1,1,0,0,0,"충남","홍성군","차량단독","공작물충돌","공작물충돌","운전자법규위반","안전운전 의무 불이행","단일로","기타단일로","승합차","소형","00","00","923754  ","1842234 ",126.6478033,36.57485307
"2012","2012061811","45","주간","월",1,1,0,0,0,"경남","합천군","차대차","추돌","진행중 추돌","운전자법규위반","앞지르기 금지위반","교차로","교차로내","특수차","대형","원동기장치자전거","원동기장치자전거","1077055 ","1723646 ",128.34967377,35.50573209
"2012","2012061812","15","주간","월",1,1,0,0,0,"경기","안성시","차대차","측면직각충돌","측면직각충돌","운전자법규위반","안전운전 의무 불이행","단일로","기타단일로","승용차","소형","자전거","자전거","979555  ","1888952 ",127.27022281,36.99882793
"2012","2012062212","39","주간","금",2,2,0,0,0,"전남","장흥군","차량단독","공작물충돌","공작물충돌","운전자법규위반","안전운전 의무 불이행","교차로","교차로내","화물차","중형","00","00","951954  ","1641908 ",126.97494215,34.7705415
"2012","2012062110","40","주간","목",1,1,0,0,0,"경북","청송군","차량단독","전도전복","전도전복","운전자법규위반","기타(운전자법규위반)","단일로","기타단일로","화물차","대형","00","00","1136476 ","1833818 ",129.02372655,36.49229694
"2012","2012062019","15","야간","수",1,1,0,0,0,"전남","장흥군","차대차","추돌","진행중 추돌","운전자법규위반","앞지르기 금지위반","단일로","기타단일로","승합차","대형","이륜차","소형","949724  ","1614761 ",126.95218579,34.52563454
"2012","2012062614","05","주간","화",1,1,0,0,0,"충남","태안군","차대차","기타","기타","운전자법규위반","안전운전 의무 불이행","단일로","기타단일로","원동기장치자전거","원동기장치자전거","화물차","소형","893885  ","1867645 ",126.31049262,36.80102786