"발생년","발생년월일시","발생분","주야","요일","사망자수","사상자수","중상자수","경상자수","부상신고자수","발생지시도","발생지시군구","사고유형_대분류","사고유형_중분류","사고유형","법규위반_대분류","법규위반","도로형태_대분류","도로형태","당사자종별_1당_대분류","당사자종별_1당","당사자종별_2당_대분류","당사자종별_2당","발생위치X_UTMK","발생위치Y_UTMK","경도","위도"
"2012","2012062810","48","주간","목",1,1,0,0,0,"경남","창원시(통합)","차대사람","횡단중","횡단중","운전자법규위반","안전운전 의무 불이행","단일로","횡단보도부근","승용차","대형","보행자","보행자","1097421 ","1691741 ",128.57041157,35.21630782
"2012","2012062518","01","야간","월",1,2,1,0,0,"대전","동구","차량단독","공작물충돌","공작물충돌","운전자법규위반","안전운전 의무 불이행","고가도로위","고가도로위","원동기장치자전거","원동기장치자전거","00","00","993104  ","1816108 ",127.42315277,36.34234206
"2012","2012062423","52","야간","일",1,1,0,0,0,"서울","강남구","차대사람","횡단중","횡단중","운전자법규위반","신호위반","단일로","횡단보도상","승용차","중형","보행자","보행자","961630  ","1943385 ",127.06596672,37.48891522
"2012","2012062506","14","주간","월",1,1,0,0,0,"경남","의령군","차대차","정면충돌","정면충돌","운전자법규위반","중앙선 침범","단일로","기타단일로","이륜차","사발이","승용차","소형","1077143 ","1716307 ",128.34994739,35.43955873
"2012","2012062408","35","주간","일",1,1,0,0,0,"경기","안성시","차량단독","공작물충돌","공작물충돌","운전자법규위반","안전운전 의무 불이행","단일로","기타단일로","승용차","중형","00","00","970194  ","1888918 ",127.16501916,36.99827116
"2012","2012062818","50","야간","목",1,1,0,0,0,"광주","북구","차대사람","횡단중","횡단중","운전자법규위반","보행자 보호의무 위반","단일로","기타단일로","승용차","중형","보행자","보행자","946540  ","1684805 ",126.9130272,35.15707522
"2012","2012070414","50","주간","수",2,6,1,3,0,"경북","안동시","차대차","정면충돌","정면충돌","운전자법규위반","중앙선 침범","기타/불명","기타/불명","화물차","소형","건설기계","건설기계","1126969 ","1841911 ",128.91894524,36.5665423
"2012","2012070223","30","야간","월",1,2,0,1,0,"경북","포항시","차대차","측면직각충돌","측면직각충돌","운전자법규위반","신호위반","교차로","교차로내","원동기장치자전거","원동기장치자전거","승용차","중형","1170791 ","1788865 ",129.39684304,36.08173992
"2012","2012070915","00","주간","월",1,1,0,0,0,"경기","화성시","차대차","추돌","진행중 추돌","운전자법규위반","안전거리 미확보","기타/불명","기타/불명","이륜차","중형","이륜차","소형","946845  ","1900300 ",126.90160754,37.10009677
"2014","2014022700","17","야간","목",1,2,0,1,0,"경남","밀양시","차대사람","횡단중","횡단중","운전자법규위반","안전운전 의무 불이행","단일로","기타단일로","승용차","소형","보행자","보행자","1127503 ","1726116 ",128.9062244,35.52279724
"2014","2014022520","40","야간","화",1,1,0,0,0,"경남","고성군","차대차","정면충돌","정면충돌","운전자법규위반","중앙선 침범","단일로","기타단일로","승용차","중형","승용차","소형","1088166 ","1673377 ",128.45952876,35.05252741
"2014","2014022519","00","야간","화",1,1,0,0,0,"전북","무주군","차량단독","도로이탈","도로이탈 추락","운전자법규위반","안전운전 의무 불이행","단일로","기타단일로","이륜차","사발이","00","00","1019599 ","1769103 ",127.71723453,35.91838505
"2014","2014022508","50","주간","화",1,1,0,0,0,"경북","경주시","차량단독","도로이탈","도로이탈 추락","운전자법규위반","안전운전 의무 불이행","단일로","기타단일로","승용차","경형","00","00","1150577 ","1762202 ",129.16737286,35.84479153
"2014","2014022520","10","야간","화",1,1,0,0,0,"서울","광진구","차량단독","기타","기타","운전자법규위반","기타(운전자법규위반)","단일로","기타단일로","화물차","소형","00","00","963185  ","1951252 ",127.08316178,37.55988688
"2014","2014031006","52","주간","월",1,1,0,0,0,"울산","북구","차대차","측면직각충돌","측면직각충돌","운전자법규위반","안전거리 미확보","단일로","기타단일로","화물차","중형","이륜차","소형","1170084 ","1731046 ",129.37668639,35.56083778
"2014","2014031019","20","야간","월",1,1,0,0,0,"경북","의성군","차대차","추돌","진행중 추돌","운전자법규위반","안전운전 의무 불이행","단일로","기타단일로","승용차","소형","농기계","농기계","1104542 ","1826426 ",128.66633577,36.42969896
"2014","2014030809","10","주간","토",1,1,0,0,0,"경북","예천군","차대차","측면직각충돌","측면직각충돌","운전자법규위반","부당한 회전","단일로","기타단일로","농기계","농기계","승용차","중형","1079758 ","1836780 ",128.39088145,36.52540355
"2014","2014031504","56","야간","토",1,1,0,0,0,"부산","기장군","차량단독","기타","기타","운전자법규위반","안전운전 의무 불이행","단일로","기타단일로","승용차","중형","00","00","1159275 ","1703752 ",129.25213332,35.31664668
"2012","2012093016","30","주간","일",1,1,0,0,0,"대구","서구","차대차","기타","기타","운전자법규위반","안전운전 의무 불이행","단일로","기타단일로","자전거","자전거","불명","불명","1096692 ","1765744 ",128.56956544,35.88411124
"2012","2012093011","05","주간","일",1,1,0,0,0,"서울","관악구","차대사람","기타","기타","운전자법규위반","안전운전 의무 불이행","단일로","기타단일로","화물차","소형","보행자","보행자","948688  ","1940836 ",126.91975325,37.46531197
"2012","2012092700","11","야간","목",1,1,0,0,0,"강원","강릉시","차대사람","횡단중","횡단중","운전자법규위반","안전운전 의무 불이행","단일로","기타단일로","승용차","경형","보행자","보행자","1123878 ","1975154 ",128.90649262,37.76766684
"2012","2012100207","32","주간","화",1,1,0,0,0,"경기","부천시","차대차","추돌","주정차중 추돌","운전자법규위반","안전운전 의무 불이행","단일로","기타단일로","화물차","경형","화물차","중형","937278  ","1943212 ",126.79053241,37.48602291
"2012","2012112604","20","야간","월",2,2,0,0,0,"전남","화순군","차대차","측면직각충돌","측면직각충돌","운전자법규위반","신호위반","교차로","교차로내","화물차","소형","특수차","대형","951871  ","1673243 ",126.97222991,35.05309124
"2012","2012112805","33","야간","수",1,1,0,0,0,"전남","여수시","차대사람","횡단중","횡단중","운전자법규위반","안전운전 의무 불이행","단일로","기타단일로","승합차","중형","보행자","보행자","1020815 ","1639912 ",127.72885183,34.74779596
"2012","2012112818","30","야간","수",1,2,1,0,0,"충남","아산시","차대차","기타","기타","운전자법규위반","안전운전 의무 불이행","단일로","기타단일로","승합차","소형","화물차","소형","965909  ","1864458 ",127.11796246,36.7776333
"2012","2012112410","30","주간","토",1,1,0,0,0,"경북","성주군","차대사람","길가장자리구역통행중","길가장자리구역통행중","운전자법규위반","안전운전 의무 불이행","교차로","교차로내","화물차","소형","보행자","보행자","1064895 ","1769769 ",128.21979049,35.92244663
"2012","2012112809","05","주간","수",1,2,0,1,0,"충남","당진시","차대차","측면직각충돌","측면직각충돌","운전자법규위반","신호위반","교차로","교차로내","승용차","소형","승용차","중형","934661  ","1867408 ",126.76755139,36.80258479
"2012","2012112907","10","주간","목",1,1,0,0,0,"강원","춘천시","차량단독","공작물충돌","공작물충돌","운전자법규위반","안전운전 의무 불이행","단일로","기타단일로","승용차","소형","00","00","1022354 ","1981548 ",127.75403534,37.83341764
"2012","2012112914","03","주간","목",1,1,0,0,0,"경기","수원시","차대차","측면직각충돌","측면직각충돌","운전자법규위반","중앙선 침범","단일로","기타단일로","자전거","자전거","승합차","소형","957276  ","1916783 ",127.01825235,37.24894565
"2012","2012113000","03","야간","금",1,1,0,0,0,"대전","중구","차대사람","차도통행중","차도통행중","운전자법규위반","신호위반","교차로","교차로내","승용차","중형","보행자","보행자","992546  ","1813970 ",127.41695503,36.32306291
"2012","2012110811","15","주간","목",1,2,1,0,0,"광주","북구","차량단독","공작물충돌","공작물충돌","운전자법규위반","안전운전 의무 불이행","단일로","기타단일로","원동기장치자전거","원동기장치자전거","00","00","944510  ","1689794 ",126.88950141,35.20216118
"2012","2012110813","00","주간","목",1,1,0,0,0,"경북","상주시","차량단독","도로이탈","도로이탈 기타","운전자법규위반","안전운전 의무 불이행","교차로","교차로부근","이륜차","중형","00","00","1049647 ","1838215 ",128.05465835,36.54037762
"2012","2012110913","40","주간","금",1,3,2,0,0,"경남","함안군","차대차","정면충돌","정면충돌","운전자법규위반","안전운전 의무 불이행","교차로","교차로내","건설기계","건설기계","승용차","중형","1091024 ","1700898 ",128.50114933,35.29946538
"2012","2012110804","55","야간","목",1,1,0,0,0,"부산","남구","차대사람","횡단중","횡단중","운전자법규위반","안전운전 의무 불이행","단일로","기타단일로","승용차","중형","보행자","보행자","1145846 ","1683338 ",129.10084023,35.13469396
"2012","2012110623","55","야간","화",1,1,0,0,0,"경기","파주시","차대사람","기타","기타","운전자법규위반","안전운전 의무 불이행","단일로","기타단일로","승합차","대형","보행자","보행자","942825  ","1975114 ",126.85077589,37.77391222
"2012","2012092316","10","주간","일",1,1,0,0,0,"충남","논산시","차량단독","전도전복","전도전복","운전자법규위반","안전운전 의무 불이행","기타/불명","기타/불명","농기계","농기계","00","00","962843  ","1795980 ",127.08689308,36.1601889
"2012","2012092416","45","주간","월",1,1,0,0,0,"경북","의성군","차량단독","공작물충돌","공작물충돌","운전자법규위반","안전운전 의무 불이행","단일로","교량위","원동기장치자전거","원동기장치자전거","00","00","1105826 ","1817985 ",128.67944024,36.35346742
"2012","2012102702","50","야간","토",2,4,2,0,0,"경북","경산시","차대차","기타","기타","운전자법규위반","안전운전 의무 불이행","단일로","기타단일로","승용차","중형","특수차","중형","1114684 ","1763192 ",128.77016529,35.85857287
"2012","2012102907","45","주간","월",1,1,0,0,0,"경기","안양시","차량단독","기타","기타","운전자법규위반","기타(운전자법규위반)","단일로","기타단일로","승합차","중형","00","00","949068  ","1932587 ",126.92383372,37.39475503
"2012","2012102906","14","주간","월",1,1,0,0,0,"인천","연수구","차대사람","횡단중","횡단중","운전자법규위반","안전운전 의무 불이행","교차로","교차로내","승용차","소형","보행자","보행자","927870  ","1935294 ",126.68489962,37.41397241
"2012","2012101213","25","주간","금",1,1,0,0,0,"경기","동두천시","차량단독","공작물충돌","공작물충돌","운전자법규위반","안전운전 의무 불이행","교차로","교차로부근","원동기장치자전거","원동기장치자전거","00","00","961372  ","1994154 ",127.0603525,37.94648896
"2012","2012100717","40","주간","일",1,1,0,0,0,"인천","연수구","차대차","측면직각충돌","측면직각충돌","운전자법규위반","신호위반","교차로","교차로내","승용차","중형","이륜차","중형","923672  ","1933804 ",126.63761912,37.4002068
"2012","2012100810","30","주간","월",1,1,0,0,0,"경남","양산시","차대사람","횡단중","횡단중","운전자법규위반","보행자 보호의무 위반","단일로","횡단보도상","건설기계","건설기계","보행자","보행자","1136380 ","1704380 ",128.97796001,35.31765894
"2012","2012101210","35","주간","금",1,1,0,0,0,"부산","남구","차대사람","횡단중","횡단중","운전자법규위반","안전운전 의무 불이행","단일로","기타단일로","승용차","경형","보행자","보행자","1142776 ","1683306 ",129.06714898,35.1348459
"2012","2012101118","35","야간","목",1,1,0,0,0,"광주","북구","차대차","기타","기타","운전자법규위반","안전운전 의무 불이행","교차로","교차로내","승용차","소형","자전거","자전거","942162  ","1692947 ",126.8643892,35.23024594
"2012","2012101216","50","주간","금",1,1,0,0,0,"충남","아산시","차대사람","횡단중","횡단중","운전자법규위반","안전운전 의무 불이행","교차로","교차로부근","화물차","소형","보행자","보행자","944471  ","1861298 ",126.87796002,36.74813419
"2012","2012101314","10","주간","토",1,5,1,3,0,"경북","영주시","차대차","추돌","주정차중 추돌","운전자법규위반","안전운전 의무 불이행","교차로","교차로부근","승용차","대형","화물차","대형","1108426 ","1856973 ",128.71389108,36.70458164
"2012","2012100505","50","야간","금",1,1,0,0,0,"전남","강진군","차량단독","도로이탈","도로이탈 기타","운전자법규위반","안전운전 의무 불이행","단일로","기타단일로","원동기장치자전거","원동기장치자전거","00","00","937147  ","1635958 ",126.81358083,34.71608398
"2012","2012101019","10","야간","수",1,1,0,0,0,"경기","양주시","차대차","기타","기타","운전자법규위반","교차로 통행방법 위반","교차로","교차로내","승용차","중형","원동기장치자전거","원동기장치자전거","961505  ","1982462 ",127.06522914,37.84309195
"2012","2012100522","25","야간","금",1,1,0,0,0,"경기","여주시","차대사람","기타","기타","운전자법규위반","안전운전 의무 불이행","단일로","기타단일로","승합차","중형","보행자","보행자","1012550 ","1907256 ",127.64135322,37.16396387
"2012","2012100612","05","주간","토",1,1,0,0,0,"대구","수성구","차량단독","공작물충돌","공작물충돌","운전자법규위반","안전운전 의무 불이행","교차로","교차로부근","건설기계","건설기계","00","00","1101474 ","1759849 ",128.62346171,35.82989515
"2012","2012102102","40","야간","일",2,4,1,1,0,"전남","무안군","차량단독","공작물충돌","공작물충돌","운전자법규위반","과속","단일로","기타단일로","승용차","경형","00","00","902592  ","1669232 ",126.43238196,35.01337476
"2012","2012102621","38","야간","금",1,1,0,0,0,"전남","광양시","차대사람","기타","기타","운전자법규위반","안전운전 의무 불이행","단일로","기타단일로","승용차","중형","보행자","보행자","1020353 ","1663089 ",127.7229406,34.96247168
"2012","2012102300","10","야간","화",1,1,0,0,0,"대전","유성구","차량단독","공작물충돌","공작물충돌","운전자법규위반","안전운전 의무 불이행","단일로","기타단일로","승용차","소형","00","00","989255  ","1823554 ",127.38015766,36.40943513
"2012","2012102308","30","주간","화",1,1,0,0,0,"전남","진도군","차대차","추돌","진행중 추돌","운전자법규위반","교차로 통행방법 위반","교차로","교차로내","화물차","소형","농기계","농기계","888435  ","1605873 ",126.28512511,34.44100728
"2012","2012102619","45","야간","금",1,1,0,0,0,"경기","광명시","차대사람","기타","기타","운전자법규위반","안전운전 의무 불이행","단일로","기타단일로","승용차","소형","보행자","보행자","944092  ","1942802 ",126.86763422,37.48276521
"2012","2012102310","45","주간","화",1,2,0,1,0,"울산","울주군","차대차","추돌","진행중 추돌","운전자법규위반","안전거리 미확보","단일로","기타단일로","승용차","소형","농기계","농기계","1152768 ","1745067 ",129.18835723,35.69002568
"2012","2012102315","20","주간","화",1,1,0,0,0,"경북","예천군","차대차","기타","기타","운전자법규위반","안전운전 의무 불이행","단일로","기타단일로","원동기장치자전거","원동기장치자전거","화물차","중형","1084548 ","1850638 ",128.44590156,36.64990555
"2012","2012102721","10","야간","토",1,1,0,0,0,"전남","해남군","차량단독","공작물충돌","공작물충돌","운전자법규위반","안전운전 의무 불이행","단일로","기타단일로","승용차","중형","00","00","907465  ","1596994 ",126.49369736,34.36249897
"2012","2012102821","49","야간","일",1,1,0,0,0,"서울","강동구","차량단독","기타","기타","운전자법규위반","안전운전 의무 불이행","기타/불명","기타/불명","화물차","경형","00","00","972105  ","1951976 ",127.18426531,37.56671732
"2012","2012100711","55","주간","일",1,1,0,0,0,"경기","수원시","차대사람","횡단중","횡단중","운전자법규위반","안전운전 의무 불이행","단일로","기타단일로","승용차","중형","보행자","보행자","957074  ","1925041 ",127.01549771,37.32337126
"2012","2012101115","00","주간","목",1,1,0,0,0,"인천","중구","차대차","정면충돌","정면충돌","운전자법규위반","신호위반","교차로","교차로내","화물차","대형","이륜차","소형","922804  ","1939732 ",126.62719313,37.45356233
"2012","2012100706","00","주간","일",1,2,0,1,0,"충북","청주시","차대차","기타","기타","운전자법규위반","안전운전 의무 불이행","교차로","교차로부근","승용차","소형","특수차","대형","997965  ","1845818 ",127.47724431,36.61020693
"2012","2012101207","40","주간","금",1,1,0,0,0,"제주","제주시","차대사람","기타","기타","운전자법규위반","안전운전 의무 불이행","단일로","기타단일로","승용차","경형","보행자","보행자","904064  ","1500719 ",126.46725008,33.49402564
"2012","2012100808","10","주간","월",1,1,0,0,0,"경북","경산시","차량단독","전도전복","전도전복","운전자법규위반","안전운전 의무 불이행","교차로","교차로부근","특수차","소형","00","00","1115319 ","1757236 ",128.77581294,35.80322103
"2012","2012101213","58","주간","금",1,1,0,0,0,"대구","달성군","차대사람","횡단중","횡단중","운전자법규위반","안전운전 의무 불이행","교차로","교차로내","건설기계","건설기계","보행자","보행자","1082964 ","1736592 ",128.41615179,35.62196958
"2012","2012100903","37","야간","화",1,1,0,0,0,"서울","강서구","차대사람","기타","기타","운전자법규위반","안전운전 의무 불이행","단일로","기타단일로","승용차","중형","보행자","보행자","942631  ","1950221 ",126.85053079,37.54954352
"2012","2012101218","25","야간","금",1,1,0,0,0,"강원","영월군","차대사람","횡단중","횡단중","운전자법규위반","안전운전 의무 불이행","교차로","교차로내","승용차","소형","보행자","보행자","1080176 ","1911404 ",128.40343399,37.19799395
"2012","2012101216","15","주간","금",1,1,0,0,0,"서울","동작구","차대사람","횡단중","횡단중","운전자법규위반","보행자 보호의무 위반","단일로","횡단보도상","화물차","소형","보행자","보행자","954200  ","1942500 ",126.98197811,37.48059978
"2012","2012101303","40","야간","토",1,1,0,0,0,"대구","남구","차량단독","공작물충돌","공작물충돌","운전자법규위반","안전운전 의무 불이행","기타/불명","기타/불명","승용차","중형","00","00","1099897 ","1761379 ",128.60619649,35.84384926
"2012","2012101305","50","야간","토",1,1,0,0,0,"서울","동대문구","차대사람","횡단중","횡단중","운전자법규위반","안전운전 의무 불이행","단일로","횡단보도상","이륜차","중형","보행자","보행자","959377  ","1952787 ",127.03996179,37.57356216
"2012","2012101323","25","야간","토",1,1,0,0,0,"경북","의성군","차대사람","보도통행중","보도통행중","운전자법규위반","안전운전 의무 불이행","단일로","기타단일로","승용차","대형","보행자","보행자","1085144 ","1820666 ",128.44926306,36.37968716
"2012","2012101418","48","야간","일",1,1,0,0,0,"경기","수원시","차대사람","횡단중","횡단중","운전자법규위반","안전운전 의무 불이행","단일로","기타단일로","승용차","중형","보행자","보행자","953902  ","1920807 ",126.97995977,37.28505569
"2012","2012101808","05","주간","목",1,1,0,0,0,"전남","순천시","차대차","기타","기타","운전자법규위반","안전운전 의무 불이행","교차로","교차로내","승용차","중형","원동기장치자전거","원동기장치자전거","998430  ","1664122 ",127.4835131,34.97030397
"2012","2012101810","25","주간","목",1,2,1,0,0,"인천","부평구","차대차","측면직각충돌","측면직각충돌","운전자법규위반","중앙선 침범","고가도로위","고가도로위","이륜차","소형","승용차","중형","932199  ","1947193 ",126.73271971,37.52154413
"2012","2012101818","20","야간","목",1,1,0,0,0,"경북","청송군","차대사람","횡단중","횡단중","운전자법규위반","안전운전 의무 불이행","단일로","기타단일로","화물차","소형","보행자","보행자","1139234 ","1837288 ",129.0449928,36.52425822
"2012","2012101520","15","야간","월",1,1,0,0,0,"충남","논산시","차대차","측면직각충돌","측면직각충돌","운전자법규위반","직진 및 우회전차의 통행방해","교차로","교차로내","이륜차","소형","승용차","중형","958520  ","1794190 ",127.03813649,36.14398098
"2012","2012101912","27","주간","금",1,3,0,2,0,"대전","서구","차대차","기타","기타","운전자법규위반","안전거리 미확보","교차로","교차로부근","화물차","경형","승용차","소형","990446  ","1819235 ",127.39349436,36.37051047
"2012","2012101923","00","야간","금",1,1,0,0,0,"경남","창원시(통합)","차대사람","차도통행중","차도통행중","운전자법규위반","안전운전 의무 불이행","교차로","교차로부근","승용차","중형","보행자","보행자","1106536 ","1684717 ",128.66963693,35.15205765
"2012","2012101518","25","야간","월",1,1,0,0,0,"대전","유성구","차대사람","보도통행중","보도통행중","운전자법규위반","보행자 보호의무 위반","단일로","횡단보도상","승용차","중형","보행자","보행자","989389  ","1824626 ",127.38163754,36.41910102
"2012","2012100320","05","야간","수",1,1,0,0,0,"인천","연수구","차대차","측면직각충돌","측면직각충돌","운전자법규위반","안전운전 의무 불이행","교차로","교차로내","자전거","자전거","승용차","소형","925003  ","1936133 ",126.65241924,37.42130636
"2012","2012092920","19","야간","토",1,1,0,0,0,"부산","강서구","차대차","기타","기타","운전자법규위반","신호위반","단일로","기타단일로","이륜차","소형","승용차","중형","1126800 ","1681328 ",128.89052271,35.1182026
"2012","2012100505","02","야간","금",1,1,0,0,0,"부산","사상구","차대사람","횡단중","횡단중","운전자법규위반","안전운전 의무 불이행","단일로","횡단보도상","승합차","소형","보행자","보행자","1135753 ","1688865 ",128.99100072,35.18592776
"2012","2012092620","25","야간","수",1,1,0,0,0,"서울","마포구","차대차","기타","기타","운전자법규위반","안전운전 의무 불이행","단일로","횡단보도상","승용차","소형","이륜차","중형","945995  ","1953142 ",126.88839709,37.57607398
"2012","2012100110","50","주간","월",1,4,3,0,0,"경남","창원시(통합)","차대차","기타","기타","운전자법규위반","안전운전 의무 불이행","단일로","기타단일로","이륜차","소형","승용차","중형","1085398 ","1678855 ",128.43699262,35.1012236
"2012","2012092713","10","주간","목",1,1,0,0,0,"충남","천안시","차대사람","기타","기타","운전자법규위반","보행자 보호의무 위반","단일로","기타단일로","불명","불명","보행자","보행자","965612  ","1882226 ",127.11382924,36.93779116
"2012","2012112720","10","야간","화",1,1,0,0,0,"서울","송파구","차대사람","횡단중","횡단중","운전자법규위반","안전운전 의무 불이행","단일로","기타단일로","승용차","중형","보행자","보행자","968452  ","1943869 ",127.14311346,37.49353606
"2013","2013091601","54","야간","월",1,1,0,0,0,"경기","양주시","차량단독","기타","기타","운전자법규위반","안전운전 의무 불이행","교차로","교차로부근","승용차","중형","00","00","956588  ","1990125 ",127.00614776,37.90996084
"2013","2013091611","30","주간","월",1,1,0,0,0,"충남","보령시","차대사람","횡단중","횡단중","운전자법규위반","안전운전 의무 불이행","단일로","기타단일로","화물차","중형","보행자","보행자","913686  ","1806051 ",126.53931226,36.2478403
"2013","2013091613","56","주간","월",1,2,1,0,0,"전북","임실군","차대차","정면충돌","정면충돌","운전자법규위반","중앙선 침범","단일로","기타단일로","화물차","대형","승용차","중형","978921  ","1734102 ",127.25445579,35.53689477
"2013","2013092717","15","주간","금",1,1,0,0,0,"경기","가평군","차량단독","공작물충돌","공작물충돌","운전자법규위반","안전운전 의무 불이행","단일로","기타단일로","이륜차","대형","00","00","994801  ","1966284 ",127.44102661,37.69609845
"2013","2013092720","45","야간","금",1,2,0,1,0,"경기","포천시","차대차","측면직각충돌","측면직각충돌","운전자법규위반","신호위반","교차로","교차로내","승용차","소형","승합차","대형","975894  ","1975704 ",127.22652199,37.78047256
"2013","2013092600","08","야간","목",1,1,0,0,0,"경기","광명시","차량단독","공작물충돌","공작물충돌","운전자법규위반","안전운전 의무 불이행","교차로","교차로내","화물차","대형","00","00","945145  ","1939915 ",126.87842689,37.45770589
"2013","2013092313","52","주간","월",1,7,3,3,0,"전남","장흥군","차대차","정면충돌","정면충돌","운전자법규위반","중앙선 침범","단일로","기타단일로","승합차","소형","승합차","소형","945332  ","1635979 ",126.90296344,34.71674416
"2013","2013092320","30","야간","월",1,1,0,0,0,"전북","전주시","차대사람","횡단중","횡단중","운전자법규위반","보행자 보호의무 위반","교차로","교차로부근","화물차","소형","보행자","보행자","964886  ","1756076 ",127.11137432,35.80050002
"2012","2012101612","40","주간","화",1,1,0,0,0,"광주","남구","차대차","기타","기타","운전자법규위반","교차로 통행방법 위반","교차로","교차로내","승용차","경형","불명","불명","945254  ","1682338 ",126.89907157,35.13476173
"2012","2012101717","10","주간","수",1,1,0,0,0,"경기","김포시","차대사람","길가장자리구역통행중","길가장자리구역통행중","운전자법규위반","안전운전 의무 불이행","단일로","기타단일로","승용차","대형","보행자","보행자","937036  ","1954841 ",126.78679765,37.59081756
"2012","2012102109","55","주간","일",1,1,0,0,0,"충남","금산군","차대차","정면충돌","정면충돌","운전자법규위반","중앙선 침범","단일로","기타단일로","원동기장치자전거","원동기장치자전거","승용차","중형","999625  ","1793535 ",127.49583191,36.13885798
"2012","2012101816","40","주간","목",2,3,0,1,0,"경기","양평군","차대차","기타","기타","운전자법규위반","안전운전 의무 불이행","단일로","기타단일로","승용차","중형","승용차","중형","1014612 ","1947065 ",127.66536284,37.52276699
"2012","2012102106","47","주간","일",1,1,0,0,0,"전남","해남군","차량단독","공작물충돌","공작물충돌","운전자법규위반","안전운전 의무 불이행","단일로","기타단일로","화물차","소형","00","00","918176  ","1615395 ",126.60840317,34.52932604
"2012","2012101416","15","주간","일",1,1,0,0,0,"경남","창원시(통합)","차량단독","공작물충돌","공작물충돌","운전자법규위반","안전운전 의무 불이행","단일로","기타단일로","농기계","농기계","00","00","1086586 ","1679513 ",128.44850717,35.10735569
"2012","2012100505","15","야간","금",1,1,0,0,0,"강원","고성군","차대사람","기타","기타","운전자법규위반","안전운전 의무 불이행","단일로","기타단일로","화물차","소형","보행자","보행자","1084103 ","2046924 ",128.46341832,38.41894596
"2012","2012100118","14","야간","월",1,3,1,1,0,"전북","군산시","차대차","추돌","진행중 추돌","운전자법규위반","과속","단일로","기타단일로","이륜차","소형","이륜차","소형","908030  ","1757901 ",126.4819697,35.81327182
"2012","2012092717","13","주간","목",1,1,0,0,0,"경기","양평군","차대사람","보도통행중","보도통행중","운전자법규위반","보행자 보호의무 위반","단일로","횡단보도상","건설기계","건설기계","보행자","보행자","984108  ","1949427 ",127.32010043,37.54403588
"2012","2012092720","35","야간","목",1,1,0,0,0,"전남","해남군","차대사람","횡단중","횡단중","운전자법규위반","안전운전 의무 불이행","단일로","기타단일로","승용차","중형","보행자","보행자","899160  ","1635009 ",126.39467418,34.70720547
"2012","2012100222","20","야간","화",1,2,0,1,0,"충남","아산시","차량단독","공작물충돌","공작물충돌","운전자법규위반","안전운전 의무 불이행","고가도로위","고가도로위","승용차","중형","00","00","953050  ","1865610 ",126.97379307,36.78746783
"2012","2012092719","00","야간","목",1,2,0,1,0,"서울","용산구","차대차","측면직각충돌","측면직각충돌","운전자법규위반","신호위반","교차로","교차로내","이륜차","중형","이륜차","중형","952439  ","1947149 ",126.96176036,37.52241345
"2012","2012113006","00","주간","금",1,1,0,0,0,"경북","경산시","차대사람","기타","기타","운전자법규위반","안전운전 의무 불이행","교차로","교차로부근","승용차","중형","보행자","보행자","1118301 ","1758425 ",128.80950914,35.81517383
"2012","2012112919","50","야간","목",1,1,0,0,0,"부산","남구","차대사람","횡단중","횡단중","운전자법규위반","안전운전 의무 불이행","단일로","기타단일로","승용차","소형","보행자","보행자","1146639 ","1682549 ",129.10940136,35.12746689
"2012","2012112604","46","야간","월",1,2,0,1,0,"부산","강서구","차대차","추돌","주정차중 추돌","운전자법규위반","안전운전 의무 불이행","교차로","교차로부근","화물차","중형","화물차","중형","1128738 ","1678022 ",128.91228569,35.08910763
"2012","2012112303","35","야간","금",1,1,0,0,0,"경남","진주시","차대차","측면직각충돌","측면직각충돌","운전자법규위반","신호위반","교차로","교차로내","화물차","소형","화물차","소형","1052364 ","1689491 ",128.07523723,35.19938527
"2012","2012112217","50","주간","목",1,1,0,0,0,"충남","당진시","차대사람","횡단중","횡단중","운전자법규위반","안전운전 의무 불이행","교차로","교차로내","화물차","소형","보행자","보행자","922347  ","1877066 ",126.62853765,36.88870816
"2012","2012112620","35","야간","월",1,2,1,0,0,"충남","부여군","차대차","측면직각충돌","측면직각충돌","운전자법규위반","안전운전 의무 불이행","단일로","기타단일로","승용차","대형","원동기장치자전거","원동기장치자전거","946796  ","1808916 ",126.90761323,36.27606029
"2012","2012111013","30","주간","토",1,12,7,4,0,"전북","부안군","차대차","측면직각충돌","측면직각충돌","운전자법규위반","직진 및 우회전차의 통행방해","교차로","교차로내","승합차","소형","승합차","소형","923714  ","1746062 ",126.65668693,35.70788425
"2012","2012110717","42","주간","수",1,1,0,0,0,"충남","천안시","차량단독","도로이탈","도로이탈 추락","운전자법규위반","기타(운전자법규위반)","교차로","교차로부근","승용차","경형","00","00","982325  ","1861667 ",127.30199003,36.75292172
"2012","2012110622","30","야간","화",1,6,0,5,0,"서울","강북구","차대사람","횡단중","횡단중","운전자법규위반","안전운전 의무 불이행","단일로","횡단보도상","승합차","대형","보행자","보행자","958441  ","1960281 ",127.02893653,37.64106528
"2012","2012111023","20","야간","토",1,1,0,0,0,"대전","서구","차대차","추돌","주정차중 추돌","운전자법규위반","안전운전 의무 불이행","교차로","교차로부근","승합차","소형","승합차","대형","986498  ","1811879 ",127.35350698,36.30526858
"2012","2012092405","45","야간","월",2,3,1,0,0,"경북","상주시","차량단독","공작물충돌","공작물충돌","운전자법규위반","안전운전 의무 불이행","단일로","기타단일로","승용차","중형","00","00","1058448 ","1820962 ",128.15167529,36.38434986