"발생년","발생년월일시","발생분","주야","요일","사망자수","사상자수","중상자수","경상자수","부상신고자수","발생지시도","발생지시군구","사고유형_대분류","사고유형_중분류","사고유형","법규위반_대분류","법규위반","도로형태_대분류","도로형태","당사자종별_1당_대분류","당사자종별_1당","당사자종별_2당_대분류","당사자종별_2당","발생위치X_UTMK","발생위치Y_UTMK","경도","위도"
"2012","2012092607","40","주간","수",1,4,3,0,0,"경기","수원시","차량단독","공작물충돌","공작물충돌","운전자법규위반","중앙선 침범","단일로","기타단일로","승용차","중형","00","00","957226  ","1926262 ",127.01898526,37.31630059
"2012","2012092611","30","주간","수",1,1,0,0,0,"대구","달서구","차량단독","기타","기타","운전자법규위반","안전운전 의무 불이행","단일로","기타단일로","자전거","자전거","00","00","1088280 ","1760452 ",128.47747251,35.83660775
"2012","2012102509","15","주간","목",1,1,0,0,0,"충남","당진시","차대사람","횡단중","횡단중","운전자법규위반","안전운전 의무 불이행","단일로","기타단일로","화물차","중형","보행자","보행자","924793  ","1871242 ",126.65656236,36.83641075
"2012","2012102204","31","야간","월",1,1,0,0,0,"울산","울주군","차량단독","공작물충돌","공작물충돌","운전자법규위반","안전운전 의무 불이행","단일로","기타단일로","화물차","중형","00","00","1167439 ","1719274 ",129.34508623,35.45519934
"2012","2012102616","15","주간","금",1,1,0,0,0,"강원","평창군","차대차","측면직각충돌","측면직각충돌","운전자법규위반","중앙선 침범","단일로","기타단일로","원동기장치자전거","원동기장치자전거","승용차","경형","1084521 ","1944580 ",128.4561725,37.49661406
"2012","2012102618","25","야간","금",1,1,0,0,0,"경북","상주시","차대차","추돌","진행중 추돌","운전자법규위반","안전운전 의무 불이행","단일로","기타단일로","승용차","소형","농기계","농기계","1063165 ","1825571 ",128.20463985,36.42559989
"2012","2012102319","30","야간","화",1,1,0,0,0,"경남","밀양시","차대차","측면직각충돌","측면직각충돌","운전자법규위반","교차로 통행방법 위반","교차로","교차로내","승용차","중형","이륜차","소형","1120524 ","1712202 ",128.82721024,35.39824468
"2012","2012102719","55","야간","토",1,1,0,0,0,"경남","창원시(통합)","차대사람","기타","기타","운전자법규위반","안전운전 의무 불이행","단일로","기타단일로","승용차","중형","보행자","보행자","1103026 ","1696493 ",128.63150689,35.26036579
"2012","2012101205","30","야간","금",1,1,0,0,0,"경기","화성시","차량단독","공작물충돌","공작물충돌","운전자법규위반","안전운전 의무 불이행","단일로","기타단일로","승용차","소형","00","00","929717  ","1907726 ",126.70837732,37.16564071
"2012","2012091721","40","야간","월",1,1,0,0,0,"서울","성북구","차대차","측면직각충돌","측면직각충돌","운전자법규위반","차로위반(진로변경 위반)","단일로","기타단일로","이륜차","소형","승용차","경형","958834  ","1955816 ",127.03364243,37.60083912
"2012","2012092119","30","야간","금",1,2,0,1,0,"충남","아산시","차대차","정면충돌","정면충돌","운전자법규위반","중앙선 침범","단일로","기타단일로","원동기장치자전거","원동기장치자전거","승용차","경형","961093  ","1882141 ",127.06308736,36.93684911
"2012","2012092105","20","야간","금",1,1,0,0,0,"부산","기장군","차대차","추돌","주정차중 추돌","운전자법규위반","안전운전 의무 불이행","단일로","기타단일로","승용차","중형","승합차","대형","1161973 ","1704920 ",129.28203149,35.32673974
"2012","2012092002","35","야간","목",1,1,0,0,0,"전남","해남군","차대사람","기타","기타","운전자법규위반","안전운전 의무 불이행","단일로","기타단일로","화물차","소형","보행자","보행자","913126  ","1621701 ",126.55273782,34.5857723
"2012","2012091917","44","주간","수",1,1,0,0,0,"대전","유성구","차량단독","기타","기타","운전자법규위반","안전운전 의무 불이행","단일로","기타단일로","이륜차","중형","00","00","988884  ","1821251 ",127.37605276,36.38866863
"2012","2012092420","05","야간","월",1,1,0,0,0,"경북","경산시","차량단독","전도전복","전도전복","운전자법규위반","안전운전 의무 불이행","단일로","기타단일로","이륜차","중형","00","00","1116905 ","1758007 ",128.79399881,35.81157334
"2012","2012080809","23","주간","수",1,1,0,0,0,"충남","청양군","차대차","측면직각충돌","측면직각충돌","운전자법규위반","직진 및 우회전차의 통행방해","교차로","교차로내","이륜차","중형","화물차","소형","951340  ","1823525 ",126.9572921,36.40800066
"2012","2012080417","50","주간","토",1,1,0,0,0,"경북","성주군","차대차","기타","기타","운전자법규위반","중앙선 침범","단일로","기타단일로","자전거","자전거","승용차","중형","1070033 ","1769221 ",128.27622387,35.91713633
"2012","2012080418","45","야간","토",2,4,2,0,0,"경기","남양주시","차량단독","전도전복","전도전복","운전자법규위반","안전운전 의무 불이행","단일로","기타단일로","승용차","중형","00","00","971033  ","1954916 ",127.17187444,37.59319226
"2012","2012081214","45","주간","일",1,1,0,0,0,"경남","창녕군","차량단독","공작물충돌","공작물충돌","운전자법규위반","안전운전 의무 불이행","교차로","교차로부근","승용차","중형","00","00","1104376 ","1715226 ",128.64981011,35.42732881
"2012","2012070702","30","야간","토",1,1,0,0,0,"대전","유성구","차량단독","공작물충돌","공작물충돌","운전자법규위반","안전운전 의무 불이행","단일로","기타단일로","승용차","중형","00","00","984490  ","1818827 ",127.32710669,36.36675457
"2012","2012071206","10","주간","목",1,5,4,0,0,"부산","사상구","차대차","측면직각충돌","측면직각충돌","운전자법규위반","중앙선 침범","단일로","기타단일로","승용차","중형","승용차","중형","1134273 ","1685689 ",128.97423345,35.15749769
"2012","2012071311","10","주간","금",1,1,0,0,0,"대전","동구","차대사람","차도통행중","차도통행중","운전자법규위반","안전운전 의무 불이행","교차로","교차로내","승용차","대형","보행자","보행자","994837  ","1815402 ",127.44246955,36.33598803
"2012","2012071016","05","주간","화",1,3,2,0,0,"경북","영천시","차대차","기타","기타","운전자법규위반","과속","교차로","교차로내","승용차","대형","이륜차","사발이","1134801 ","1764150 ",128.99306723,35.86464582
"2012","2012070918","40","야간","월",1,2,1,0,0,"광주","북구","차대사람","횡단중","횡단중","운전자법규위반","보행자 보호의무 위반","단일로","횡단보도상","승용차","소형","보행자","보행자","948299  ","1687804 ",126.93215159,35.18420846
"2012","2012071517","40","주간","일",1,4,0,3,0,"전남","나주시","차대차","기타","기타","운전자법규위반","직진 및 우회전차의 통행방해","교차로","교차로내","승용차","소형","화물차","소형","919839  ","1660890 ",126.62219488,34.93967536
"2012","2012071419","51","야간","토",1,2,0,1,0,"전북","군산시","차대차","정면충돌","정면충돌","운전자법규위반","중앙선 침범","교차로","교차로부근","승용차","경형","화물차","소형","929951  ","1775040 ",126.72291585,35.96992711
"2012","2012071415","05","주간","토",1,1,0,0,0,"경기","의정부시","차대차","기타","기타","운전자법규위반","교차로 통행방법 위반","교차로","교차로내","이륜차","중형","자전거","자전거","960091  ","1967756 ",127.04722921,37.70851152
"2012","2012071420","20","야간","토",1,2,1,0,0,"인천","서구","차대차","추돌","주정차중 추돌","운전자법규위반","안전운전 의무 불이행","교차로","교차로부근","승용차","중형","이륜차","소형","928025  ","1947210 ",126.68548658,37.52138105
"2012","2012071405","30","야간","토",1,1,0,0,0,"세종","세종","차대차","측면직각충돌","측면직각충돌","운전자법규위반","직진 및 우회전차의 통행방해","교차로","교차로내","화물차","소형","원동기장치자전거","원동기장치자전거","984357  ","1838953 ",127.3270752,36.546843
"2012","2012071318","00","야간","금",1,1,0,0,0,"경기","평택시","차대사람","기타","기타","운전자법규위반","안전운전 의무 불이행","단일로","기타단일로","승합차","대형","보행자","보행자","963342  ","1888751 ",127.08802131,36.9965235
"2012","2012071817","25","주간","수",1,5,2,2,0,"경기","의왕시","차대차","추돌","진행중 추돌","운전자법규위반","안전운전 의무 불이행","단일로","기타단일로","화물차","소형","화물차","소형","953711  ","1927209 ",126.97740584,37.34275112
"2012","2012071815","11","주간","수",1,1,0,0,0,"전북","군산시","차대사람","횡단중","횡단중","운전자법규위반","보행자 보호의무 위반","교차로","교차로내","승용차","중형","보행자","보행자","928831  ","1774757 ",126.71068998,35.96696228
"2012","2012071820","27","야간","수",1,1,0,0,0,"전북","전주시","차대차","측면직각충돌","측면직각충돌","운전자법규위반","신호위반","단일로","기타단일로","승용차","중형","자전거","자전거","964126  ","1762125 ",127.10269142,35.85501024
"2012","2012071906","00","주간","목",1,1,0,0,0,"서울","관악구","차량단독","공작물충돌","공작물충돌","운전자법규위반","기타(운전자법규위반)","단일로","기타단일로","화물차","대형","00","00","950888  ","1943207 ",126.94447204,37.48680199
"2012","2012072406","15","주간","화",2,2,0,0,0,"충북","괴산군","차량단독","전도전복","전도전복","운전자법규위반","안전운전 의무 불이행","단일로","기타단일로","화물차","소형","00","00","1019112 ","1859307 ",127.71404924,36.73161901
"2012","2012073017","25","주간","월",1,1,0,0,0,"경북","울진군","차량단독","전도전복","전도전복","운전자법규위반","안전운전 의무 불이행","단일로","기타단일로","농기계","농기계","00","00","1160771 ","1899673 ",129.3087607,37.08189779
"2012","2012072820","30","야간","토",1,1,0,0,0,"경남","함안군","차량단독","도로이탈","도로이탈 추락","운전자법규위반","안전운전 의무 불이행","단일로","기타단일로","화물차","소형","00","00","1097350 ","1699318 ",128.57052931,35.28462509
"2012","2012091921","30","야간","수",1,1,0,0,0,"서울","중구","차대차","측면직각충돌","측면직각충돌","운전자법규위반","중앙선 침범","교차로","교차로부근","이륜차","중형","승용차","중형","955466  ","1951769 ",126.99573474,37.56420581
"2012","2012092517","56","주간","화",1,3,1,1,0,"전남","광양시","차대차","기타","기타","운전자법규위반","안전운전 의무 불이행","교차로","교차로부근","승용차","소형","승용차","중형","1007823 ","1664891 ",127.58570794,34.97889555
"2012","2012092303","20","야간","일",1,1,0,0,0,"경기","고양시","차량단독","공작물충돌","공작물충돌","운전자법규위반","안전운전 의무 불이행","단일로","기타단일로","승용차","중형","00","00","947313  ","1958054 ",126.90296895,37.62042235
"2012","2012080806","05","주간","수",1,1,0,0,0,"경북","포항시","차대사람","차도통행중","차도통행중","운전자법규위반","중앙선 침범","단일로","기타단일로","건설기계","건설기계","보행자","보행자","1166972 ","1784121 ",129.35344542,36.03965488
"2012","2012080616","45","주간","월",1,1,0,0,0,"경남","의령군","차대차","측면직각충돌","측면직각충돌","운전자법규위반","안전운전 의무 불이행","교차로","교차로부근","건설기계","건설기계","원동기장치자전거","원동기장치자전거","1081737 ","1709121 ",128.39983742,35.37440488
"2012","2012080316","00","주간","금",1,1,0,0,0,"전남","화순군","차대사람","기타","기타","운전자법규위반","안전운전 의무 불이행","단일로","기타단일로","승용차","소형","보행자","보행자","964761  ","1672157 ",127.11362104,35.04383118
"2012","2012081400","05","야간","화",1,1,0,0,0,"대전","서구","차대사람","횡단중","횡단중","운전자법규위반","안전운전 의무 불이행","단일로","기타단일로","승용차","중형","보행자","보행자","989610  ","1813079 ",127.384257,36.31500295
"2012","2012081402","30","야간","화",1,5,2,2,0,"경북","경주시","차량단독","공작물충돌","공작물충돌","운전자법규위반","안전운전 의무 불이행","단일로","기타단일로","승용차","소형","00","00","1161166 ","1761403 ",129.27935265,35.83570287
"2012","2012081914","10","주간","일",1,1,0,0,0,"충북","청주시","차대사람","횡단중","횡단중","운전자법규위반","신호위반","단일로","횡단보도상","승용차","경형","보행자","보행자","999028  ","1850137 ",127.48912547,36.64914436
"2012","2012081623","00","야간","목",1,3,0,2,0,"충남","당진시","차대차","정면충돌","정면충돌","운전자법규위반","중앙선 침범","단일로","기타단일로","승용차","대형","승용차","중형","926458  ","1875441 ",126.67482658,36.87439033
"2012","2012081812","40","주간","토",1,1,0,0,0,"인천","계양구","차대사람","보도통행중","보도통행중","운전자법규위반","안전운전 의무 불이행","교차로","교차로부근","승용차","중형","보행자","보행자","931357  ","1949622 ",126.72314411,37.54354634
"2012","2012081811","00","주간","토",1,2,1,0,0,"경북","봉화군","차량단독","도로이탈","도로이탈 추락","운전자법규위반","안전운전 의무 불이행","단일로","기타단일로","화물차","소형","00","00","1114042 ","1890444 ",128.78177935,37.00557797
"2012","2012081903","27","야간","일",1,1,0,0,0,"경기","광주시","차량단독","기타","기타","운전자법규위반","안전운전 의무 불이행","교차로","교차로부근","승용차","소형","00","00","975089  ","1927600 ",127.21866312,37.34719442
"2012","2012081803","36","야간","토",1,1,0,0,0,"대구","수성구","차대차","측면직각충돌","측면직각충돌","운전자법규위반","부당한 회전","교차로","교차로부근","이륜차","소형","승용차","중형","1102355 ","1759277 ",128.63314062,35.82464732
"2012","2012082322","20","야간","목",1,1,0,0,0,"울산","울주군","차대차","추돌","주정차중 추돌","운전자법규위반","안전운전 의무 불이행","단일로","기타단일로","화물차","소형","화물차","대형","1161390 ","1714941 ",129.27759995,35.41714875
"2012","2012082406","00","주간","금",1,1,0,0,0,"충남","부여군","차량단독","기타","기타","운전자법규위반","안전운전 의무 불이행","교차로","교차로내","농기계","농기계","00","00","935490  ","1808433 ",126.78169921,36.27104294
"2012","2012082805","50","야간","화",1,1,0,0,0,"부산","사하구","차대사람","차도통행중","차도통행중","운전자법규위반","안전운전 의무 불이행","단일로","기타단일로","승용차","소형","보행자","보행자","1134951 ","1673964 ",128.97976342,35.05171463
"2012","2012082703","04","야간","월",1,2,1,0,0,"서울","강동구","차대사람","횡단중","횡단중","운전자법규위반","안전운전 의무 불이행","단일로","횡단보도상","화물차","소형","보행자","보행자","966850  ","1949299 ",127.12474618,37.54242293
"2012","2012082522","00","야간","토",1,1,0,0,0,"제주","서귀포시","차량단독","공작물충돌","공작물충돌","운전자법규위반","안전운전 의무 불이행","단일로","기타단일로","승용차","대형","00","00","914984  ","1477635 ",126.58794813,33.2845332
"2012","2012090109","55","주간","토",1,1,0,0,0,"경기","수원시","차대사람","횡단중","횡단중","운전자법규위반","안전운전 의무 불이행","단일로","기타단일로","승용차","소형","보행자","보행자","952977  ","1916663 ",126.96978703,37.24765688
"2012","2012090113","30","주간","토",1,2,0,1,0,"충남","당진시","차대차","정면충돌","정면충돌","운전자법규위반","중앙선 침범","단일로","기타단일로","화물차","소형","건설기계","건설기계","928252  ","1888998 ",126.69365917,36.99648277
"2012","2012083119","43","야간","금",1,1,0,0,0,"경기","안산시","차대차","기타","기타","운전자법규위반","교차로 통행방법 위반","교차로","교차로부근","특수차","대형","자전거","자전거","941696  ","1925640 ",126.84188946,37.32793228
"2012","2012090414","14","주간","화",1,1,0,0,0,"서울","마포구","차대사람","기타","기타","운전자법규위반","안전운전 의무 불이행","단일로","기타단일로","화물차","중형","보행자","보행자","951867  ","1951013 ",126.95465846,37.55747042
"2012","2012090413","35","주간","화",1,2,0,1,0,"인천","중구","차대차","추돌","진행중 추돌","운전자법규위반","안전운전 의무 불이행","교차로","교차로부근","화물차","대형","화물차","소형","922821  ","1941191 ",126.62580944,37.46753197
"2012","2012090913","50","주간","일",1,1,0,0,0,"강원","원주시","차대차","기타","기타","운전자법규위반","신호위반","교차로","교차로내","이륜차","중형","승용차","중형","1040237 ","1924511 ",127.95412392,37.3187144
"2012","2012101621","00","야간","화",1,1,0,0,0,"부산","사상구","차대사람","기타","기타","운전자법규위반","안전운전 의무 불이행","단일로","기타단일로","승합차","대형","보행자","보행자","1135520 ","1685852 ",128.9879474,35.15879965
"2012","2012101615","08","주간","화",1,2,0,1,0,"전남","고흥군","차대차","기타","기타","운전자법규위반","안전운전 의무 불이행","단일로","기타단일로","화물차","소형","농기계","농기계","987816  ","1630153 ",127.36701792,34.66559621
"2012","2012092917","00","주간","토",1,1,0,0,0,"강원","인제군","차량단독","공작물충돌","공작물충돌","운전자법규위반","안전운전 의무 불이행","단일로","교량위","이륜차","중형","00","00","1061299 ","2012519 ",128.19923626,38.11075072
"2012","2012100507","50","주간","금",1,1,0,0,0,"대구","서구","차대사람","횡단중","횡단중","운전자법규위반","보행자 보호의무 위반","단일로","횡단보도상","승용차","소형","보행자","보행자","1096778 ","1764479 ",128.57204038,35.8721074
"2012","2012092616","50","주간","수",1,1,0,0,0,"서울","도봉구","차대사람","기타","기타","운전자법규위반","안전운전 의무 불이행","단일로","기타단일로","승용차","소형","보행자","보행자","960229  ","1961534 ",127.04913432,37.65243795
"2012","2012092616","50","주간","수",1,1,0,0,0,"경기","화성시","차대차","기타","기타","운전자법규위반","안전운전 의무 불이행","교차로","교차로부근","승용차","중형","이륜차","소형","937408  ","1896467 ",126.81461145,37.08078634
"2012","2012092714","40","주간","목",1,1,0,0,0,"전북","전주시","차대차","측면직각충돌","측면직각충돌","운전자법규위반","안전운전 의무 불이행","단일로","기타단일로","승용차","중형","자전거","자전거","967766  ","1760859 ",127.14305525,35.84372253
"2012","2012100204","55","야간","화",1,1,0,0,0,"경기","안양시","차대사람","횡단중","횡단중","운전자법규위반","안전운전 의무 불이행","교차로","교차로내","승용차","중형","보행자","보행자","951940  ","1933905 ",126.95697749,37.40301521
"2012","2012091919","05","야간","수",1,1,0,0,0,"경남","하동군","차대사람","횡단중","횡단중","운전자법규위반","안전운전 의무 불이행","단일로","기타단일로","화물차","소형","보행자","보행자","1031948 ","1680282 ",127.85060865,35.11720509
"2012","2012091915","35","주간","수",1,1,0,0,0,"경기","남양주시","차량단독","공작물충돌","공작물충돌","운전자법규위반","안전운전 의무 불이행","교차로","교차로부근","승용차","소형","00","00","981612  ","1960606 ",127.29156468,37.64475095
"2012","2012092515","25","주간","화",2,2,0,0,0,"경기","용인시","차대차","추돌","진행중 추돌","운전자법규위반","안전운전 의무 불이행","단일로","기타단일로","승용차","중형","화물차","대형","974266  ","1913450 ",127.20994048,37.21952658
"2012","2012081014","01","주간","금",1,1,0,0,0,"강원","속초시","차대차","추돌","진행중 추돌","운전자법규위반","안전운전 의무 불이행","교차로","교차로내","승용차","소형","자전거","자전거","1095101 ","2023655 ",128.58625024,38.2081706
"2012","2012080813","35","주간","수",1,1,0,0,0,"서울","도봉구","차대차","측면직각충돌","측면직각충돌","운전자법규위반","차로위반(진로변경 위반)","단일로","횡단보도부근","승용차","중형","승용차","경형","959901  ","1964287 ",127.04526469,37.67723683
"2012","2012081614","44","주간","목",1,1,0,0,0,"서울","영등포구","차대차","기타","기타","운전자법규위반","안전운전 의무 불이행","단일로","기타단일로","화물차","중형","이륜차","중형","946325  ","1947932 ",126.90156141,37.50607069
"2012","2012081323","40","야간","월",1,2,1,0,0,"전남","보성군","차량단독","전도전복","전도전복","운전자법규위반","안전운전 의무 불이행","단일로","기타단일로","승용차","중형","00","00","963054  ","1643614 ",127.09616751,34.78638812
"2012","2012081304","00","야간","월",1,1,0,0,0,"경북","예천군","차량단독","공작물충돌","공작물충돌","운전자법규위반","안전운전 의무 불이행","단일로","기타단일로","화물차","중형","00","00","1091579 ","1858073 ",128.52544094,36.7162701
"2012","2012081204","34","야간","일",1,2,1,0,0,"인천","남구","차량단독","기타","기타","운전자법규위반","안전운전 의무 불이행","단일로","기타단일로","승용차","대형","00","00","928747  ","1940126 ",126.69257239,37.4634282
"2012","2012082216","25","주간","수",1,1,0,0,0,"경기","부천시","차대사람","기타","기타","운전자법규위반","안전운전 의무 불이행","단일로","기타단일로","승용차","중형","보행자","보행자","936227  ","1942423 ",126.77651408,37.4758608
"2012","2012082916","10","주간","수",1,1,0,0,0,"경기","구리시","차대차","정면충돌","정면충돌","운전자법규위반","신호위반","단일로","기타단일로","자전거","자전거","승용차","중형","967620  ","1956149 ",127.13315959,37.60419189
"2012","2012082711","55","주간","월",1,1,0,0,0,"전북","고창군","차대차","측면직각충돌","측면직각충돌","운전자법규위반","안전운전 의무 불이행","교차로","교차로내","화물차","소형","원동기장치자전거","원동기장치자전거","924640  ","1725897 ",126.66880578,35.52615665
"2012","2012082621","20","야간","일",1,1,0,0,0,"경기","부천시","차대차","정면충돌","정면충돌","운전자법규위반","중앙선 침범","지하도로내","지하도로내","원동기장치자전거","원동기장치자전거","승용차","중형","939844  ","1949060 ",126.8190766,37.53890172
"2012","2012090108","50","주간","토",1,7,2,4,0,"충북","음성군","차대차","측면직각충돌","측면직각충돌","운전자법규위반","신호위반","교차로","교차로내","승용차","중형","화물차","중형","1008048 ","1887640 ",127.59043611,36.98718893
"2012","2012090105","45","야간","토",1,1,0,0,0,"경북","구미시","차대사람","횡단중","횡단중","운전자법규위반","과속","단일로","기타단일로","승용차","중형","보행자","보행자","1074872 ","1794080 ",128.33220682,36.14088027
"2012","2012083117","40","주간","금",1,1,0,0,0,"강원","고성군","차대차","추돌","진행중 추돌","운전자법규위반","안전운전 의무 불이행","단일로","기타단일로","건설기계","건설기계","원동기장치자전거","원동기장치자전거","1080560 ","2051816 ",128.42339894,38.46335461
"2012","2012083118","25","야간","금",1,7,5,1,0,"경기","용인시","차대차","정면충돌","정면충돌","운전자법규위반","중앙선 침범","단일로","기타단일로","화물차","소형","승합차","대형","976182  ","1908593 ",127.23315973,37.18108195
"2012","2012090521","40","야간","수",1,2,0,1,0,"서울","동대문구","차대사람","기타","기타","운전자법규위반","안전운전 의무 불이행","단일로","기타단일로","이륜차","소형","보행자","보행자","961265  ","1954571 ",127.06124765,37.58972323
"2012","2012090517","13","주간","수",1,1,0,0,0,"충북","충주시","차량단독","공작물충돌","공작물충돌","운전자법규위반","안전운전 의무 불이행","단일로","기타단일로","원동기장치자전거","원동기장치자전거","00","00","1037655 ","1884494 ",127.9229707,36.95811056
"2012","2012090500","07","야간","수",1,1,0,0,0,"강원","인제군","차량단독","공작물충돌","공작물충돌","운전자법규위반","안전운전 의무 불이행","단일로","기타단일로","승용차","중형","00","00","1065218 ","2015682 ",128.24422615,38.13898097
"2012","2012090420","34","야간","화",1,1,0,0,0,"충남","청양군","차대사람","길가장자리구역통행중","길가장자리구역통행중","운전자법규위반","안전운전 의무 불이행","단일로","기타단일로","화물차","중형","보행자","보행자","936808  ","1826962 ",126.79494557,36.43813743
"2012","2012090418","00","야간","화",1,1,0,0,0,"전남","해남군","차량단독","도로이탈","도로이탈 기타","운전자법규위반","안전운전 의무 불이행","단일로","기타단일로","농기계","농기계","00","00","924615  ","1623707 ",126.67782183,34.60476864
"2012","2012090413","30","주간","화",1,2,1,0,0,"강원","인제군","차량단독","도로이탈","도로이탈 추락","운전자법규위반","안전운전 의무 불이행","단일로","기타단일로","화물차","소형","00","00","1078720 ","1994093 ",128.39591267,37.94334958
"2012","2012090413","20","주간","화",1,4,3,0,0,"충북","영동군","차대차","추돌","진행중 추돌","운전자법규위반","안전운전 의무 불이행","기타/불명","기타/불명","승용차","중형","농기계","농기계","1035201 ","1802102 ",127.89163551,36.21545453
"2012","2012091008","00","주간","월",1,1,0,0,0,"경북","의성군","차대사람","횡단중","횡단중","운전자법규위반","안전운전 의무 불이행","교차로","교차로부근","화물차","소형","보행자","보행자","1106118 ","1807557 ",128.68127529,36.25944187
"2012","2012090911","47","주간","일",1,2,0,1,0,"충남","보령시","차대차","기타","기타","운전자법규위반","신호위반","교차로","교차로내","화물차","소형","이륜차","대형","918774  ","1828930 ",126.59354803,36.45451949
"2012","2012090617","23","주간","목",1,1,0,0,0,"서울","도봉구","차대사람","기타","기타","운전자법규위반","안전운전 의무 불이행","단일로","기타단일로","화물차","소형","보행자","보행자","960048  ","1963976 ",127.04694871,37.67444016
"2012","2012090704","20","야간","금",1,2,1,0,0,"서울","마포구","차대차","기타","기타","운전자법규위반","안전운전 의무 불이행","단일로","기타단일로","승용차","대형","승용차","대형","945152  ","1954164 ",126.87880599,37.57049867
"2012","2012091307","30","주간","목",1,1,0,0,0,"세종","세종","차대차","측면직각충돌","측면직각충돌","운전자법규위반","중앙선 침범","단일로","기타단일로","원동기장치자전거","원동기장치자전거","승용차","중형","988047  ","1837579 ",127.36646778,36.53585912
"2012","2012091122","30","야간","화",1,1,0,0,0,"전남","여수시","차대사람","횡단중","횡단중","운전자법규위반","안전운전 의무 불이행","단일로","기타단일로","승용차","중형","보행자","보행자","1014959 ","1643680 ",127.6635097,34.78754335
"2012","2012091702","40","야간","월",1,2,1,0,0,"서울","마포구","차대차","추돌","진행중 추돌","운전자법규위반","안전운전 의무 불이행","단일로","기타단일로","화물차","중형","승용차","중형","948102  ","1951991 ",126.91233907,37.56582113
"2012","2012091507","25","주간","토",1,1,0,0,0,"강원","홍천군","차량단독","도로이탈","도로이탈 추락","운전자법규위반","안전운전 의무 불이행","단일로","기타단일로","승용차","중형","00","00","1050380 ","1980053 ",128.0724138,37.81882608
"2012","2012091513","20","주간","토",1,2,0,1,0,"대전","동구","차대사람","길가장자리구역통행중","길가장자리구역통행중","운전자법규위반","안전운전 의무 불이행","단일로","기타단일로","승용차","중형","보행자","보행자","994974  ","1813732 ",127.44400689,36.32093296
"2012","2012092118","55","야간","금",1,2,1,0,0,"강원","횡성군","차대차","정면충돌","정면충돌","운전자법규위반","중앙선 침범","단일로","기타단일로","화물차","중형","승용차","소형","1058366 ","1935410 ",128.1595809,37.41598797
"2012","2012092010","55","주간","목",1,1,0,0,0,"충남","공주시","차대사람","횡단중","횡단중","운전자법규위반","보행자 보호의무 위반","단일로","횡단보도상","승합차","소형","보행자","보행자","966261  ","1829893 ",127.12362669,36.46603166
"2013","2013092421","00","야간","화",1,1,0,0,0,"경북","경주시","차대사람","횡단중","횡단중","운전자법규위반","안전운전 의무 불이행","단일로","기타단일로","승용차","소형","보행자","보행자","1173732 ","1746525 ",129.42025216,35.69969256
"2013","2013092308","50","주간","월",1,1,0,0,0,"강원","춘천시","차대차","측면직각충돌","측면직각충돌","운전자법규위반","안전운전 의무 불이행","단일로","기타단일로","승용차","소형","자전거","자전거","1019692 ","1987351 ",127.72394226,37.88578172
"2013","2013092315","30","주간","월",1,1,0,0,0,"충남","공주시","차대차","측면직각충돌","측면직각충돌","운전자법규위반","안전거리 미확보","교차로","교차로내","이륜차","소형","승용차","중형","966036  ","1827756 ",127.12100818,36.44677593
"2013","2013092318","20","야간","월",1,2,0,1,0,"경기","포천시","차대차","정면충돌","정면충돌","운전자법규위반","중앙선 침범","단일로","기타단일로","원동기장치자전거","원동기장치자전거","승용차","중형","974377  ","2001869 ",127.20809237,38.01648277
"2013","2013100215","20","주간","수",1,1,0,0,0,"강원","춘천시","차대사람","기타","기타","운전자법규위반","안전운전 의무 불이행","단일로","기타단일로","화물차","중형","보행자","보행자","1024619 ","1981163 ",127.77924044,37.83173551
"2013","2013100304","50","야간","목",1,1,0,0,0,"대구","수성구","차대사람","기타","기타","운전자법규위반","안전운전 의무 불이행","교차로","교차로부근","승용차","중형","보행자","보행자","1103634 ","1763018 ",128.64778329,35.85823577
"2013","2013100107","50","주간","화",1,1,0,0,0,"서울","영등포구","차대사람","횡단중","횡단중","운전자법규위반","신호위반","교차로","교차로내","승합차","대형","보행자","보행자","950102  ","1947429 ",126.93529506,37.52481366
"2013","2013093023","10","야간","월",1,1,0,0,0,"충남","천안시","차대차","추돌","진행중 추돌","운전자법규위반","안전운전 의무 불이행","단일로","기타단일로","승용차","중형","원동기장치자전거","원동기장치자전거","969664  ","1869638 ",127.16081498,36.82353077
"2013","2013093013","00","주간","월",1,1,0,0,0,"대구","달서구","차대차","기타","기타","운전자법규위반","부당한 회전","교차로","교차로부근","자전거","자전거","승용차","소형","1093720 ","1758583 ",128.53747849,35.81925427
"2013","2013100316","13","주간","목",1,1,0,0,0,"충남","당진시","차대차","측면직각충돌","측면직각충돌","운전자법규위반","교차로 통행방법 위반","교차로","교차로내","원동기장치자전거","원동기장치자전거","승용차","대형","938615  ","1870447 ",126.81162737,36.83024321
"2013","2013100307","00","주간","목",1,4,1,2,0,"전북","익산시","차대차","추돌","주정차중 추돌","운전자법규위반","안전운전 의무 불이행","단일로","기타단일로","승용차","중형","승용차","경형","957532  ","1787107 ",127.0421385,36.10563468
"2013","2013100311","40","주간","목",1,1,0,0,0,"전북","정읍시","차대사람","기타","기타","운전자법규위반","안전운전 의무 불이행","단일로","기타단일로","승용차","중형","보행자","보행자","944650  ","1743487 ",126.88828982,35.68606745