"발생년","발생년월일시","발생분","주야","요일","사망자수","사상자수","중상자수","경상자수","부상신고자수","발생지시도","발생지시군구","사고유형_대분류","사고유형_중분류","사고유형","법규위반_대분류","법규위반","도로형태_대분류","도로형태","당사자종별_1당_대분류","당사자종별_1당","당사자종별_2당_대분류","당사자종별_2당","발생위치X_UTMK","발생위치Y_UTMK","경도","위도"
"2013","2013100913","00","주간","수",1,1,0,0,0,"세종","세종","차량단독","전도전복","전도전복","운전자법규위반","안전운전 의무 불이행","단일로","기타단일로","이륜차","사발이","00","00","986450  ","1834308 ",127.34868447,36.50634933
"2013","2013101719","25","야간","목",1,2,1,0,0,"경기","양평군","차대차","추돌","진행중 추돌","운전자법규위반","안전운전 의무 불이행","단일로","기타단일로","승용차","중형","농기계","농기계","1014322 ","1946708 ",127.6599416,37.51784139
"2013","2013101718","00","야간","목",1,1,0,0,0,"경기","포천시","차대사람","기타","기타","운전자법규위반","안전운전 의무 불이행","단일로","기타단일로","원동기장치자전거","원동기장치자전거","보행자","보행자","973015  ","1996368 ",127.19278295,37.96686391
"2013","2013101805","13","야간","금",1,1,0,0,0,"대구","북구","차대사람","기타","기타","운전자법규위반","안전운전 의무 불이행","단일로","기타단일로","화물차","경형","보행자","보행자","1100885 ","1767108 ",128.61786032,35.89539168
"2013","2013101809","30","주간","금",1,1,0,0,0,"경남","거제시","차대사람","기타","기타","운전자법규위반","신호위반","교차로","교차로내","화물차","중형","보행자","보행자","1104670 ","1657738 ",128.64575439,34.90902228
"2013","2013101322","23","야간","일",1,1,0,0,0,"전남","여수시","차대사람","횡단중","횡단중","운전자법규위반","안전운전 의무 불이행","단일로","기타단일로","화물차","경형","보행자","보행자","1020915 ","1638986 ",127.72849482,34.74510932
"2013","2013101301","00","야간","일",1,2,1,0,0,"경남","양산시","차대차","기타","기타","운전자법규위반","안전운전 의무 불이행","단일로","기타단일로","승용차","소형","화물차","소형","1138019 ","1705281 ",128.96827516,35.3198326
"2013","2013101516","00","주간","화",1,1,0,0,0,"경남","의령군","차량단독","기타","기타","운전자법규위반","기타(운전자법규위반)","단일로","기타단일로","농기계","농기계","00","00","1075699 ","1720289 ",128.33440982,35.47557059
"2013","2013101305","30","야간","일",1,1,0,0,0,"충북","진천군","차량단독","공작물충돌","공작물충돌","운전자법규위반","안전운전 의무 불이행","단일로","기타단일로","승용차","중형","00","00","997443  ","1872791 ",127.47131692,36.85336285
"2013","2013090219","25","야간","월",1,1,0,0,0,"경북","칠곡군","차대사람","기타","기타","운전자법규위반","안전운전 의무 불이행","단일로","기타단일로","승용차","소형","보행자","보행자","1082006 ","1787573 ",128.41081544,36.08164486
"2013","2013091100","05","야간","수",1,1,0,0,0,"강원","원주시","차대사람","횡단중","횡단중","운전자법규위반","안전운전 의무 불이행","교차로","교차로내","승용차","대형","보행자","보행자","1029510 ","1924720 ",127.83306708,37.32100097
"2013","2013091017","21","주간","화",1,1,0,0,0,"경북","예천군","차대차","측면직각충돌","측면직각충돌","운전자법규위반","안전운전 의무 불이행","교차로","교차로내","이륜차","소형","화물차","소형","1071753 ","1833241 ",128.30114665,36.4941363
"2013","2013090719","40","야간","토",1,1,0,0,0,"전북","익산시","차대차","정면충돌","정면충돌","운전자법규위반","안전운전 의무 불이행","교차로","교차로내","승용차","중형","자전거","자전거","951044  ","1771584 ",126.95722998,35.93972328
"2013","2013090719","23","야간","토",1,1,0,0,0,"전북","완주군","차대차","기타","기타","운전자법규위반","안전운전 의무 불이행","단일로","기타단일로","승용차","중형","자전거","자전거","976422  ","1779799 ",127.23889219,36.01026955
"2013","2013091412","50","주간","토",1,1,0,0,0,"경남","함안군","차대사람","기타","기타","운전자법규위반","안전운전 의무 불이행","단일로","기타단일로","이륜차","소형","보행자","보행자","1083733 ","1707201 ",128.42161197,35.35692906
"2013","2013091902","20","야간","목",1,1,0,0,0,"강원","양양군","차대차","추돌","주정차중 추돌","운전자법규위반","안전운전 의무 불이행","단일로","교량위","승용차","중형","승용차","중형","1100238 ","2011954 ",128.64326744,38.102177
"2013","2013091816","06","주간","수",1,1,0,0,0,"부산","동래구","차대사람","횡단중","횡단중","운전자법규위반","안전운전 의무 불이행","단일로","기타단일로","승용차","중형","보행자","보행자","1143285 ","1692477 ",129.07432735,35.21743881
"2013","2013091710","40","주간","화",1,1,0,0,0,"서울","성북구","차대사람","차도통행중","차도통행중","운전자법규위반","안전운전 의무 불이행","교차로","교차로내","승용차","경형","보행자","보행자","958759  ","1955937 ",127.03278598,37.60192636
"2013","2013091706","15","주간","화",1,1,0,0,0,"서울","서대문구","차대사람","기타","기타","운전자법규위반","안전운전 의무 불이행","교차로","교차로부근","특수차","대형","보행자","보행자","950686  ","1954794 ",126.9414082,37.59129091
"2013","2013092519","02","야간","수",2,3,1,0,0,"경북","예천군","차량단독","도로이탈","도로이탈 추락","운전자법규위반","안전운전 의무 불이행","단일로","기타단일로","화물차","소형","00","00","1085788 ","1871366 ",128.46210205,36.83662743
"2013","2013092221","59","야간","일",1,1,0,0,0,"경기","포천시","차대사람","보도통행중","보도통행중","운전자법규위반","안전운전 의무 불이행","교차로","교차로내","승용차","소형","보행자","보행자","970385  ","1983388 ",127.16337498,37.84979466
"2013","2013100203","00","야간","수",1,1,0,0,0,"강원","원주시","차대사람","길가장자리구역통행중","길가장자리구역통행중","운전자법규위반","안전운전 의무 불이행","단일로","기타단일로","승용차","소형","보행자","보행자","1036782 ","1921153 ",127.91496464,37.28858952
"2012","2012071603","55","야간","월",1,1,0,0,0,"부산","진구","차대사람","기타","기타","운전자법규위반","안전운전 의무 불이행","교차로","교차로부근","승용차","중형","보행자","보행자","1141287 ","1685812 ",129.05123934,35.15764499
"2012","2012071401","00","야간","토",1,1,0,0,0,"광주","서구","차대사람","기타","기타","운전자법규위반","안전운전 의무 불이행","기타/불명","기타/불명","승용차","중형","보행자","보행자","941626  ","1682298 ",126.85539018,35.13132718
"2012","2012071511","40","주간","일",1,1,0,0,0,"대구","북구","차대차","정면충돌","정면충돌","운전자법규위반","신호위반","교차로","교차로내","원동기장치자전거","원동기장치자전거","화물차","소형","1096971 ","1767266 ",128.56760151,35.89296401
"2012","2012071403","20","야간","토",1,1,0,0,0,"인천","남구","차대차","기타","기타","운전자법규위반","안전운전 의무 불이행","단일로","횡단보도부근","화물차","소형","승용차","중형","923377  ","1939815 ",126.63283941,37.45317125
"2012","2012072106","40","주간","토",1,1,0,0,0,"전북","전주시","차대차","기타","기타","운전자법규위반","신호위반","교차로","교차로내","자전거","자전거","승용차","중형","965961  ","1756689 ",127.12300679,35.8120958
"2012","2012072022","00","야간","금",1,1,0,0,0,"서울","강남구","차대사람","차도통행중","차도통행중","운전자법규위반","안전운전 의무 불이행","단일로","기타단일로","승합차","대형","보행자","보행자","958169  ","1944604 ",127.02674847,37.49975221
"2012","2012071919","00","야간","목",1,1,0,0,0,"경기","파주시","차대사람","차도통행중","차도통행중","운전자법규위반","안전운전 의무 불이행","단일로","기타단일로","승용차","중형","보행자","보행자","936198  ","1974059 ",126.77562408,37.7639654
"2012","2012071913","50","주간","목",1,1,0,0,0,"전남","신안군","차대사람","횡단중","횡단중","운전자법규위반","안전운전 의무 불이행","기타/불명","기타/불명","이륜차","소형","보행자","보행자","874272  ","1642213 ",126.12611899,34.76667177
"2012","2012081519","50","야간","수",1,1,0,0,0,"충남","태안군","차대사람","차도통행중","차도통행중","운전자법규위반","안전운전 의무 불이행","단일로","기타단일로","승용차","중형","보행자","보행자","886290  ","1871151 ",126.22485004,36.83174371
"2012","2012081221","42","야간","일",1,2,0,1,0,"경기","고양시","차대차","측면직각충돌","측면직각충돌","운전자법규위반","안전운전 의무 불이행","교차로","교차로내","원동기장치자전거","원동기장치자전거","승용차","소형","936869  ","1960920 ",126.77157033,37.66088399
"2012","2012081722","05","야간","금",1,1,0,0,0,"강원","춘천시","차대사람","횡단중","횡단중","운전자법규위반","안전운전 의무 불이행","단일로","기타단일로","승용차","중형","보행자","보행자","1015554 ","1978771 ",127.67669951,37.8085295
"2012","2012082417","43","주간","금",2,4,2,0,0,"경북","포항시","차량단독","공작물충돌","공작물충돌","운전자법규위반","신호위반","단일로","횡단보도부근","승용차","중형","00","00","1165919 ","1797632 ",129.34460682,36.16158413
"2012","2012082416","00","주간","금",1,1,0,0,0,"전북","익산시","차대차","측면직각충돌","측면직각충돌","운전자법규위반","안전운전 의무 불이행","단일로","기타단일로","승용차","대형","자전거","자전거","952503  ","1771474 ",126.97341172,35.93880361
"2012","2012082515","30","주간","토",1,4,3,0,0,"경남","함양군","차대차","기타","기타","운전자법규위반","신호위반","교차로","교차로내","승용차","중형","승용차","중형","1028246 ","1723947 ",127.81052057,35.511796
"2012","2012082708","55","주간","월",1,1,0,0,0,"전북","군산시","차량단독","공작물충돌","공작물충돌","운전자법규위반","안전운전 의무 불이행","단일로","기타단일로","화물차","소형","00","00","926835  ","1771766 ",126.68883075,35.93985045
"2012","2012082710","35","주간","월",1,4,2,1,0,"경북","영덕군","차대차","추돌","주정차중 추돌","운전자법규위반","안전운전 의무 불이행","기타/불명","기타/불명","화물차","중형","화물차","중형","1168715 ","1827538 ",129.38214088,36.43057343
"2012","2012090208","25","주간","일",1,2,0,0,1,"서울","관악구","차대사람","횡단중","횡단중","운전자법규위반","안전운전 의무 불이행","단일로","기타단일로","이륜차","중형","보행자","보행자","950113  ","1942996 ",126.93572036,37.48485865
"2012","2012083112","30","주간","금",1,1,0,0,0,"경기","포천시","차량단독","전도전복","전도전복","운전자법규위반","안전운전 의무 불이행","교차로","교차로부근","화물차","중형","00","00","979844  ","2005980 ",127.27025842,38.0536724
"2012","2012083108","38","주간","금",1,1,0,0,0,"경기","용인시","차대사람","횡단중","횡단중","운전자법규위반","신호위반","교차로","교차로내","건설기계","건설기계","보행자","보행자","973963  ","1910208 ",127.2066384,37.19029478
"2012","2012083113","30","주간","금",1,1,0,0,0,"경북","영주시","차대차","정면충돌","정면충돌","운전자법규위반","안전운전 의무 불이행","단일로","기타단일로","원동기장치자전거","원동기장치자전거","승용차","대형","1098667 ","1861190 ",128.60519737,36.74365401
"2012","2012090316","05","주간","월",1,1,0,0,0,"전남","광양시","차량단독","공작물충돌","공작물충돌","운전자법규위반","안전운전 의무 불이행","단일로","기타단일로","화물차","소형","00","00","1011763 ","1663077 ",127.62884846,34.96249974
"2012","2012090413","10","주간","화",1,2,1,0,0,"강원","횡성군","차대차","정면충돌","정면충돌","운전자법규위반","중앙선 침범","단일로","기타단일로","화물차","중형","건설기계","건설기계","1046678 ","1945068 ",128.02934502,37.50323677
"2012","2012091300","50","야간","목",1,1,0,0,0,"경북","경주시","차대사람","기타","기타","운전자법규위반","안전운전 의무 불이행","단일로","기타단일로","화물차","소형","보행자","보행자","1158984 ","1758179 ",129.2596264,35.80720894
"2012","2012091307","25","주간","목",1,1,0,0,0,"전남","담양군","차대사람","기타","기타","운전자법규위반","안전운전 의무 불이행","단일로","기타단일로","화물차","소형","보행자","보행자","949008  ","1695492 ",126.94151992,35.25323185
"2012","2012091112","40","주간","화",1,1,0,0,0,"경남","진주시","차대차","측면직각충돌","측면직각충돌","운전자법규위반","신호위반","교차로","교차로내","이륜차","소형","승용차","소형","1055320 ","1684682 ",128.10738573,35.15586551
"2012","2012091622","20","야간","일",1,3,0,2,0,"충북","음성군","차량단독","공작물충돌","공작물충돌","운전자법규위반","안전운전 의무 불이행","교차로","교차로내","승용차","소형","00","00","1005966 ","1887083 ",127.56827214,36.98222777
"2012","2012091523","15","야간","토",1,1,0,0,0,"경기","군포시","차대차","측면직각충돌","측면직각충돌","운전자법규위반","중앙선 침범","단일로","기타단일로","승용차","소형","이륜차","중형","950841  ","1930079 ",126.94481492,37.3684722
"2012","2012091619","09","야간","일",1,2,0,1,0,"경기","평택시","차대차","기타","기타","운전자법규위반","안전운전 의무 불이행","단일로","기타단일로","승용차","소형","건설기계","건설기계","944719  ","1891255 ",126.87855347,37.0181834
"2012","2012091510","20","주간","토",1,1,0,0,0,"경기","가평군","차대사람","횡단중","횡단중","운전자법규위반","안전거리 미확보","교차로","교차로내","화물차","소형","보행자","보행자","1001397 ","1984290 ",127.51588116,37.85840456
"2012","2012092006","05","주간","목",1,1,0,0,0,"충남","당진시","차대차","추돌","주정차중 추돌","운전자법규위반","안전운전 의무 불이행","단일로","기타단일로","화물차","소형","승용차","대형","938184  ","1880056 ",126.80601129,36.91683027
"2012","2012091915","30","주간","수",1,2,0,1,0,"충남","천안시","차대사람","횡단중","횡단중","운전자법규위반","안전운전 의무 불이행","단일로","기타단일로","승용차","소형","보행자","보행자","967366  ","1866779 ",127.13419043,36.79860742
"2012","2012092518","43","야간","화",1,1,0,0,0,"경기","여주시","차대사람","차도통행중","차도통행중","운전자법규위반","안전운전 의무 불이행","단일로","기타단일로","승용차","소형","보행자","보행자","1002800 ","1911030 ",127.53155116,37.19806339
"2012","2012092602","50","야간","수",1,2,1,0,0,"울산","동구","차대사람","기타","기타","운전자법규위반","안전운전 의무 불이행","단일로","기타단일로","이륜차","중형","보행자","보행자","1174757 ","1723613 ",129.42661966,35.49304153
"2012","2012092219","40","야간","토",1,1,0,0,0,"전남","구례군","차대차","기타","기타","운전자법규위반","안전운전 의무 불이행","교차로","교차로부근","승용차","중형","자전거","자전거","1001297 ","1689648 ",127.51457813,35.20204916
"2012","2012080722","45","야간","화",1,1,0,0,0,"부산","해운대구","차대사람","기타","기타","운전자법규위반","안전운전 의무 불이행","단일로","기타단일로","승용차","중형","보행자","보행자","1153631 ","1688174 ",129.18715804,35.17712353
"2012","2012080506","40","주간","일",1,6,2,3,0,"경남","김해시","차대차","측면직각충돌","측면직각충돌","운전자법규위반","신호위반","교차로","교차로내","승합차","대형","승용차","중형","1129899 ","1692878 ",128.92735625,35.22287668
"2012","2012080517","40","주간","일",1,1,0,0,0,"경남","거제시","차량단독","기타","기타","운전자법규위반","안전운전 의무 불이행","단일로","기타단일로","이륜차","소형","00","00","1103681 ","1654016 ",128.6344689,34.87556694
"2012","2012080813","08","주간","수",1,1,0,0,0,"경기","남양주시","차대사람","기타","기타","운전자법규위반","안전운전 의무 불이행","단일로","기타단일로","특수차","대형","보행자","보행자","977969  ","1955994 ",127.25040918,37.603101
"2012","2012081314","40","주간","월",1,2,0,1,0,"대구","동구","차대차","추돌","주정차중 추돌","운전자법규위반","안전거리 미확보","단일로","횡단보도부근","승용차","중형","원동기장치자전거","원동기장치자전거","1104383 ","1765985 ",128.65646585,35.88490166
"2014","2014030121","36","야간","토",1,1,0,0,0,"경기","의왕시","차대차","추돌","주정차중 추돌","운전자법규위반","안전운전 의무 불이행","단일로","기타단일로","승용차","중형","화물차","중형","955566  ","1931142 ",126.99811167,37.378292
"2014","2014022818","50","야간","금",1,1,0,0,0,"충남","부여군","차대차","추돌","진행중 추돌","운전자법규위반","안전운전 의무 불이행","교차로","교차로부근","승용차","중형","자전거","자전거","931789  ","1799954 ",126.74131428,36.19432533
"2014","2014030218","40","야간","일",1,1,0,0,0,"충남","서천군","차량단독","기타","기타","운전자법규위반","안전운전 의무 불이행","단일로","기타단일로","원동기장치자전거","원동기장치자전거","00","00","935540  ","1793637 ",126.7835507,36.13763483
"2014","2014030221","05","야간","일",1,3,0,1,1,"대구","북구","차대차","추돌","주정차중 추돌","운전자법규위반","안전운전 의무 불이행","단일로","횡단보도부근","화물차","소형","승합차","대형","1094943 ","1766902 ",128.55200545,35.89412943
"2014","2014030301","52","야간","월",1,1,0,0,0,"경남","양산시","차량단독","전도전복","전도전복","운전자법규위반","안전운전 의무 불이행","단일로","기타단일로","이륜차","소형","00","00","1139002 ","1706804 ",129.02971089,35.3471823
"2014","2014030222","00","야간","일",1,1,0,0,0,"전남","보성군","차량단독","공작물충돌","공작물충돌","운전자법규위반","안전운전 의무 불이행","단일로","기타단일로","승용차","소형","00","00","967533  ","1639606 ",127.14136735,34.76041438
"2012","2012100218","55","야간","화",1,1,0,0,0,"전북","고창군","차대사람","횡단중","횡단중","운전자법규위반","안전운전 의무 불이행","교차로","교차로내","승용차","중형","보행자","보행자","927527  ","1722250 ",126.69504099,35.45579016
"2014","2014030921","25","야간","일",1,1,0,0,0,"경북","김천시","차대사람","기타","기타","운전자법규위반","안전운전 의무 불이행","단일로","기타단일로","승용차","중형","보행자","보행자","1056393 ","1789349 ",128.12648555,36.0994803
"2014","2014030819","02","야간","토",1,1,0,0,0,"전남","여수시","차대사람","기타","기타","운전자법규위반","안전운전 의무 불이행","기타/불명","기타/불명","승용차","중형","보행자","보행자","1014245 ","1640602 ",127.6556532,34.75979696
"2014","2014030504","17","야간","수",1,1,0,0,0,"경남","통영시","차량단독","공작물충돌","공작물충돌","운전자법규위반","안전운전 의무 불이행","단일로","기타단일로","승용차","경형","00","00","1084404 ","1652693 ",128.42343524,34.86542326
"2013","2013122313","15","주간","월",1,1,0,0,0,"서울","광진구","차대차","기타","기타","운전자법규위반","안전운전 의무 불이행","교차로","교차로내","화물차","중형","원동기장치자전거","원동기장치자전거","963601  ","1951123 ",127.08787823,37.55874069
"2012","2012090804","12","야간","토",1,1,0,0,0,"서울","영등포구","차대사람","횡단중","횡단중","운전자법규위반","안전운전 의무 불이행","단일로","기타단일로","승용차","대형","보행자","보행자","948488  ","1946492 ",126.91709568,37.51627957
"2012","2012091305","15","야간","목",1,1,0,0,0,"서울","도봉구","차대사람","횡단중","횡단중","운전자법규위반","안전운전 의무 불이행","교차로","교차로내","승용차","중형","보행자","보행자","959999  ","1962834 ",127.04645572,37.66414504
"2013","2013103119","05","야간","목",1,1,0,0,0,"경남","양산시","차대차","기타","기타","운전자법규위반","안전운전 의무 불이행","교차로","교차로내","승용차","중형","자전거","자전거","1138710 ","1706336 ",129.0264191,35.3430045
"2013","2013103018","00","야간","수",1,1,0,0,0,"경북","경주시","차량단독","전도전복","전도전복","운전자법규위반","안전운전 의무 불이행","단일로","기타단일로","이륜차","소형","00","00","1161445 ","1770663 ",129.28938059,35.91930988
"2013","2013103123","15","야간","목",1,1,0,0,0,"대구","달서구","차대차","측면직각충돌","측면직각충돌","운전자법규위반","신호위반","교차로","교차로내","이륜차","소형","승용차","중형","1088318 ","1762295 ",128.47809719,35.85321872
"2013","2013102910","45","주간","화",1,1,0,0,0,"서울","성동구","차량단독","공작물충돌","공작물충돌","운전자법규위반","안전운전 의무 불이행","단일로","기타단일로","승용차","소형","00","00","959051  ","1949947 ",127.03642872,37.54795001
"2013","2013102909","10","주간","화",1,1,0,0,0,"경기","광주시","차대사람","횡단중","횡단중","운전자법규위반","보행자 보호의무 위반","단일로","횡단보도상","화물차","대형","보행자","보행자","984591  ","1928564 ",127.32600414,37.35599123
"2013","2013102905","30","야간","화",1,1,0,0,0,"경남","창원시(통합)","차대차","기타","기타","운전자법규위반","신호위반","교차로","교차로내","이륜차","중형","승용차","중형","1108101 ","1690100 ",128.68752111,35.20041961
"2013","2013110412","45","주간","월",1,1,0,0,0,"부산","영도구","차대사람","횡단중","횡단중","운전자법규위반","안전운전 의무 불이행","단일로","횡단보도부근","승용차","소형","보행자","보행자","1140276 ","1678355 ",129.03823943,35.09046014
"2013","2013110500","10","야간","화",1,2,1,0,0,"울산","북구","차대차","추돌","진행중 추돌","운전자법규위반","중앙선 침범","단일로","기타단일로","화물차","중형","이륜차","중형","1168692 ","1731402 ",129.36140872,35.56428406
"2013","2013110602","35","야간","수",1,1,0,0,0,"서울","강동구","차량단독","공작물충돌","공작물충돌","운전자법규위반","안전운전 의무 불이행","단일로","기타단일로","이륜차","소형","00","00","967974  ","1948027 ",127.13752499,37.53099759
"2013","2013110403","40","야간","월",1,1,0,0,0,"제주","제주시","차대사람","기타","기타","운전자법규위반","안전운전 의무 불이행","단일로","기타단일로","승용차","경형","보행자","보행자","906838  ","1501212 ",126.49705684,33.49871692
"2013","2013111023","10","야간","일",1,1,0,0,0,"전북","정읍시","차량단독","기타","기타","운전자법규위반","안전운전 의무 불이행","교차로","교차로내","승용차","중형","00","00","948589  ","1739891 ",126.93205009,35.65385925
"2013","2013110920","55","야간","토",1,2,1,0,0,"부산","기장군","차량단독","전도전복","전도전복","운전자법규위반","안전운전 의무 불이행","단일로","기타단일로","승용차","중형","00","00","1152363 ","1705663 ",129.17648193,35.33494845
"2013","2013110916","05","주간","토",1,1,0,0,0,"인천","옹진군","차대사람","기타","기타","운전자법규위반","안전운전 의무 불이행","단일로","기타단일로","승합차","소형","보행자","보행자","879577  ","1915314 ",126.14661372,37.22642647
"2013","2013111000","40","야간","일",1,1,0,0,0,"경북","포항시","차량단독","공작물충돌","공작물충돌","운전자법규위반","안전운전 의무 불이행","교차로","교차로내","승용차","중형","00","00","1166278 ","1780386 ",129.34496034,36.00611679
"2013","2013111018","15","야간","일",1,2,1,0,0,"경북","경주시","차대차","기타","기타","운전자법규위반","안전운전 의무 불이행","단일로","기타단일로","승용차","중형","화물차","대형","1163919 ","1754436 ",129.31345582,35.77266629
"2013","2013123006","10","주간","월",1,1,0,0,0,"대구","달서구","차대사람","기타","기타","운전자법규위반","안전운전 의무 불이행","단일로","기타단일로","승용차","중형","보행자","보행자","1096984 ","1762757 ",128.57402254,35.85482472
"2013","2013121902","26","야간","목",1,5,4,0,0,"인천","남동구","차대차","추돌","주정차중 추돌","운전자법규위반","안전운전 의무 불이행","교차로","교차로내","승용차","중형","승용차","중형","930870  ","1939176 ",126.71843427,37.44918947
"2013","2013122401","00","야간","화",1,1,0,0,0,"강원","영월군","차대사람","기타","기타","운전자법규위반","안전운전 의무 불이행","단일로","기타단일로","승용차","소형","보행자","보행자","1092160 ","1910033 ",128.5382832,37.18453093
"2013","2013122608","40","주간","목",1,1,0,0,0,"충남","서산시","차대사람","차도통행중","차도통행중","운전자법규위반","안전운전 의무 불이행","단일로","기타단일로","건설기계","건설기계","보행자","보행자","898939  ","1865854 ",126.36737335,36.78543871
"2013","2013122608","30","주간","목",1,1,0,0,0,"충남","서산시","차량단독","전도전복","전도전복","운전자법규위반","안전운전 의무 불이행","단일로","기타단일로","승용차","소형","00","00","910824  ","1868247 ",126.50027287,36.80820134
"2013","2013122521","53","야간","수",1,1,0,0,0,"경기","화성시","차대사람","횡단중","횡단중","운전자법규위반","안전운전 의무 불이행","교차로","교차로부근","승용차","중형","보행자","보행자","937905  ","1911841 ",126.80025292,37.20331133
"2013","2013122805","35","야간","토",1,1,0,0,0,"부산","사하구","차대차","기타","기타","운전자법규위반","안전운전 의무 불이행","단일로","기타단일로","특수차","대형","이륜차","소형","1136075 ","1678612 ",128.99284759,35.09346199
"2013","2013122922","25","야간","일",1,2,1,0,0,"경기","포천시","차량단독","공작물충돌","공작물충돌","운전자법규위반","안전운전 의무 불이행","단일로","기타단일로","승용차","소형","00","00","977074  ","1994685 ",127.23904678,37.95180685
"2013","2013122914","30","주간","일",1,1,0,0,0,"전남","목포시","차대차","추돌","주정차중 추돌","운전자법규위반","기타(운전자법규위반)","단일로","기타단일로","화물차","소형","원동기장치자전거","원동기장치자전거","897214  ","1645413 ",126.37637693,34.79809375
"2013","2013121917","18","주간","목",1,1,0,0,0,"경기","안양시","차대사람","기타","기타","운전자법규위반","안전운전 의무 불이행","단일로","기타단일로","승합차","중형","보행자","보행자","948813  ","1933249 ",126.91974138,37.39949425
"2013","2013121016","10","주간","화",1,1,0,0,0,"전북","완주군","차대차","추돌","진행중 추돌","운전자법규위반","안전운전 의무 불이행","단일로","기타단일로","화물차","중형","승용차","대형","959581  ","1760612 ",127.052433,35.84119221
"2013","2013121106","30","주간","수",1,2,1,0,0,"전북","익산시","차대차","추돌","진행중 추돌","운전자법규위반","안전운전 의무 불이행","교차로","교차로부근","승용차","중형","화물차","중형","952860  ","1771683 ",126.97735714,35.94070518
"2013","2013121317","40","주간","금",1,1,0,0,0,"충남","예산군","차대사람","횡단중","횡단중","운전자법규위반","안전운전 의무 불이행","단일로","기타단일로","화물차","소형","보행자","보행자","935976  ","1854565 ",126.78377516,36.68713245
"2013","2013121306","50","주간","금",1,1,0,0,0,"전북","익산시","차대사람","횡단중","횡단중","운전자법규위반","신호위반","교차로","교차로부근","승용차","소형","보행자","보행자","955580  ","1767850 ",127.00772706,35.90627541
"2013","2013120808","05","주간","일",1,1,0,0,0,"전북","장수군","차대사람","길가장자리구역통행중","길가장자리구역통행중","운전자법규위반","안전운전 의무 불이행","단일로","기타단일로","승합차","소형","보행자","보행자","1004132 ","1726260 ",127.54557849,35.53228517
"2013","2013121815","40","주간","수",1,1,0,0,0,"경기","용인시","차대차","측면직각충돌","측면직각충돌","운전자법규위반","신호위반","교차로","교차로부근","원동기장치자전거","원동기장치자전거","화물차","중형","976468  ","1922411 ",127.23447657,37.30035864
"2013","2013121520","30","야간","일",1,1,0,0,0,"충북","충주시","차대차","측면직각충돌","측면직각충돌","운전자법규위반","중앙선 침범","교차로","교차로부근","원동기장치자전거","원동기장치자전거","승용차","소형","1038723 ","1887183 ",127.93510495,36.98230644
"2013","2013121521","40","야간","일",1,1,0,0,0,"광주","서구","차대사람","횡단중","횡단중","운전자법규위반","안전운전 의무 불이행","교차로","교차로내","승용차","대형","보행자","보행자","943879  ","1685589 ",126.88375847,35.16399923
"2013","2013121206","20","주간","목",1,1,0,0,0,"경기","수원시","차대사람","기타","기타","운전자법규위반","신호위반","교차로","교차로내","화물차","중형","보행자","보행자","953680  ","1920545 ",126.97858648,37.28274011
"2013","2013121317","50","주간","금",1,1,0,0,0,"경남","거창군","차대차","측면직각충돌","측면직각충돌","운전자법규위반","교차로 통행방법 위반","교차로","교차로내","승용차","중형","원동기장치자전거","원동기장치자전거","1037984 ","1744036 ",127.9198184,35.69183952
"2013","2013121217","59","주간","목",1,1,0,0,0,"전남","목포시","차대사람","횡단중","횡단중","운전자법규위반","안전운전 의무 불이행","단일로","기타단일로","승합차","대형","보행자","보행자","897762  ","1645446 ",126.38236246,34.79844644
"2014","2014021713","37","주간","월",1,1,0,0,0,"전남","강진군","차량단독","도로이탈","도로이탈 기타","운전자법규위반","안전운전 의무 불이행","단일로","기타단일로","승용차","중형","00","00","928690  ","1615018 ",126.72299077,34.52670911
"2014","2014021806","35","주간","화",1,2,0,1,0,"경기","광주시","차대차","정면충돌","정면충돌","운전자법규위반","중앙선 침범","단일로","기타단일로","승용차","중형","건설기계","건설기계","980462  ","1941945 ",127.27901496,37.47656219
"2014","2014022600","20","야간","수",1,2,1,0,0,"경기","성남시","차량단독","공작물충돌","공작물충돌","운전자법규위반","과속","교차로","교차로내","승용차","중형","00","00","964958  ","1930517 ",127.10418054,37.35742197
"2014","2014022708","50","주간","목",1,4,1,2,0,"경남","김해시","차대차","측면직각충돌","측면직각충돌","운전자법규위반","교차로 통행방법 위반","교차로","교차로내","이륜차","소형","승용차","중형","1125994 ","1693896 ",128.88461457,35.23255168
"2014","2014022518","40","야간","화",1,1,0,0,0,"충남","당진시","차대차","기타","기타","운전자법규위반","안전운전 의무 불이행","단일로","기타단일로","건설기계","건설기계","농기계","농기계","925931  ","1866319 ",126.66980303,36.79212585
"2012","2012091908","00","주간","수",1,1,0,0,0,"충남","당진시","차대사람","길가장자리구역통행중","길가장자리구역통행중","운전자법규위반","안전운전 의무 불이행","교차로","교차로부근","화물차","소형","보행자","보행자","939339  ","1869540 ",126.81077208,36.84183089
"2012","2012092412","35","주간","월",1,1,0,0,0,"서울","마포구","차대사람","기타","기타","운전자법규위반","안전운전 의무 불이행","단일로","기타단일로","승용차","중형","보행자","보행자","947592  ","1952583 ",126.90652209,37.57112799
"2012","2012092210","55","주간","토",1,1,0,0,0,"세종","세종","차대차","추돌","진행중 추돌","운전자법규위반","안전운전 의무 불이행","교차로","교차로부근","원동기장치자전거","원동기장치자전거","승용차","중형","981999  ","1843427 ",127.29876654,36.58848428