"발생년","발생년월일시","발생분","주야","요일","사망자수","사상자수","중상자수","경상자수","부상신고자수","발생지시도","발생지시군구","사고유형_대분류","사고유형_중분류","사고유형","법규위반_대분류","법규위반","도로형태_대분류","도로형태","당사자종별_1당_대분류","당사자종별_1당","당사자종별_2당_대분류","당사자종별_2당","발생위치X_UTMK","발생위치Y_UTMK","경도","위도"
"2012","2012080718","25","야간","화",1,2,0,1,0,"경기","성남시","차대사람","기타","기타","운전자법규위반","안전운전 의무 불이행","교차로","교차로부근","승용차","대형","보행자","보행자","967493  ","1936689 ",127.13258178,37.42878557
"2012","2012081002","15","야간","금",1,2,1,0,0,"전남","목포시","차량단독","도로이탈","도로이탈 추락","운전자법규위반","안전운전 의무 불이행","단일로","기타단일로","승용차","중형","00","00","902944  ","1645407 ",126.43900633,34.7986018
"2012","2012081609","22","주간","목",1,1,0,0,0,"경북","울진군","차대차","측면직각충돌","측면직각충돌","운전자법규위반","차로위반(진로변경 위반)","교차로","교차로내","이륜차","사발이","건설기계","건설기계","1168435 ","1885202 ",129.39170727,36.95017563
"2012","2012081507","10","주간","수",1,2,0,1,0,"경남","사천시","차대차","측면직각충돌","측면직각충돌","운전자법규위반","중앙선 침범","교차로","교차로내","승합차","대형","승용차","대형","1055151 ","1674820 ",128.1017278,35.06880654
"2013","2013111517","12","주간","금",1,1,0,0,0,"울산","북구","차대사람","기타","기타","운전자법규위반","안전운전 의무 불이행","단일로","기타단일로","승용차","중형","보행자","보행자","1172128 ","1727293 ",129.39218495,35.54854239
"2013","2013111120","00","야간","월",1,1,0,0,0,"경남","창원시(통합)","차대사람","횡단중","횡단중","운전자법규위반","안전운전 의무 불이행","단일로","기타단일로","이륜차","소형","보행자","보행자","1109056 ","1689427 ",128.69792094,35.19424907
"2013","2013111206","10","주간","화",1,1,0,0,0,"경북","구미시","차대차","기타","기타","운전자법규위반","신호위반","교차로","교차로내","승용차","소형","이륜차","소형","1077584 ","1788675 ",128.36181522,36.09194234
"2013","2013111208","30","주간","화",1,1,0,0,0,"충남","논산시","차대차","추돌","진행중 추돌","운전자법규위반","안전운전 의무 불이행","교차로","교차로부근","이륜차","소형","승합차","대형","976484  ","1793302 ",127.23863031,36.13647221
"2013","2013111318","50","야간","수",1,1,0,0,0,"충남","부여군","차대차","정면충돌","정면충돌","운전자법규위반","안전운전 의무 불이행","교차로","교차로내","승용차","중형","이륜차","소형","953076  ","1796414 ",126.97828249,36.1636777
"2013","2013111210","10","주간","화",1,2,1,0,0,"경북","청도군","차대차","정면충돌","정면충돌","운전자법규위반","중앙선 침범","단일로","기타단일로","화물차","소형","화물차","소형","1097794 ","1737113 ",128.57995507,35.62530986
"2013","2013111211","35","주간","화",1,1,0,0,0,"경남","하동군","차대사람","횡단중","횡단중","운전자법규위반","안전운전 의무 불이행","교차로","교차로부근","화물차","소형","보행자","보행자","1028003 ","1667058 ",127.80686895,34.99807878
"2012","2012073017","57","주간","월",1,4,0,3,0,"전북","순창군","차대차","정면충돌","정면충돌","운전자법규위반","중앙선 침범","단일로","기타단일로","승용차","소형","승용차","대형","966679  ","1707629 ",127.13321528,35.36374569
"2012","2012062414","25","주간","일",1,6,2,3,0,"충북","제천시","차대차","측면직각충돌","측면직각충돌","운전자법규위반","서행 및 일시정지위반","교차로","교차로내","화물차","소형","승용차","대형","1058275 ","1905288 ",128.15619124,37.14449184
"2013","2013111820","48","야간","월",1,1,0,0,0,"울산","중구","차대사람","기타","기타","운전자법규위반","안전운전 의무 불이행","교차로","교차로내","화물차","소형","보행자","보행자","1166516 ","1730440 ",129.33721113,35.55598283
"2013","2013111704","45","야간","일",1,1,0,0,0,"강원","정선군","차대사람","기타","기타","운전자법규위반","안전운전 의무 불이행","교차로","교차로내","화물차","소형","보행자","보행자","1118759 ","1913271 ",128.83821198,37.21077494
"2013","2013111623","50","야간","토",1,2,0,1,0,"광주","광산구","차대차","추돌","진행중 추돌","운전자법규위반","안전운전 의무 불이행","단일로","기타단일로","승용차","대형","이륜차","소형","936703  ","1690238 ",126.80460964,35.20549052
"2013","2013112519","07","야간","월",1,1,0,0,0,"경북","포항시","차대사람","기타","기타","운전자법규위반","안전운전 의무 불이행","단일로","기타단일로","화물차","소형","보행자","보행자","1170109 ","1795402 ",129.39068409,36.14076352
"2013","2013112606","48","주간","화",1,1,0,0,0,"경북","구미시","차대사람","기타","기타","운전자법규위반","안전운전 의무 불이행","단일로","기타단일로","승용차","중형","보행자","보행자","1076340 ","1791941 ",128.34831458,36.12148323
"2013","2013112220","30","야간","금",1,1,0,0,0,"충남","서산시","차대차","추돌","진행중 추돌","운전자법규위반","안전운전 의무 불이행","단일로","기타단일로","특수차","대형","이륜차","소형","905690  ","1881856 ",126.44103393,36.93036272
"2013","2013112315","27","주간","토",1,1,0,0,0,"경남","고성군","차량단독","기타","기타","운전자법규위반","안전운전 의무 불이행","단일로","기타단일로","농기계","농기계","00","00","1058079 ","1658356 ",128.13583502,34.91833285
"2013","2013112319","24","야간","토",1,1,0,0,0,"인천","남동구","차대사람","기타","기타","운전자법규위반","안전운전 의무 불이행","단일로","기타단일로","승용차","소형","보행자","보행자","931734  ","1939113 ",126.72820745,37.44868585
"2013","2013102521","45","야간","금",1,1,0,0,0,"경기","광주시","차대사람","횡단중","횡단중","운전자법규위반","안전운전 의무 불이행","교차로","교차로내","승용차","중형","보행자","보행자","982515  ","1930201 ",127.30304231,37.37017423
"2013","2013102502","50","야간","금",2,2,0,0,0,"경남","창원시(통합)","차대차","측면직각충돌","측면직각충돌","운전자법규위반","신호위반","교차로","교차로내","승용차","소형","승용차","중형","1106788 ","1691819 ",128.67332307,35.21605738
"2013","2013102223","30","야간","화",1,1,0,0,0,"경기","평택시","차대차","측면직각충돌","측면직각충돌","운전자법규위반","안전운전 의무 불이행","교차로","교차로내","승용차","중형","이륜차","소형","960298  ","1885112 ",127.05348712,36.96360429
"2013","2013103016","48","주간","수",1,7,2,4,0,"강원","고성군","차대차","정면충돌","정면충돌","운전자법규위반","중앙선 침범","단일로","기타단일로","승용차","대형","승합차","대형","1080654 ","2042255 ",128.42298651,38.3775854
"2013","2013102918","00","야간","화",1,1,0,0,0,"경기","시흥시","차량단독","기타","기타","운전자법규위반","안전운전 의무 불이행","단일로","기타단일로","원동기장치자전거","원동기장치자전거","00","00","938163  ","1938711 ",126.80092008,37.44551488
"2013","2013103013","30","주간","수",1,1,0,0,0,"경기","시흥시","차대사람","기타","기타","운전자법규위반","신호위반","교차로","교차로내","화물차","소형","보행자","보행자","937817  ","1938576 ",126.79702013,37.44427491
"2013","2013102918","13","야간","화",1,1,0,0,0,"충남","서천군","차대사람","횡단중","횡단중","운전자법규위반","안전운전 의무 불이행","단일로","기타단일로","화물차","소형","보행자","보행자","924830  ","1789132 ",126.66495368,36.09625196
"2013","2013102920","50","야간","화",1,2,0,1,0,"충남","공주시","차대차","추돌","진행중 추돌","운전자법규위반","안전운전 의무 불이행","기타/불명","기타/불명","화물차","경형","농기계","농기계","959444  ","1831506 ",127.04725587,36.48032585
"2013","2013110418","50","야간","월",1,1,0,0,0,"충북","청원군","차대사람","횡단중","횡단중","운전자법규위반","신호위반","교차로","교차로내","승합차","대형","보행자","보행자","1011662 ","1846014 ",127.63299713,36.61473254
"2013","2013110204","39","야간","토",1,1,0,0,0,"서울","중랑구","차대사람","기타","기타","운전자법규위반","안전운전 의무 불이행","단일로","횡단보도상","승용차","중형","보행자","보행자","962906  ","1954229 ",127.07985216,37.58670831
"2013","2013110206","30","주간","토",1,3,0,2,0,"경북","안동시","차대차","추돌","진행중 추돌","운전자법규위반","안전운전 의무 불이행","단일로","기타단일로","화물차","소형","농기계","농기계","1111869 ","1845793 ",128.7507981,36.60341931
"2013","2013111114","50","주간","월",1,2,1,0,0,"대구","달서구","차대차","측면직각충돌","측면직각충돌","운전자법규위반","안전운전 의무 불이행","단일로","기타단일로","이륜차","중형","자전거","자전거","1092385 ","1759049 ",128.52275608,35.82358179
"2013","2013111106","20","주간","월",1,1,0,0,0,"경남","고성군","차대사람","횡단중","횡단중","운전자법규위반","안전운전 의무 불이행","단일로","기타단일로","화물차","소형","보행자","보행자","1083052 ","1667320 ",128.4101006,34.99741763
"2013","2013110907","50","주간","토",1,1,0,0,0,"경북","김천시","차량단독","전도전복","전도전복","운전자법규위반","안전운전 의무 불이행","교차로","교차로내","화물차","중형","00","00","1060487 ","1790494 ",128.17205213,36.10955625
"2013","2013110709","00","주간","목",1,1,0,0,0,"전남","영광군","차대사람","기타","기타","운전자법규위반","안전운전 의무 불이행","단일로","기타단일로","농기계","농기계","보행자","보행자","916686  ","1699496 ",126.58378331,35.28749737
"2013","2013110721","15","야간","목",1,2,0,1,0,"경남","창원시(통합)","차대차","측면직각충돌","측면직각충돌","운전자법규위반","안전운전 의무 불이행","단일로","기타단일로","자전거","자전거","승용차","소형","1109704 ","1690389 ",128.70516558,35.20285103
"2013","2013110719","35","야간","목",1,1,0,0,0,"경기","이천시","차대사람","길가장자리구역통행중","길가장자리구역통행중","운전자법규위반","안전운전 의무 불이행","단일로","기타단일로","승용차","소형","보행자","보행자","994625  ","1920127 ",127.4393674,37.28005302
"2012","2012071915","15","주간","목",1,1,0,0,0,"경기","고양시","차대사람","횡단중","횡단중","운전자법규위반","신호위반","단일로","횡단보도상","승합차","대형","보행자","보행자","935904  ","1966260 ",126.76889495,37.69089945
"2012","2012072311","25","주간","월",1,1,0,0,0,"강원","원주시","차대차","측면직각충돌","측면직각충돌","운전자법규위반","교차로 통행방법 위반","교차로","교차로내","원동기장치자전거","원동기장치자전거","승용차","경형","1061167 ","1918327 ",128.1898226,37.26183368
"2012","2012072906","40","주간","일",1,1,0,0,0,"경북","청도군","차량단독","도로이탈","도로이탈 추락","운전자법규위반","안전운전 의무 불이행","단일로","기타단일로","농기계","농기계","00","00","1128401 ","1745614 ",128.91922705,35.69843171
"2012","2012072900","24","야간","일",1,1,0,0,0,"부산","강서구","차대사람","횡단중","횡단중","운전자법규위반","안전운전 의무 불이행","단일로","기타단일로","승용차","중형","보행자","보행자","1133006 ","1691841 ",128.96131923,35.21312167
"2012","2012072902","23","야간","일",1,1,0,0,0,"충북","청주시","차대사람","기타","기타","운전자법규위반","안전운전 의무 불이행","교차로","교차로내","승용차","중형","보행자","보행자","998607  ","1848126 ",127.48441907,36.63101472
"2012","2012072903","05","야간","일",1,1,0,0,0,"울산","동구","차대사람","기타","기타","운전자법규위반","안전운전 의무 불이행","교차로","교차로부근","승용차","중형","보행자","보행자","1174363 ","1728989 ",129.42343391,35.54155703
"2012","2012072803","45","야간","토",1,1,0,0,0,"경기","용인시","차대사람","기타","기타","운전자법규위반","안전운전 의무 불이행","단일로","기타단일로","화물차","중형","보행자","보행자","972185  ","1911626 ",127.17546469,37.20292336
"2012","2012072619","15","야간","목",1,1,0,0,0,"전남","순천시","차대차","측면직각충돌","측면직각충돌","운전자법규위반","안전운전 의무 불이행","교차로","교차로부근","화물차","소형","자전거","자전거","1000183 ","1659211 ",127.50200368,34.92770632
"2012","2012073108","20","주간","화",1,1,0,0,0,"강원","홍천군","차대사람","기타","기타","운전자법규위반","안전운전 의무 불이행","단일로","기타단일로","승용차","대형","보행자","보행자","1032961 ","1965591 ",127.87384887,37.68927435
"2012","2012061602","20","야간","토",1,1,0,0,0,"충남","아산시","차대사람","횡단중","횡단중","운전자법규위반","안전운전 의무 불이행","단일로","기타단일로","승용차","대형","보행자","보행자","964940  ","1866413 ",127.1070137,36.79522136
"2012","2012062223","50","야간","금",1,1,0,0,0,"인천","남동구","차대사람","기타","기타","운전자법규위반","안전운전 의무 불이행","교차로","교차로부근","승용차","중형","보행자","보행자","929304  ","1934771 ",126.70115114,37.40954952
"2012","2012062116","35","주간","목",1,1,0,0,0,"경북","포항시","차대차","측면직각충돌","측면직각충돌","운전자법규위반","안전운전 의무 불이행","단일로","기타단일로","화물차","소형","원동기장치자전거","원동기장치자전거","1182728 ","1767770 ",129.5244825,35.88949626
"2012","2012062803","45","야간","목",1,1,0,0,0,"서울","강동구","차대차","정면충돌","정면충돌","운전자법규위반","중앙선 침범","단일로","기타단일로","자전거","자전거","승용차","중형","967279  ","1948692 ",127.12962938,37.53696712
"2012","2012062514","45","주간","금",1,1,0,0,0,"경북","고령군","차대차","측면직각충돌","측면직각충돌","운전자법규위반","안전운전 의무 불이행","교차로","교차로내","이륜차","소형","화물차","소형","1086973 ","1758593 ",128.46280025,35.81996583
"2012","2012062922","00","야간","금",1,1,0,0,0,"충남","논산시","차량단독","도로이탈","도로이탈 기타","운전자법규위반","안전운전 의무 불이행","단일로","기타단일로","승용차","중형","00","00","958238  ","1796697 ",127.03565857,36.16646537
"2012","2012062916","55","주간","금",1,1,0,0,0,"경북","청송군","차량단독","전도전복","전도전복","운전자법규위반","기타(운전자법규위반)","단일로","기타단일로","이륜차","사발이","00","00","1139486 ","1826715 ",129.05604172,36.42785147
"2012","2012070603","20","야간","금",1,2,1,0,0,"충남","부여군","차량단독","기타","기타","운전자법규위반","안전운전 의무 불이행","단일로","기타단일로","승용차","소형","00","00","947988  ","1810769 ",126.97009915,36.33187914
"2012","2012070606","55","주간","금",1,2,0,1,0,"강원","고성군","차대차","추돌","진행중 추돌","운전자법규위반","안전운전 의무 불이행","교차로","교차로부근","화물차","경형","화물차","중형","1092362 ","2029418 ",128.55572077,38.26038632
"2012","2012070307","34","주간","화",1,2,1,0,0,"세종","세종","차량단독","공작물충돌","공작물충돌","운전자법규위반","안전운전 의무 불이행","기타/불명","기타/불명","승용차","중형","00","00","981548  ","1836927 ",127.29388054,36.52987789
"2012","2012070320","20","야간","화",1,1,0,0,0,"제주","서귀포시","차량단독","공작물충돌","공작물충돌","운전자법규위반","안전운전 의무 불이행","단일로","기타단일로","이륜차","사발이","00","00","890660  ","1478213 ",126.3257137,33.28978217
"2012","2012070216","25","주간","월",1,3,1,1,0,"전북","익산시","차대차","측면직각충돌","측면직각충돌","운전자법규위반","직진 및 우회전차의 통행방해","교차로","교차로내","원동기장치자전거","원동기장치자전거","화물차","소형","951158  ","1773118 ",126.95839947,35.95355895
"2012","2012070917","40","주간","월",1,1,0,0,0,"충북","청주시","차대차","측면직각충돌","측면직각충돌","운전자법규위반","직진 및 우회전차의 통행방해","교차로","교차로내","화물차","소형","자전거","자전거","999202  ","1844468 ",127.49107804,36.59803847
"2012","2012071721","54","야간","화",1,1,0,0,0,"부산","북구","차대사람","차도통행중","차도통행중","운전자법규위반","안전운전 의무 불이행","단일로","기타단일로","승용차","중형","보행자","보행자","1138745 ","1692091 ",129.02439553,35.21459777
"2012","2012071808","50","주간","수",1,1,0,0,0,"경북","경산시","차량단독","공작물충돌","공작물충돌","운전자법규위반","안전운전 의무 불이행","단일로","기타단일로","이륜차","소형","00","00","1111742 ","1760464 ",128.73720648,35.83432252
"2012","2012072006","05","주간","금",1,1,0,0,0,"부산","사하구","차대차","측면직각충돌","측면직각충돌","운전자법규위반","안전운전 의무 불이행","단일로","횡단보도부근","자전거","자전거","승용차","중형","1133556 ","1679977 ",128.96544055,35.10610362
"2012","2012071818","41","야간","수",1,1,0,0,0,"경기","안양시","차대차","측면직각충돌","측면직각충돌","운전자법규위반","신호위반","교차로","교차로내","이륜차","중형","승합차","소형","952990  ","1931040 ",126.96902298,37.37724557
"2012","2012071811","30","주간","수",1,1,0,0,0,"경북","예천군","차량단독","기타","기타","운전자법규위반","안전운전 의무 불이행","단일로","기타단일로","이륜차","중형","00","00","1089194 ","1857684 ",128.49869363,36.7129909
"2012","2012071922","55","야간","목",1,1,0,0,0,"충북","청주시","차대차","측면직각충돌","측면직각충돌","운전자법규위반","차로위반(진로변경 위반)","단일로","기타단일로","승용차","중형","승용차","중형","997513  ","1850819 ",127.47217377,36.6552898
"2012","2012072423","50","야간","화",1,1,0,0,0,"경남","거창군","차대사람","기타","기타","운전자법규위반","안전운전 의무 불이행","단일로","기타단일로","승용차","경형","보행자","보행자","1037940 ","1747325 ",127.91948744,35.72149531
"2012","2012072502","20","야간","수",1,1,0,0,0,"전남","여수시","차대사람","횡단중","횡단중","운전자법규위반","안전운전 의무 불이행","교차로","교차로내","화물차","소형","보행자","보행자","1018909 ","1640999 ",127.70662476,34.76330119
"2012","2012072318","40","야간","월",1,1,0,0,0,"경기","가평군","차대차","정면충돌","정면충돌","운전자법규위반","중앙선 침범","단일로","기타단일로","승용차","소형","이륜차","소형","988748  ","1977503 ",127.37219245,37.79716396
"2012","2012072323","37","야간","월",1,1,0,0,0,"서울","금천구","차대사람","횡단중","횡단중","운전자법규위반","안전운전 의무 불이행","단일로","횡단보도부근","승용차","중형","보행자","보행자","945390  ","1942783 ",126.88231629,37.48267162
"2012","2012072122","00","야간","토",1,1,0,0,0,"서울","동대문구","차대차","측면직각충돌","측면직각충돌","운전자법규위반","신호위반","교차로","교차로부근","이륜차","소형","승용차","중형","959654  ","1954251 ",127.04301796,37.58676975
"2012","2012072315","15","주간","월",1,1,0,0,0,"경북","청도군","차량단독","전도전복","전도전복","운전자법규위반","안전운전 의무 불이행","단일로","기타단일로","농기계","농기계","00","00","1112761 ","1740654 ",128.74570082,35.65563483
"2012","2012072905","13","야간","일",1,1,0,0,0,"경기","부천시","차대사람","횡단중","횡단중","운전자법규위반","안전운전 의무 불이행","단일로","기타단일로","승용차","중형","보행자","보행자","937707  ","1941698 ",126.79551274,37.47240625
"2013","2013022823","20","야간","목",1,1,0,0,0,"경기","부천시","차대사람","횡단중","횡단중","운전자법규위반","안전운전 의무 불이행","교차로","교차로부근","화물차","중형","보행자","보행자","934092  ","1943840 ",126.75436724,37.49224204
"2013","2013030909","50","주간","토",1,1,0,0,0,"충북","충주시","차대차","측면직각충돌","측면직각충돌","운전자법규위반","안전운전 의무 불이행","기타/불명","기타/불명","화물차","소형","이륜차","소형","1037376 ","1886001 ",127.91991143,36.97170614
"2013","2013030608","25","주간","수",1,2,1,0,0,"경남","창원시(통합)","차대차","추돌","주정차중 추돌","운전자법규위반","안전운전 의무 불이행","단일로","기타단일로","화물차","경형","특수차","대형","1100157 ","1690405 ",128.60030592,35.20399366
"2013","2013030604","45","야간","수",1,1,0,0,0,"서울","마포구","차대사람","기타","기타","운전자법규위반","안전운전 의무 불이행","단일로","기타단일로","화물차","중형","보행자","보행자","945349  ","1953279 ",126.88107136,37.57727064
"2013","2013030414","30","주간","월",1,1,0,0,0,"경기","양주시","차량단독","기타","기타","운전자법규위반","안전운전 의무 불이행","단일로","기타단일로","농기계","농기계","00","00","955022  ","1974971 ",126.98927638,37.77330502
"2013","2013031303","50","야간","수",1,3,0,2,0,"부산","남구","차대차","추돌","진행중 추돌","운전자법규위반","과속","단일로","교량위","승용차","중형","특수차","대형","1149092 ","1685599 ",129.13472314,35.15561211
"2013","2013031417","40","주간","목",1,2,0,1,0,"전남","영암군","차대차","측면직각충돌","측면직각충돌","운전자법규위반","신호위반","교차로","교차로내","원동기장치자전거","원동기장치자전거","화물차","소형","904193  ","1641172 ",126.45314056,34.7605362
"2013","2013031216","14","주간","화",1,1,0,0,0,"충북","음성군","차량단독","기타","기타","운전자법규위반","안전운전 의무 불이행","단일로","기타단일로","이륜차","소형","00","00","1012752 ","1899511 ",127.64349651,37.09414612
"2013","2013031207","40","주간","화",1,1,0,0,0,"경기","오산시","차대사람","횡단중","횡단중","운전자법규위반","과속","교차로","교차로내","승용차","중형","보행자","보행자","961504  ","1907938 ",127.0663816,37.16940249
"2013","2013122313","40","주간","월",1,1,0,0,0,"서울","중구","차대사람","기타","기타","운전자법규위반","안전운전 의무 불이행","단일로","기타단일로","승합차","대형","보행자","보행자","953952  ","1951434 ",126.97861318,37.56111192
"2013","2013122520","00","야간","수",1,3,2,0,0,"울산","북구","차대사람","길가장자리구역통행중","길가장자리구역통행중","운전자법규위반","안전운전 의무 불이행","교차로","교차로부근","승용차","중형","보행자","보행자","1167776 ","1739656 ",129.35302053,35.63882321
"2013","2013122620","30","야간","목",1,1,0,0,0,"경북","경주시","차대사람","기타","기타","운전자법규위반","안전운전 의무 불이행","단일로","기타단일로","승용차","중형","보행자","보행자","1164543 ","1745950 ",129.31859943,35.70071292
"2013","2013122308","50","주간","월",1,1,0,0,0,"대전","유성구","차대차","기타","기타","운전자법규위반","안전운전 의무 불이행","단일로","기타단일로","화물차","대형","자전거","자전거","986283  ","1816311 ",127.34713794,36.34409914
"2013","2013122505","30","야간","수",1,1,0,0,0,"경북","경주시","차대사람","횡단중","횡단중","운전자법규위반","안전운전 의무 불이행","단일로","기타단일로","화물차","소형","보행자","보행자","1155090 ","1762399 ",129.21736476,35.84586322
"2013","2013122808","05","주간","토",1,1,0,0,0,"경기","고양시","차량단독","도로이탈","도로이탈 추락","운전자법규위반","안전운전 의무 불이행","단일로","교량위","승용차","중형","00","00","934473  ","1960239 ",126.75770575,37.63911169
"2013","2013122821","15","야간","토",1,4,0,3,0,"광주","동구","차대차","측면직각충돌","측면직각충돌","운전자법규위반","신호위반","교차로","교차로내","승용차","소형","승용차","소형","947227  ","1684512 ",126.92058861,35.15446962
"2013","2013120806","24","주간","일",1,1,0,0,0,"경남","창원시(통합)","차대사람","차도통행중","차도통행중","운전자법규위반","안전운전 의무 불이행","단일로","기타단일로","승합차","대형","보행자","보행자","1112339 ","1680293 ",128.73273277,35.11154291
"2013","2013121419","10","야간","토",1,1,0,0,0,"경북","포항시","차대사람","기타","기타","운전자법규위반","안전운전 의무 불이행","단일로","기타단일로","승합차","대형","보행자","보행자","1166105 ","1797700 ",129.34668809,36.16216501
"2013","2013120719","10","야간","토",1,1,0,0,0,"경북","구미시","차대사람","횡단중","횡단중","운전자법규위반","안전운전 의무 불이행","교차로","교차로부근","화물차","소형","보행자","보행자","1076515 ","1798614 ",128.35090868,36.18162466
"2013","2013120801","10","야간","일",1,1,0,0,0,"경북","청도군","차량단독","도로이탈","도로이탈 추락","운전자법규위반","안전운전 의무 불이행","기타/불명","기타/불명","이륜차","중형","00","00","1095625 ","1738255 ",128.55614155,35.63581727
"2013","2013121109","15","주간","수",1,1,0,0,0,"경북","의성군","차대차","추돌","주정차중 추돌","운전자법규위반","안전운전 의무 불이행","단일로","기타단일로","화물차","중형","화물차","소형","1077722 ","1827205 ",128.36717969,36.43926047
"2013","2013121618","25","야간","월",1,1,0,0,0,"충남","당진시","차대사람","기타","기타","운전자법규위반","안전운전 의무 불이행","기타/불명","기타/불명","승용차","중형","보행자","보행자","932363  ","1882303 ",126.74018306,36.9367908
"2013","2013121100","19","야간","수",1,2,0,1,0,"서울","마포구","차대사람","횡단중","횡단중","운전자법규위반","안전운전 의무 불이행","단일로","기타단일로","승용차","중형","보행자","보행자","951571  ","1951001 ",126.95168357,37.55708709
"2013","2013121906","40","주간","목",1,3,1,1,0,"충북","청주시","차대차","정면충돌","정면충돌","운전자법규위반","중앙선 침범","단일로","기타단일로","승용차","소형","승용차","중형","1001247 ","1850021 ",127.51401154,36.64891595
"2013","2013121500","05","야간","일",1,4,3,0,0,"전북","완주군","차대차","기타","기타","운전자법규위반","교차로 통행방법 위반","교차로","교차로내","승용차","소형","승합차","대형","959852  ","1767716 ",127.05507579,35.90525203
"2013","2013120906","00","주간","월",1,2,1,0,0,"경북","칠곡군","차량단독","전도전복","전도전복","운전자법규위반","안전운전 의무 불이행","단일로","교량위","승용차","중형","00","00","1078309 ","1783298 ",128.36933428,36.04341157
"2013","2013120907","05","주간","월",1,2,1,0,0,"경남","산청군","차대차","측면직각충돌","측면직각충돌","운전자법규위반","교차로 통행방법 위반","교차로","교차로내","승용차","중형","농기계","농기계","1052389 ","1706763 ",128.07661464,35.35511818
"2013","2013120720","30","야간","토",1,1,0,0,0,"광주","북구","차대사람","횡단중","횡단중","운전자법규위반","안전운전 의무 불이행","단일로","기타단일로","승용차","중형","보행자","보행자","947995  ","1687485 ",126.92883294,35.18131642
"2013","2013120823","35","야간","일",1,1,0,0,0,"충남","논산시","차대사람","기타","기타","운전자법규위반","안전운전 의무 불이행","단일로","기타단일로","승용차","중형","보행자","보행자","971501  ","1801588 ",127.18294642,36.21104135
"2013","2013121708","41","주간","화",1,2,0,1,0,"경기","안산시","차대차","측면직각충돌","측면직각충돌","운전자법규위반","중앙선 침범","단일로","기타단일로","승용차","중형","승용차","중형","946113  ","1921579 ",126.8920388,37.29159546
"2013","2013112609","48","주간","화",1,1,0,0,0,"경기","부천시","차대사람","횡단중","횡단중","운전자법규위반","보행자 보호의무 위반","단일로","횡단보도상","승합차","대형","보행자","보행자","939963  ","1947905 ",126.82051797,37.52849948
"2014","2014022004","20","야간","목",1,9,3,1,4,"경기","성남시","차대차","추돌","주정차중 추돌","운전자법규위반","안전운전 의무 불이행","단일로","기타단일로","승용차","대형","승용차","중형","969793  ","1938842 ",127.15848947,37.44826979
"2014","2014021918","20","야간","수",1,2,0,1,0,"경북","포항시","차대사람","기타","기타","운전자법규위반","과속","단일로","기타단일로","승용차","경형","보행자","보행자","1152354 ","1788175 ",129.19202954,36.07858745
"2014","2014022003","10","야간","목",1,1,0,0,0,"경남","김해시","차량단독","공작물충돌","공작물충돌","운전자법규위반","안전운전 의무 불이행","단일로","기타단일로","승용차","경형","00","00","1114420 ","1701196 ",128.75846779,35.29974825
"2014","2014021720","15","야간","월",1,1,0,0,0,"전북","익산시","차대차","기타","기타","운전자법규위반","안전운전 의무 불이행","단일로","기타단일로","화물차","대형","승합차","경형","947969  ","1786695 ",126.93242619,36.07632407
"2014","2014021810","33","주간","화",1,1,0,0,0,"전북","부안군","차대차","측면직각충돌","측면직각충돌","운전자법규위반","중앙선 침범","단일로","기타단일로","화물차","소형","원동기장치자전거","원동기장치자전거","930887  ","1748929 ",126.73572828,35.73426132
"2014","2014021807","03","주간","화",1,1,0,0,0,"세종","세종","차대사람","횡단중","횡단중","운전자법규위반","안전운전 의무 불이행","교차로","교차로부근","승합차","대형","보행자","보행자","979166  ","1850640 ",127.26690092,36.6534513
"2014","2014021720","00","야간","월",1,1,0,0,0,"광주","북구","차대사람","횡단중","횡단중","운전자법규위반","안전운전 의무 불이행","단일로","기타단일로","승용차","중형","보행자","보행자","945981  ","1685129 ",126.90686865,35.15996675
"2013","2013121713","55","주간","화",1,1,0,0,0,"경북","의성군","차대차","측면직각충돌","측면직각충돌","운전자법규위반","중앙선 침범","단일로","기타단일로","이륜차","사발이","화물차","소형","1100967 ","1810461 ",128.62432132,36.28617042
"2014","2014031416","40","주간","금",1,1,0,0,0,"경남","창원시(통합)","차대사람","횡단중","횡단중","운전자법규위반","안전운전 의무 불이행","교차로","교차로내","화물차","소형","보행자","보행자","1100766 ","1703148 ",128.60855879,35.31881544
"2014","2014031604","50","야간","일",1,2,0,1,0,"경기","고양시","차대차","정면충돌","정면충돌","운전자법규위반","중앙선 침범","단일로","기타단일로","승용차","중형","화물차","중형","932130  ","1961799 ",126.73058503,37.65317884
"2014","2014031601","34","야간","일",1,1,0,0,0,"강원","철원군","차량단독","공작물충돌","공작물충돌","운전자법규위반","안전운전 의무 불이행","단일로","기타단일로","승용차","경형","00","00","993211  ","2022315 ",127.42313346,38.20008575
"2013","2013121917","50","주간","목",1,1,0,0,0,"대전","서구","차대사람","횡단중","횡단중","운전자법규위반","안전운전 의무 불이행","단일로","기타단일로","승용차","중형","보행자","보행자","987102  ","1817232 ",127.35624957,36.35241364
"2013","2013122408","25","주간","화",1,3,1,1,0,"경기","평택시","차대차","기타","기타","운전자법규위반","중앙선 침범","단일로","기타단일로","승용차","중형","승용차","중형","959648  ","1889936 ",127.04643745,37.00730097
"2013","2013122623","40","야간","목",1,1,0,0,0,"경기","수원시","차대사람","기타","기타","운전자법규위반","안전운전 의무 불이행","단일로","기타단일로","승용차","대형","보행자","보행자","957146  ","1920172 ",127.01659133,37.27948713