"발생년","발생년월일시","발생분","주야","요일","사망자수","사상자수","중상자수","경상자수","부상신고자수","발생지시도","발생지시군구","사고유형_대분류","사고유형_중분류","사고유형","법규위반_대분류","법규위반","도로형태_대분류","도로형태","당사자종별_1당_대분류","당사자종별_1당","당사자종별_2당_대분류","당사자종별_2당","발생위치X_UTMK","발생위치Y_UTMK","경도","위도"
"2013","2013122700","45","야간","금",1,2,0,1,0,"경기","안양시","차대사람","횡단중","횡단중","운전자법규위반","안전운전 의무 불이행","단일로","기타단일로","승용차","중형","보행자","보행자","950601  ","1932889 ",126.9419169,37.39378715
"2013","2013122707","47","주간","금",1,1,0,0,0,"인천","남동구","차대차","측면직각충돌","측면직각충돌","운전자법규위반","차로위반(진로변경 위반)","단일로","기타단일로","자전거","자전거","화물차","소형","930148  ","1932086 ",126.71094296,37.3852335
"2013","2013123007","00","주간","월",1,1,0,0,0,"인천","연수구","차대차","기타","기타","운전자법규위반","중앙선 침범","단일로","기타단일로","승용차","중형","화물차","소형","924028  ","1937253 ",126.64128608,37.43132114
"2013","2013122816","31","주간","토",1,3,1,1,0,"강원","정선군","차대차","측면직각충돌","측면직각충돌","운전자법규위반","중앙선 침범","단일로","기타단일로","승용차","경형","승합차","대형","1119708 ","1909498 ",128.84848645,37.17658393
"2013","2013122203","40","야간","일",1,1,0,0,0,"전남","고흥군","차량단독","전도전복","전도전복","운전자법규위반","안전운전 의무 불이행","단일로","기타단일로","승용차","중형","00","00","977862  ","1621298 ",127.25860717,34.58557565
"2014","2014022520","58","야간","화",1,1,0,0,0,"서울","서대문구","차대사람","횡단중","횡단중","운전자법규위반","안전운전 의무 불이행","단일로","기타단일로","승합차","대형","보행자","보행자","952403  ","1952596 ",126.96099958,37.57150647
"2014","2014022815","25","주간","금",1,1,0,0,0,"경북","청송군","차량단독","기타","기타","운전자법규위반","기타(운전자법규위반)","단일로","기타단일로","농기계","농기계","00","00","1142138 ","1818599 ",129.08413107,36.35432174
"2014","2014030111","54","주간","토",1,1,0,0,0,"충북","청원군","차량단독","도로이탈","도로이탈 기타","운전자법규위반","안전운전 의무 불이행","단일로","기타단일로","특수차","중형","00","00","994828  ","1856483 ",127.44209394,36.70633945
"2014","2014030100","50","야간","토",1,1,0,0,0,"경기","고양시","차대사람","횡단중","횡단중","운전자법규위반","안전운전 의무 불이행","단일로","기타단일로","승용차","중형","보행자","보행자","937808  ","1960054 ",126.79509821,37.63785384
"2014","2014030106","24","주간","토",2,2,0,0,0,"제주","서귀포시","차대사람","기타","기타","운전자법규위반","과속","단일로","기타단일로","승용차","중형","보행자","보행자","896893  ","1475833 ",126.39291448,33.26893305
"2014","2014030719","10","야간","금",1,1,0,0,0,"서울","관악구","차대사람","기타","기타","운전자법규위반","안전운전 의무 불이행","교차로","교차로부근","건설기계","건설기계","보행자","보행자","952125  ","1942235 ",126.95852695,37.47810603
"2014","2014031013","00","주간","월",1,1,0,0,0,"경남","진주시","차대차","측면직각충돌","측면직각충돌","운전자법규위반","신호위반","교차로","교차로내","승용차","중형","자전거","자전거","1056161 ","1688317 ",128.11686653,35.18859443
"2014","2014030815","47","주간","토",1,1,0,0,0,"강원","인제군","차량단독","기타","기타","운전자법규위반","안전운전 의무 불이행","단일로","기타단일로","승용차","소형","00","00","1048293 ","1997733 ",128.04988671,37.9782824
"2014","2014032214","35","주간","토",1,1,0,0,0,"충북","진천군","차량단독","도로이탈","도로이탈 추락","운전자법규위반","안전운전 의무 불이행","단일로","기타단일로","화물차","소형","00","00","995325  ","1863104 ",127.44732936,36.76187325
"2014","2014032405","40","야간","월",1,1,0,0,0,"경기","평택시","차대사람","횡단중","횡단중","운전자법규위반","안전운전 의무 불이행","단일로","기타단일로","승합차","대형","보행자","보행자","963878  ","1888414 ",127.09406112,36.99350646
"2014","2014032315","20","주간","일",1,1,0,0,0,"충남","공주시","차대사람","기타","기타","운전자법규위반","안전운전 의무 불이행","단일로","기타단일로","승용차","소형","보행자","보행자","949992  ","1833242 ",126.94163091,36.49552853
"2014","2014032312","20","주간","일",1,1,0,0,0,"경기","포천시","차대사람","기타","기타","운전자법규위반","안전운전 의무 불이행","교차로","교차로내","승용차","중형","보행자","보행자","980174  ","2010007 ",127.2739081,38.08997391
"2014","2014032020","18","야간","목",1,1,0,0,0,"대구","달서구","차대사람","기타","기타","운전자법규위반","안전운전 의무 불이행","단일로","기타단일로","건설기계","건설기계","보행자","보행자","1090302 ","1762098 ",128.50004417,35.85126195
"2014","2014032119","20","야간","금",1,1,0,0,0,"경기","화성시","차량단독","공작물충돌","공작물충돌","운전자법규위반","안전운전 의무 불이행","단일로","기타단일로","이륜차","소형","00","00","959192  ","1911196 ",127.040162,37.19867149
"2014","2014032120","00","야간","금",1,1,0,0,0,"충북","청원군","차대차","추돌","진행중 추돌","운전자법규위반","안전운전 의무 불이행","단일로","기타단일로","화물차","소형","자전거","자전거","993243  ","1831817 ",127.42456494,36.48396459
"2014","2014032214","10","주간","토",1,1,0,0,0,"경남","하동군","차대사람","길가장자리구역통행중","길가장자리구역통행중","운전자법규위반","안전운전 의무 불이행","단일로","기타단일로","승용차","중형","보행자","보행자","1020452 ","1676713 ",127.72436039,35.08532188
"2012","2012101401","10","야간","일",1,3,0,2,0,"경기","파주시","차대차","추돌","주정차중 추돌","운전자법규위반","안전운전 의무 불이행","교차로","교차로부근","이륜차","대형","승용차","중형","938920  ","1971402 ",126.80674964,37.74020478
"2012","2012102110","50","주간","일",2,8,4,2,0,"전북","부안군","차대차","측면직각충돌","측면직각충돌","운전자법규위반","교차로 통행방법 위반","교차로","교차로내","화물차","중형","화물차","소형","927378  ","1749185 ",126.69690489,35.73631655
"2012","2012100320","25","야간","수",1,1,0,0,0,"경북","안동시","차대사람","길가장자리구역통행중","길가장자리구역통행중","운전자법규위반","안전운전 의무 불이행","단일로","기타단일로","승용차","중형","보행자","보행자","1095689 ","1843629 ",128.56965254,36.58567549
"2012","2012112411","30","주간","토",1,1,0,0,0,"충북","제천시","차대사람","길가장자리구역통행중","길가장자리구역통행중","운전자법규위반","안전운전 의무 불이행","단일로","기타단일로","불명","불명","보행자","보행자","1059780 ","1878933 ",128.17104395,36.90683894
"2012","2012112906","55","주간","목",1,1,0,0,0,"전남","나주시","차대사람","차도통행중","차도통행중","운전자법규위반","안전운전 의무 불이행","교차로","교차로내","승용차","중형","보행자","보행자","924901  ","1669701 ",126.67682652,35.01950795
"2012","2012112422","30","야간","토",1,1,0,0,0,"충남","공주시","차량단독","공작물충돌","공작물충돌","운전자법규위반","안전운전 의무 불이행","단일로","기타단일로","화물차","소형","00","00","978374  ","1820439 ",127.25888594,36.38116913
"2012","2012112614","30","주간","월",1,3,2,0,0,"충남","논산시","차대차","추돌","주정차중 추돌","운전자법규위반","안전운전 의무 불이행","교차로","교차로내","화물차","중형","승용차","소형","963895  ","1790195 ",127.09885436,36.10807389
"2012","2012112217","40","주간","목",1,1,0,0,0,"경북","김천시","차대사람","기타","기타","운전자법규위반","안전운전 의무 불이행","단일로","기타단일로","승용차","소형","보행자","보행자","1049234 ","1781764 ",128.04648457,36.03148765
"2012","2012112615","50","주간","월",2,2,0,0,0,"경북","경주시","차대차","측면직각충돌","측면직각충돌","운전자법규위반","안전운전 의무 불이행","단일로","기타단일로","화물차","대형","농기계","농기계","1152797 ","1765524 ",129.19258238,35.87438653
"2012","2012110914","10","주간","금",1,1,0,0,0,"제주","제주시","차대사람","기타","기타","운전자법규위반","안전운전 의무 불이행","단일로","기타단일로","승용차","경형","보행자","보행자","906727  ","1501052 ",126.49783222,33.49775815
"2012","2012111016","52","주간","토",1,1,0,0,0,"충남","공주시","차대사람","기타","기타","운전자법규위반","안전운전 의무 불이행","단일로","기타단일로","불명","불명","보행자","보행자","967091  ","1832374 ",127.13258391,36.48844423
"2012","2012102510","10","주간","목",1,1,0,0,0,"전북","임실군","차대차","측면직각충돌","측면직각충돌","운전자법규위반","안전거리 미확보","교차로","교차로내","화물차","대형","화물차","중형","978953  ","1742463 ",127.26741713,35.67816409
"2012","2012102503","54","야간","목",1,1,0,0,0,"인천","남동구","차량단독","전도전복","전도전복","운전자법규위반","안전운전 의무 불이행","교차로","교차로부근","승용차","소형","00","00","930106  ","1931854 ",126.71049049,37.38313932
"2012","2012102518","00","야간","목",1,1,0,0,0,"전남","담양군","차량단독","기타","기타","운전자법규위반","안전운전 의무 불이행","단일로","기타단일로","자전거","자전거","00","00","946712  ","1697895 ",126.91406805,35.27511227
"2012","2012102521","05","야간","목",1,2,1,0,0,"경기","부천시","차대차","측면직각충돌","측면직각충돌","운전자법규위반","안전운전 의무 불이행","교차로","교차로부근","승용차","중형","자전거","자전거","933531  ","1944507 ",126.75956177,37.49182684
"2012","2012102305","50","야간","화",1,1,0,0,0,"강원","철원군","차대차","추돌","진행중 추돌","운전자법규위반","과속","교차로","교차로부근","승용차","중형","자전거","자전거","976543  ","2020579 ",127.23215321,38.18516805
"2012","2012102614","30","주간","금",1,1,0,0,0,"충남","태안군","차대사람","기타","기타","운전자법규위반","안전운전 의무 불이행","단일로","기타단일로","화물차","소형","보행자","보행자","891574  ","1863757 ",126.28514576,36.76572449
"2012","2012102616","26","주간","금",1,1,0,0,0,"충북","음성군","차대사람","횡단중","횡단중","운전자법규위반","보행자 보호의무 위반","교차로","교차로내","화물차","소형","보행자","보행자","1008784 ","1887980 ",127.59871056,36.99024725
"2012","2012102701","50","야간","토",1,1,0,0,0,"부산","사상구","차대사람","횡단중","횡단중","운전자법규위반","안전운전 의무 불이행","단일로","기타단일로","승용차","중형","보행자","보행자","1135741 ","1689113 ",128.9909098,35.18816488
"2012","2012102305","49","야간","화",1,1,0,0,0,"경기","시흥시","차대차","기타","기타","운전자법규위반","안전운전 의무 불이행","교차로","교차로내","화물차","중형","승용차","경형","934473  ","1928976 ",126.76007024,37.35751861
"2012","2012102223","10","야간","월",1,1,0,0,0,"경기","이천시","차대사람","기타","기타","운전자법규위반","안전운전 의무 불이행","교차로","교차로내","특수차","대형","보행자","보행자","999007  ","1917128 ",127.48880248,37.25303496
"2012","2012102709","30","주간","토",1,1,0,0,0,"경남","거제시","차대차","기타","기타","운전자법규위반","안전운전 의무 불이행","단일로","기타단일로","승합차","중형","승용차","중형","1092907 ","1660554 ",128.51732493,34.93555735
"2012","2012101114","12","주간","목",1,1,0,0,0,"전북","전주시","차대차","측면직각충돌","측면직각충돌","운전자법규위반","교차로 통행방법 위반","교차로","교차로내","승용차","대형","이륜차","중형","967261  ","1758498 ",127.13756002,35.82241898
"2012","2012100612","50","주간","토",1,3,0,2,0,"전남","해남군","차대차","측면직각충돌","측면직각충돌","운전자법규위반","교차로 통행방법 위반","교차로","교차로내","화물차","소형","이륜차","대형","893017  ","1632858 ",126.33209918,34.68446637
"2012","2012101108","50","주간","목",1,2,0,1,0,"강원","철원군","차대차","측면직각충돌","측면직각충돌","운전자법규위반","안전운전 의무 불이행","단일로","기타단일로","이륜차","사발이","화물차","중형","976014  ","2018251 ",127.22619133,38.16417295
"2012","2012101101","10","야간","목",1,1,0,0,0,"경기","포천시","차량단독","공작물충돌","공작물충돌","운전자법규위반","안전운전 의무 불이행","단일로","기타단일로","이륜차","대형","00","00","970439  ","1978171 ",127.15225463,37.80942863
"2012","2012100619","00","야간","토",1,1,0,0,0,"전남","광양시","차대사람","기타","기타","운전자법규위반","안전운전 의무 불이행","교차로","교차로부근","승용차","중형","보행자","보행자","1016988 ","1661069 ",127.68612845,34.94449868
"2013","2013111601","52","야간","토",1,1,0,0,0,"경남","창원시(통합)","차대사람","기타","기타","운전자법규위반","안전운전 의무 불이행","고가도로위","고가도로위","승용차","중형","보행자","보행자","1100240 ","1695851 ",128.60188128,35.2530834
"2013","2013111418","00","야간","목",1,1,0,0,0,"충남","서산시","차대차","추돌","진행중 추돌","운전자법규위반","안전운전 의무 불이행","단일로","기타단일로","승용차","중형","농기계","농기계","911832  ","1868015 ",126.51153097,36.80100285
"2013","2013111323","23","야간","수",1,1,0,0,0,"경기","시흥시","차대사람","기타","기타","운전자법규위반","안전운전 의무 불이행","단일로","기타단일로","승용차","중형","보행자","보행자","939342  ","1936365 ",126.81622346,37.41982551
"2013","2013111400","45","야간","목",1,1,0,0,0,"경기","양평군","차대사람","기타","기타","운전자법규위반","안전운전 의무 불이행","단일로","기타단일로","승용차","중형","보행자","보행자","999293  ","1943531 ",127.49200232,37.49102822
"2013","2013111317","50","주간","수",1,4,3,0,0,"충남","천안시","차대차","기타","기타","운전자법규위반","차로위반(진로변경 위반)","단일로","기타단일로","승합차","대형","화물차","소형","970989  ","1871465 ",127.17462291,36.84096762
"2013","2013111223","43","야간","화",1,1,0,0,0,"전북","군산시","차대차","측면직각충돌","측면직각충돌","운전자법규위반","직진 및 우회전차의 통행방해","교차로","교차로내","승용차","중형","이륜차","소형","927351  ","1774535 ",126.6942976,35.96485185
"2013","2013110407","50","주간","월",1,1,0,0,0,"경기","광주시","차대차","측면직각충돌","측면직각충돌","운전자법규위반","신호위반","교차로","교차로내","승합차","중형","자전거","자전거","981332  ","1931846 ",127.28920249,37.38538665
"2013","2013110400","19","야간","월",1,1,0,0,0,"경기","안양시","차대사람","기타","기타","운전자법규위반","안전운전 의무 불이행","단일로","기타단일로","승용차","중형","보행자","보행자","947370  ","1936622 ",126.90515056,37.42725596
"2013","2013110320","40","야간","일",1,1,0,0,0,"서울","동작구","차대사람","횡단중","횡단중","운전자법규위반","안전운전 의무 불이행","단일로","기타단일로","승용차","중형","보행자","보행자","952973  ","1945385 ",126.96733998,37.50674617
"2013","2013110408","53","주간","월",1,1,0,0,0,"경기","포천시","차량단독","공작물충돌","공작물충돌","운전자법규위반","안전운전 의무 불이행","단일로","기타단일로","승용차","중형","00","00","978193  ","2012682 ",127.25123562,38.11403713
"2013","2013110718","05","야간","목",1,1,0,0,0,"경북","영주시","차대사람","기타","기타","운전자법규위반","안전운전 의무 불이행","단일로","기타단일로","승용차","대형","보행자","보행자","1100657 ","1867071 ",128.62826052,36.79645055
"2013","2013110807","40","주간","금",1,1,0,0,0,"경남","창녕군","차량단독","공작물충돌","공작물충돌","운전자법규위반","안전운전 의무 불이행","교차로","교차로내","승용차","소형","00","00","1089689 ","1726426 ",128.4892772,35.52973317
"2013","2013111515","00","주간","금",1,1,0,0,0,"세종","세종","차대차","기타","기타","운전자법규위반","신호위반","교차로","교차로내","화물차","대형","자전거","자전거","981417  ","1843431 ",127.2922603,36.58850918
"2013","2013111505","55","야간","금",1,2,0,1,0,"부산","북구","차대차","정면충돌","정면충돌","운전자법규위반","부당한 회전","교차로","교차로내","이륜차","소형","승용차","중형","1137641 ","1693644 ",129.0125294,35.22874856
"2013","2013111516","12","주간","금",1,3,2,0,0,"서울","은평구","차대사람","기타","기타","운전자법규위반","안전운전 의무 불이행","단일로","기타단일로","이륜차","중형","보행자","보행자","950480  ","1956932 ",126.93893067,37.61048581
"2013","2013111108","20","주간","월",1,1,0,0,0,"전북","완주군","차대사람","기타","기타","운전자법규위반","안전운전 의무 불이행","단일로","기타단일로","화물차","소형","보행자","보행자","979868  ","1788569 ",127.27636268,36.09387707
"2013","2013111203","00","야간","화",1,1,0,0,0,"서울","강남구","차대사람","차도통행중","차도통행중","운전자법규위반","안전운전 의무 불이행","단일로","기타단일로","승용차","중형","보행자","보행자","963950  ","1940632 ",127.09234425,37.46419463
"2013","2013111917","45","주간","화",1,1,0,0,0,"강원","속초시","차대사람","횡단중","횡단중","운전자법규위반","보행자 보호의무 위반","단일로","횡단보도상","화물차","중형","보행자","보행자","1094406 ","2022657 ",128.57818055,38.19925081
"2013","2013111915","25","주간","화",1,1,0,0,0,"전남","순천시","차량단독","공작물충돌","공작물충돌","운전자법규위반","안전운전 의무 불이행","교차로","교차로부근","승용차","소형","00","00","1002054 ","1661123 ",127.52249412,34.94494578
"2013","2013111917","40","주간","화",1,2,1,0,0,"경북","영천시","차대차","추돌","진행중 추돌","운전자법규위반","안전운전 의무 불이행","단일로","기타단일로","화물차","중형","농기계","농기계","1136045 ","1785458 ",129.01049501,36.05652003
"2013","2013112006","40","주간","수",1,1,0,0,0,"대구","북구","차대사람","횡단중","횡단중","운전자법규위반","안전운전 의무 불이행","단일로","기타단일로","화물차","소형","보행자","보행자","1098270 ","1765200 ",128.588654,35.87845824
"2013","2013111910","25","주간","화",1,2,1,0,0,"경북","안동시","차대사람","보도통행중","보도통행중","운전자법규위반","기타(운전자법규위반)","기타/불명","기타/불명","화물차","소형","보행자","보행자","1109035 ","1842748 ",128.71868632,36.57630303
"2013","2013112501","03","야간","월",1,1,0,0,0,"경기","안양시","차대사람","기타","기타","운전자법규위반","안전운전 의무 불이행","단일로","기타단일로","승용차","대형","보행자","보행자","947877  ","1935382 ",126.91096819,37.41610815
"2013","2013112608","20","주간","화",1,1,0,0,0,"전북","전주시","차대차","측면직각충돌","측면직각충돌","운전자법규위반","부당한 회전","단일로","기타단일로","이륜차","중형","승용차","중형","961427  ","1763636 ",127.07272731,35.86853071
"2013","2013120318","45","야간","화",1,1,0,0,0,"전남","구례군","차대사람","차도통행중","차도통행중","운전자법규위반","안전운전 의무 불이행","단일로","기타단일로","승용차","경형","보행자","보행자","1003711 ","1682887 ",127.54073786,35.14119522
"2013","2013120311","27","주간","화",1,1,0,0,0,"경남","거제시","차대사람","기타","기타","운전자법규위반","안전운전 의무 불이행","단일로","기타단일로","화물차","소형","보행자","보행자","1099505 ","1636190 ",128.58667196,34.7152634
"2013","2013120315","20","주간","화",1,2,0,1,0,"경기","광주시","차대차","측면직각충돌","측면직각충돌","운전자법규위반","중앙선 침범","단일로","기타단일로","화물차","소형","건설기계","건설기계","982854  ","1939492 ",127.30613671,37.45446312
"2013","2013120318","40","야간","화",1,1,0,0,0,"경기","양주시","차대사람","기타","기타","운전자법규위반","안전운전 의무 불이행","교차로","교차로내","승용차","중형","보행자","보행자","953960  ","1981705 ",126.97678987,37.83394451
"2013","2013120321","20","야간","화",1,1,0,0,0,"강원","원주시","차대차","추돌","진행중 추돌","운전자법규위반","과속","단일로","기타단일로","승용차","중형","자전거","자전거","1036700 ","1930058 ",127.92984368,37.40518083
"2013","2013120610","00","주간","금",1,1,0,0,0,"전남","완도군","차량단독","도로이탈","도로이탈 추락","운전자법규위반","안전운전 의무 불이행","단일로","기타단일로","농기계","농기계","00","00","935031  ","1600596 ",126.79317577,34.39707799
"2013","2013120522","25","야간","목",1,1,0,0,0,"광주","서구","차대차","측면직각충돌","측면직각충돌","운전자법규위반","안전거리 미확보","단일로","기타단일로","이륜차","소형","승용차","중형","943718  ","1684363 ",126.8820652,35.15297631
"2013","2013120407","06","주간","수",1,1,0,0,0,"제주","제주시","차대사람","횡단중","횡단중","운전자법규위반","안전운전 의무 불이행","단일로","기타단일로","화물차","소형","보행자","보행자","919944  ","1505300 ",126.63776979,33.53664666
"2013","2013120406","30","주간","수",1,2,0,1,0,"전남","강진군","차대차","추돌","주정차중 추돌","운전자법규위반","안전운전 의무 불이행","교차로","교차로내","화물차","소형","화물차","중형","931345  ","1625305 ",126.75108662,34.61965071
"2013","2013120419","00","야간","수",1,1,0,0,0,"전남","신안군","차량단독","기타","기타","운전자법규위반","안전운전 의무 불이행","단일로","기타단일로","승용차","경형","00","00","857579  ","1634409 ",125.94523006,34.69906193
"2013","2013120622","10","야간","금",1,1,0,0,0,"대구","달서구","차대사람","횡단중","횡단중","운전자법규위반","안전운전 의무 불이행","단일로","기타단일로","승합차","대형","보행자","보행자","1094609 ","1757526 ",128.54793416,35.8087594
"2013","2013123106","00","주간","화",1,1,0,0,0,"전남","여수시","차대사람","횡단중","횡단중","운전자법규위반","신호위반","교차로","교차로내","승용차","중형","보행자","보행자","1019105 ","1636658 ",127.70866805,34.72415143
"2013","2013123117","51","주간","화",1,1,0,0,0,"인천","남동구","차대차","측면직각충돌","측면직각충돌","운전자법규위반","안전운전 의무 불이행","교차로","교차로내","승합차","대형","이륜차","소형","933755  ","1937661 ",126.75118482,37.43574599
"2013","2013123113","30","주간","화",1,2,1,0,0,"경기","시흥시","차대차","기타","기타","운전자법규위반","안전운전 의무 불이행","단일로","기타단일로","승용차","중형","승용차","중형","924314  ","1925178 ",126.64575368,37.32251443
"2013","2013123018","23","야간","월",1,1,0,0,0,"강원","양구군","차대사람","횡단중","횡단중","운전자법규위반","안전운전 의무 불이행","단일로","기타단일로","승용차","대형","보행자","보행자","1042942 ","2010734 ",127.98948626,38.09604865
"2013","2013123119","20","야간","화",1,1,0,0,0,"충북","청주시","차대사람","횡단중","횡단중","운전자법규위반","안전운전 의무 불이행","교차로","교차로내","화물차","중형","보행자","보행자","999576  ","1847030 ",127.4952581,36.6211352
"2013","2013123106","30","주간","화",1,1,0,0,0,"제주","서귀포시","차대사람","횡단중","횡단중","운전자법규위반","안전운전 의무 불이행","단일로","기타단일로","승용차","중형","보행자","보행자","919341  ","1475090 ",126.63398312,33.26414453
"2013","2013123113","45","주간","화",1,2,1,0,0,"경남","합천군","차대차","정면충돌","정면충돌","운전자법규위반","중앙선 침범","단일로","기타단일로","화물차","소형","승합차","대형","1061416 ","1730319 ",128.17774292,35.56698716
"2013","2013123016","40","주간","월",1,2,1,0,0,"충남","당진시","차대차","정면충돌","정면충돌","운전자법규위반","중앙선 침범","단일로","기타단일로","승합차","소형","승용차","대형","921257  ","1870768 ",126.61695983,36.83185038
"2013","2013031016","30","주간","일",1,1,0,0,0,"충북","제천시","차대차","기타","기타","운전자법규위반","신호위반","교차로","교차로내","화물차","소형","원동기장치자전거","원동기장치자전거","1062946 ","1904198 ",128.20869269,37.13436426
"2013","2013031109","40","주간","월",1,1,0,0,0,"부산","금정구","차대사람","차도통행중","차도통행중","운전자법규위반","안전운전 의무 불이행","교차로","교차로내","승용차","중형","보행자","보행자","1144888 ","1694020 ",129.09220581,35.23111653
"2013","2013031019","50","야간","일",1,1,0,0,0,"경기","여주시","차대사람","차도통행중","차도통행중","운전자법규위반","안전운전 의무 불이행","단일로","기타단일로","승용차","중형","보행자","보행자","1005366 ","1910056 ",127.56045854,37.1892724
"2013","2013031923","45","야간","화",1,1,0,0,0,"경기","성남시","차대사람","차도통행중","차도통행중","운전자법규위반","안전운전 의무 불이행","교차로","교차로부근","승용차","중형","보행자","보행자","967140  ","1934709 ",127.12868012,37.41092617
"2013","2013031913","15","주간","화",1,1,0,0,0,"경기","시흥시","차대사람","횡단중","횡단중","운전자법규위반","안전운전 의무 불이행","교차로","교차로내","화물차","대형","보행자","보행자","933200  ","1928048 ",126.74673303,37.34863707
"2013","2013031720","10","야간","일",1,1,0,0,0,"강원","평창군","차대사람","보도통행중","보도통행중","운전자법규위반","안전운전 의무 불이행","단일로","기타단일로","화물차","경형","보행자","보행자","1069448 ","1937146 ",128.2849695,37.43086944
"2013","2013031602","45","야간","토",2,2,0,0,0,"서울","은평구","차대차","측면직각충돌","측면직각충돌","운전자법규위반","신호위반","교차로","교차로내","원동기장치자전거","원동기장치자전거","승용차","대형","948075  ","1957313 ",126.91165588,37.61378708
"2013","2013031722","25","야간","일",1,1,0,0,0,"경기","시흥시","차대사람","횡단중","횡단중","운전자법규위반","안전운전 의무 불이행","교차로","교차로부근","승용차","중형","보행자","보행자","931238  ","1929255 ",126.72351776,37.35979912
"2013","2013031603","30","야간","토",1,1,0,0,0,"인천","남동구","차량단독","기타","기타","운전자법규위반","안전운전 의무 불이행","기타/불명","기타/불명","승용차","중형","00","00","931327  ","1941229 ",126.72340923,37.46772701
"2013","2013031621","50","야간","토",1,2,1,0,0,"울산","울주군","차대차","측면직각충돌","측면직각충돌","운전자법규위반","신호위반","교차로","교차로내","이륜차","중형","승합차","소형","1161090 ","1714819 ",129.27427296,35.41609781
"2013","2013032421","10","야간","일",1,1,0,0,0,"경기","안양시","차대사람","기타","기타","운전자법규위반","안전운전 의무 불이행","단일로","기타단일로","승용차","대형","보행자","보행자","948024  ","1934517 ",126.91301296,37.40867618
"2013","2013032516","45","주간","월",1,1,0,0,0,"경북","구미시","차대사람","횡단중","횡단중","운전자법규위반","안전운전 의무 불이행","단일로","기타단일로","승합차","대형","보행자","보행자","1083190 ","1789067 ",128.42412188,36.09501207
"2013","2013032421","32","야간","일",1,1,0,0,0,"경기","시흥시","차대사람","횡단중","횡단중","운전자법규위반","신호위반","교차로","교차로내","승용차","대형","보행자","보행자","938591  ","1929644 ",126.806512,37.36382117
"2013","2013032418","30","야간","일",1,1,0,0,0,"인천","강화군","차대사람","횡단중","횡단중","운전자법규위반","안전운전 의무 불이행","단일로","기타단일로","화물차","소형","보행자","보행자","911563  ","1971762 ",126.50614454,37.73671949
"2013","2013032319","55","야간","토",1,1,0,0,0,"충남","천안시","차대사람","횡단중","횡단중","운전자법규위반","안전운전 의무 불이행","단일로","기타단일로","승합차","대형","보행자","보행자","977916  ","1859691 ",127.25265432,36.73501616
"2013","2013032400","40","야간","일",1,1,0,0,0,"제주","제주시","차대사람","횡단중","횡단중","운전자법규위반","안전운전 의무 불이행","단일로","기타단일로","승용차","중형","보행자","보행자","899629  ","1498359 ",126.38272155,33.45256239
"2013","2013032319","50","야간","토",1,1,0,0,0,"충남","천안시","차대사람","횡단중","횡단중","운전자법규위반","안전운전 의무 불이행","단일로","기타단일로","승용차","대형","보행자","보행자","970675  ","1862348 ",127.17145248,36.75877195
"2013","2013032303","17","야간","토",1,2,1,0,0,"경기","양평군","차대차","정면충돌","정면충돌","운전자법규위반","중앙선 침범","단일로","기타단일로","승용차","소형","화물차","소형","1010751 ","1945218 ",127.62303484,37.50731521
"2013","2013032321","18","야간","토",1,1,0,0,0,"충남","당진시","차대사람","횡단중","횡단중","운전자법규위반","안전운전 의무 불이행","단일로","기타단일로","화물차","대형","보행자","보행자","934615  ","1885455 ",126.76547918,36.96525483
"2013","2013033023","55","야간","토",1,1,0,0,0,"광주","북구","차대사람","기타","기타","운전자법규위반","안전운전 의무 불이행","교차로","교차로부근","승용차","중형","보행자","보행자","946332  ","1688117 ",126.91052803,35.18692747
"2013","2013033106","30","주간","일",1,1,0,0,0,"서울","강동구","차대차","추돌","주정차중 추돌","운전자법규위반","안전운전 의무 불이행","단일로","기타단일로","승용차","소형","화물차","경형","967501  ","1950840 ",127.13204701,37.55633577
"2013","2013033006","29","주간","토",1,2,1,0,0,"경기","안성시","차대차","측면직각충돌","측면직각충돌","운전자법규위반","신호위반","교차로","교차로내","승용차","중형","승용차","소형","977362  ","1884771 ",127.24570179,36.96108857
"2013","2013032715","40","주간","수",1,1,0,0,0,"경기","안산시","차대차","추돌","진행중 추돌","운전자법규위반","안전운전 의무 불이행","지하도로내","지하도로내","건설기계","건설기계","원동기장치자전거","원동기장치자전거","943881  ","1922836 ",126.8595886,37.30364464
"2013","2013032801","40","야간","목",1,1,0,0,0,"전남","보성군","차량단독","기타","기타","운전자법규위반","안전운전 의무 불이행","단일로","기타단일로","승용차","중형","00","00","962843  ","1647194 ",127.09370288,34.81866313
"2013","2013032911","55","주간","금",1,1,0,0,0,"경북","영천시","차대차","측면직각충돌","측면직각충돌","운전자법규위반","안전운전 의무 불이행","교차로","교차로내","승용차","소형","이륜차","소형","1129928 ","1775997 ",128.94104498,35.97208392
"2013","2013042023","55","야간","토",2,2,0,0,0,"서울","강남구","차대차","정면충돌","정면충돌","운전자법규위반","안전운전 의무 불이행","고가도로위","고가도로위","승용차","대형","승용차","중형","958296  ","1947710 ",127.02812471,37.5275249
"2013","2013030200","30","야간","토",1,1,0,0,0,"충북","제천시","차대차","기타","기타","운전자법규위반","안전운전 의무 불이행","단일로","기타단일로","승용차","중형","화물차","대형","1064077 ","1902588 ",128.22128769,37.11977569