"발생년","발생년월일시","발생분","주야","요일","사망자수","사상자수","중상자수","경상자수","부상신고자수","발생지시도","발생지시군구","사고유형_대분류","사고유형_중분류","사고유형","법규위반_대분류","법규위반","도로형태_대분류","도로형태","당사자종별_1당_대분류","당사자종별_1당","당사자종별_2당_대분류","당사자종별_2당","발생위치X_UTMK","발생위치Y_UTMK","경도","위도"
"2012","2012061207","00","주간","화",1,1,0,0,0,"전북","익산시","차대사람","횡단중","횡단중","운전자법규위반","안전운전 의무 불이행","단일로","기타단일로","승합차","경형","보행자","보행자","952143  ","1771299 ",126.96943118,35.93720829
"2012","2012062120","35","야간","목",1,1,0,0,0,"인천","서구","차대사람","차도통행중","차도통행중","운전자법규위반","안전운전 의무 불이행","단일로","기타단일로","승용차","중형","보행자","보행자","927340  ","1944736 ",126.67798,37.49902987
"2012","2012062117","15","주간","목",1,1,0,0,0,"경기","시흥시","차대사람","기타","기타","운전자법규위반","안전운전 의무 불이행","교차로","교차로부근","화물차","중형","보행자","보행자","933988  ","1927808 ",126.75491041,37.34718358
"2012","2012062021","00","야간","수",1,1,0,0,0,"경남","김해시","차대사람","길가장자리구역통행중","길가장자리구역통행중","운전자법규위반","안전운전 의무 불이행","단일로","기타단일로","승용차","중형","보행자","보행자","1123153 ","1692072 ",128.85312814,35.21646217
"2012","2012083101","15","야간","금",1,4,2,1,0,"전남","광양시","차대차","추돌","주정차중 추돌","운전자법규위반","안전운전 의무 불이행","단일로","기타단일로","승용차","중형","승용차","중형","1010190 ","1663132 ",127.61161898,34.96301275
"2012","2012083108","31","주간","금",1,1,0,0,0,"서울","마포구","차대사람","기타","기타","운전자법규위반","안전운전 의무 불이행","단일로","횡단보도상","승용차","중형","보행자","보행자","951994  ","1951022 ",126.95637883,37.55755047
"2012","2012083106","46","주간","금",1,1,0,0,0,"전남","여수시","차대차","기타","기타","운전자법규위반","안전거리 미확보","단일로","기타단일로","승합차","중형","농기계","농기계","1009913 ","1633098 ",127.60822988,34.69217845
"2012","2012090500","30","야간","수",1,1,0,0,0,"충남","공주시","차량단독","기타","기타","운전자법규위반","안전운전 의무 불이행","단일로","기타단일로","화물차","소형","00","00","960942  ","1826833 ",127.06421403,36.43826108
"2012","2012090409","05","주간","화",1,1,0,0,0,"서울","영등포구","차량단독","공작물충돌","공작물충돌","운전자법규위반","안전운전 의무 불이행","단일로","교량위","승용차","대형","00","00","948029  ","1946715 ",126.91188616,37.51826376
"2012","2012090313","34","주간","월",1,1,0,0,0,"경남","산청군","차대차","추돌","주정차중 추돌","운전자법규위반","안전운전 의무 불이행","단일로","기타단일로","이륜차","소형","건설기계","건설기계","1042695 ","1702130 ",127.96968034,35.31380602
"2012","2012091101","32","야간","화",1,1,0,0,0,"전남","목포시","차량단독","공작물충돌","공작물충돌","운전자법규위반","안전운전 의무 불이행","교차로","교차로내","승용차","소형","00","00","901828  ","1648108 ",126.42649256,34.82284743
"2012","2012090802","10","야간","토",1,1,0,0,0,"서울","용산구","차대사람","차도통행중","차도통행중","운전자법규위반","안전운전 의무 불이행","단일로","기타단일로","승용차","중형","보행자","보행자","953208  ","1949792 ",126.97029419,37.54627475
"2012","2012090708","50","주간","금",2,3,0,1,0,"경기","평택시","차대차","기타","기타","운전자법규위반","신호위반","교차로","교차로내","이륜차","소형","승용차","소형","948237  ","1890410 ",126.88910271,36.99652279
"2012","2012091421","40","야간","금",1,1,0,0,0,"경북","구미시","차대사람","기타","기타","운전자법규위반","안전운전 의무 불이행","교차로","교차로내","승합차","중형","보행자","보행자","1074437 ","1792649 ",128.32217178,36.12931965
"2012","2012091222","19","야간","수",1,1,0,0,0,"강원","정선군","차대사람","기타","기타","운전자법규위반","보행자 보호의무 위반","기타/불명","기타/불명","승합차","중형","보행자","보행자","1119261 ","1912890 ",128.84399412,37.20720865
"2012","2012091102","30","야간","화",1,1,0,0,0,"경북","울진군","차량단독","도로이탈","도로이탈 추락","운전자법규위반","안전운전 의무 불이행","단일로","기타단일로","승용차","소형","00","00","1168050 ","1896751 ",129.38996014,37.05429532
"2012","2012091717","56","주간","월",1,2,0,1,0,"전북","김제시","차대차","측면직각충돌","측면직각충돌","운전자법규위반","교차로 통행방법 위반","교차로","교차로내","원동기장치자전거","원동기장치자전거","승용차","중형","944767  ","1755862 ",126.8887305,35.79764477
"2012","2012091719","30","야간","월",1,1,0,0,0,"대구","중구","차대사람","기타","기타","운전자법규위반","안전운전 의무 불이행","단일로","기타단일로","승용차","소형","보행자","보행자","1099290 ","1764788 ",128.59990055,35.87464134
"2012","2012091709","04","주간","월",1,4,2,1,0,"전북","전주시","차량단독","공작물충돌","공작물충돌","운전자법규위반","안전운전 의무 불이행","단일로","기타단일로","승용차","경형","00","00","962261  ","1761028 ",127.08208872,35.8450497
"2012","2012091419","14","야간","금",1,1,0,0,0,"경북","군위군","차대사람","기타","기타","운전자법규위반","안전운전 의무 불이행","단일로","기타단일로","화물차","소형","보행자","보행자","1096804 ","1791880 ",128.57567735,36.11910737
"2012","2012092123","50","야간","금",1,1,0,0,0,"충남","금산군","차량단독","기타","기타","운전자법규위반","안전운전 의무 불이행","단일로","기타단일로","원동기장치자전거","원동기장치자전거","00","00","999960  ","1789625 ",127.4995556,36.10360643
"2012","2012092202","36","야간","토",1,1,0,0,0,"서울","광진구","차대사람","횡단중","횡단중","운전자법규위반","보행자 보호의무 위반","단일로","횡단보도상","승용차","중형","보행자","보행자","962698  ","1950595 ",127.07768127,37.55394552
"2012","2012091818","55","야간","화",1,2,0,1,0,"울산","동구","차대차","기타","기타","운전자법규위반","직진 및 우회전차의 통행방해","교차로","교차로부근","이륜차","소형","승용차","중형","1174898 ","1729042 ",129.42934406,35.54194038
"2012","2012092502","49","야간","화",1,1,0,0,0,"대전","서구","차대사람","횡단중","횡단중","운전자법규위반","안전운전 의무 불이행","교차로","교차로내","승용차","중형","보행자","보행자","988412  ","1817827 ",127.37084085,36.35779446
"2012","2012092305","30","야간","일",1,1,0,0,0,"경기","의정부시","차대차","추돌","진행중 추돌","운전자법규위반","신호위반","교차로","교차로내","승용차","중형","자전거","자전거","961111  ","1970500 ",127.05870913,37.73167406
"2012","2012092412","50","주간","월",1,2,1,0,0,"경북","영양군","차량단독","기타","기타","운전자법규위반","안전운전 의무 불이행","단일로","기타단일로","농기계","농기계","00","00","1151154 ","1850288 ",129.19077441,36.6385058
"2012","2012092404","18","야간","월",1,2,1,0,0,"경북","구미시","차량단독","전도전복","전도전복","운전자법규위반","안전운전 의무 불이행","단일로","기타단일로","승용차","중형","00","00","1082169 ","1790243 ",128.40860423,36.10567881
"2012","2012080616","50","주간","월",1,1,0,0,0,"경남","창원시(통합)","차대사람","횡단중","횡단중","운전자법규위반","안전운전 의무 불이행","단일로","기타단일로","승용차","중형","보행자","보행자","1104136 ","1695073 ",128.64460172,35.24567202
"2012","2012081106","35","주간","토",1,1,0,0,0,"서울","관악구","차량단독","공작물충돌","공작물충돌","운전자법규위반","안전운전 의무 불이행","단일로","기타단일로","이륜차","중형","00","00","948502  ","1943488 ",126.91763284,37.4893768
"2012","2012081106","20","주간","토",1,1,0,0,0,"경기","안양시","차량단독","공작물충돌","공작물충돌","운전자법규위반","안전운전 의무 불이행","고가도로위","고가도로위","원동기장치자전거","원동기장치자전거","00","00","948533  ","1935271 ",126.9183889,37.41514438
"2012","2012081009","09","주간","금",1,1,0,0,0,"전남","나주시","차량단독","도로이탈","도로이탈 기타","운전자법규위반","안전운전 의무 불이행","단일로","기타단일로","승용차","중형","00","00","927896  ","1668291 ",126.70977472,35.00701282
"2014","2014022601","45","야간","수",1,1,0,0,0,"전남","함평군","차량단독","도로이탈","도로이탈 추락","운전자법규위반","안전운전 의무 불이행","단일로","기타단일로","승용차","대형","00","00","906965  ","1679982 ",126.47909833,35.11070796
"2014","2014022707","42","주간","목",1,1,0,0,0,"경기","광주시","차대사람","횡단중","횡단중","운전자법규위반","신호위반","교차로","교차로부근","승합차","대형","보행자","보행자","977947  ","1935225 ",127.25078311,37.41589771
"2014","2014022715","55","주간","목",1,2,1,0,0,"서울","강동구","차대차","기타","기타","운전자법규위반","안전운전 의무 불이행","기타/불명","기타/불명","자전거","자전거","자전거","자전거","967957  ","1952030 ",127.13715772,37.56707769
"2014","2014030317","50","주간","월",1,1,0,0,0,"대전","서구","차대사람","기타","기타","운전자법규위반","안전운전 의무 불이행","단일로","횡단보도상","승합차","대형","보행자","보행자","986344  ","1813541 ",127.34786628,36.31912731
"2014","2014022818","10","야간","금",1,1,0,0,0,"충남","당진시","차량단독","전도전복","전도전복","운전자법규위반","안전운전 의무 불이행","기타/불명","기타/불명","이륜차","사발이","00","00","924888  ","1881125 ",126.65664858,36.92550004
"2014","2014030408","30","주간","화",1,2,0,0,1,"인천","부평구","차대사람","기타","기타","운전자법규위반","안전운전 의무 불이행","단일로","기타단일로","자전거","자전거","보행자","보행자","929490  ","1943898 ",126.70272919,37.49193467
"2014","2014030309","10","주간","월",1,1,0,0,0,"경기","가평군","차량단독","도로이탈","도로이탈 추락","운전자법규위반","안전운전 의무 불이행","단일로","기타단일로","이륜차","사발이","00","00","989756  ","1980703 ",127.38359668,37.82601797
"2014","2014022720","35","야간","목",1,1,0,0,0,"경북","영주시","차대차","추돌","주정차중 추돌","운전자법규위반","안전운전 의무 불이행","단일로","기타단일로","이륜차","중형","화물차","중형","1091418 ","1875822 ",128.52576954,36.87626257
"2014","2014030321","30","야간","월",1,1,0,0,0,"서울","영등포구","차대사람","횡단중","횡단중","운전자법규위반","신호위반","단일로","횡단보도상","승합차","대형","보행자","보행자","947983  ","1944205 ",126.91154325,37.49563809
"2014","2014030409","40","주간","화",1,1,0,0,0,"경기","광명시","차대차","추돌","주정차중 추돌","운전자법규위반","안전운전 의무 불이행","단일로","기타단일로","승용차","소형","화물차","소형","943679  ","1940995 ",126.86310134,37.46645336
"2014","2014032019","17","야간","목",1,1,0,0,0,"충남","당진시","차대차","정면충돌","정면충돌","운전자법규위반","안전운전 의무 불이행","기타/불명","기타/불명","화물차","소형","농기계","농기계","933249  ","1876993 ",126.76003296,36.89883053
"2014","2014030618","00","야간","목",1,1,0,0,0,"경남","진주시","차대차","기타","기타","운전자법규위반","안전운전 의무 불이행","교차로","교차로내","화물차","소형","원동기장치자전거","원동기장치자전거","1051469 ","1691331 ",128.06552079,35.21602229
"2013","2013122316","05","주간","월",1,1,0,0,0,"전북","익산시","차량단독","전도전복","전도전복","운전자법규위반","안전운전 의무 불이행","교차로","교차로부근","화물차","소형","00","00","952609  ","1786630 ",126.96784163,36.071582
"2013","2013122322","30","야간","월",1,1,0,0,0,"경기","성남시","차대사람","차도통행중","차도통행중","운전자법규위반","안전운전 의무 불이행","교차로","교차로부근","승합차","대형","보행자","보행자","967222  ","1936780 ",127.12951475,37.42959624
"2013","2013122116","34","주간","토",1,1,0,0,0,"경남","김해시","차량단독","공작물충돌","공작물충돌","운전자법규위반","안전운전 의무 불이행","교차로","교차로부근","승용차","경형","00","00","1127193 ","1697070 ",128.8997597,35.26147263
"2013","2013122404","15","야간","화",1,1,0,0,0,"부산","사하구","차대사람","기타","기타","운전자법규위반","신호위반","교차로","교차로부근","승용차","중형","보행자","보행자","1134167 ","1679774 ",128.97210986,35.1041925
"2013","2013110110","25","주간","금",1,1,0,0,0,"울산","울주군","차대차","측면직각충돌","측면직각충돌","운전자법규위반","중앙선 침범","단일로","기타단일로","이륜차","사발이","승용차","중형","1156940 ","1717303 ",129.22906152,35.4391481
"2013","2013110108","20","주간","금",1,1,0,0,0,"충남","당진시","차량단독","도로이탈","도로이탈 기타","운전자법규위반","안전운전 의무 불이행","교차로","교차로부근","원동기장치자전거","원동기장치자전거","00","00","916069  ","1876630 ",126.54998,36.88071435
"2013","2013110114","45","주간","금",1,2,0,1,0,"전남","완도군","차대사람","기타","기타","운전자법규위반","안전운전 의무 불이행","기타/불명","기타/불명","승합차","소형","보행자","보행자","927918  ","1597217 ",126.71608064,34.36613631
"2013","2013110116","45","주간","금",1,1,0,0,0,"강원","양양군","차량단독","공작물충돌","공작물충돌","운전자법규위반","안전운전 의무 불이행","단일로","기타단일로","이륜차","중형","00","00","1101000 ","2006448 ",128.65117873,38.05247779
"2013","2013110101","03","야간","금",1,1,0,0,0,"대전","서구","차대차","추돌","주정차중 추돌","운전자법규위반","안전운전 의무 불이행","단일로","기타단일로","승용차","중형","승용차","중형","990141  ","1817914 ",127.39011104,36.35859808
"2013","2013102922","05","야간","화",1,1,0,0,0,"경북","칠곡군","차대사람","기타","기타","운전자법규위반","안전운전 의무 불이행","교차로","교차로내","승용차","중형","보행자","보행자","1081672 ","1777049 ",128.40601894,35.98680165
"2013","2013102921","04","야간","화",1,1,0,0,0,"경남","창녕군","차대사람","기타","기타","운전자법규위반","안전운전 의무 불이행","단일로","기타단일로","승용차","소형","보행자","보행자","1093154 ","1717730 ",128.52649343,35.45101697
"2013","2013110400","18","야간","월",1,1,0,0,0,"경북","포항시","차량단독","도로이탈","도로이탈 추락","운전자법규위반","안전운전 의무 불이행","단일로","교량위","승용차","대형","00","00","1167971 ","1779851 ",129.36362287,36.00100546
"2013","2013110200","10","야간","토",1,1,0,0,0,"전남","여수시","차대사람","기타","기타","운전자법규위반","신호위반","교차로","교차로부근","승용차","중형","보행자","보행자","1020926 ","1639098 ",127.72867192,34.7467358
"2013","2013111014","56","주간","일",1,1,0,0,0,"서울","영등포구","차대사람","횡단중","횡단중","운전자법규위반","안전운전 의무 불이행","교차로","교차로내","승용차","중형","보행자","보행자","946885  ","1943451 ",126.89917688,37.48877963
"2013","2013111016","35","주간","일",1,1,0,0,0,"광주","서구","차대사람","횡단중","횡단중","운전자법규위반","신호위반","단일로","기타단일로","승용차","소형","보행자","보행자","942869  ","1682383 ",126.87289048,35.13503484
"2013","2013110922","10","야간","토",1,1,0,0,0,"충남","아산시","차량단독","공작물충돌","공작물충돌","운전자법규위반","안전운전 의무 불이행","단일로","교량위","승용차","중형","00","00","957993  ","1874181 ",127.04899696,36.84481231
"2013","2013111022","25","야간","일",1,1,0,0,0,"충북","청주시","차대사람","기타","기타","운전자법규위반","안전운전 의무 불이행","단일로","기타단일로","승용차","대형","보행자","보행자","999399  ","1848275 ",127.4932776,36.63235878
"2013","2013111023","35","야간","일",1,3,2,0,0,"경기","평택시","차량단독","도로이탈","도로이탈 추락","운전자법규위반","안전운전 의무 불이행","단일로","기타단일로","화물차","소형","00","00","946110  ","1894410 ",126.89396378,37.04670303
"2013","2013110709","50","주간","목",1,1,0,0,0,"경북","성주군","차대사람","길가장자리구역통행중","길가장자리구역통행중","운전자법규위반","안전운전 의무 불이행","단일로","기타단일로","화물차","소형","보행자","보행자","1068875 ","1776352 ",128.26400871,35.98150613
"2013","2013110702","30","야간","목",1,1,0,0,0,"충남","예산군","차량단독","공작물충돌","공작물충돌","운전자법규위반","안전운전 의무 불이행","단일로","기타단일로","화물차","소형","00","00","936036  ","1841980 ",126.78508894,36.57346568
"2014","2014032209","40","주간","토",1,4,1,2,0,"서울","노원구","차대차","기타","기타","운전자법규위반","중앙선 침범","단일로","기타단일로","승용차","중형","승용차","중형","961441  ","1957939 ",127.06306362,37.62008722
"2014","2014032209","10","주간","토",1,1,0,0,0,"울산","동구","차대차","추돌","진행중 추돌","운전자법규위반","안전거리 미확보","단일로","기타단일로","이륜차","소형","승합차","대형","1174980 ","1724709 ",129.42931312,35.50287894
"2014","2014032316","36","주간","일",1,1,0,0,0,"부산","남구","차대사람","기타","기타","운전자법규위반","안전운전 의무 불이행","단일로","기타단일로","승용차","대형","보행자","보행자","1147085 ","1683242 ",129.11441792,35.13364826
"2014","2014031821","55","야간","화",1,1,0,0,0,"경기","수원시","차대사람","횡단중","횡단중","운전자법규위반","안전운전 의무 불이행","단일로","기타단일로","승용차","중형","보행자","보행자","956442  ","1922682 ",127.00850306,37.3020787
"2014","2014031810","20","주간","화",1,2,0,1,0,"전남","나주시","차대차","기타","기타","운전자법규위반","중앙선 침범","교차로","교차로부근","건설기계","건설기계","특수차","소형","943633  ","1665381 ",126.88243169,34.98177383
"2014","2014031923","46","야간","수",3,11,7,1,0,"서울","송파구","차대차","추돌","주정차중 추돌","운전자법규위반","안전운전 의무 불이행","단일로","기타단일로","승합차","대형","승용차","중형","965214  ","1946302 ",127.10636924,37.51534944
"2013","2013122604","20","야간","목",1,1,0,0,0,"경기","평택시","차량단독","공작물충돌","공작물충돌","운전자법규위반","안전운전 의무 불이행","단일로","기타단일로","승용차","중형","00","00","962959  ","1891852 ",127.08356462,37.02446144
"2013","2013121913","50","주간","목",1,1,0,0,0,"서울","동작구","차대차","측면직각충돌","측면직각충돌","운전자법규위반","안전운전 의무 불이행","단일로","기타단일로","건설기계","건설기계","자전거","자전거","950642  ","1946179 ",126.94149006,37.51357621
"2013","2013122411","15","주간","화",1,1,0,0,0,"서울","도봉구","차대차","측면직각충돌","측면직각충돌","운전자법규위반","신호위반","교차로","교차로내","자전거","자전거","승용차","중형","959204  ","1962684 ",127.03745041,37.66275807
"2013","2013122918","00","야간","일",1,1,0,0,0,"전북","고창군","차대사람","기타","기타","운전자법규위반","안전운전 의무 불이행","단일로","기타단일로","화물차","소형","보행자","보행자","913149  ","1718948 ",126.54282229,35.46256841
"2013","2013122106","49","주간","토",1,1,0,0,0,"강원","고성군","차대사람","횡단중","횡단중","운전자법규위반","안전운전 의무 불이행","단일로","기타단일로","화물차","소형","보행자","보행자","1083788 ","2043487 ",128.46053915,38.38706265
"2013","2013122612","54","주간","목",1,1,0,0,0,"경남","의령군","차량단독","전도전복","전도전복","운전자법규위반","안전운전 의무 불이행","단일로","기타단일로","화물차","소형","00","00","1074995 ","1708525 ",128.32556763,35.36956128
"2013","2013122820","40","야간","토",1,1,0,0,0,"충남","천안시","차대사람","횡단중","횡단중","운전자법규위반","안전운전 의무 불이행","교차로","교차로부근","승용차","대형","보행자","보행자","969078  ","1873247 ",127.15311759,36.85697085
"2013","2013120818","50","야간","일",1,2,1,0,0,"서울","송파구","차대차","측면직각충돌","측면직각충돌","운전자법규위반","안전운전 의무 불이행","단일로","기타단일로","이륜차","중형","승합차","대형","968420  ","1944653 ",127.1427178,37.50060154
"2013","2013120918","58","야간","월",1,3,1,1,0,"경북","영천시","차대차","기타","기타","운전자법규위반","안전운전 의무 불이행","단일로","기타단일로","건설기계","건설기계","승용차","경형","1128465 ","1782727 ",128.92591511,36.03293612
"2013","2013121519","00","야간","일",1,1,0,0,0,"충남","아산시","차대사람","횡단중","횡단중","운전자법규위반","안전운전 의무 불이행","교차로","교차로내","화물차","소형","보행자","보행자","957816  ","1864298 ",127.02728042,36.77586517
"2013","2013121423","20","야간","토",1,4,2,1,0,"경기","안산시","차량단독","전도전복","전도전복","운전자법규위반","안전운전 의무 불이행","단일로","기타단일로","승용차","중형","00","00","942531  ","1923666 ",126.85203093,37.30924687
"2013","2013121117","59","주간","수",1,1,0,0,0,"전남","나주시","차대사람","기타","기타","운전자법규위반","안전운전 의무 불이행","교차로","교차로부근","승합차","대형","보행자","보행자","928750  ","1671468 ",126.71886096,35.03571903
"2013","2013121819","10","야간","수",1,1,0,0,0,"충북","제천시","차대사람","기타","기타","운전자법규위반","보행자 보호의무 위반","단일로","횡단보도상","승용차","소형","보행자","보행자","1061147 ","1906097 ",128.18859472,37.15160037
"2013","2013121822","27","야간","수",1,1,0,0,0,"충남","계룡시","차대사람","횡단중","횡단중","운전자법규위반","안전운전 의무 불이행","교차로","교차로부근","승용차","중형","보행자","보행자","976846  ","1809461 ",127.24217632,36.28216299
"2013","2013121223","10","야간","목",1,1,0,0,0,"전북","익산시","차대차","정면충돌","정면충돌","운전자법규위반","중앙선 침범","교차로","교차로부근","승용차","중형","이륜차","소형","951579  ","1771794 ",126.96314843,35.94164323
"2013","2013121219","30","야간","목",1,2,0,0,1,"경기","안양시","차대차","정면충돌","정면충돌","운전자법규위반","중앙선 침범","단일로","기타단일로","승용차","경형","승합차","중형","947750  ","1932560 ",126.90973262,37.39066536
"2013","2013121217","24","주간","목",1,3,2,0,0,"강원","고성군","차량단독","전도전복","전도전복","운전자법규위반","안전운전 의무 불이행","단일로","기타단일로","승용차","중형","00","00","1082970 ","2033724 ",128.44888718,38.30010534
"2014","2014021815","45","주간","화",1,1,0,0,0,"서울","영등포구","차대사람","기타","기타","운전자법규위반","안전운전 의무 불이행","교차로","교차로부근","승용차","대형","보행자","보행자","949660  ","1946908 ",126.9303288,37.52009377
"2014","2014022714","02","주간","목",1,1,0,0,0,"서울","노원구","차대사람","횡단중","횡단중","운전자법규위반","안전운전 의무 불이행","단일로","기타단일로","승합차","소형","보행자","보행자","963030  ","1963525 ",127.08078627,37.67050027
"2014","2014030305","38","야간","월",1,1,0,0,0,"부산","강서구","차량단독","도로이탈","도로이탈 추락","운전자법규위반","안전운전 의무 불이행","단일로","기타단일로","승용차","소형","00","00","1126723 ","1683882 ",128.89108426,35.14218864
"2014","2014030305","00","야간","월",1,1,0,0,0,"부산","강서구","차대사람","횡단중","횡단중","운전자법규위반","안전운전 의무 불이행","단일로","횡단보도부근","승용차","중형","보행자","보행자","1130411 ","1692528 ",128.93292517,35.21965522
"2012","2012081515","50","주간","수",1,1,0,0,0,"부산","동래구","차대사람","횡단중","횡단중","운전자법규위반","안전운전 의무 불이행","단일로","기타단일로","승용차","경형","보행자","보행자","1142991 ","1691797 ",129.07098002,35.21135144
"2012","2012081322","35","야간","월",1,2,0,1,0,"충남","아산시","차대사람","기타","기타","운전자법규위반","안전운전 의무 불이행","단일로","기타단일로","승용차","중형","보행자","보행자","960275  ","1881975 ",127.05391047,36.9353186
"2013","2013111401","29","야간","목",1,1,0,0,0,"부산","해운대구","차대사람","횡단중","횡단중","운전자법규위반","신호위반","단일로","기타단일로","승용차","중형","보행자","보행자","1150130 ","1693981 ",129.14956583,35.23005343
"2013","2013111314","40","주간","수",1,1,0,0,0,"경기","고양시","차대사람","기타","기타","운전자법규위반","안전운전 의무 불이행","단일로","기타단일로","승합차","대형","보행자","보행자","936293  ","1961651 ",126.77697747,37.65288691
"2012","2012022206","35","주간","수",1,1,0,0,0,"대전","동구","차대사람","횡단중","횡단중","운전자법규위반","안전운전 의무 불이행","단일로","기타단일로","승용차","중형","보행자","보행자","993927  ","1814955 ",127.43233306,36.33195282
"2013","2013112116","40","주간","목",1,1,0,0,0,"경북","봉화군","차대차","추돌","진행중 추돌","운전자법규위반","안전운전 의무 불이행","단일로","기타단일로","화물차","소형","농기계","농기계","1123162 ","1880722 ",128.8689049,36.92032621
"2013","2013111714","50","주간","일",1,1,0,0,0,"충북","청원군","차대차","측면직각충돌","측면직각충돌","운전자법규위반","신호위반","교차로","교차로내","승용차","중형","원동기장치자전거","원동기장치자전거","1002354 ","1856509 ",127.52635563,36.706585
"2013","2013111719","05","야간","일",1,1,0,0,0,"충북","음성군","차대사람","횡단중","횡단중","운전자법규위반","안전운전 의무 불이행","단일로","기타단일로","승용차","대형","보행자","보행자","1016949 ","1880367 ",127.6902939,36.92150851
"2013","2013111808","10","주간","월",1,1,0,0,0,"경북","영덕군","차대차","측면직각충돌","측면직각충돌","운전자법규위반","서행 및 일시정지위반","교차로","교차로내","승용차","중형","승용차","경형","1170014 ","1844395 ",129.40098554,36.58140777
"2013","2013111801","03","야간","월",1,1,0,0,0,"광주","광산구","차대사람","횡단중","횡단중","운전자법규위반","안전운전 의무 불이행","단일로","기타단일로","승용차","중형","보행자","보행자","936905  ","1684153 ",126.80729433,35.15063775
"2013","2013112117","50","주간","목",1,1,0,0,0,"충남","서천군","차대차","측면직각충돌","측면직각충돌","운전자법규위반","안전운전 의무 불이행","교차로","교차로부근","승용차","중형","이륜차","중형","927387  ","1786674 ",126.69358258,36.07428786
"2013","2013112206","30","주간","금",1,1,0,0,0,"충남","당진시","차대차","추돌","주정차중 추돌","운전자법규위반","안전운전 의무 불이행","단일로","기타단일로","화물차","소형","화물차","대형","937684  ","1875914 ",126.80073905,36.87946172
"2013","2013112910","30","주간","금",1,1,0,0,0,"경남","통영시","차량단독","기타","기타","운전자법규위반","안전운전 의무 불이행","단일로","기타단일로","농기계","농기계","00","00","1081487 ","1651497 ",128.39140847,34.85487761
"2013","2013112910","30","주간","금",1,1,0,0,0,"충북","청원군","차대차","기타","기타","운전자법규위반","안전운전 의무 불이행","교차로","교차로부근","화물차","중형","화물차","소형","994544  ","1857497 ",127.43890702,36.71547893
"2013","2013120120","20","야간","일",1,3,0,2,0,"강원","춘천시","차대차","측면직각충돌","측면직각충돌","운전자법규위반","안전운전 의무 불이행","단일로","기타단일로","화물차","소형","승용차","중형","1006706 ","1982014 ",127.57621296,37.83786708
"2013","2013113014","58","주간","토",1,1,0,0,0,"대구","수성구","차대사람","기타","기타","운전자법규위반","안전운전 의무 불이행","단일로","기타단일로","승합차","소형","보행자","보행자","1100209 ","1759490 ",128.60941368,35.82678903
"2013","2013120119","20","야간","일",1,1,0,0,0,"경북","구미시","차대사람","기타","기타","운전자법규위반","안전운전 의무 불이행","단일로","기타단일로","승용차","중형","보행자","보행자","1077035 ","1792546 ",128.35609609,36.12688221
"2013","2013113019","57","야간","토",1,1,0,0,0,"대전","동구","차대사람","횡단중","횡단중","운전자법규위반","과속","단일로","기타단일로","승용차","중형","보행자","보행자","994511  ","1813582 ",127.43783596,36.31965873
"2013","2013113021","15","야간","토",1,1,0,0,0,"경남","창원시(통합)","차대사람","차도통행중","차도통행중","운전자법규위반","안전운전 의무 불이행","교차로","교차로내","승용차","중형","보행자","보행자","1097932 ","1693079 ",128.57618455,35.22832081
"2013","2013113013","00","주간","토",1,1,0,0,0,"경기","시흥시","차대사람","횡단중","횡단중","운전자법규위반","신호위반","교차로","교차로내","승합차","대형","보행자","보행자","932153  ","1928532 ",126.73391561,37.35335004
"2013","2013120104","00","야간","일",1,1,0,0,0,"경기","양주시","차량단독","전도전복","전도전복","운전자법규위반","안전운전 의무 불이행","단일로","기타단일로","승용차","대형","00","00","949909  ","1979253 ",126.92549235,37.80605337
"2013","2013102606","50","주간","토",1,1,0,0,0,"인천","부평구","차대사람","횡단중","횡단중","운전자법규위반","안전운전 의무 불이행","단일로","횡단보도상","승용차","중형","보행자","보행자","932757  ","1943304 ",126.73938958,37.48653396
"2013","2013102700","45","야간","일",1,2,1,0,0,"전북","익산시","차대차","측면직각충돌","측면직각충돌","운전자법규위반","직진 및 우회전차의 통행방해","교차로","교차로내","승용차","중형","이륜차","대형","959512  ","1767670 ",127.06043039,35.91911942
"2013","2013102618","15","야간","토",1,1,0,0,0,"경기","파주시","차대사람","횡단중","횡단중","운전자법규위반","과속","교차로","교차로부근","화물차","소형","보행자","보행자","936812  ","1986536 ",126.78150538,37.87645659
"2013","2013102416","00","주간","목",1,1,0,0,0,"강원","영월군","차량단독","전도전복","전도전복","운전자법규위반","안전운전 의무 불이행","단일로","기타단일로","화물차","소형","00","00","1077956 ","1910697 ",128.37834763,37.19180982
"2013","2013103103","40","야간","목",1,1,0,0,0,"부산","해운대구","차량단독","전도전복","전도전복","운전자법규위반","안전운전 의무 불이행","지하도로내","지하도로내","이륜차","소형","00","00","1151655 ","1686953 ",129.16524158,35.16641849
"2013","2013102818","20","야간","월",1,1,0,0,0,"경기","안산시","차대사람","횡단중","횡단중","운전자법규위반","안전운전 의무 불이행","교차로","교차로부근","승용차","중형","보행자","보행자","936223  ","1922263 ",126.78040703,37.29713484
"2013","2013102923","20","야간","화",1,1,0,0,0,"경기","안산시","차량단독","공작물충돌","공작물충돌","운전자법규위반","신호위반","교차로","교차로부근","이륜차","소형","00","00","941680  ","1924181 ",126.84182357,37.3147808