"발생년","발생년월일시","발생분","주야","요일","사망자수","사상자수","중상자수","경상자수","부상신고자수","발생지시도","발생지시군구","사고유형_대분류","사고유형_중분류","사고유형","법규위반_대분류","법규위반","도로형태_대분류","도로형태","당사자종별_1당_대분류","당사자종별_1당","당사자종별_2당_대분류","당사자종별_2당","발생위치X_UTMK","발생위치Y_UTMK","경도","위도"
"2013","2013122923","19","야간","일",1,1,0,0,0,"경기","가평군","차대사람","차도통행중","차도통행중","운전자법규위반","안전운전 의무 불이행","단일로","기타단일로","승용차","소형","보행자","보행자","996709  ","1975208 ",127.46262906,37.776542
"2013","2013121818","00","야간","수",1,1,0,0,0,"전남","여수시","차대사람","기타","기타","운전자법규위반","안전운전 의무 불이행","교차로","교차로부근","승용차","중형","보행자","보행자","1020832 ","1639747 ",127.72760688,34.75197352
"2014","2014031222","20","야간","수",1,1,0,0,0,"강원","춘천시","차량단독","공작물충돌","공작물충돌","운전자법규위반","안전운전 의무 불이행","단일로","기타단일로","승용차","경형","00","00","1011645 ","2001661 ",127.63266182,38.01489558
"2014","2014032317","55","주간","일",1,1,0,0,0,"경북","구미시","차대차","기타","기타","운전자법규위반","안전운전 의무 불이행","단일로","기타단일로","승용차","중형","자전거","자전거","1074784 ","1801022 ",128.33188999,36.20346734
"2013","2013122400","08","야간","화",1,1,0,0,0,"경북","경주시","차량단독","공작물충돌","공작물충돌","운전자법규위반","안전운전 의무 불이행","교차로","교차로내","승합차","경형","00","00","1157461 ","1770702 ",129.24525016,35.92031123
"2013","2013122405","20","야간","화",1,1,0,0,0,"경기","성남시","차대사람","기타","기타","운전자법규위반","안전운전 의무 불이행","교차로","교차로부근","화물차","소형","보행자","보행자","969035  ","1938354 ",127.14994041,37.44384609
"2013","2013122801","05","야간","토",1,1,0,0,0,"경기","양주시","차량단독","공작물충돌","공작물충돌","운전자법규위반","안전운전 의무 불이행","단일로","기타단일로","승용차","경형","00","00","952625  ","1978673 ",126.96181765,37.80654939
"2013","2013122819","30","야간","토",1,1,0,0,0,"경기","화성시","차량단독","전도전복","전도전복","운전자법규위반","안전운전 의무 불이행","단일로","기타단일로","이륜차","소형","00","00","940762  ","1893200 ",126.84088355,37.03377308
"2013","2013122502","38","야간","수",1,1,0,0,0,"충남","아산시","차대차","추돌","진행중 추돌","운전자법규위반","안전운전 의무 불이행","단일로","기타단일로","승용차","소형","화물차","대형","952529  ","1870321 ",126.96613099,36.8385555
"2013","2013122723","40","야간","금",1,1,0,0,0,"광주","서구","차대사람","횡단중","횡단중","운전자법규위반","안전운전 의무 불이행","단일로","기타단일로","승용차","대형","보행자","보행자","941729  ","1685412 ",126.86016399,35.1622809
"2013","2013122318","05","야간","월",1,1,0,0,0,"전남","여수시","차대사람","횡단중","횡단중","운전자법규위반","안전운전 의무 불이행","단일로","횡단보도상","승용차","중형","보행자","보행자","1021941 ","1639472 ",127.73971637,34.7494704
"2013","2013122318","00","야간","월",1,1,0,0,0,"경기","고양시","차대사람","기타","기타","운전자법규위반","보행자 보호의무 위반","단일로","기타단일로","승용차","중형","보행자","보행자","941240  ","1959494 ",126.83404004,37.63303264
"2013","2013122606","15","주간","목",2,2,0,0,0,"광주","남구","차대사람","기타","기타","운전자법규위반","신호위반","교차로","교차로부근","승용차","소형","보행자","보행자","943244  ","1678273 ",126.87728857,35.0979973
"2013","2013121818","00","야간","수",1,1,0,0,0,"경북","문경시","차대사람","기타","기타","운전자법규위반","안전운전 의무 불이행","단일로","기타단일로","승용차","소형","보행자","보행자","1063686 ","1843776 ",128.21195279,36.58967408
"2013","2013120922","00","야간","월",1,1,0,0,0,"충남","서산시","차대사람","기타","기타","운전자법규위반","안전운전 의무 불이행","기타/불명","기타/불명","승용차","대형","보행자","보행자","907432  ","1865593 ",126.46257434,36.78395443
"2013","2013120703","52","야간","토",1,1,0,0,0,"서울","서대문구","차대사람","횡단중","횡단중","운전자법규위반","안전운전 의무 불이행","단일로","기타단일로","승용차","중형","보행자","보행자","950721  ","1954766 ",126.94175282,37.59095003
"2014","2014030706","35","주간","금",1,1,0,0,0,"강원","동해시","차대사람","횡단중","횡단중","운전자법규위반","안전운전 의무 불이행","교차로","교차로부근","승용차","중형","보행자","보행자","1143635 ","1947149 ",129.12522594,37.51245691
"2012","2012102319","05","야간","화",1,2,1,0,0,"경기","김포시","차대차","기타","기타","운전자법규위반","교차로 통행방법 위반","교차로","교차로내","원동기장치자전거","원동기장치자전거","화물차","소형","922603  ","1958125 ",126.5741995,37.61209977
"2012","2012102317","30","주간","화",3,3,0,0,0,"인천","서구","차대사람","기타","기타","운전자법규위반","안전운전 의무 불이행","단일로","횡단보도부근","화물차","소형","보행자","보행자","927745  ","1944309 ",126.68260339,37.49521322
"2012","2012100616","05","주간","토",1,1,0,0,0,"전남","진도군","차대차","추돌","진행중 추돌","운전자법규위반","안전거리 미확보","교차로","교차로내","승용차","중형","이륜차","소형","890281  ","1615681 ",126.3044589,34.52930781
"2012","2012100710","55","주간","일",1,1,0,0,0,"경기","광명시","차대차","추돌","진행중 추돌","운전자법규위반","차로위반(진로변경 위반)","교차로","교차로부근","자전거","자전거","승합차","대형","945688  ","1937104 ",126.8861053,37.43150316
"2012","2012101718","25","야간","수",1,1,0,0,0,"전남","담양군","차대차","기타","기타","운전자법규위반","안전운전 의무 불이행","단일로","기타단일로","승용차","중형","자전거","자전거","952468  ","1703818 ",126.97433506,35.33109532
"2012","2012102209","20","주간","월",1,1,0,0,0,"경기","남양주시","차량단독","공작물충돌","공작물충돌","운전자법규위반","안전거리 미확보","단일로","기타단일로","승용차","소형","00","00","987816  ","1962661 ",127.36185495,37.66337678
"2012","2012101405","00","야간","일",1,3,2,0,0,"대구","동구","차대차","측면직각충돌","측면직각충돌","운전자법규위반","신호위반","교차로","교차로내","화물차","중형","승용차","중형","1106582 ","1764907 ",128.68067988,35.87494732
"2012","2012101410","10","주간","일",1,3,1,1,0,"전남","영암군","차대차","측면직각충돌","측면직각충돌","운전자법규위반","직진 및 우회전차의 통행방해","교차로","교차로내","승용차","중형","승합차","대형","902761  ","1641729 ",126.43743146,34.76542273
"2012","2012101820","25","야간","목",1,1,0,0,0,"경기","화성시","차량단독","공작물충돌","공작물충돌","운전자법규위반","안전운전 의무 불이행","단일로","기타단일로","승용차","중형","00","00","944421  ","1907815 ",126.87397693,37.16743351
"2012","2012101821","52","야간","목",1,1,0,0,0,"부산","해운대구","차대사람","횡단중","횡단중","운전자법규위반","안전운전 의무 불이행","단일로","기타단일로","승용차","중형","보행자","보행자","1147131 ","1689491 ",129.11603664,35.18996756
"2012","2012092804","06","야간","금",1,1,0,0,0,"서울","강동구","차대사람","기타","기타","운전자법규위반","안전운전 의무 불이행","단일로","기타단일로","화물차","중형","보행자","보행자","970795  ","1949587 ",127.1693909,37.54515227
"2012","2012092917","40","주간","토",1,1,0,0,0,"충북","음성군","차대차","기타","기타","운전자법규위반","차로위반(진로변경 위반)","단일로","기타단일로","원동기장치자전거","원동기장치자전거","승용차","중형","1012589 ","1901700 ",127.64169905,37.11388051
"2012","2012100408","27","주간","목",1,1,0,0,0,"제주","제주시","차대차","기타","기타","운전자법규위반","과속","단일로","기타단일로","승용차","소형","원동기장치자전거","원동기장치자전거","886067  ","1491709 ",126.27469154,33.41101066
"2012","2012100408","40","주간","목",1,1,0,0,0,"서울","광진구","차대차","기타","기타","운전자법규위반","안전운전 의무 불이행","단일로","기타단일로","승용차","소형","농기계","농기계","962849  ","1948199 ",127.08164297,37.53181336
"2012","2012100520","30","야간","금",1,1,0,0,0,"부산","사상구","차대사람","기타","기타","운전자법규위반","안전운전 의무 불이행","단일로","기타단일로","승용차","대형","보행자","보행자","1136642 ","1684929 ",129.00010994,35.15032771
"2012","2012093015","50","주간","일",1,1,0,0,0,"강원","평창군","차량단독","전도전복","전도전복","운전자법규위반","안전운전 의무 불이행","단일로","기타단일로","원동기장치자전거","원동기장치자전거","00","00","1070831 ","1956047 ",128.30242215,37.60111474
"2012","2012092619","24","야간","수",1,1,0,0,0,"전북","군산시","차대사람","기타","기타","운전자법규위반","안전운전 의무 불이행","단일로","기타단일로","승용차","중형","보행자","보행자","938221  ","1772521 ",126.80959955,35.94729558
"2012","2012112323","16","야간","금",1,1,0,0,0,"경기","부천시","차량단독","공작물충돌","공작물충돌","운전자법규위반","안전운전 의무 불이행","교차로","교차로내","이륜차","중형","00","00","937491  ","1947230 ",126.79259992,37.52225148
"2012","2012100922","55","야간","화",1,2,1,0,0,"경남","창원시(통합)","차대차","측면직각충돌","측면직각충돌","운전자법규위반","신호위반","교차로","교차로내","원동기장치자전거","원동기장치자전거","승용차","소형","1108427 ","1685560 ",128.67927727,35.15367734
"2012","2012100714","20","주간","일",1,1,0,0,0,"인천","계양구","차대차","측면직각충돌","측면직각충돌","운전자법규위반","안전운전 의무 불이행","단일로","횡단보도상","자전거","자전거","승용차","중형","930853  ","1948211 ",126.71739294,37.53061921
"2012","2012101212","10","주간","금",1,1,0,0,0,"강원","영월군","차대차","기타","기타","운전자법규위반","안전운전 의무 불이행","단일로","횡단보도부근","이륜차","사발이","화물차","경형","1086206 ","1919025 ",128.47225389,37.2661427
"2012","2012100809","41","주간","월",1,1,0,0,0,"서울","종로구","차대사람","횡단중","횡단중","운전자법규위반","안전운전 의무 불이행","단일로","기타단일로","승용차","중형","보행자","보행자","955771  ","1954895 ",126.99899943,37.59239578
"2012","2012101222","40","야간","금",1,1,0,0,0,"경북","구미시","차대사람","기타","기타","운전자법규위반","안전운전 의무 불이행","단일로","기타단일로","승합차","중형","보행자","보행자","1075952 ","1792362 ",128.34404405,36.1253089
"2012","2012101718","40","야간","수",1,1,0,0,0,"대전","서구","차량단독","전도전복","전도전복","운전자법규위반","안전운전 의무 불이행","단일로","기타단일로","원동기장치자전거","원동기장치자전거","00","00","982713  ","1806142 ",127.30797994,36.25242734
"2012","2012102104","35","야간","일",1,5,4,0,0,"경기","양주시","차량단독","공작물충돌","공작물충돌","운전자법규위반","안전운전 의무 불이행","교차로","교차로부근","승용차","소형","00","00","959539  ","1978393 ",127.04037416,37.80435841
"2012","2012101721","30","야간","수",1,1,0,0,0,"경남","양산시","차량단독","공작물충돌","공작물충돌","운전자법규위반","안전운전 의무 불이행","교차로","교차로내","승용차","소형","00","00","1140665 ","1710472 ",129.04863762,35.38001121
"2012","2012101317","20","주간","토",1,1,0,0,0,"세종","세종","차대차","정면충돌","정면충돌","운전자법규위반","안전운전 의무 불이행","교차로","교차로내","화물차","소형","자전거","자전거","981211  ","1845050 ",127.28991787,36.6031004
"2012","2012101313","57","주간","토",1,1,0,0,0,"충남","당진시","차량단독","공작물충돌","공작물충돌","운전자법규위반","안전운전 의무 불이행","단일로","기타단일로","화물차","중형","00","00","926323  ","1878654 ",126.67299962,36.90334068
"2012","2012101304","50","야간","토",1,2,1,0,0,"충북","청주시","차량단독","공작물충돌","공작물충돌","운전자법규위반","안전운전 의무 불이행","단일로","기타단일로","승용차","대형","00","00","991293  ","1847021 ",127.40262339,36.62101437
"2012","2012101813","04","주간","목",1,1,0,0,0,"서울","강서구","차량단독","공작물충돌","공작물충돌","운전자법규위반","안전운전 의무 불이행","단일로","기타단일로","승용차","중형","00","00","942814  ","1950577 ",126.85257464,37.55276353
"2012","2012101818","30","야간","목",1,1,0,0,0,"충북","영동군","차대사람","기타","기타","운전자법규위반","안전운전 의무 불이행","기타/불명","기타/불명","승용차","대형","보행자","보행자","1019883 ","1803443 ",127.72124778,36.22798074
"2012","2012101913","49","주간","금",2,5,3,0,0,"전북","익산시","차대차","측면직각충돌","측면직각충돌","운전자법규위반","신호위반","교차로","교차로내","승용차","소형","화물차","중형","947533  ","1785779 ",126.92207762,36.07603119
"2012","2012062011","00","주간","수",1,1,0,0,0,"부산","해운대구","차량단독","공작물충돌","공작물충돌","운전자법규위반","안전운전 의무 불이행","단일로","기타단일로","승용차","소형","00","00","1152054 ","1688310 ",129.16948398,35.17898233
"2012","2012062104","30","야간","목",1,1,0,0,0,"서울","구로구","차대사람","횡단중","횡단중","운전자법규위반","안전운전 의무 불이행","단일로","횡단보도상","승용차","중형","보행자","보행자","942295  ","1944465 ",126.84717941,37.49764346
"2012","2012062621","45","야간","화",1,1,0,0,0,"광주","북구","차대사람","횡단중","횡단중","운전자법규위반","안전운전 의무 불이행","단일로","기타단일로","승용차","중형","보행자","보행자","945987  ","1684857 ",126.90695233,35.15751452
"2012","2012062521","35","야간","월",1,1,0,0,0,"대전","중구","차대사람","횡단중","횡단중","운전자법규위반","보행자 보호의무 위반","교차로","교차로부근","승용차","중형","보행자","보행자","990923  ","1812997 ",127.39925328,36.31341177
"2012","2012062520","45","야간","월",1,1,0,0,0,"경남","양산시","차대사람","횡단중","횡단중","운전자법규위반","안전운전 의무 불이행","단일로","기타단일로","화물차","중형","보행자","보행자","1146360 ","1702403 ",129.10987074,35.30646265
"2012","2012062521","15","야간","월",1,1,0,0,0,"경북","구미시","차대사람","기타","기타","운전자법규위반","안전운전 의무 불이행","단일로","기타단일로","승용차","소형","보행자","보행자","1078147 ","1788113 ",128.36801276,36.0868309
"2012","2012070113","54","주간","일",1,1,0,0,0,"충북","음성군","차량단독","도로이탈","도로이탈 추락","운전자법규위반","안전운전 의무 불이행","단일로","기타단일로","이륜차","대형","00","00","1013343 ","1902244 ",127.65019557,37.1187738
"2012","2012070523","47","야간","목",1,1,0,0,0,"충북","충주시","차대사람","횡단중","횡단중","운전자법규위반","안전운전 의무 불이행","단일로","기타단일로","승용차","소형","보행자","보행자","1038809 ","1885738 ",127.93599694,36.96927737
"2012","2012070522","16","야간","목",1,1,0,0,0,"경기","의정부시","차대사람","기타","기타","운전자법규위반","안전운전 의무 불이행","교차로","교차로내","승용차","대형","보행자","보행자","960186  ","1969671 ",127.04820216,37.72577565
"2012","2012070807","40","주간","일",1,2,0,1,0,"경기","고양시","차대사람","보도통행중","보도통행중","운전자법규위반","기타(운전자법규위반)","교차로","교차로부근","화물차","소형","보행자","보행자","942655  ","1965098 ",126.84963562,37.68363003
"2012","2012070703","05","야간","토",2,3,1,0,0,"경기","평택시","차대차","측면직각충돌","측면직각충돌","운전자법규위반","신호위반","교차로","교차로내","승용차","중형","승용차","대형","962668  ","1888954 ",127.08043674,36.99832685
"2012","2012070723","35","야간","토",1,1,0,0,0,"광주","서구","차대사람","횡단중","횡단중","운전자법규위반","안전운전 의무 불이행","단일로","기타단일로","승용차","경형","보행자","보행자","940436  ","1683895 ",126.83581804,35.1545305
"2012","2012071203","20","야간","목",1,1,0,0,0,"경북","문경시","차대사람","기타","기타","운전자법규위반","안전운전 의무 불이행","단일로","기타단일로","승용차","중형","보행자","보행자","1062563 ","1845004 ",128.19949942,36.60081805
"2012","2012071808","20","주간","수",1,1,0,0,0,"제주","제주시","차량단독","공작물충돌","공작물충돌","운전자법규위반","안전운전 의무 불이행","교차로","교차로내","화물차","소형","00","00","901024  ","1498265 ",126.43480031,33.47161814
"2012","2012071808","05","주간","수",1,1,0,0,0,"충남","아산시","차대사람","횡단중","횡단중","운전자법규위반","안전운전 의무 불이행","교차로","교차로부근","화물차","대형","보행자","보행자","949184  ","1866345 ",126.93041648,36.79389378
"2012","2012072916","40","주간","일",1,1,0,0,0,"전남","영암군","차량단독","전도전복","전도전복","운전자법규위반","안전운전 의무 불이행","단일로","기타단일로","원동기장치자전거","원동기장치자전거","00","00","917208  ","1648899 ",126.59457393,34.83134716
"2012","2012072809","22","주간","토",1,5,1,2,1,"경남","창녕군","차대차","측면직각충돌","측면직각충돌","운전자법규위반","교차로 통행방법 위반","교차로","교차로내","승용차","소형","건설기계","건설기계","1089571 ","1711216 ",128.48630041,35.39261944
"2012","2012072610","00","주간","목",1,1,0,0,0,"경북","상주시","차량단독","전도전복","전도전복","운전자법규위반","안전운전 의무 불이행","단일로","기타단일로","원동기장치자전거","원동기장치자전거","00","00","1063388 ","1835258 ",128.20792098,36.5129091
"2012","2012072713","20","주간","금",1,2,1,0,0,"울산","남구","차대차","추돌","진행중 추돌","운전자법규위반","안전운전 의무 불이행","교차로","교차로부근","화물차","소형","화물차","소형","1167977 ","1726023 ",129.35240754,35.51593055
"2012","2012061220","47","야간","화",2,5,0,3,0,"경기","오산시","차량단독","공작물충돌","공작물충돌","운전자법규위반","안전운전 의무 불이행","단일로","기타단일로","승용차","대형","00","00","960189  ","1909286 ",127.05149804,37.18149809
"2012","2012061910","25","주간","화",1,1,0,0,0,"충북","충주시","차대차","추돌","진행중 추돌","운전자법규위반","안전운전 의무 불이행","단일로","기타단일로","승용차","대형","자전거","자전거","1039251 ","1885688 ",127.94095983,36.96880832
"2012","2012061810","10","주간","월",1,1,0,0,0,"충남","부여군","차대차","정면충돌","정면충돌","운전자법규위반","안전운전 의무 불이행","교차로","교차로내","이륜차","중형","건설기계","건설기계","931157  ","1818124 ",126.73268397,36.35807801
"2012","2012062321","30","야간","토",1,1,0,0,0,"대전","중구","차량단독","전도전복","전도전복","운전자법규위반","안전운전 의무 불이행","교차로","교차로내","이륜차","소형","00","00","992027  ","1815435 ",127.41115787,36.33626636
"2012","2012062215","30","주간","금",1,3,1,1,0,"충북","청원군","차량단독","전도전복","전도전복","운전자법규위반","안전운전 의무 불이행","단일로","기타단일로","승용차","경형","00","00","984615  ","1853363 ",127.32781154,36.67810257
"2012","2012062010","50","주간","수",1,1,0,0,0,"충남","청양군","차량단독","전도전복","전도전복","운전자법규위반","안전운전 의무 불이행","단일로","기타단일로","건설기계","건설기계","00","00","940660  ","1822548 ",126.83825864,36.39859258
"2012","2012062019","50","야간","수",1,2,1,0,0,"전북","순창군","차대차","정면충돌","정면충돌","운전자법규위반","중앙선 침범","단일로","기타단일로","화물차","소형","승용차","경형","964590  ","1715921 ",127.1098608,35.43843965
"2012","2012062714","25","주간","수",1,1,0,0,0,"울산","울주군","차대차","정면충돌","정면충돌","운전자법규위반","안전운전 의무 불이행","단일로","기타단일로","화물차","중형","승용차","중형","1163588 ","1722541 ",129.30332673,35.48528347
"2012","2012062412","24","주간","일",1,1,0,0,0,"충남","홍성군","차량단독","전도전복","전도전복","운전자법규위반","안전운전 의무 불이행","단일로","기타단일로","농기계","농기계","00","00","922134  ","1834174 ",126.63051242,36.5020687
"2012","2012070101","20","야간","일",1,1,0,0,0,"경북","포항시","차대사람","횡단중","횡단중","운전자법규위반","안전운전 의무 불이행","교차로","교차로부근","승용차","중형","보행자","보행자","1166466 ","1781699 ",129.34732148,36.01791644
"2012","2012112618","57","야간","월",1,1,0,0,0,"전북","정읍시","차대사람","기타","기타","운전자법규위반","안전운전 의무 불이행","단일로","기타단일로","승용차","중형","보행자","보행자","948645  ","1740404 ",126.93069993,35.66042576
"2012","2012112122","00","야간","수",1,1,0,0,0,"경기","광명시","차대사람","기타","기타","운전자법규위반","안전운전 의무 불이행","단일로","기타단일로","자전거","자전거","보행자","보행자","944670  ","1942293 ",126.87420978,37.47821232
"2012","2012112619","06","야간","월",1,1,0,0,0,"충북","제천시","차량단독","전도전복","전도전복","운전자법규위반","안전운전 의무 불이행","단일로","기타단일로","승용차","소형","00","00","1065082 ","1883115 ",128.23091564,36.94418363
"2012","2012111220","55","야간","월",1,7,1,5,0,"광주","북구","차대차","추돌","주정차중 추돌","운전자법규위반","안전운전 의무 불이행","교차로","교차로부근","화물차","소형","화물차","소형","941632  ","1690339 ",126.85878437,35.2107218
"2012","2012111000","05","야간","토",1,1,0,0,0,"전남","영광군","차대차","기타","기타","운전자법규위반","안전운전 의무 불이행","단일로","기타단일로","불명","불명","승용차","소형","907909  ","1698778 ",126.48735471,35.28025461
"2012","2012111011","30","주간","토",2,2,0,0,0,"경북","경산시","차대차","측면직각충돌","측면직각충돌","운전자법규위반","직진 및 우회전차의 통행방해","교차로","교차로내","이륜차","소형","승용차","대형","1117124 ","1759390 ",128.79662505,35.82401345
"2012","2012092607","40","주간","수",1,1,0,0,0,"경기","용인시","차대사람","횡단중","횡단중","운전자법규위반","안전운전 의무 불이행","단일로","횡단보도부근","승용차","중형","보행자","보행자","968826  ","1919685 ",127.1483637,37.27556211
"2012","2012102422","28","야간","수",1,1,0,0,0,"서울","강서구","차대차","기타","기타","운전자법규위반","신호위반","교차로","교차로부근","승용차","대형","이륜차","중형","935452  ","1951054 ",126.77941768,37.55501669
"2012","2012102602","10","야간","금",1,2,1,0,0,"전북","전주시","차량단독","공작물충돌","공작물충돌","운전자법규위반","안전운전 의무 불이행","단일로","기타단일로","승용차","대형","00","00","969062  ","1762137 ",127.15735676,35.85528676
"2012","2012102618","35","야간","금",1,1,0,0,0,"울산","남구","차대사람","횡단중","횡단중","운전자법규위반","안전운전 의무 불이행","단일로","횡단보도상","승용차","중형","보행자","보행자","1164196 ","1727044 ",129.3109372,35.52576496
"2012","2012102319","40","야간","화",1,1,0,0,0,"서울","영등포구","차대차","정면충돌","정면충돌","운전자법규위반","신호위반","교차로","교차로내","원동기장치자전거","원동기장치자전거","건설기계","건설기계","949302  ","1947649 ",126.92622654,37.52675292
"2012","2012101309","10","주간","토",1,1,0,0,0,"전남","해남군","차대차","측면직각충돌","측면직각충돌","운전자법규위반","교차로 통행방법 위반","교차로","교차로내","화물차","소형","원동기장치자전거","원동기장치자전거","924658  ","1609995 ",126.68468627,34.4824974
"2012","2012100802","15","야간","일",1,1,0,0,0,"인천","서구","차대사람","횡단중","횡단중","운전자법규위반","안전운전 의무 불이행","교차로","교차로부근","승용차","소형","보행자","보행자","926596  ","1956819 ",126.66835444,37.60787066
"2012","2012101010","30","주간","수",1,1,0,0,0,"전남","목포시","차대사람","횡단중","횡단중","운전자법규위반","안전운전 의무 불이행","단일로","기타단일로","승용차","중형","보행자","보행자","901567  ","1645836 ",126.42390535,34.80233758
"2012","2012100603","20","야간","토",1,1,0,0,0,"부산","사하구","차대차","기타","기타","운전자법규위반","안전거리 미확보","교차로","교차로부근","승용차","중형","이륜차","대형","1133383 ","1679996 ",128.96355995,35.10646896
"2012","2012100621","29","야간","토",1,1,0,0,0,"경북","포항시","차대차","기타","기타","운전자법규위반","신호위반","교차로","교차로내","승용차","중형","원동기장치자전거","원동기장치자전거","1166244 ","1792489 ",129.34710951,36.11472528
"2012","2012101118","25","야간","목",1,1,0,0,0,"경남","진주시","차대차","추돌","진행중 추돌","운전자법규위반","안전운전 의무 불이행","단일로","기타단일로","승용차","중형","승용차","중형","1051868 ","1684859 ",128.06949735,35.15764554
"2012","2012101119","05","야간","목",1,3,1,1,0,"전북","정읍시","차대차","측면직각충돌","측면직각충돌","운전자법규위반","안전운전 의무 불이행","단일로","기타단일로","자전거","자전거","이륜차","소형","942543  ","1729940 ",126.8659702,35.56380776
"2012","2012101918","30","야간","금",1,1,0,0,0,"전남","순천시","차대사람","기타","기타","운전자법규위반","안전운전 의무 불이행","단일로","기타단일로","승용차","소형","보행자","보행자","995041  ","1658515 ",127.44570764,34.92141799
"2012","2012101618","10","야간","화",1,1,0,0,0,"경남","고성군","차대사람","횡단중","횡단중","운전자법규위반","교차로 통행방법 위반","교차로","교차로내","승용차","중형","보행자","보행자","1082522 ","1667284 ",128.40428983,34.99713644
"2012","2012102019","00","야간","토",1,1,0,0,0,"전남","화순군","차량단독","전도전복","전도전복","운전자법규위반","안전운전 의무 불이행","단일로","기타단일로","농기계","농기계","00","00","959214  ","1652447 ",127.05376664,34.86589257
"2012","2012101623","17","야간","화",1,3,1,1,0,"인천","옹진군","차대차","정면충돌","정면충돌","운전자법규위반","중앙선 침범","단일로","기타단일로","승용차","중형","승용차","중형","750468  ","1999037 ",124.65980624,37.95701901
"2012","2012101707","40","주간","수",1,1,0,0,0,"제주","서귀포시","차대차","기타","기타","운전자법규위반","신호위반","교차로","교차로내","화물차","중형","이륜차","소형","880126  ","1474576 ",126.21308602,33.25586456
"2012","2012102108","35","주간","일",1,1,0,0,0,"서울","노원구","차대차","기타","기타","운전자법규위반","안전운전 의무 불이행","단일로","기타단일로","자전거","자전거","자전거","자전거","962094  ","1958361 ",127.0704411,37.62391797
"2012","2012101407","05","주간","일",1,1,0,0,0,"부산","해운대구","차대차","추돌","진행중 추돌","운전자법규위반","안전운전 의무 불이행","단일로","터널안","승용차","소형","건설기계","건설기계","1151210 ","1687614 ",129.16047825,35.17244341
"2012","2012101323","25","야간","토",1,1,0,0,0,"강원","양양군","차대사람","횡단중","횡단중","운전자법규위반","안전운전 의무 불이행","단일로","기타단일로","승용차","중형","보행자","보행자","1097194 ","2017942 ",128.60937154,38.15646757
"2012","2012100123","00","야간","월",1,1,0,0,0,"서울","동작구","차량단독","기타","기타","운전자법규위반","안전운전 의무 불이행","교차로","교차로부근","화물차","중형","00","00","950271  ","1945200 ",126.93735843,37.50473235
"2012","2012100109","40","주간","월",1,1,0,0,0,"전북","익산시","차대사람","횡단중","횡단중","운전자법규위반","안전운전 의무 불이행","단일로","기타단일로","승용차","소형","보행자","보행자","952144  ","1771284 ",126.96944317,35.93707311
"2012","2012092718","57","야간","목",1,1,0,0,0,"충남","공주시","차대사람","횡단중","횡단중","운전자법규위반","안전운전 의무 불이행","단일로","기타단일로","승용차","대형","보행자","보행자","952744  ","1846228 ",126.97156095,36.61273357
"2012","2012092723","54","야간","목",1,1,0,0,0,"경기","수원시","차대사람","차도통행중","차도통행중","운전자법규위반","안전운전 의무 불이행","단일로","기타단일로","화물차","소형","보행자","보행자","955892  ","1918473 ",127.002547,37.26411429
"2012","2012100216","15","주간","화",1,1,0,0,0,"전북","익산시","차대차","측면직각충돌","측면직각충돌","운전자법규위반","중앙선 침범","단일로","기타단일로","원동기장치자전거","원동기장치자전거","승합차","대형","950629  ","1770623 ",126.95268884,35.93103837
"2012","2012100214","50","주간","화",1,1,0,0,0,"울산","울주군","차대차","기타","기타","운전자법규위반","안전운전 의무 불이행","단일로","기타단일로","원동기장치자전거","원동기장치자전거","화물차","중형","1166668 ","1717928 ",129.32799523,35.42199476
"2012","2012092812","10","주간","금",1,1,0,0,0,"경북","의성군","차대사람","기타","기타","운전자법규위반","부당한 회전","단일로","기타단일로","승용차","중형","보행자","보행자","1106321 ","1807228 ",128.68348985,36.25645405
"2012","2012100220","00","야간","화",1,1,0,0,0,"경기","화성시","차대차","측면직각충돌","측면직각충돌","운전자법규위반","중앙선 침범","단일로","기타단일로","화물차","소형","이륜차","소형","939404  ","1912284 ",126.81710803,37.20740287
"2012","2012092718","45","야간","목",1,1,0,0,0,"경북","구미시","차대사람","횡단중","횡단중","운전자법규위반","보행자 보호의무 위반","단일로","횡단보도상","승용차","중형","보행자","보행자","1087137 ","1793523 ",128.46845502,36.13483446
"2012","2012100309","10","주간","수",1,1,0,0,0,"경북","영천시","차대차","측면직각충돌","측면직각충돌","운전자법규위반","앞지르기 금지위반","교차로","교차로내","승용차","중형","이륜차","중형","1114520 ","1784207 ",128.77138146,36.04801694
"2012","2012100414","30","주간","목",1,1,0,0,0,"충남","공주시","차량단독","공작물충돌","공작물충돌","운전자법규위반","안전운전 의무 불이행","단일로","기타단일로","승용차","소형","00","00","964872  ","1825681 ",127.10811386,36.42802771
"2012","2012112718","09","야간","화",1,1,0,0,0,"강원","고성군","차대차","추돌","진행중 추돌","운전자법규위반","안전운전 의무 불이행","단일로","기타단일로","화물차","소형","승용차","소형","1083004 ","2048632 ",128.45103249,38.43443956
"2012","2012112314","50","주간","금",1,3,0,2,0,"충남","아산시","차대차","추돌","진행중 추돌","운전자법규위반","안전운전 의무 불이행","단일로","터널안","승합차","소형","건설기계","건설기계","957442  ","1872896 ",127.02254082,36.85339904
"2012","2012112305","43","야간","금",1,1,0,0,0,"광주","남구","차대사람","횡단중","횡단중","운전자법규위반","안전운전 의무 불이행","단일로","기타단일로","승합차","대형","보행자","보행자","945763  ","1682186 ",126.89874215,35.12044367