"발생년","발생년월일시","발생분","주야","요일","사망자수","사상자수","중상자수","경상자수","부상신고자수","발생지시도","발생지시군구","사고유형_대분류","사고유형_중분류","사고유형","법규위반_대분류","법규위반","도로형태_대분류","도로형태","당사자종별_1당_대분류","당사자종별_1당","당사자종별_2당_대분류","당사자종별_2당","발생위치X_UTMK","발생위치Y_UTMK","경도","위도"
"2013","2013121905","00","야간","목",1,1,0,0,0,"대구","북구","차대차","측면직각충돌","측면직각충돌","운전자법규위반","안전운전 의무 불이행","교차로","교차로부근","화물차","대형","자전거","자전거","1095045 ","1774051 ",128.55399044,35.95856438
"2013","2013121806","30","주간","수",1,1,0,0,0,"대구","남구","차대사람","보도통행중","보도통행중","운전자법규위반","안전운전 의무 불이행","단일로","횡단보도상","승용차","중형","보행자","보행자","1095805 ","1760740 ",128.55927077,35.83813242
"2013","2013121811","40","주간","수",1,1,0,0,0,"부산","동래구","차대차","측면직각충돌","측면직각충돌","운전자법규위반","안전운전 의무 불이행","단일로","기타단일로","승용차","경형","자전거","자전거","1143490 ","1690425 ",129.07622143,35.19891337
"2013","2013121823","45","야간","수",1,1,0,0,0,"경남","김해시","차대사람","횡단중","횡단중","운전자법규위반","안전운전 의무 불이행","단일로","기타단일로","화물차","중형","보행자","보행자","1112176 ","1701904 ",128.73388884,35.30638507
"2014","2014022020","07","야간","목",1,1,0,0,0,"인천","남구","차대사람","횡단중","횡단중","운전자법규위반","안전운전 의무 불이행","단일로","기타단일로","화물차","소형","보행자","보행자","928329  ","1940364 ",126.68959344,37.45970326
"2014","2014021719","00","야간","월",1,1,0,0,0,"대구","수성구","차대사람","횡단중","횡단중","운전자법규위반","안전운전 의무 불이행","단일로","횡단보도상","특수차","경형","보행자","보행자","1100785 ","1758144 ",128.61561969,35.81459649
"2014","2014021718","30","야간","월",1,2,0,0,1,"전남","순천시","차량단독","도로이탈","도로이탈 추락","운전자법규위반","안전운전 의무 불이행","단일로","기타단일로","승용차","중형","00","00","990992  ","1650179 ",127.40146798,34.84621938
"2014","2014022006","22","주간","목",1,1,0,0,0,"경북","포항시","차대차","기타","기타","운전자법규위반","안전운전 의무 불이행","교차로","교차로부근","건설기계","건설기계","자전거","자전거","1165631 ","1782523 ",129.33823205,36.02548406
"2012","2012011813","45","주간","수",1,1,0,0,0,"강원","원주시","차량단독","공작물충돌","공작물충돌","운전자법규위반","안전운전 의무 불이행","단일로","기타단일로","승용차","중형","00","00","1041011 ","1925454 ",127.96131431,37.33181977
"2014","2014021806","10","주간","화",1,1,0,0,0,"경기","파주시","차대사람","횡단중","횡단중","운전자법규위반","안전운전 의무 불이행","교차로","교차로부근","승용차","대형","보행자","보행자","936674  ","1973079 ",126.78111343,37.75516619
"2014","2014022709","05","주간","목",1,10,9,0,0,"경북","경주시","차량단독","기타","기타","운전자법규위반","안전운전 의무 불이행","단일로","기타단일로","승합차","중형","00","00","1143720 ","1761820 ",129.09140188,35.84237814
"2014","2014022711","55","주간","목",1,1,0,0,0,"경기","화성시","차대차","측면직각충돌","측면직각충돌","운전자법규위반","신호위반","교차로","교차로내","화물차","중형","원동기장치자전거","원동기장치자전거","944954  ","1897591 ",126.88170605,37.07580069
"2014","2014030201","45","야간","일",1,1,0,0,0,"경기","평택시","차대사람","길가장자리구역통행중","길가장자리구역통행중","운전자법규위반","안전운전 의무 불이행","단일로","기타단일로","특수차","대형","보행자","보행자","946506  ","1881802 ",126.89931127,36.93307784
"2014","2014030102","25","야간","토",1,1,0,0,0,"서울","강서구","차대차","기타","기타","운전자법규위반","안전운전 의무 불이행","단일로","기타단일로","승합차","중형","화물차","대형","944529  ","1951055 ",126.8719536,37.55717662
"2014","2014030200","53","야간","일",1,1,0,0,0,"울산","남구","차대사람","횡단중","횡단중","운전자법규위반","안전운전 의무 불이행","단일로","횡단보도부근","승용차","대형","보행자","보행자","1164153 ","1727857 ",129.31062781,35.53309894
"2014","2014030305","50","야간","월",1,1,0,0,0,"충북","보은군","차량단독","전도전복","전도전복","운전자법규위반","안전운전 의무 불이행","단일로","기타단일로","이륜차","사발이","00","00","1009393 ","1835053 ",127.60490263,36.51311547
"2014","2014030221","55","야간","일",1,1,0,0,0,"강원","홍천군","차대사람","길가장자리구역통행중","길가장자리구역통행중","운전자법규위반","안전운전 의무 불이행","단일로","기타단일로","승용차","대형","보행자","보행자","1058664 ","1969754 ",128.1656978,37.72550993
"2014","2014030216","30","주간","일",1,2,1,0,0,"경기","평택시","차량단독","전도전복","전도전복","운전자법규위반","안전운전 의무 불이행","단일로","기타단일로","승용차","중형","00","00","968375  ","1889172 ",127.14456564,37.00050133
"2014","2014030217","30","주간","일",1,1,0,0,0,"충남","태안군","차대사람","횡단중","횡단중","운전자법규위반","안전운전 의무 불이행","교차로","교차로부근","승용차","경형","보행자","보행자","896601  ","1836493 ",126.34513458,36.52055229
"2014","2014030120","40","야간","토",1,1,0,0,0,"전남","광양시","차대사람","횡단중","횡단중","운전자법규위반","안전운전 의무 불이행","단일로","횡단보도상","승용차","중형","보행자","보행자","1007463 ","1664226 ",127.58175786,34.97290166
"2014","2014030818","10","야간","토",1,2,0,1,0,"전남","장성군","차대차","기타","기타","운전자법규위반","신호위반","교차로","교차로내","이륜차","소형","승용차","소형","933987  ","1700751 ",126.77389492,35.3001789
"2012","2012102919","15","야간","월",1,1,0,0,0,"강원","철원군","차대사람","기타","기타","운전자법규위반","안전운전 의무 불이행","단일로","기타단일로","화물차","소형","보행자","보행자","995027  ","2026941 ",127.44317031,38.24279775
"2013","2013122308","10","주간","월",1,1,0,0,0,"전남","무안군","차대사람","횡단중","횡단중","운전자법규위반","안전운전 의무 불이행","교차로","교차로내","건설기계","건설기계","보행자","보행자","887716  ","1674451 ",126.26866249,35.0588821
"2013","2013122312","30","주간","월",1,1,0,0,0,"강원","춘천시","차량단독","공작물충돌","공작물충돌","운전자법규위반","안전운전 의무 불이행","단일로","기타단일로","승용차","소형","00","00","1016574 ","1980442 ",127.68832531,37.8235725
"2013","2013122313","00","주간","월",1,1,0,0,0,"충남","논산시","차대사람","횡단중","횡단중","운전자법규위반","안전운전 의무 불이행","교차로","교차로내","이륜차","중형","보행자","보행자","963221  ","1799725 ",127.09092006,36.19396617
"2013","2013122300","45","야간","월",1,2,1,0,0,"경북","영주시","차대차","추돌","주정차중 추돌","운전자법규위반","안전운전 의무 불이행","단일로","기타단일로","승용차","중형","화물차","소형","1100093 ","1869193 ",128.62221886,36.81563591
"2013","2013122301","34","야간","월",1,1,0,0,0,"서울","도봉구","차대사람","기타","기타","운전자법규위반","안전운전 의무 불이행","단일로","기타단일로","승용차","중형","보행자","보행자","959115  ","1961921 ",127.0364841,37.65587709
"2014","2014031421","10","야간","금",1,1,0,0,0,"경북","경주시","차대사람","기타","기타","운전자법규위반","안전운전 의무 불이행","단일로","기타단일로","화물차","소형","보행자","보행자","1180639 ","1758704 ",129.49929837,35.80819343
"2014","2014031621","45","야간","일",1,1,0,0,0,"경기","수원시","차대사람","기타","기타","운전자법규위반","안전운전 의무 불이행","단일로","기타단일로","승용차","중형","보행자","보행자","954338  ","1916684 ",126.98513128,37.24791389
"2014","2014031021","20","야간","월",1,1,0,0,0,"경북","의성군","차대차","추돌","진행중 추돌","운전자법규위반","안전운전 의무 불이행","교차로","교차로내","승용차","중형","자전거","자전거","1105577 ","1823256 ",128.67738159,36.40100476
"2014","2014031415","10","주간","금",1,1,0,0,0,"부산","영도구","차대사람","횡단중","횡단중","운전자법규위반","안전운전 의무 불이행","단일로","기타단일로","화물차","대형","보행자","보행자","1140603 ","1678141 ",129.04237337,35.08863142
"2014","2014031301","20","야간","목",1,3,1,1,0,"대구","달성군","차량단독","공작물충돌","공작물충돌","운전자법규위반","안전운전 의무 불이행","단일로","기타단일로","승용차","소형","00","00","1083967 ","1748706 ",128.42849063,35.73109553
"2014","2014031314","30","주간","목",1,1,0,0,0,"경기","고양시","차대차","추돌","주정차중 추돌","운전자법규위반","안전운전 의무 불이행","단일로","횡단보도상","화물차","경형","이륜차","중형","935488  ","1964191 ",126.76843885,37.67497931
"2013","2013120901","25","야간","월",1,1,0,0,0,"경남","창원시(통합)","차량단독","공작물충돌","공작물충돌","운전자법규위반","안전운전 의무 불이행","단일로","기타단일로","승용차","중형","00","00","1110304 ","1689688 ",128.71166177,35.19646565
"2013","2013120818","30","야간","일",1,1,0,0,0,"경기","남양주시","차량단독","공작물충돌","공작물충돌","운전자법규위반","안전운전 의무 불이행","기타/불명","기타/불명","승용차","중형","00","00","973143  ","1971134 ",127.19507845,37.73684883
"2013","2013120919","30","야간","월",1,3,2,0,0,"경남","의령군","차대차","기타","기타","운전자법규위반","중앙선 침범","단일로","기타단일로","승용차","경형","승용차","중형","1065852 ","1704391 ",128.22459341,35.33293402
"2013","2013120922","10","야간","월",1,1,0,0,0,"경남","밀양시","차대사람","기타","기타","운전자법규위반","안전운전 의무 불이행","단일로","기타단일로","승용차","소형","보행자","보행자","1114346 ","1728067 ",128.76142502,35.5419888
"2013","2013121312","30","주간","금",1,1,0,0,0,"경기","평택시","차대사람","기타","기타","운전자법규위반","부당한 회전","단일로","기타단일로","화물차","소형","보행자","보행자","961032  ","1885330 ",127.06223789,36.965593
"2013","2013121809","42","주간","수",1,3,0,2,0,"경기","부천시","차대차","추돌","진행중 추돌","운전자법규위반","안전거리 미확보","단일로","기타단일로","승용차","대형","승용차","소형","936673  ","1948328 ",126.78324878,37.53209185
"2013","2013120716","58","주간","토",1,1,0,0,0,"전남","보성군","차량단독","공작물충돌","공작물충돌","운전자법규위반","안전운전 의무 불이행","단일로","기타단일로","이륜차","사발이","00","00","973681  ","1643040 ",127.21234069,34.78154193
"2013","2013121015","05","주간","화",1,1,0,0,0,"울산","남구","차대차","기타","기타","운전자법규위반","안전운전 의무 불이행","교차로","교차로내","자전거","자전거","승용차","중형","1165009 ","1728650 ",129.32022684,35.54010342
"2014","2014021805","30","야간","화",3,3,0,0,0,"전남","여수시","차량단독","공작물충돌","공작물충돌","운전자법규위반","안전운전 의무 불이행","단일로","기타단일로","승용차","중형","00","00","1017803 ","1637112 ",127.69445705,34.72826904
"2014","2014021701","05","야간","월",1,1,0,0,0,"서울","중구","차대차","측면직각충돌","측면직각충돌","운전자법규위반","신호위반","교차로","교차로내","자전거","자전거","승용차","중형","954755  ","1951984 ",126.987671,37.56610899
"2014","2014022801","25","야간","금",1,1,0,0,0,"경북","청송군","차대차","정면충돌","정면충돌","운전자법규위반","중앙선 침범","단일로","기타단일로","특수차","대형","승용차","대형","1135562 ","1810792 ",129.00950732,36.28491162
"2014","2014022804","50","야간","금",1,1,0,0,0,"대전","유성구","차대사람","횡단중","횡단중","운전자법규위반","안전운전 의무 불이행","단일로","기타단일로","승용차","중형","보행자","보행자","985124  ","1818698 ",127.33417647,36.36560161
"2014","2014022714","20","주간","목",1,1,0,0,0,"경남","창원시(통합)","차량단독","전도전복","전도전복","운전자법규위반","안전운전 의무 불이행","단일로","기타단일로","원동기장치자전거","원동기장치자전거","00","00","1110545 ","1684667 ",128.7136356,35.15117405
"2014","2014022723","55","야간","목",1,3,2,0,0,"충북","청주시","차대차","정면충돌","정면충돌","운전자법규위반","중앙선 침범","단일로","기타단일로","승용차","대형","승용차","소형","1001505 ","1852158 ",127.5141555,36.6652988
"2014","2014022611","58","주간","수",1,1,0,0,0,"전남","목포시","차대차","기타","기타","운전자법규위반","신호위반","단일로","횡단보도상","화물차","대형","자전거","자전거","901939  ","1647459 ",126.42778198,34.81700666
"2014","2014030118","00","야간","토",1,4,2,1,0,"경북","안동시","차량단독","도로이탈","도로이탈 기타","운전자법규위반","안전운전 의무 불이행","교차로","교차로부근","승용차","중형","00","00","1129973 ","1829156 ",128.92116908,36.46029068
"2014","2014030409","50","주간","화",1,1,0,0,0,"경기","시흥시","차대사람","횡단중","횡단중","운전자법규위반","안전운전 의무 불이행","교차로","교차로내","승용차","대형","보행자","보행자","936051  ","1938434 ",126.77706922,37.44287464
"2014","2014030314","13","주간","월",1,1,0,0,0,"전남","고흥군","차량단독","도로이탈","도로이탈 추락","운전자법규위반","안전운전 의무 불이행","교차로","교차로부근","원동기장치자전거","원동기장치자전거","00","00","971345  ","1623081 ",127.18748639,34.60149334
"2014","2014030214","10","주간","일",1,3,0,2,0,"울산","중구","차대사람","차도통행중","차도통행중","운전자법규위반","과속","단일로","기타단일로","승용차","중형","보행자","보행자","1166638 ","1731024 ",129.3386768,35.5612253
"2014","2014030116","00","주간","토",1,1,0,0,0,"경기","가평군","차량단독","기타","기타","운전자법규위반","기타(운전자법규위반)","단일로","기타단일로","승합차","중형","00","00","996882  ","1965340 ",127.46463588,37.68759927
"2014","2014031011","00","주간","월",1,2,0,1,0,"전남","해남군","차대차","기타","기타","운전자법규위반","중앙선 침범","교차로","교차로부근","자전거","자전거","화물차","소형","916659  ","1618747 ",126.59154659,34.55942918
"2014","2014031206","10","주간","수",1,1,0,0,0,"광주","북구","차대사람","횡단중","횡단중","운전자법규위반","신호위반","교차로","교차로내","승용차","중형","보행자","보행자","943559  ","1688167 ",126.88006842,35.18722623
"2014","2014031406","50","주간","금",1,2,0,1,0,"경남","남해군","차대차","측면직각충돌","측면직각충돌","운전자법규위반","중앙선 침범","기타/불명","기타/불명","이륜차","소형","승용차","경형","1035956 ","1651019 ",127.89332895,34.8531981
"2014","2014030511","10","주간","수",1,1,0,0,0,"경기","동두천시","차대사람","횡단중","횡단중","운전자법규위반","안전운전 의무 불이행","단일로","기타단일로","승용차","소형","보행자","보행자","957999  ","1990125 ",127.02219868,37.9100271
"2014","2014030418","40","야간","화",1,1,0,0,0,"경남","거창군","차대사람","횡단중","횡단중","운전자법규위반","안전운전 의무 불이행","단일로","기타단일로","승용차","중형","보행자","보행자","1037985 ","1743822 ",127.91981935,35.68991002
"2014","2014030622","29","야간","목",1,1,0,0,0,"강원","고성군","차대사람","기타","기타","운전자법규위반","안전운전 의무 불이행","단일로","기타단일로","승용차","소형","보행자","보행자","1091706 ","2031116 ",128.54844364,38.27575417
"2014","2014031516","10","주간","토",1,1,0,0,0,"경북","울진군","차량단독","전도전복","전도전복","운전자법규위반","안전운전 의무 불이행","단일로","기타단일로","건설기계","건설기계","00","00","1175425 ","1860951 ",129.46457266,36.73041375
"2014","2014031219","23","야간","수",1,1,0,0,0,"제주","제주시","차대차","기타","기타","운전자법규위반","안전운전 의무 불이행","교차로","교차로내","승용차","중형","승용차","소형","898635  ","1498491 ",126.40906788,33.47343263
"2014","2014031105","55","야간","화",1,1,0,0,0,"전북","전주시","차대사람","차도통행중","차도통행중","운전자법규위반","안전운전 의무 불이행","단일로","기타단일로","화물차","소형","보행자","보행자","965801  ","1762600 ",127.12122149,35.85935273
"2014","2014032400","38","야간","월",1,1,0,0,0,"인천","중구","차대사람","길가장자리구역통행중","길가장자리구역통행중","운전자법규위반","안전운전 의무 불이행","단일로","기타단일로","화물차","소형","보행자","보행자","903445  ","1938320 ",126.40853063,37.43901822
"2014","2014032020","18","야간","목",1,2,1,0,0,"광주","서구","차대차","기타","기타","운전자법규위반","교차로 통행방법 위반","교차로","교차로내","승용차","중형","원동기장치자전거","원동기장치자전거","939107  ","1683752 ",126.83149767,35.14715788
"2013","2013121814","29","주간","수",1,4,2,1,0,"충남","논산시","차대차","측면직각충돌","측면직각충돌","운전자법규위반","교차로 통행방법 위반","교차로","교차로내","승용차","중형","승용차","중형","963311  ","1787000 ",127.09251468,36.07924723
"2014","2014022014","20","주간","목",1,1,0,0,0,"서울","송파구","차대차","기타","기타","운전자법규위반","안전운전 의무 불이행","단일로","기타단일로","원동기장치자전거","원동기장치자전거","승용차","중형","962490  ","1945887 ",127.07556698,37.51150213
"2013","2013122804","00","야간","토",1,1,0,0,0,"경북","경주시","차대차","기타","기타","운전자법규위반","안전운전 의무 불이행","기타/불명","기타/불명","화물차","대형","화물차","대형","1159688 ","1773328 ",129.27045076,35.94361476
"2012","2012112806","00","주간","수",1,1,0,0,0,"경남","밀양시","차대사람","기타","기타","운전자법규위반","안전운전 의무 불이행","교차로","교차로부근","승용차","중형","보행자","보행자","1116723 ","1719638 ",128.78642899,35.46572923
"2012","2012112907","04","주간","목",1,1,0,0,0,"대전","유성구","차대차","기타","기타","운전자법규위반","안전운전 의무 불이행","단일로","기타단일로","승용차","중형","농기계","농기계","984714  ","1817919 ",127.3296215,36.35857221
"2012","2012112415","56","주간","토",1,1,0,0,0,"울산","북구","차대사람","횡단중","횡단중","운전자법규위반","안전운전 의무 불이행","교차로","교차로내","화물차","소형","보행자","보행자","1167420 ","1738751 ",129.34890258,35.63072796
"2012","2012112505","58","야간","일",1,2,1,0,0,"경남","창원시(통합)","차대사람","횡단중","횡단중","운전자법규위반","안전운전 의무 불이행","단일로","기타단일로","승합차","대형","보행자","보행자","1098404 ","1694057 ",128.58148761,35.23709173
"2012","2012112600","45","야간","월",1,1,0,0,0,"대구","서구","차대사람","기타","기타","운전자법규위반","안전운전 의무 불이행","단일로","기타단일로","화물차","소형","보행자","보행자","1096728 ","1763647 ",128.57114304,35.86551595
"2012","2012111218","10","야간","월",1,2,0,1,0,"부산","사상구","차대사람","횡단중","횡단중","운전자법규위반","안전운전 의무 불이행","단일로","기타단일로","승용차","소형","보행자","보행자","1134471 ","1683519 ",128.9760534,35.13791037
"2012","2012111212","20","주간","월",1,1,0,0,0,"울산","북구","차대사람","횡단중","횡단중","운전자법규위반","안전운전 의무 불이행","단일로","기타단일로","화물차","대형","보행자","보행자","1170827 ","1729307 ",129.38451369,35.54503852
"2012","2012110612","25","주간","화",1,1,0,0,0,"부산","기장군","차대차","측면직각충돌","측면직각충돌","운전자법규위반","신호위반","교차로","교차로내","원동기장치자전거","원동기장치자전거","승용차","대형","1153722 ","1704217 ",129.19115797,35.32170737
"2013","2013122205","55","야간","일",1,1,0,0,0,"경기","고양시","차대사람","횡단중","횡단중","운전자법규위반","보행자 보호의무 위반","교차로","교차로부근","화물차","소형","보행자","보행자","936600  ","1961210 ",126.781307,37.64818997
"2013","2013122504","00","야간","수",1,1,0,0,0,"서울","중구","차대차","기타","기타","운전자법규위반","안전거리 미확보","교차로","교차로내","승용차","중형","승용차","중형","954338  ","1952261 ",126.98293205,37.56858506
"2013","2013122620","15","야간","목",1,1,0,0,0,"경기","화성시","차대사람","횡단중","횡단중","운전자법규위반","안전운전 의무 불이행","단일로","기타단일로","화물차","경형","보행자","보행자","955339  ","1902800 ",126.93811837,37.07971407
"2013","2013123002","55","야간","월",1,1,0,0,0,"경남","진주시","차대사람","기타","기타","운전자법규위반","안전운전 의무 불이행","단일로","기타단일로","승합차","대형","보행자","보행자","1048495 ","1691500 ",128.03285492,35.21769434
"2013","2013121009","45","주간","화",1,1,0,0,0,"경북","김천시","차량단독","공작물충돌","공작물충돌","운전자법규위반","안전운전 의무 불이행","단일로","기타단일로","화물차","중형","00","00","1052938 ","1781737 ",128.08759432,36.03104983
"2013","2013121611","30","주간","월",1,1,0,0,0,"부산","해운대구","차대사람","기타","기타","운전자법규위반","신호위반","교차로","교차로부근","특수차","대형","보행자","보행자","1148383 ","1692825 ",129.12977813,35.21997763
"2013","2013121805","00","야간","수",1,1,0,0,0,"강원","춘천시","차량단독","공작물충돌","공작물충돌","운전자법규위반","안전운전 의무 불이행","단일로","기타단일로","화물차","소형","00","00","1020112 ","1997576 ",127.72900427,37.97792977
"2013","2013121621","20","야간","월",1,1,0,0,0,"대구","북구","차량단독","공작물충돌","공작물충돌","운전자법규위반","안전운전 의무 불이행","단일로","기타단일로","자전거","자전거","00","00","1099649 ","1765180 ",128.6039258,35.87813853
"2013","2013121610","40","주간","월",1,2,1,0,0,"경북","영천시","차대차","정면충돌","정면충돌","운전자법규위반","중앙선 침범","단일로","기타단일로","승용차","중형","승합차","대형","1126845 ","1773625 ",128.90648125,35.95111016
"2013","2013121520","47","야간","일",1,1,0,0,0,"경기","수원시","차대사람","기타","기타","운전자법규위반","안전운전 의무 불이행","단일로","기타단일로","승합차","대형","보행자","보행자","955841  ","1918792 ",127.0019529,37.26698723
"2013","2013121108","40","주간","수",1,1,0,0,0,"경남","거제시","차량단독","전도전복","전도전복","운전자법규위반","안전운전 의무 불이행","단일로","기타단일로","건설기계","건설기계","00","00","1098160 ","1654311 ",128.57410285,34.8787753
"2012","2012100219","50","야간","화",1,1,0,0,0,"경기","안양시","차대사람","횡단중","횡단중","운전자법규위반","안전운전 의무 불이행","단일로","기타단일로","승용차","중형","보행자","보행자","948160  ","1933874 ",126.914272,37.40253194
"2012","2012092818","55","야간","금",1,1,0,0,0,"경북","경산시","차대사람","횡단중","횡단중","운전자법규위반","안전운전 의무 불이행","교차로","교차로내","승용차","중형","보행자","보행자","1122689 ","1751058 ",128.85723815,35.74820034
"2012","2012100311","10","주간","수",1,1,0,0,0,"전북","임실군","차대사람","기타","기타","운전자법규위반","안전운전 의무 불이행","단일로","기타단일로","승용차","소형","보행자","보행자","968698  ","1741029 ",127.15428246,35.66501699
"2012","2012093003","10","야간","일",1,1,0,0,0,"충남","서천군","차대사람","기타","기타","운전자법규위반","안전운전 의무 불이행","단일로","기타단일로","승용차","중형","보행자","보행자","928439  ","1779240 ",126.70593793,36.00734828
"2012","2012112717","20","주간","화",1,1,0,0,0,"경북","상주시","차대차","기타","기타","운전자법규위반","안전운전 의무 불이행","단일로","기타단일로","화물차","중형","원동기장치자전거","원동기장치자전거","1053797 ","1810529 ",128.09910019,36.29056863
"2012","2012112315","00","주간","금",1,1,0,0,0,"경북","경주시","차대사람","기타","기타","운전자법규위반","안전운전 의무 불이행","단일로","기타단일로","농기계","농기계","보행자","보행자","1161380 ","1776191 ",129.29628547,35.9966784
"2012","2012112814","15","주간","수",1,1,0,0,0,"충남","홍성군","차대차","측면직각충돌","측면직각충돌","운전자법규위반","신호위반","교차로","교차로내","원동기장치자전거","원동기장치자전거","승용차","중형","924242  ","1844820 ",126.65300244,36.59820232
"2012","2012112809","30","주간","수",1,1,0,0,0,"전남","여수시","차대사람","기타","기타","운전자법규위반","안전운전 의무 불이행","교차로","교차로내","화물차","중형","보행자","보행자","1017695 ","1641591 ",127.69337151,34.76866148
"2012","2012112806","45","주간","수",1,1,0,0,0,"광주","서구","차대차","측면직각충돌","측면직각충돌","운전자법규위반","안전운전 의무 불이행","단일로","기타단일로","승용차","중형","자전거","자전거","940788  ","1685234 ",126.85117329,35.16063707
"2012","2012112806","25","주간","수",1,1,0,0,0,"전남","화순군","차대사람","횡단중","횡단중","운전자법규위반","안전운전 의무 불이행","단일로","기타단일로","승합차","소형","보행자","보행자","952091  ","1675086 ",126.97453581,35.06971999
"2012","2012111022","25","야간","토",1,1,0,0,0,"전남","목포시","차대사람","기타","기타","운전자법규위반","안전운전 의무 불이행","교차로","교차로부근","승용차","중형","보행자","보행자","899622  ","1646422 ",126.4025755,34.80743114
"2012","2012111105","12","야간","일",1,1,0,0,0,"전남","목포시","차대사람","횡단중","횡단중","운전자법규위반","안전운전 의무 불이행","단일로","기타단일로","승용차","중형","보행자","보행자","898535  ","1645465 ",126.39080898,34.79869504
"2012","2012111206","05","주간","월",1,1,0,0,0,"부산","남구","차대사람","기타","기타","운전자법규위반","안전운전 의무 불이행","단일로","기타단일로","승용차","중형","보행자","보행자","1146878 ","1681609 ",129.11185656,35.11895917
"2012","2012111018","30","야간","토",1,1,0,0,0,"경기","용인시","차대사람","횡단중","횡단중","운전자법규위반","과속","교차로","교차로내","승용차","중형","보행자","보행자","972619  ","1920103 ",127.19113195,37.27944926
"2012","2012110916","15","주간","금",1,1,0,0,0,"경기","동두천시","차대차","추돌","진행중 추돌","운전자법규위반","안전운전 의무 불이행","교차로","교차로부근","화물차","소형","자전거","자전거","959718  ","1989341 ",127.04179717,37.90303886
"2012","2012092615","48","주간","수",1,1,0,0,0,"전남","강진군","차량단독","전도전복","전도전복","운전자법규위반","안전운전 의무 불이행","단일로","기타단일로","농기계","농기계","00","00","933269  ","1640722 ",126.77085477,34.75879549
"2012","2012092306","20","주간","일",1,7,5,1,0,"경남","하동군","차대차","정면충돌","정면충돌","운전자법규위반","중앙선 침범","단일로","기타단일로","특수차","대형","승용차","대형","1017774 ","1682052 ",127.69509734,35.13351564
"2012","2012102704","27","야간","토",1,1,0,0,0,"인천","남동구","차대사람","기타","기타","운전자법규위반","안전운전 의무 불이행","교차로","교차로부근","승용차","중형","보행자","보행자","929343  ","1939306 ",126.70115947,37.45024573
"2012","2012102305","55","야간","화",1,2,1,0,0,"인천","서구","차대차","기타","기타","운전자법규위반","중앙선 침범","교차로","교차로내","승용차","중형","승합차","소형","927002  ","1942427 ",126.67438557,37.47819277
"2012","2012102411","00","주간","수",1,1,0,0,0,"경북","문경시","차대차","측면직각충돌","측면직각충돌","운전자법규위반","직진 및 우회전차의 통행방해","교차로","교차로내","건설기계","건설기계","화물차","소형","1065663 ","1842538 ",128.23394661,36.57838029
"2012","2012102819","16","야간","일",1,1,0,0,0,"전남","나주시","차대사람","기타","기타","운전자법규위반","안전운전 의무 불이행","단일로","기타단일로","승용차","중형","보행자","보행자","936533  ","1672312 ",126.80411829,35.04384843
"2012","2012101008","06","주간","수",1,1,0,0,0,"충북","음성군","차량단독","공작물충돌","공작물충돌","운전자법규위반","중앙선 침범","단일로","기타단일로","화물차","중형","00","00","997790  ","1886218 ",127.47517018,36.97440222
"2012","2012100703","48","야간","일",1,1,0,0,0,"경기","고양시","차대사람","횡단중","횡단중","운전자법규위반","안전운전 의무 불이행","단일로","기타단일로","승용차","중형","보행자","보행자","933603  ","1964361 ",126.74704928,37.67637694
"2012","2012101110","10","주간","목",1,1,0,0,0,"경북","상주시","차대차","측면직각충돌","측면직각충돌","운전자법규위반","안전운전 의무 불이행","단일로","기타단일로","이륜차","소형","농기계","농기계","1060628 ","1821111 ",128.17599168,36.38555798
"2012","2012101113","20","주간","목",1,1,0,0,0,"경북","의성군","차대차","기타","기타","운전자법규위반","안전운전 의무 불이행","단일로","기타단일로","화물차","소형","농기계","농기계","1114902 ","1825202 ",128.7816384,36.41747384
"2012","2012101210","28","주간","금",1,1,0,0,0,"전남","목포시","차대차","측면직각충돌","측면직각충돌","운전자법규위반","교차로 통행방법 위반","교차로","교차로내","화물차","대형","이륜차","소형","898234  ","1644073 ",126.38780796,34.78610676
"2012","2012101211","05","주간","금",1,13,5,7,0,"부산","해운대구","차대차","기타","기타","운전자법규위반","중앙선 침범","단일로","기타단일로","화물차","소형","승합차","대형","1147424 ","1690547 ",129.11944264,35.19944288
"2012","2012101123","25","야간","목",1,1,0,0,0,"충북","단양군","차대사람","횡단중","횡단중","운전자법규위반","안전운전 의무 불이행","단일로","기타단일로","승용차","중형","보행자","보행자","1074990 ","1887896 ",128.34415826,36.98234703
"2012","2012100909","15","주간","화",1,1,0,0,0,"전남","해남군","차대사람","기타","기타","운전자법규위반","안전운전 의무 불이행","단일로","기타단일로","화물차","소형","보행자","보행자","890793  ","1623091 ",126.30908473,34.59617187
"2012","2012101314","21","주간","토",1,1,0,0,0,"경북","포항시","차량단독","기타","기타","운전자법규위반","안전운전 의무 불이행","단일로","기타단일로","이륜차","소형","00","00","1175772 ","1778363 ",129.45443306,35.99238437
"2012","2012101313","49","주간","토",2,2,0,0,0,"경기","화성시","차대차","측면직각충돌","측면직각충돌","운전자법규위반","중앙선 침범","단일로","기타단일로","이륜차","소형","화물차","소형","946266  ","1899781 ",126.90023021,37.10636366
"2012","2012101017","45","주간","수",2,3,1,0,0,"대전","서구","차량단독","전도전복","전도전복","운전자법규위반","안전운전 의무 불이행","단일로","기타단일로","이륜차","소형","00","00","987032  ","1811436 ",127.35556588,36.3001593