"발생년","발생년월일시","발생분","주야","요일","사망자수","사상자수","중상자수","경상자수","부상신고자수","발생지시도","발생지시군구","사고유형_대분류","사고유형_중분류","사고유형","법규위반_대분류","법규위반","도로형태_대분류","도로형태","당사자종별_1당_대분류","당사자종별_1당","당사자종별_2당_대분류","당사자종별_2당","발생위치X_UTMK","발생위치Y_UTMK","경도","위도"
"2013","2013112123","55","야간","목",1,1,0,0,0,"울산","동구","차대차","기타","기타","운전자법규위반","신호위반","교차로","교차로내","이륜차","중형","이륜차","중형","1174899 ","1724305 ",129.42836696,35.49922586
"2013","2013112206","20","주간","금",1,1,0,0,0,"울산","울주군","차대사람","횡단중","횡단중","운전자법규위반","안전운전 의무 불이행","교차로","교차로내","승용차","중형","보행자","보행자","1158464 ","1730993 ",129.24851767,35.56228751
"2013","2013112121","55","야간","목",1,1,0,0,0,"경북","포항시","차대차","기타","기타","운전자법규위반","안전운전 의무 불이행","교차로","교차로내","승합차","대형","원동기장치자전거","원동기장치자전거","1171255 ","1788348 ",129.40189876,36.07679205
"2013","2013112203","25","야간","금",1,1,0,0,0,"경기","성남시","차량단독","기타","기타","운전자법규위반","안전운전 의무 불이행","단일로","기타단일로","이륜차","소형","00","00","964788  ","1931934 ",127.10203434,37.38813183
"2013","2013112206","05","주간","금",1,1,0,0,0,"전북","전주시","차대사람","횡단중","횡단중","운전자법규위반","안전운전 의무 불이행","단일로","기타단일로","승용차","중형","보행자","보행자","965812  ","1762733 ",127.12133762,35.86055224
"2013","2013112221","40","야간","금",1,1,0,0,0,"제주","제주시","차대차","측면직각충돌","측면직각충돌","운전자법규위반","교차로 통행방법 위반","교차로","교차로내","승용차","대형","원동기장치자전거","원동기장치자전거","910777  ","1500446 ",126.53953345,33.49214481
"2013","2013113015","15","주간","토",1,1,0,0,0,"전북","익산시","차대차","측면직각충돌","측면직각충돌","운전자법규위반","신호위반","교차로","교차로내","자전거","자전거","화물차","소형","949901  ","1770870 ",126.94460323,35.93322816
"2013","2013102403","15","야간","목",1,1,0,0,0,"경기","수원시","차대사람","횡단중","횡단중","운전자법규위반","신호위반","교차로","교차로내","특수차","소형","보행자","보행자","960357  ","1916414 ",127.05301176,37.24575581
"2013","2013102418","25","야간","목",1,1,0,0,0,"경남","통영시","차대사람","길가장자리구역통행중","길가장자리구역통행중","운전자법규위반","안전운전 의무 불이행","단일로","기타단일로","승용차","대형","보행자","보행자","1086208 ","1652899 ",128.44319105,34.86712916
"2013","2013102512","53","주간","금",1,3,2,0,0,"충남","태안군","차대차","측면직각충돌","측면직각충돌","운전자법규위반","안전운전 의무 불이행","단일로","기타단일로","화물차","소형","승용차","중형","892234  ","1861842 ",126.28762044,36.74944301
"2013","2013103117","55","주간","목",1,1,0,0,0,"경남","통영시","차대사람","횡단중","횡단중","운전자법규위반","신호위반","교차로","교차로부근","승합차","중형","보행자","보행자","1083908 ","1654313 ",128.41817168,34.88007102
"2013","2013102718","50","야간","일",1,1,0,0,0,"경기","김포시","차량단독","전도전복","전도전복","운전자법규위반","안전운전 의무 불이행","단일로","기타단일로","화물차","소형","00","00","916053  ","1966245 ",126.54783551,37.69191743
"2013","2013110217","55","주간","토",1,1,0,0,0,"경남","고성군","차대사람","횡단중","횡단중","운전자법규위반","안전운전 의무 불이행","단일로","기타단일로","승용차","경형","보행자","보행자","1056958 ","1659454 ",128.12363813,34.92829713
"2013","2013110222","04","야간","토",1,1,0,0,0,"충북","충주시","차대사람","기타","기타","운전자법규위반","안전운전 의무 불이행","단일로","기타단일로","승용차","중형","보행자","보행자","1036537 ","1886535 ",127.91067837,36.97686763
"2013","2013110219","20","야간","토",1,1,0,0,0,"경기","용인시","차대사람","기타","기타","운전자법규위반","안전운전 의무 불이행","단일로","기타단일로","승용차","중형","보행자","보행자","976581  ","1922919 ",127.23573557,37.30494054
"2013","2013110317","30","주간","일",1,1,0,0,0,"경남","합천군","차대차","측면직각충돌","측면직각충돌","운전자법규위반","교차로 통행방법 위반","교차로","교차로내","승용차","중형","이륜차","사발이","1059062 ","1713796 ",128.15037901,35.41826621
"2013","2013110200","09","야간","토",1,1,0,0,0,"서울","노원구","차대차","추돌","진행중 추돌","운전자법규위반","안전운전 의무 불이행","단일로","기타단일로","승용차","중형","특수차","소형","962299  ","1960265 ",127.07257488,37.64134231
"2013","2013111118","15","야간","월",1,1,0,0,0,"강원","인제군","차대사람","차도통행중","차도통행중","운전자법규위반","안전운전 의무 불이행","단일로","기타단일로","승용차","중형","보행자","보행자","1069570 ","1991092 ",128.29149621,37.91705095
"2013","2013110715","40","주간","목",1,1,0,0,0,"제주","제주시","차대사람","횡단중","횡단중","운전자법규위반","보행자 보호의무 위반","단일로","횡단보도상","승용차","중형","보행자","보행자","898550  ","1499701 ",126.40776755,33.48443342
"2013","2013111413","05","주간","목",1,1,0,0,0,"경남","김해시","차대차","측면직각충돌","측면직각충돌","운전자법규위반","중앙선 침범","단일로","기타단일로","이륜차","중형","화물차","중형","1125229 ","1701799 ",128.87741525,35.3038886
"2013","2013111401","00","야간","목",1,1,0,0,0,"서울","중구","차대사람","횡단중","횡단중","운전자법규위반","안전운전 의무 불이행","단일로","기타단일로","승용차","중형","보행자","보행자","953405  ","1950823 ",126.97251632,37.55527836
"2013","2013111422","40","야간","목",1,1,0,0,0,"부산","금정구","차대사람","횡단중","횡단중","운전자법규위반","안전운전 의무 불이행","단일로","기타단일로","이륜차","소형","보행자","보행자","1144382 ","1694213 ",129.08668105,35.23292917
"2013","2013112103","12","야간","목",1,1,0,0,0,"서울","영등포구","차대차","정면충돌","정면충돌","운전자법규위반","중앙선 침범","단일로","기타단일로","원동기장치자전거","원동기장치자전거","승용차","중형","948770  ","1948133 ",126.92017215,37.53108589
"2013","2013112115","47","주간","목",1,1,0,0,0,"서울","노원구","차대사람","차도통행중","차도통행중","운전자법규위반","안전운전 의무 불이행","교차로","교차로내","승용차","중형","보행자","보행자","961468  ","1960281 ",127.06342191,37.64078061
"2013","2013112019","10","야간","수",1,1,0,0,0,"경남","고성군","차대사람","길가장자리구역통행중","길가장자리구역통행중","운전자법규위반","안전운전 의무 불이행","단일로","기타단일로","화물차","소형","보행자","보행자","1062320 ","1657442 ",128.18219347,34.90983958
"2013","2013120607","00","주간","금",1,1,0,0,0,"서울","종로구","차대사람","횡단중","횡단중","운전자법규위반","신호위반","단일로","기타단일로","승용차","중형","보행자","보행자","956031  ","1953485 ",127.00202913,37.57969964
"2013","2013120605","30","야간","금",1,1,0,0,0,"충남","아산시","차대사람","횡단중","횡단중","운전자법규위반","보행자 보호의무 위반","단일로","기타단일로","승용차","대형","보행자","보행자","962494  ","1869461 ",127.07944697,36.82260374
"2013","2013120615","43","주간","금",1,1,0,0,0,"강원","인제군","차대차","측면직각충돌","측면직각충돌","운전자법규위반","신호위반","교차로","교차로내","원동기장치자전거","원동기장치자전거","화물차","소형","1062140 ","2013712 ",128.20893278,38.12144459
"2013","2013123121","05","야간","화",1,4,2,1,0,"경북","경산시","차대차","기타","기타","운전자법규위반","교차로 통행방법 위반","교차로","교차로내","화물차","소형","승용차","소형","1112622 ","1759244 ",128.82487948,35.87151401
"2013","2013123109","35","주간","화",1,1,0,0,0,"충남","서천군","차량단독","공작물충돌","공작물충돌","운전자법규위반","안전운전 의무 불이행","기타/불명","기타/불명","승용차","중형","00","00","925564  ","1779533 ",126.67401145,36.00977425
"2013","2013123122","38","야간","화",1,1,0,0,0,"경북","문경시","차대사람","기타","기타","운전자법규위반","안전운전 의무 불이행","단일로","기타단일로","승용차","중형","보행자","보행자","1054586 ","1858499 ",128.11127689,36.72295787
"2013","2013123123","59","야간","화",1,1,0,0,0,"제주","서귀포시","차대사람","기타","기타","운전자법규위반","안전운전 의무 불이행","교차로","교차로부근","승용차","소형","보행자","보행자","938251  ","1482032 ",126.83652793,33.32800513
"2013","2013123017","40","주간","월",1,2,0,1,0,"경북","군위군","차대차","정면충돌","정면충돌","운전자법규위반","중앙선 침범","단일로","기타단일로","화물차","소형","화물차","중형","1100645 ","1792849 ",128.61847492,36.12745116
"2013","2013122723","15","야간","금",1,1,0,0,0,"충남","당진시","차량단독","공작물충돌","공작물충돌","운전자법규위반","안전운전 의무 불이행","단일로","기타단일로","화물차","소형","00","00","933585  ","1883001 ",126.75411272,36.94317109
"2013","2013112500","40","야간","월",1,3,2,0,0,"부산","중구","차대사람","횡단중","횡단중","운전자법규위반","보행자 보호의무 위반","단일로","기타단일로","승용차","중형","보행자","보행자","1139013 ","1679514 ",129.02522111,35.10119162
"2013","2013112603","20","야간","화",1,1,0,0,0,"경기","의정부시","차대차","기타","기타","운전자법규위반","안전운전 의무 불이행","단일로","기타단일로","승용차","중형","승합차","경형","959896  ","1966000 ",127.04511371,37.69267604
"2013","2013112605","25","야간","화",1,1,0,0,0,"대전","중구","차대사람","횡단중","횡단중","운전자법규위반","안전운전 의무 불이행","교차로","교차로부근","승합차","소형","보행자","보행자","991270  ","1814512 ",127.40273307,36.32793855
"2013","2013112302","19","야간","토",1,1,0,0,0,"전남","담양군","차량단독","기타","기타","운전자법규위반","안전운전 의무 불이행","단일로","기타단일로","승용차","소형","00","00","956932  ","1705269 ",127.0260513,35.34209326
"2012","2012111323","20","야간","화",1,1,0,0,0,"전북","전주시","차대사람","기타","기타","운전자법규위반","안전운전 의무 불이행","교차로","교차로부근","이륜차","중형","보행자","보행자","967154  ","1755666 ",127.13649187,35.79688195
"2012","2012111005","37","야간","토",1,1,0,0,0,"충남","당진시","차대사람","횡단중","횡단중","운전자법규위반","안전운전 의무 불이행","단일로","기타단일로","승용차","중형","보행자","보행자","922698  ","1878366 ",126.63234371,36.9004546
"2012","2012111022","18","야간","토",1,1,0,0,0,"경기","안산시","차대차","추돌","주정차중 추돌","운전자법규위반","안전운전 의무 불이행","단일로","기타단일로","이륜차","소형","화물차","대형","942931  ","1920909 ",126.85619247,37.28536663
"2012","2012111018","20","야간","토",1,1,0,0,0,"충북","진천군","차대사람","횡단중","횡단중","운전자법규위반","안전운전 의무 불이행","단일로","기타단일로","승용차","중형","보행자","보행자","987410  ","1876127 ",127.35871684,36.88335513
"2014","2014030820","20","야간","토",1,2,0,1,0,"충남","아산시","차대차","정면충돌","정면충돌","운전자법규위반","중앙선 침범","기타/불명","기타/불명","승용차","소형","화물차","대형","950035  ","1866970 ",126.93991369,36.79957302
"2014","2014030708","45","주간","금",1,1,0,0,0,"경기","안산시","차대차","측면직각충돌","측면직각충돌","운전자법규위반","안전운전 의무 불이행","교차로","교차로내","승용차","소형","자전거","자전거","938401  ","1926410 ",126.80463539,37.33465978
"2014","2014032022","45","야간","목",1,1,0,0,0,"경남","사천시","차량단독","공작물충돌","공작물충돌","운전자법규위반","안전운전 의무 불이행","단일로","기타단일로","승용차","소형","00","00","1042535 ","1670980 ",127.9663137,35.03293695
"2014","2014032020","40","야간","목",1,1,0,0,0,"대구","남구","차대사람","차도통행중","차도통행중","운전자법규위반","안전운전 의무 불이행","단일로","기타단일로","승용차","대형","보행자","보행자","1099587 ","1761058 ",128.60272425,35.84098716
"2014","2014032120","35","야간","금",1,2,1,0,0,"경기","파주시","차대차","측면직각충돌","측면직각충돌","운전자법규위반","안전운전 의무 불이행","교차로","교차로내","승용차","중형","승용차","중형","930554  ","1969108 ",126.71202345,37.71893353
"2014","2014032204","50","야간","토",1,1,0,0,0,"울산","남구","차대사람","기타","기타","운전자법규위반","안전운전 의무 불이행","교차로","교차로내","승용차","중형","보행자","보행자","1167165 ","1728666 ",129.3440022,35.53988635
"2014","2014032205","39","야간","토",1,1,0,0,0,"경기","고양시","차대차","추돌","진행중 추돌","운전자법규위반","안전운전 의무 불이행","단일로","기타단일로","승용차","중형","화물차","대형","937286  ","1958391 ",126.78932487,37.6228301
"2014","2014032301","08","야간","일",2,2,0,0,0,"경남","진주시","차대차","추돌","주정차중 추돌","운전자법규위반","과속","교차로","교차로부근","승용차","중형","건설기계","건설기계","1052039 ","1687179 ",128.07152115,35.17855555
"2013","2013120806","00","주간","일",1,1,0,0,0,"서울","강남구","차대차","측면직각충돌","측면직각충돌","운전자법규위반","안전운전 의무 불이행","교차로","교차로부근","승용차","중형","승용차","중형","957680  ","1946493 ",127.02110763,37.51675611
"2013","2013122904","30","야간","일",1,1,0,0,0,"부산","사하구","차대차","추돌","주정차중 추돌","운전자법규위반","안전운전 의무 불이행","교차로","교차로부근","승용차","소형","화물차","소형","1135272 ","1679946 ",128.98425867,35.10559514
"2013","2013122922","40","야간","일",1,1,0,0,0,"경기","남양주시","차대사람","횡단중","횡단중","운전자법규위반","안전운전 의무 불이행","단일로","횡단보도상","승용차","중형","보행자","보행자","970186  ","1956608 ",127.16280422,37.60861353
"2013","2013122402","50","야간","화",1,15,1,13,0,"서울","구로구","차대차","측면직각충돌","측면직각충돌","운전자법규위반","안전거리 미확보","단일로","기타단일로","승용차","중형","승합차","중형","945951  ","1943341 ",126.8846889,37.48809664
"2013","2013122723","23","야간","금",1,1,0,0,0,"서울","영등포구","차대사람","횡단중","횡단중","운전자법규위반","보행자 보호의무 위반","교차로","교차로내","승합차","대형","보행자","보행자","947894  ","1945881 ",126.91041769,37.51073917
"2013","2013122116","00","주간","토",1,1,0,0,0,"전남","무안군","차량단독","공작물충돌","공작물충돌","운전자법규위반","안전운전 의무 불이행","단일로","기타단일로","화물차","소형","00","00","901408  ","1653995 ",126.42120802,34.87588438
"2013","2013122110","05","주간","토",1,1,0,0,0,"전남","목포시","차대사람","기타","기타","운전자법규위반","안전운전 의무 불이행","교차로","교차로내","화물차","소형","보행자","보행자","899263  ","1646472 ",126.39864523,34.80784648
"2013","2013122202","30","야간","일",1,1,0,0,0,"충북","청주시","차대사람","차도통행중","차도통행중","운전자법규위반","안전운전 의무 불이행","단일로","기타단일로","승용차","중형","보행자","보행자","994473  ","1848319 ",127.4384231,36.63285871
"2013","2013121813","07","주간","수",1,1,0,0,0,"경남","진주시","차대사람","횡단중","횡단중","운전자법규위반","안전운전 의무 불이행","교차로","교차로부근","화물차","소형","보행자","보행자","1060343 ","1686096 ",128.16263599,35.16832596
"2013","2013120717","40","주간","토",1,1,0,0,0,"강원","속초시","차대사람","횡단중","횡단중","운전자법규위반","안전운전 의무 불이행","단일로","횡단보도부근","화물차","중형","보행자","보행자","1091005 ","2021892 ",128.53924684,38.19270756
"2013","2013121713","45","주간","화",1,2,1,0,0,"경북","예천군","차량단독","공작물충돌","공작물충돌","운전자법규위반","안전운전 의무 불이행","단일로","기타단일로","승용차","소형","00","00","1084816 ","1854957 ",128.44937763,36.68881184
"2013","2013121806","40","주간","수",1,1,0,0,0,"대구","동구","차대사람","횡단중","횡단중","운전자법규위반","보행자 보호의무 위반","단일로","횡단보도상","승용차","중형","보행자","보행자","1100943 ","1765171 ",128.61825734,35.87792482
"2013","2013121700","53","야간","화",4,4,0,0,0,"전남","화순군","차대차","기타","기타","운전자법규위반","과속","단일로","기타단일로","승용차","중형","승용차","중형","951962  ","1661421 ",126.97391049,34.94649589
"2014","2014030406","45","주간","화",1,7,6,0,0,"경기","평택시","차대차","측면직각충돌","측면직각충돌","운전자법규위반","신호위반","교차로","교차로내","화물차","소형","화물차","대형","947319  ","1879091 ",126.90862881,36.90868652
"2014","2014031305","30","야간","목",1,9,2,6,0,"광주","남구","차대차","측면직각충돌","측면직각충돌","운전자법규위반","신호위반","교차로","교차로내","승합차","대형","원동기장치자전거","원동기장치자전거","945653  ","1683353 ",126.90338428,35.14393536
"2014","2014031207","32","주간","수",1,3,2,0,0,"대구","달서구","차대사람","횡단중","횡단중","운전자법규위반","보행자 보호의무 위반","단일로","횡단보도상","승용차","중형","보행자","보행자","1092312 ","1760496 ",128.5039536,35.83546983
"2014","2014031418","52","야간","금",1,6,3,2,0,"서울","송파구","차대차","측면직각충돌","측면직각충돌","운전자법규위반","안전거리 미확보","단일로","기타단일로","승용차","경형","화물차","소형","966388  ","1942454 ",127.11982957,37.48070913
"2014","2014031414","50","주간","금",1,1,0,0,0,"경남","창원시(통합)","차량단독","기타","기타","운전자법규위반","안전운전 의무 불이행","단일로","기타단일로","승용차","중형","00","00","1079288 ","1683942 ",128.39176231,35.11791239
"2014","2014031319","16","야간","목",1,1,0,0,0,"경북","성주군","차대사람","기타","기타","운전자법규위반","안전운전 의무 불이행","기타/불명","기타/불명","승용차","소형","보행자","보행자","1076081 ","1761149 ",128.34248075,35.84391402
"2014","2014031321","50","야간","목",1,1,0,0,0,"경기","여주시","차대사람","횡단중","횡단중","운전자법규위반","안전운전 의무 불이행","교차로","교차로부근","승합차","소형","보행자","보행자","1012050 ","1921652 ",127.63595441,37.2937368
"2014","2014031021","35","야간","월",1,2,0,1,0,"전북","익산시","차대차","추돌","진행중 추돌","운전자법규위반","안전운전 의무 불이행","단일로","기타단일로","화물차","소형","화물차","중형","960517  ","1777645 ",127.06195131,35.99479655
"2014","2014031203","31","야간","수",1,1,0,0,0,"충남","천안시","차량단독","공작물충돌","공작물충돌","운전자법규위반","안전운전 의무 불이행","교차로","교차로내","승용차","중형","00","00","984857  ","1859874 ",127.33039104,36.73680204
"2014","2014031213","38","주간","수",1,1,0,0,0,"경북","성주군","차량단독","도로이탈","도로이탈 추락","운전자법규위반","안전운전 의무 불이행","교차로","교차로부근","원동기장치자전거","원동기장치자전거","00","00","1071372 ","1777187 ",128.29178002,35.98885418
"2014","2014031314","00","주간","목",1,3,2,0,0,"전남","영광군","차대차","기타","기타","운전자법규위반","중앙선 침범","단일로","기타단일로","승용차","중형","승용차","소형","911393  ","1701543 ",126.52536141,35.30549762
"2014","2014030922","10","야간","일",1,1,0,0,0,"인천","남동구","차대사람","기타","기타","운전자법규위반","안전운전 의무 불이행","단일로","기타단일로","승합차","대형","보행자","보행자","929900  ","1939171 ",126.70746913,37.44907138
"2014","2014030521","10","야간","수",1,2,1,0,0,"충남","공주시","차대차","정면충돌","정면충돌","운전자법규위반","중앙선 침범","단일로","기타단일로","승합차","소형","승용차","대형","960240  ","1817629 ",127.05685303,36.35525748
"2014","2014030521","35","야간","수",1,1,0,0,0,"전남","화순군","차대사람","횡단중","횡단중","운전자법규위반","안전운전 의무 불이행","단일로","기타단일로","승용차","중형","보행자","보행자","953719  ","1674320 ",126.99243378,35.06288902
"2014","2014030703","35","야간","금",1,1,0,0,0,"경기","안산시","차대차","추돌","주정차중 추돌","운전자법규위반","안전운전 의무 불이행","단일로","기타단일로","화물차","소형","화물차","중형","937661  ","1925181 ",126.79638573,37.32353311
"2012","2012101619","00","야간","화",1,1,0,0,0,"충남","부여군","차대차","기타","기타","운전자법규위반","안전운전 의무 불이행","단일로","기타단일로","승용차","대형","이륜차","소형","955480  ","1805272 ",127.01154254,36.24338914
"2012","2012101618","38","야간","화",1,1,0,0,0,"전북","고창군","차대사람","횡단중","횡단중","운전자법규위반","안전운전 의무 불이행","교차로","교차로내","승용차","대형","보행자","보행자","923378  ","1709931 ",126.65639165,35.38211396
"2012","2012102107","50","주간","일",1,1,0,0,0,"전북","전주시","차대사람","횡단중","횡단중","운전자법규위반","안전운전 의무 불이행","교차로","교차로부근","승합차","대형","보행자","보행자","968018  ","1758353 ",127.14594612,35.82113663
"2012","2012101618","25","야간","화",1,1,0,0,0,"강원","강릉시","차대차","추돌","진행중 추돌","운전자법규위반","안전거리 미확보","단일로","기타단일로","화물차","소형","농기계","농기계","1115714 ","1990343 ",128.81625305,37.9056012
"2012","2012102104","30","야간","일",1,2,1,0,0,"대구","동구","차대차","추돌","주정차중 추돌","운전자법규위반","안전운전 의무 불이행","단일로","기타단일로","승용차","중형","화물차","대형","1106491 ","1764576 ",128.67962777,35.87197352
"2012","2012100410","05","주간","목",1,1,0,0,0,"인천","서구","차대차","측면직각충돌","측면직각충돌","운전자법규위반","안전운전 의무 불이행","교차로","교차로부근","승용차","소형","자전거","자전거","925779  ","1948907 ",126.6599004,37.53649751
"2012","2012092719","25","야간","목",1,1,0,0,0,"전남","장흥군","차대사람","횡단중","횡단중","운전자법규위반","안전운전 의무 불이행","단일로","기타단일로","승용차","중형","보행자","보행자","946280  ","1624767 ",126.91402848,34.61569065
"2012","2012092822","00","야간","금",1,1,0,0,0,"충북","충주시","차대사람","횡단중","횡단중","운전자법규위반","안전운전 의무 불이행","단일로","기타단일로","이륜차","중형","보행자","보행자","1038205 ","1887196 ",127.92917328,36.98249931
"2012","2012092318","00","야간","일",1,1,0,0,0,"경북","의성군","차대차","측면직각충돌","측면직각충돌","운전자법규위반","교차로 통행방법 위반","교차로","교차로내","승용차","중형","원동기장치자전거","원동기장치자전거","1086700 ","1817550 ",128.46626118,36.3514601
"2012","2012092301","30","야간","일",1,3,1,1,0,"인천","중구","차량단독","전도전복","전도전복","운전자법규위반","과속","교차로","교차로부근","승용차","중형","00","00","900455  ","1941362 ",126.37299806,37.46571555
"2012","2012092407","20","주간","월",1,1,0,0,0,"경북","포항시","차량단독","공작물충돌","공작물충돌","운전자법규위반","안전운전 의무 불이행","단일로","기타단일로","승용차","중형","00","00","1165167 ","1785461 ",129.33369868,36.05203795
"2012","2012102408","15","주간","수",1,1,0,0,0,"서울","관악구","차대사람","횡단중","횡단중","운전자법규위반","안전운전 의무 불이행","단일로","기타단일로","화물차","소형","보행자","보행자","948024  ","1943163 ",126.91265491,37.486585
"2012","2012102804","20","야간","일",1,1,0,0,0,"서울","마포구","차대차","기타","기타","운전자법규위반","신호위반","단일로","횡단보도상","승용차","중형","자전거","자전거","951980  ","1951027 ",126.95631241,37.55734285
"2012","2012102814","50","주간","일",1,2,0,1,0,"경기","남양주시","차대사람","횡단중","횡단중","운전자법규위반","안전운전 의무 불이행","단일로","기타단일로","승용차","경형","보행자","보행자","982572  ","1962272 ",127.30240682,37.65978596
"2012","2012102910","42","주간","월",2,4,2,0,0,"제주","제주시","차대차","측면직각충돌","측면직각충돌","운전자법규위반","중앙선 침범","단일로","기타단일로","승용차","소형","화물차","소형","928163  ","1494767 ",126.72712813,33.44223588
"2012","2012102506","10","주간","목",1,5,1,2,1,"부산","강서구","차대차","기타","기타","운전자법규위반","신호위반","교차로","교차로내","승용차","대형","승합차","중형","1127572 ","1687604 ",128.90097683,35.17563328
"2012","2012102821","55","야간","일",1,1,0,0,0,"충북","옥천군","차대차","추돌","주정차중 추돌","운전자법규위반","안전운전 의무 불이행","단일로","기타단일로","이륜차","소형","화물차","소형","1006470 ","1811615 ",127.5720627,36.3018386
"2012","2012102213","55","주간","월",1,5,3,1,0,"전남","여수시","차대차","측면직각충돌","측면직각충돌","운전자법규위반","중앙선 침범","교차로","교차로부근","화물차","중형","승용차","중형","10156395","1643092 ",127.66637445,34.7825797
"2012","2012102601","12","야간","금",1,1,0,0,0,"전북","완주군","차대사람","기타","기타","운전자법규위반","안전운전 의무 불이행","단일로","기타단일로","승용차","소형","보행자","보행자","956804  ","1758533 ",127.02179617,35.82232973
"2012","2012102204","01","야간","월",1,1,0,0,0,"경북","안동시","차대사람","횡단중","횡단중","운전자법규위반","안전운전 의무 불이행","단일로","기타단일로","승용차","중형","보행자","보행자","1109727 ","1841711 ",128.72627142,36.56687722
"2012","2012100805","33","야간","월",1,1,0,0,0,"광주","북구","차대사람","차도통행중","차도통행중","운전자법규위반","안전운전 의무 불이행","단일로","기타단일로","승용차","중형","보행자","보행자","948569  ","1687432 ",126.93514017,35.1808681
"2012","2012101005","50","야간","수",1,1,0,0,0,"경북","포항시","차대사람","기타","기타","운전자법규위반","안전운전 의무 불이행","단일로","기타단일로","불명","불명","보행자","보행자","1168516 ","1784520 ",129.37066123,36.04298418
"2012","2012101223","19","야간","금",1,1,0,0,0,"인천","서구","차대차","기타","기타","운전자법규위반","안전운전 의무 불이행","단일로","교량위","승합차","대형","이륜차","소형","927356  ","1951061 ",126.68405465,37.5520617
"2012","2012100423","55","야간","목",1,4,3,0,0,"충남","아산시","차대차","측면직각충돌","측면직각충돌","운전자법규위반","신호위반","교차로","교차로내","승용차","대형","승용차","대형","963790  ","1870250 ",127.09394104,36.82976666
"2012","2012101010","08","주간","수",1,2,0,1,0,"전북","남원시","차대차","추돌","주정차중 추돌","운전자법규위반","안전운전 의무 불이행","교차로","교차로부근","화물차","소형","화물차","소형","989035  ","1711524 ",127.3792482,35.39936265
"2012","2012101814","48","주간","목",1,1,0,0,0,"충북","음성군","차대차","기타","기타","운전자법규위반","중앙선 침범","단일로","기타단일로","원동기장치자전거","원동기장치자전거","화물차","중형","1000057 ","1887395 ",127.5006405,36.98501484
"2012","2012101817","45","주간","목",1,2,0,1,0,"경기","파주시","차대차","기타","기타","운전자법규위반","안전운전 의무 불이행","단일로","기타단일로","승용차","중형","화물차","대형","931371  ","1981609 ",126.72011016,37.83165925
"2012","2012101511","50","주간","월",2,2,0,0,0,"전남","영암군","차대차","측면직각충돌","측면직각충돌","운전자법규위반","직진 및 우회전차의 통행방해","교차로","교차로내","화물차","소형","원동기장치자전거","원동기장치자전거","924509  ","1645803 ",126.67468956,34.80399926
"2012","2012101604","25","야간","화",1,1,0,0,0,"충북","청주시","차량단독","도로이탈","도로이탈 기타","운전자법규위반","안전운전 의무 불이행","단일로","기타단일로","승용차","중형","00","00","1004396 ","1847434 ",127.54890878,36.62478535
"2012","2012101821","37","야간","목",1,1,0,0,0,"경기","남양주시","차대차","기타","기타","운전자법규위반","안전운전 의무 불이행","단일로","기타단일로","건설기계","건설기계","승용차","중형","970833  ","1957449 ",127.16950797,37.61601677
"2012","2012101517","40","주간","월",1,1,0,0,0,"경북","영주시","차대사람","횡단중","횡단중","운전자법규위반","안전운전 의무 불이행","교차로","교차로내","화물차","소형","보행자","보행자","1100024 ","1870343 ",128.62159664,36.82600812
"2012","2012101507","00","주간","월",1,1,0,0,0,"경남","사천시","차대사람","기타","기타","운전자법규위반","안전운전 의무 불이행","단일로","교량위","승용차","중형","보행자","보행자","1055550 ","1674979 ",128.10925931,35.06836317
"2012","2012101419","00","야간","일",1,1,0,0,0,"전남","영암군","차대사람","차도통행중","차도통행중","운전자법규위반","안전운전 의무 불이행","단일로","기타단일로","화물차","소형","보행자","보행자","897996  ","1639372 ",126.38565651,34.74370629
"2012","2012101519","50","야간","월",1,2,1,0,0,"경기","시흥시","차대차","추돌","진행중 추돌","운전자법규위반","신호위반","교차로","교차로내","이륜차","소형","이륜차","소형","932514  ","1925931 ",126.7292328,37.33538238
"2012","2012101914","40","주간","금",1,1,0,0,0,"경남","통영시","차량단독","공작물충돌","공작물충돌","운전자법규위반","안전운전 의무 불이행","교차로","교차로내","화물차","소형","00","00","1084210 ","1651970 ",128.4212403,34.85892044
"2012","2012101918","10","야간","금",1,2,1,0,0,"전남","신안군","차량단독","도로이탈","도로이탈 기타","운전자법규위반","안전운전 의무 불이행","단일로","기타단일로","화물차","소형","00","00","861569  ","1642537 ",125.98729572,34.76794727
"2012","2012102014","22","주간","토",1,1,0,0,0,"경북","의성군","차대차","추돌","진행중 추돌","운전자법규위반","안전운전 의무 불이행","단일로","기타단일로","화물차","중형","농기계","농기계","1097952 ","1812887 ",128.59105778,36.30834897
"2012","2012100421","00","야간","목",1,2,0,1,0,"전남","목포시","차대차","기타","기타","운전자법규위반","신호위반","교차로","교차로내","이륜차","중형","승용차","대형","901659  ","1646229 ",126.42486495,34.80588981
"2012","2012093022","10","야간","일",1,1,0,0,0,"인천","중구","차대차","측면직각충돌","측면직각충돌","운전자법규위반","신호위반","교차로","교차로내","이륜차","중형","승용차","중형","922140  ","1939510 ",126.61970995,37.45150584
"2012","2012100102","50","야간","월",1,1,0,0,0,"경남","창원시(통합)","차대사람","횡단중","횡단중","운전자법규위반","안전운전 의무 불이행","단일로","기타단일로","승용차","중형","보행자","보행자","1109879 ","1706956 ",128.70930608,35.35218367