"발생년","발생년월일시","발생분","주야","요일","사망자수","사상자수","중상자수","경상자수","부상신고자수","발생지시도","발생지시군구","사고유형_대분류","사고유형_중분류","사고유형","법규위반_대분류","법규위반","도로형태_대분류","도로형태","당사자종별_1당_대분류","당사자종별_1당","당사자종별_2당_대분류","당사자종별_2당","발생위치X_UTMK","발생위치Y_UTMK","경도","위도"
"2012","2012073123","20","야간","화",1,1,0,0,0,"전북","전주시","차대차","측면직각충돌","측면직각충돌","운전자법규위반","신호위반","단일로","기타단일로","승용차","중형","승용차","중형","963748  ","1758824 ",127.09865507,35.82523463
"2012","2012061701","50","야간","일",1,1,0,0,0,"전북","전주시","차량단독","전도전복","전도전복","운전자법규위반","안전운전 의무 불이행","단일로","기타단일로","이륜차","중형","00","00","964816  ","1759176 ",127.11046311,35.82844716
"2012","2012061714","50","주간","일",1,1,0,0,0,"서울","강서구","차대차","기타","기타","운전자법규위반","안전운전 의무 불이행","단일로","기타단일로","승용차","경형","자전거","자전거","943242  ","1948236 ",126.85760099,37.53169048
"2012","2012061616","30","주간","토",1,1,0,0,0,"대구","달성군","차대차","추돌","주정차중 추돌","운전자법규위반","과속","교차로","교차로부근","화물차","소형","이륜차","중형","1091724 ","1766478 ",128.51629395,35.89061432
"2012","2012061702","25","야간","일",1,1,0,0,0,"경기","평택시","차대차","추돌","주정차중 추돌","운전자법규위반","안전운전 의무 불이행","교차로","교차로부근","승용차","소형","화물차","대형","948065  ","1888032 ",126.91638812,36.98932243
"2012","2012061615","23","주간","토",1,1,0,0,0,"경기","광주시","차량단독","공작물충돌","공작물충돌","운전자법규위반","안전운전 의무 불이행","단일로","기타단일로","승용차","대형","00","00","974683  ","1927884 ",127.21414893,37.34964439
"2012","2012062305","30","야간","토",1,5,0,4,0,"경기","시흥시","차대차","측면직각충돌","측면직각충돌","운전자법규위반","중앙선 침범","교차로","교차로부근","승용차","중형","승용차","중형","937391  ","1938973 ",126.79150656,37.44753194
"2012","2012062110","15","주간","목",1,1,0,0,0,"충남","보령시","차대차","측면직각충돌","측면직각충돌","운전자법규위반","직진 및 우회전차의 통행방해","교차로","교차로내","원동기장치자전거","원동기장치자전거","승용차","중형","918195  ","1816944 ",126.58835028,36.34642612
"2012","2012062114","03","주간","목",1,2,0,1,0,"전북","순창군","차대차","정면충돌","정면충돌","운전자법규위반","안전운전 의무 불이행","단일로","기타단일로","원동기장치자전거","원동기장치자전거","승용차","소형","961879  ","1720043 ",127.07931289,35.47573826
"2012","2012062023","10","야간","수",1,1,0,0,0,"충북","보은군","차대사람","차도통행중","차도통행중","운전자법규위반","안전운전 의무 불이행","단일로","기타단일로","승합차","소형","보행자","보행자","1017642 ","1831492 ",127.69694719,36.48089597
"2012","2012062716","50","주간","수",1,1,0,0,0,"충남","부여군","차대차","기타","기타","운전자법규위반","안전운전 의무 불이행","교차로","교차로내","화물차","소형","원동기장치자전거","원동기장치자전거","933470  ","1802146 ",126.75982396,36.214203
"2012","2012062716","18","주간","수",1,2,1,0,0,"전남","해남군","차대차","측면직각충돌","측면직각충돌","운전자법규위반","안전운전 의무 불이행","단일로","기타단일로","이륜차","소형","화물차","소형","909074  ","1600617 ",126.51080856,34.3953102
"2012","2012062518","09","야간","월",1,1,0,0,0,"충남","홍성군","차량단독","기타","기타","운전자법규위반","안전운전 의무 불이행","단일로","교량위","자전거","자전거","00","00","915665  ","1838591 ",126.55780241,36.54133496
"2012","2012062421","05","야간","일",1,1,0,0,0,"전남","광양시","차대차","측면직각충돌","측면직각충돌","운전자법규위반","안전운전 의무 불이행","단일로","기타단일로","자전거","자전거","승용차","중형","1009263 ","1663410 ",127.60146794,34.96552852
"2012","2012062923","50","야간","금",1,1,0,0,0,"부산","남구","차대사람","기타","기타","운전자법규위반","안전운전 의무 불이행","단일로","기타단일로","승용차","중형","보행자","보행자","1143398 ","1682222 ",129.07378589,35.12498644
"2012","2012063001","50","야간","토",2,4,0,2,0,"경기","화성시","차대차","기타","기타","운전자법규위반","안전운전 의무 불이행","지하도로내","지하도로내","승용차","소형","승용차","중형","958765  ","1912191 ",127.03529558,37.20762147
"2012","2012070420","35","야간","수",1,1,0,0,0,"전북","김제시","차대사람","기타","기타","운전자법규위반","안전운전 의무 불이행","단일로","기타단일로","화물차","소형","보행자","보행자","935230  ","1751588 ",126.78353617,35.75852931
"2012","2012070310","14","주간","화",1,1,0,0,0,"대전","중구","차대차","기타","기타","운전자법규위반","안전운전 의무 불이행","단일로","기타단일로","승용차","중형","자전거","자전거","994329  ","1812769 ",127.43682815,36.31224749
"2012","2012070211","00","주간","월",1,1,0,0,0,"경남","김해시","차대사람","차도통행중","차도통행중","운전자법규위반","부당한 회전","단일로","기타단일로","화물차","소형","보행자","보행자","1118369 ","1703523 ",128.80222791,35.32026563
"2012","2012070616","45","주간","금",1,1,0,0,0,"인천","남구","차대사람","횡단중","횡단중","운전자법규위반","안전운전 의무 불이행","교차로","교차로부근","승용차","소형","보행자","보행자","928312  ","1940201 ",126.6894171,37.45823285
"2012","2012071222","00","야간","목",1,1,0,0,0,"경기","광명시","차대사람","횡단중","횡단중","운전자법규위반","신호위반","교차로","교차로내","이륜차","소형","보행자","보행자","944066  ","1941758 ",126.86741948,37.47335391
"2012","2012071305","10","야간","금",1,2,1,0,0,"충북","보은군","차대사람","보도통행중","보도통행중","운전자법규위반","안전운전 의무 불이행","단일로","기타단일로","원동기장치자전거","원동기장치자전거","보행자","보행자","1019827 ","1832812 ",127.72137323,36.49275321
"2012","2012071211","00","주간","목",1,1,0,0,0,"전북","부안군","차량단독","전도전복","전도전복","운전자법규위반","안전운전 의무 불이행","단일로","기타단일로","화물차","대형","00","00","922774  ","1743923 ",126.64650214,35.68852707
"2012","2012071016","50","주간","화",1,1,0,0,0,"경기","고양시","차대사람","횡단중","횡단중","운전자법규위반","안전운전 의무 불이행","단일로","기타단일로","승합차","대형","보행자","보행자","941505  ","1962029 ",126.83684015,37.6558971
"2012","2012071017","15","주간","화",1,1,0,0,0,"경북","의성군","차량단독","공작물충돌","공작물충돌","운전자법규위반","안전운전 의무 불이행","단일로","기타단일로","화물차","대형","00","00","1116773 ","1813108 ",128.80068749,36.30824405
"2013","2013012710","55","주간","일",1,2,1,0,0,"충남","공주시","차대차","정면충돌","정면충돌","운전자법규위반","중앙선 침범","단일로","기타단일로","화물차","소형","화물차","중형","959122  ","1812905 ",127.04464058,36.31262303
"2013","2013022521","35","야간","월",1,1,0,0,0,"울산","북구","차량단독","전도전복","전도전복","운전자법규위반","안전운전 의무 불이행","교차로","교차로부근","이륜차","소형","00","00","1168409 ","1734037 ",129.35883619,35.58807838
"2013","2013110314","30","주간","일",1,1,0,0,0,"충남","청양군","차량단독","전도전복","전도전복","운전자법규위반","안전운전 의무 불이행","단일로","기타단일로","이륜차","사발이","00","00","932875  ","1833730 ",126.75047993,36.49888012
"2013","2013123017","20","주간","월",1,1,0,0,0,"서울","마포구","차대사람","기타","기타","운전자법규위반","안전운전 의무 불이행","단일로","기타단일로","승합차","중형","보행자","보행자","951285  ","1950098 ",126.94850558,37.54893312
"2013","2013080123","50","야간","목",1,2,0,1,0,"경북","경산시","차대차","추돌","주정차중 추돌","운전자법규위반","안전운전 의무 불이행","단일로","기타단일로","화물차","소형","승합차","대형","1113594 ","1761082 ",128.75779535,35.83968035
"2013","2013072020","38","야간","토",1,1,0,0,0,"경북","경주시","차대사람","횡단중","횡단중","운전자법규위반","안전운전 의무 불이행","교차로","교차로내","승용차","중형","보행자","보행자","1151797 ","1779120 ",129.1841769,35.99701428
"2013","2013083016","20","주간","금",1,1,0,0,0,"충남","논산시","차대차","정면충돌","정면충돌","운전자법규위반","부당한 회전","단일로","기타단일로","이륜차","소형","승용차","중형","975408  ","1802923 ",127.22636971,36.22318432
"2013","2013082806","00","주간","수",1,1,0,0,0,"경기","양평군","차량단독","공작물충돌","공작물충돌","운전자법규위반","안전운전 의무 불이행","단일로","교량위","이륜차","중형","00","00","987191  ","1948562 ",127.35501539,37.53628715
"2014","2014062710","30","주간","금",1,2,0,1,0,"충남","천안시","차대차","추돌","진행중 추돌","운전자법규위반","안전운전 의무 불이행","교차로","교차로내","승용차","대형","승용차","경형","974440  ","1864200 ",127.21357169,36.77557612
"2014","2014062718","54","야간","금",1,1,0,0,0,"서울","동작구","차대사람","기타","기타","운전자법규위반","안전운전 의무 불이행","단일로","기타단일로","승용차","중형","보행자","보행자","952496  ","1943484 ",126.96263091,37.48938274
"2014","2014062816","47","주간","토",1,1,0,0,0,"전남","고흥군","차대차","측면직각충돌","측면직각충돌","운전자법규위반","중앙선 침범","교차로","교차로부근","화물차","소형","원동기장치자전거","원동기장치자전거","987112  ","1637307 ",127.35922493,34.73010138
"2014","2014070109","30","주간","화",1,1,0,0,0,"경북","경주시","차량단독","전도전복","전도전복","운전자법규위반","안전운전 의무 불이행","단일로","기타단일로","농기계","농기계","00","00","1159592 ","1753844 ",129.26266226,35.77982228
"2014","2014070209","07","주간","수",1,1,0,0,0,"인천","서구","차대사람","길가장자리구역통행중","길가장자리구역통행중","운전자법규위반","안전운전 의무 불이행","교차로","교차로부근","화물차","소형","보행자","보행자","927778  ","1942568 ",126.97692828,37.56242044
"2014","2014062923","52","야간","일",1,1,0,0,0,"경기","양주시","차량단독","공작물충돌","공작물충돌","운전자법규위반","안전운전 의무 불이행","교차로","교차로부근","승용차","중형","00","00","956721  ","1977729 ",127.00840317,37.79824462
"2014","2014062917","00","주간","일",1,5,0,4,0,"경북","경산시","차대차","기타","기타","운전자법규위반","안전운전 의무 불이행","교차로","교차로부근","승용차","경형","승용차","중형","1119410 ","1769345 ",128.82341772,35.91346952
"2014","2014062908","55","주간","일",1,1,0,0,0,"광주","북구","차량단독","도로이탈","도로이탈 추락","운전자법규위반","안전운전 의무 불이행","단일로","기타단일로","승용차","중형","00","00","954234  ","1687306 ",126.99736284,35.18000615
"2014","2014062916","40","주간","일",1,1,0,0,0,"강원","횡성군","차량단독","도로이탈","도로이탈 추락","운전자법규위반","안전운전 의무 불이행","단일로","기타단일로","원동기장치자전거","원동기장치자전거","00","00","1057610 ","1934565 ",128.15097211,37.40841916
"2014","2014062802","33","야간","토",1,1,0,0,0,"부산","해운대구","차대사람","횡단중","횡단중","운전자법규위반","안전운전 의무 불이행","단일로","기타단일로","승용차","대형","보행자","보행자","1150118 ","1686366 ",129.14826408,35.16135839
"2014","2014062721","00","야간","금",1,4,0,3,0,"경기","고양시","차대차","추돌","진행중 추돌","운전자법규위반","신호위반","교차로","교차로내","이륜차","소형","승용차","중형","945587  ","1961430 ",126.88316004,37.65074945
"2012","2012073018","00","야간","월",1,3,0,2,0,"경북","경주시","차량단독","전도전복","전도전복","운전자법규위반","안전운전 의무 불이행","단일로","기타단일로","화물차","소형","00","00","1152087 ","1758052 ",129.18329683,35.80715734
"2014","2014041814","10","주간","금",1,24,15,8,0,"경남","진주시","차대차","측면직각충돌","측면직각충돌","운전자법규위반","신호위반","교차로","교차로내","승용차","중형","승합차","대형","1041537 ","1685242 ",127.95608849,35.16157911
"2014","2014041811","40","주간","금",1,1,0,0,0,"대전","대덕구","차대사람","길가장자리구역통행중","길가장자리구역통행중","운전자법규위반","안전운전 의무 불이행","단일로","기타단일로","화물차","대형","보행자","보행자","993183  ","1826959 ",127.42393789,36.44016814
"2014","2014041519","50","야간","화",1,1,0,0,0,"인천","강화군","차량단독","공작물충돌","공작물충돌","운전자법규위반","안전운전 의무 불이행","단일로","기타단일로","승용차","소형","00","00","906974  ","1974941 ",126.44376002,37.76940749
"2014","2014041301","00","야간","일",1,1,0,0,0,"충북","진천군","차대사람","기타","기타","운전자법규위반","안전운전 의무 불이행","단일로","기타단일로","승용차","중형","보행자","보행자","1000819 ","1877859 ",127.50939462,36.89905202
"2014","2014041516","30","주간","화",1,1,0,0,0,"서울","성북구","차대사람","기타","기타","운전자법규위반","기타(운전자법규위반)","단일로","기타단일로","화물차","소형","보행자","보행자","959350  ","1957249 ",127.03940823,37.61377801
"2014","2014041213","30","주간","토",1,1,0,0,0,"경북","상주시","차대사람","기타","기타","운전자법규위반","안전운전 의무 불이행","단일로","기타단일로","화물차","소형","보행자","보행자","1062832 ","1814225 ",128.20000823,36.32334093
"2014","2014042418","31","야간","목",1,3,0,1,1,"충남","금산군","차대차","측면직각충돌","측면직각충돌","운전자법규위반","중앙선 침범","단일로","기타단일로","승용차","소형","승합차","대형","994806  ","1798209 ",127.44292737,36.18162396
"2014","2014042416","15","주간","목",1,1,0,0,0,"전북","남원시","차대차","측면직각충돌","측면직각충돌","운전자법규위반","신호위반","교차로","교차로내","원동기장치자전거","원동기장치자전거","승용차","중형","990218  ","1713019 ",127.392258,35.41285512
"2014","2014042106","45","주간","월",1,6,2,2,1,"경기","광명시","차대차","추돌","진행중 추돌","운전자법규위반","안전거리 미확보","교차로","교차로부근","승합차","대형","승합차","대형","946456  ","1937912 ",126.89472699,37.43883064
"2014","2014042705","10","야간","일",1,1,0,0,0,"서울","서초구","차대사람","횡단중","횡단중","운전자법규위반","안전운전 의무 불이행","단일로","횡단보도부근","승용차","소형","보행자","보행자","954250  ","1941625 ",126.98259799,37.47271559
"2014","2014032810","15","주간","금",1,1,0,0,0,"경북","군위군","차대차","측면직각충돌","측면직각충돌","운전자법규위반","안전운전 의무 불이행","교차로","교차로부근","화물차","소형","원동기장치자전거","원동기장치자전거","1097348 ","1798709 ",128.582567,36.18061027
"2014","2014032718","30","야간","목",1,1,0,0,0,"서울","관악구","차대차","추돌","주정차중 추돌","운전자법규위반","안전거리 미확보","교차로","교차로부근","원동기장치자전거","원동기장치자전거","승용차","중형","950025  ","1943180 ",126.93471253,37.48651233
"2014","2014032601","02","야간","수",1,1,0,0,0,"충남","천안시","차대사람","기타","기타","운전자법규위반","안전운전 의무 불이행","단일로","기타단일로","승용차","대형","보행자","보행자","968315  ","1869887 ",127.14474213,36.82693644
"2014","2014032423","15","야간","월",1,1,0,0,0,"대구","수성구","차대사람","횡단중","횡단중","운전자법규위반","과속","교차로","교차로내","승용차","중형","보행자","보행자","1108714 ","1760296 ",128.70366434,35.83314856
"2014","2014032506","00","주간","화",1,1,0,0,0,"경기","용인시","차대사람","횡단중","횡단중","운전자법규위반","안전운전 의무 불이행","교차로","교차로부근","화물차","중형","보행자","보행자","981016  ","1914946 ",127.2859841,37.23317343
"2014","2014032604","00","야간","수",1,1,0,0,0,"부산","연제구","차대사람","횡단중","횡단중","운전자법규위반","안전운전 의무 불이행","단일로","횡단보도부근","승용차","중형","보행자","보행자","1144089 ","1689089 ",129.08256554,35.18678524
"2014","2014041206","28","주간","토",1,5,2,2,0,"경기","구리시","차대차","추돌","진행중 추돌","운전자법규위반","신호위반","교차로","교차로내","건설기계","건설기계","승용차","소형","966093  ","1959612 ",127.11305525,37.62947346
"2013","2013101801","35","야간","금",1,1,0,0,0,"경북","포항시","차대차","추돌","주정차중 추돌","운전자법규위반","안전운전 의무 불이행","교차로","교차로부근","원동기장치자전거","원동기장치자전거","승용차","중형","1170401 ","1787397 ",129.39219672,36.06858039
"2013","2013101916","22","주간","토",1,3,2,0,0,"경남","사천시","차대차","추돌","진행중 추돌","운전자법규위반","차로위반(진로변경 위반)","단일로","기타단일로","화물차","소형","화물차","대형","1052153 ","1673939 ",128.07193811,35.05916702
"2013","2013090418","54","야간","수",1,1,0,0,0,"서울","양천구","차대사람","횡단중","횡단중","운전자법규위반","보행자 보호의무 위반","교차로","교차로내","승용차","중형","보행자","보행자","941293  ","1948054 ",126.83555768,37.52992807
"2013","2013090214","45","주간","월",1,1,0,0,0,"전북","순창군","차량단독","도로이탈","도로이탈 기타","운전자법규위반","안전운전 의무 불이행","단일로","기타단일로","농기계","농기계","00","00","976875  ","1713210 ",127.24528955,35.41435681
"2013","2013090215","00","주간","월",1,2,0,1,0,"전북","무주군","차량단독","도로이탈","도로이탈 추락","운전자법규위반","안전운전 의무 불이행","교차로","교차로내","농기계","농기계","00","00","1011169 ","1778580 ",127.62393044,36.0039622
"2013","2013090302","05","야간","화",1,1,0,0,0,"경기","양주시","차량단독","공작물충돌","공작물충돌","운전자법규위반","안전운전 의무 불이행","단일로","기타단일로","승용차","중형","00","00","958871  ","1976128 ",127.03291463,37.78391431
"2013","2013091016","24","주간","화",1,1,0,0,0,"전남","영광군","차대사람","횡단중","횡단중","운전자법규위반","안전운전 의무 불이행","단일로","기타단일로","화물차","소형","보행자","보행자","906623  ","1695502 ",126.47358826,35.25060033
"2013","2013091005","00","야간","화",1,8,2,5,0,"강원","삼척시","차량단독","전도전복","전도전복","운전자법규위반","안전운전 의무 불이행","단일로","기타단일로","화물차","중형","00","00","1160068 ","1906882 ",129.30261708,37.14705012
"2013","2013090922","31","야간","월",2,2,0,0,0,"강원","삼척시","차량단독","공작물충돌","공작물충돌","운전자법규위반","안전운전 의무 불이행","단일로","기타단일로","승용차","대형","00","00","1161922 ","1908604 ",129.32370139,37.16225229
"2013","2013090709","57","주간","토",1,2,0,1,0,"울산","북구","차대차","정면충돌","정면충돌","운전자법규위반","중앙선 침범","단일로","기타단일로","승용차","경형","화물차","중형","1166754 ","1737921 ",129.34137944,35.62336078
"2013","2013090709","25","주간","토",1,1,0,0,0,"경기","고양시","차대사람","횡단중","횡단중","운전자법규위반","신호위반","교차로","교차로내","화물차","소형","보행자","보행자","945353  ","1961840 ",126.87627217,37.65698648
"2013","2013090710","13","주간","토",1,1,0,0,0,"강원","양양군","차량단독","공작물충돌","공작물충돌","운전자법규위반","안전운전 의무 불이행","단일로","기타단일로","승용차","중형","00","00","1098657 ","2001837 ",128.62384337,38.01118603
"2013","2013091414","08","주간","토",1,1,0,0,0,"전남","곡성군","차대사람","횡단중","횡단중","운전자법규위반","안전운전 의무 불이행","기타/불명","기타/불명","승합차","중형","보행자","보행자","973503  ","1701104 ",127.20854157,35.30511554
"2013","2013091119","46","야간","수",1,1,0,0,0,"경기","수원시","차대차","기타","기타","운전자법규위반","신호위반","단일로","횡단보도상","이륜차","소형","승용차","경형","953025  ","1921618 ",126.97001529,37.29232185
"2013","2013091205","20","야간","목",1,1,0,0,0,"경기","안산시","차대사람","횡단중","횡단중","운전자법규위반","신호위반","단일로","기타단일로","승용차","대형","보행자","보행자","942889  ","1923488 ",126.85590948,37.30789488
"2013","2013091818","38","야간","수",1,5,2,2,0,"전북","김제시","차대차","측면직각충돌","측면직각충돌","운전자법규위반","신호위반","기타/불명","기타/불명","승용차","소형","승용차","대형","957421  ","1754521 ",127.03817059,35.78847683
"2013","2013092617","20","주간","목",1,1,0,0,0,"제주","서귀포시","차대사람","횡단중","횡단중","운전자법규위반","보행자 보호의무 위반","단일로","기타단일로","승용차","중형","보행자","보행자","918657  ","1477234 ",126.62644736,33.28342975
"2013","2013092512","00","주간","수",1,1,0,0,0,"전북","익산시","차대차","측면직각충돌","측면직각충돌","운전자법규위반","안전운전 의무 불이행","단일로","기타단일로","화물차","중형","자전거","자전거","951855  ","1771760 ",126.96621043,35.94135035
"2013","2013092519","27","야간","수",1,1,0,0,0,"경기","부천시","차대사람","횡단중","횡단중","운전자법규위반","보행자 보호의무 위반","교차로","교차로내","승용차","중형","보행자","보행자","937953  ","1948085 ",126.79775568,37.52998874
"2013","2013093023","15","야간","월",1,1,0,0,0,"충북","청주시","차대사람","기타","기타","운전자법규위반","안전운전 의무 불이행","단일로","기타단일로","승용차","중형","보행자","보행자","1001626 ","1848247 ",127.51818733,36.63210516
"2013","2013100104","20","야간","화",1,1,0,0,0,"서울","마포구","차량단독","기타","기타","운전자법규위반","안전운전 의무 불이행","단일로","기타단일로","이륜차","중형","00","00","949352  ","1949967 ",126.92663244,37.54764817
"2013","2013092907","24","주간","일",1,1,0,0,0,"경남","창원시(통합)","차대차","측면직각충돌","측면직각충돌","운전자법규위반","중앙선 침범","교차로","교차로부근","원동기장치자전거","원동기장치자전거","승용차","경형","1108112 ","1690091 ",128.68769618,35.20044855
"2013","2013092911","33","주간","일",1,1,0,0,0,"경기","과천시","차량단독","기타","기타","운전자법규위반","안전운전 의무 불이행","단일로","기타단일로","승용차","대형","00","00","956008  ","1937210 ",127.00274262,37.43300682
"2012","2012072718","25","야간","금",1,1,0,0,0,"경기","김포시","차대사람","기타","기타","운전자법규위반","안전운전 의무 불이행","교차로","교차로내","승용차","소형","보행자","보행자","929387  ","1958173 ",126.70061303,37.61918892
"2012","2012072721","36","야간","금",1,1,0,0,0,"강원","원주시","차대사람","횡단중","횡단중","운전자법규위반","보행자 보호의무 위반","교차로","교차로내","승용차","소형","보행자","보행자","1040960 ","1935653 ",127.96290025,37.41911203
"2012","2012072800","05","야간","토",1,1,0,0,0,"울산","울주군","차대사람","보도통행중","보도통행중","운전자법규위반","안전운전 의무 불이행","단일로","기타단일로","화물차","소형","보행자","보행자","1141830 ","1736887 ",129.06607474,35.61793324
"2012","2012080313","10","주간","금",1,4,1,2,0,"전남","여수시","차대차","측면직각충돌","측면직각충돌","운전자법규위반","교차로 통행방법 위반","교차로","교차로내","건설기계","건설기계","승용차","대형","1022162 ","1650715 ",127.74274444,34.85075132
"2012","2012080320","00","야간","금",1,5,3,1,0,"전남","여수시","차대차","측면직각충돌","측면직각충돌","운전자법규위반","안전거리 미확보","단일로","기타단일로","승용차","소형","승용차","중형","1018078 ","1636969 ",127.69745771,34.72697466
"2012","2012080211","27","주간","목",1,1,0,0,0,"전남","나주시","차량단독","기타","기타","운전자법규위반","안전운전 의무 불이행","단일로","기타단일로","농기계","농기계","00","00","914636  ","1661536 ",126.56515971,34.94507489
"2012","2012080111","30","주간","수",1,1,0,0,0,"경기","양평군","차대차","추돌","주정차중 추돌","운전자법규위반","안전운전 의무 불이행","단일로","기타단일로","승용차","소형","승용차","대형","999590  ","1943441 ",127.49536208,37.49021717
"2012","2012073022","00","야간","월",1,2,1,0,0,"경남","창녕군","차대차","측면직각충돌","측면직각충돌","운전자법규위반","안전운전 의무 불이행","교차로","교차로내","승합차","중형","승용차","경형","1091101 ","1727330 ",128.50495119,35.53775422
"2012","2012073100","30","야간","화",1,1,0,0,0,"경기","평택시","차대사람","횡단중","횡단중","운전자법규위반","안전운전 의무 불이행","단일로","기타단일로","승용차","대형","보행자","보행자","961995  ","1892486 ",127.07252604,37.01214467
"2012","2012073011","10","주간","월",1,1,0,0,0,"경북","안동시","차량단독","전도전복","전도전복","운전자법규위반","안전운전 의무 불이행","단일로","기타단일로","승용차","중형","00","00","1094281 ","1842883 ",128.55382434,36.57909159
"2012","2012061214","32","주간","화",1,1,0,0,0,"충남","부여군","차대차","측면직각충돌","측면직각충돌","운전자법규위반","안전운전 의무 불이행","단일로","기타단일로","이륜차","소형","특수차","대형","941701  ","1792073 ",126.8511334,36.12332465
"2012","2012061722","50","야간","일",1,1,0,0,0,"경북","포항시","차대사람","횡단중","횡단중","운전자법규위반","안전운전 의무 불이행","교차로","교차로내","승용차","중형","보행자","보행자","1165865 ","1797707 ",129.34402259,36.16226921
"2012","2012061805","00","야간","월",1,1,0,0,0,"서울","마포구","차량단독","공작물충돌","공작물충돌","운전자법규위반","안전운전 의무 불이행","단일로","기타단일로","이륜차","중형","00","00","948204  ","1951713 ",126.91351364,37.56332124
"2012","2012061623","55","야간","토",1,2,0,1,0,"인천","서구","차대차","추돌","진행중 추돌","운전자법규위반","안전운전 의무 불이행","단일로","기타단일로","이륜차","소형","승용차","중형","926495  ","1945667 ",126.66235139,37.51773105
"2012","2012062205","35","야간","금",1,1,0,0,0,"울산","남구","차대사람","횡단중","횡단중","운전자법규위반","보행자 보호의무 위반","단일로","기타단일로","승용차","소형","보행자","보행자","1167925 ","1729032 ",129.35245774,35.54305624
"2012","2012062300","21","야간","토",1,1,0,0,0,"경남","김해시","차량단독","도로이탈","도로이탈 추락","운전자법규위반","안전운전 의무 불이행","교차로","교차로내","원동기장치자전거","원동기장치자전거","00","00","1122685 ","1705722 ",128.85002815,35.33956773
"2012","2012062121","55","야간","목",2,3,1,0,0,"경남","양산시","차량단독","전도전복","전도전복","운전자법규위반","안전운전 의무 불이행","단일로","기타단일로","승용차","소형","00","00","1141182 ","1715933 ",129.05571249,35.42910114
"2012","2012062220","30","야간","금",1,1,0,0,0,"경북","안동시","차대사람","길가장자리구역통행중","길가장자리구역통행중","운전자법규위반","안전운전 의무 불이행","단일로","기타단일로","승용차","경형","보행자","보행자","1102593 ","1839709 ",128.64629262,36.54962596
"2012","2012062100","05","야간","목",1,1,0,0,0,"전남","광양시","차대차","기타","기타","운전자법규위반","안전운전 의무 불이행","단일로","기타단일로","승용차","경형","승용차","중형","1010813 ","1662798 ",127.61843884,34.95999445
"2013","2013102518","25","야간","금",1,1,0,0,0,"서울","은평구","차대차","정면충돌","정면충돌","운전자법규위반","중앙선 침범","단일로","기타단일로","불명","불명","이륜차","중형","948796  ","1954440 ",126.92002595,37.58793304
"2013","2013100416","50","주간","금",1,1,0,0,0,"경북","칠곡군","차대사람","횡단중","횡단중","운전자법규위반","안전운전 의무 불이행","단일로","기타단일로","승용차","중형","보행자","보행자","1075072 ","1785663 ",128.33362757,36.06498697
"2013","2013100508","25","주간","토",1,2,1,0,0,"경남","함안군","차대차","정면충돌","정면충돌","운전자법규위반","중앙선 침범","교차로","교차로부근","승용차","대형","화물차","소형","1078151 ","1700075 ",128.35949946,35.29313435
"2013","2013101019","15","야간","목",1,1,0,0,0,"대전","서구","차대사람","기타","기타","운전자법규위반","안전운전 의무 불이행","단일로","기타단일로","승합차","중형","보행자","보행자","987784  ","1812250 ",127.36392868,36.30750771
"2013","2013101016","20","주간","목",1,3,2,0,0,"경기","가평군","차량단독","공작물충돌","공작물충돌","운전자법규위반","안전운전 의무 불이행","교차로","교차로내","승용차","중형","00","00","988144  ","1977457 ",127.3653326,37.79674171
"2013","2013101108","15","주간","금",1,1,0,0,0,"전남","광양시","차대사람","기타","기타","운전자법규위반","안전운전 의무 불이행","기타/불명","기타/불명","승용차","대형","보행자","보행자","1009501 ","1663288 ",127.60399156,34.9645029
"2013","2013101018","40","야간","목",1,1,0,0,0,"전남","화순군","차대사람","횡단중","횡단중","운전자법규위반","안전운전 의무 불이행","단일로","기타단일로","승합차","중형","보행자","보행자","952740  ","1674003 ",126.98163827,35.06005704
"2013","2013100902","25","야간","수",1,2,0,1,0,"제주","제주시","차량단독","공작물충돌","공작물충돌","운전자법규위반","과속","단일로","기타단일로","승용차","중형","00","00","905179  ","1499383 ",126.47939272,33.48207673
"2013","2013100813","20","주간","화",1,1,0,0,0,"광주","서구","차대차","측면직각충돌","측면직각충돌","운전자법규위반","안전운전 의무 불이행","교차로","교차로내","자전거","자전거","승용차","중형","940640  ","1685236 ",126.84831395,35.16051893
"2013","2013100920","03","야간","수",1,1,0,0,0,"전북","김제시","차대차","추돌","진행중 추돌","운전자법규위반","안전운전 의무 불이행","단일로","기타단일로","승용차","소형","화물차","대형","943655  ","1767845 ",126.87557805,35.90561588
"2013","2013013006","55","주간","수",1,1,0,0,0,"경기","남양주시","차대사람","횡단중","횡단중","운전자법규위반","안전운전 의무 불이행","단일로","기타단일로","승용차","경형","보행자","보행자","972469  ","1967648 ",127.18766035,37.70799372
"2013","2013021206","50","주간","화",1,1,0,0,0,"경남","통영시","차대사람","횡단중","횡단중","운전자법규위반","안전운전 의무 불이행","단일로","횡단보도상","승합차","대형","보행자","보행자","1084897 ","1651632 ",128.42872081,34.85581571
"2013","2013042320","10","야간","화",1,1,0,0,0,"경남","거창군","차량단독","전도전복","전도전복","운전자법규위반","안전운전 의무 불이행","단일로","기타단일로","화물차","소형","00","00","1036067 ","1737480 ",127.89833752,35.63280112
"2013","2013111710","25","주간","일",1,1,0,0,0,"부산","사하구","차대사람","횡단중","횡단중","운전자법규위반","안전운전 의무 불이행","단일로","횡단보도상","승용차","중형","보행자","보행자","1133592 ","1679984 ",128.96583657,35.10616195