"발생년","발생년월일시","발생분","주야","요일","사망자수","사상자수","중상자수","경상자수","부상신고자수","발생지시도","발생지시군구","사고유형_대분류","사고유형_중분류","사고유형","법규위반_대분류","법규위반","도로형태_대분류","도로형태","당사자종별_1당_대분류","당사자종별_1당","당사자종별_2당_대분류","당사자종별_2당","발생위치X_UTMK","발생위치Y_UTMK","경도","위도"
"2013","2013092122","22","야간","토",1,1,0,0,0,"전남","영암군","차대차","기타","기타","운전자법규위반","안전운전 의무 불이행","단일로","기타단일로","승용차","중형","승용차","중형","925931  ","1655066 ",126.69118505,34.8907731
"2013","2013092105","35","야간","토",1,1,0,0,0,"전남","순천시","차량단독","전도전복","전도전복","운전자법규위반","안전운전 의무 불이행","교차로","교차로부근","승용차","중형","00","00","997951  ","1655180 ",127.47774049,34.89127149
"2013","2013092801","00","야간","토",1,1,0,0,0,"대전","중구","차대사람","기타","기타","운전자법규위반","안전운전 의무 불이행","교차로","교차로부근","승용차","중형","보행자","보행자","990498  ","1813361 ",127.39414573,36.31755447
"2013","2013092815","27","주간","토",1,1,0,0,0,"강원","평창군","차량단독","기타","기타","운전자법규위반","안전운전 의무 불이행","단일로","기타단일로","승용차","소형","00","00","1093128 ","1954232 ",128.55486579,37.58277845
"2013","2013100407","55","주간","금",1,1,0,0,0,"경남","밀양시","차대차","측면직각충돌","측면직각충돌","운전자법규위반","차로위반(진로변경 위반)","단일로","기타단일로","승용차","중형","이륜차","소형","1113290 ","1723713 ",128.74916968,35.5028609
"2013","2013100418","05","야간","금",1,1,0,0,0,"충북","보은군","차대사람","차도통행중","차도통행중","운전자법규위반","안전운전 의무 불이행","단일로","기타단일로","승용차","중형","보행자","보행자","1019673 ","1831390 ",127.71961761,36.47993685
"2013","2013100218","34","야간","수",1,2,1,0,0,"충북","청원군","차대차","기타","기타","운전자법규위반","안전운전 의무 불이행","단일로","기타단일로","화물차","중형","농기계","농기계","1005655 ","1857183 ",127.56331894,36.7126471
"2013","2013100223","15","야간","수",1,2,1,0,0,"충북","청원군","차량단독","공작물충돌","공작물충돌","운전자법규위반","안전운전 의무 불이행","단일로","기타단일로","승용차","중형","00","00","988503  ","1853459 ",127.37132436,36.67902296
"2013","2013100217","50","주간","수",1,2,1,0,0,"경기","안산시","차대사람","기타","기타","운전자법규위반","안전운전 의무 불이행","단일로","기타단일로","승용차","중형","보행자","보행자","937896  ","1926516 ",126.79717938,37.3348664
"2013","2013101117","42","주간","금",1,1,0,0,0,"전남","강진군","차대차","기타","기타","운전자법규위반","중앙선 침범","단일로","기타단일로","농기계","농기계","이륜차","소형","934203  ","1637076 ",126.78134429,34.72597977
"2013","2013100821","55","야간","화",1,1,0,0,0,"경북","경주시","차대사람","기타","기타","운전자법규위반","안전거리 미확보","단일로","기타단일로","건설기계","건설기계","보행자","보행자","1165758 ","1745778 ",129.33189677,35.69446491
"2013","2013100817","53","주간","화",1,1,0,0,0,"부산","남구","차대사람","기타","기타","운전자법규위반","안전운전 의무 불이행","교차로","교차로부근","승용차","소형","보행자","보행자","1142841 ","1682507 ",129.06772413,35.1276346
"2013","2013100823","30","야간","화",1,2,1,0,0,"부산","사상구","차대차","추돌","주정차중 추돌","운전자법규위반","안전운전 의무 불이행","단일로","기타단일로","승용차","소형","화물차","대형","1134346 ","1688290 ",128.97545826,35.18093385
"2013","2013100821","07","야간","화",1,1,0,0,0,"부산","금정구","차대사람","기타","기타","운전자법규위반","안전운전 의무 불이행","교차로","교차로부근","승합차","소형","보행자","보행자","1144931 ","1694160 ",129.09270391,35.2324263
"2012","2012072408","40","주간","화",1,2,1,0,0,"경북","청도군","차량단독","공작물충돌","공작물충돌","운전자법규위반","안전운전 의무 불이행","단일로","기타단일로","화물차","중형","00","00","1113813 ","1731531 ",128.76135795,35.57221078
"2012","2012072213","41","주간","일",1,1,0,0,0,"경기","양주시","차량단독","공작물충돌","공작물충돌","운전자법규위반","안전운전 의무 불이행","단일로","기타단일로","승용차","대형","00","00","958108  ","1976351 ",127.02423694,37.78588952
"2012","2012073018","54","야간","월",1,1,0,0,0,"부산","진구","차대사람","기타","기타","운전자법규위반","안전운전 의무 불이행","단일로","기타단일로","승용차","대형","보행자","보행자","1143283 ","1687393 ",129.07342133,35.17161324
"2012","2012073005","15","야간","월",1,3,0,2,0,"경북","경산시","차대차","기타","기타","운전자법규위반","교차로 통행방법 위반","교차로","교차로내","화물차","중형","승용차","소형","1118928 ","1769757 ",128.81710724,35.91586487
"2012","2012072718","35","야간","금",1,1,0,0,0,"경북","청송군","차대사람","횡단중","횡단중","운전자법규위반","안전운전 의무 불이행","단일로","기타단일로","승합차","대형","보행자","보행자","1144572 ","1834695 ",129.11753339,36.51250642
"2012","2012072805","06","야간","토",1,1,0,0,0,"인천","서구","차대차","기타","기타","운전자법규위반","안전운전 의무 불이행","교차로","교차로부근","승용차","중형","건설기계","건설기계","924121  ","1944765 ",126.64156336,37.49903223
"2012","2012080220","27","야간","목",1,1,0,0,0,"경기","고양시","차대사람","횡단중","횡단중","운전자법규위반","안전운전 의무 불이행","단일로","횡단보도상","화물차","중형","보행자","보행자","937275  ","1968427 ",126.78833703,37.71328094
"2012","2012080307","10","주간","금",1,1,0,0,0,"서울","용산구","차량단독","공작물충돌","공작물충돌","운전자법규위반","안전운전 의무 불이행","단일로","기타단일로","화물차","중형","00","00","956593  ","1948173 ",127.00870828,37.53184794
"2012","2012080109","40","주간","수",1,1,0,0,0,"경기","화성시","차대사람","길가장자리구역통행중","길가장자리구역통행중","운전자법규위반","안전운전 의무 불이행","교차로","교차로내","승용차","소형","보행자","보행자","961555  ","1915137 ",127.06658517,37.2342954
"2012","2012080108","30","주간","수",1,1,0,0,0,"서울","강서구","차량단독","도로이탈","도로이탈 추락","운전자법규위반","안전운전 의무 불이행","단일로","기타단일로","승합차","중형","00","00","938183  ","1954293 ",126.79983525,37.5859563
"2012","2012061310","10","주간","수",1,1,0,0,0,"경북","구미시","차대차","측면직각충돌","측면직각충돌","운전자법규위반","안전운전 의무 불이행","기타/불명","기타/불명","승용차","중형","화물차","경형","1080966 ","1798114 ",128.40035046,36.17675535
"2012","2012061821","10","야간","월",2,4,1,1,0,"경북","의성군","차대차","정면충돌","정면충돌","운전자법규위반","중앙선 침범","단일로","기타단일로","이륜차","소형","화물차","소형","1088071 ","1816373 ",128.48140565,36.34072599
"2012","2012061621","10","야간","토",1,1,0,0,0,"전남","목포시","차대사람","기타","기타","운전자법규위반","안전운전 의무 불이행","단일로","기타단일로","화물차","소형","보행자","보행자","898728  ","1644816 ",126.39299668,34.79286283
"2012","2012061611","05","주간","토",1,2,1,0,0,"경북","상주시","차대차","측면직각충돌","측면직각충돌","운전자법규위반","앞지르기 금지위반","교차로","교차로내","건설기계","건설기계","승용차","중형","1064056 ","1814376 ",128.21365622,36.32462153
"2012","2012062704","25","야간","수",1,1,0,0,0,"강원","고성군","차량단독","공작물충돌","공작물충돌","운전자법규위반","안전운전 의무 불이행","교차로","교차로부근","승용차","중형","00","00","1089579 ","2036836 ",128.52485497,38.3275118
"2012","2012062704","17","야간","수",1,1,0,0,0,"울산","남구","차대사람","차도통행중","차도통행중","운전자법규위반","안전운전 의무 불이행","단일로","기타단일로","승용차","중형","보행자","보행자","1164461 ","1728078 ",129.31406842,35.53503957
"2012","2012070501","00","야간","목",1,2,1,0,0,"경북","안동시","차량단독","공작물충돌","공작물충돌","운전자법규위반","안전운전 의무 불이행","단일로","기타단일로","승용차","중형","00","00","1089755 ","1840239 ",128.50293405,36.55569583
"2012","2012070220","50","야간","월",1,2,1,0,0,"서울","노원구","차대사람","횡단중","횡단중","운전자법규위반","안전운전 의무 불이행","단일로","기타단일로","이륜차","중형","보행자","보행자","962657  ","1961099 ",127.07668099,37.6486192
"2012","2012070901","55","야간","월",1,1,0,0,0,"강원","원주시","차대차","추돌","주정차중 추돌","운전자법규위반","안전운전 의무 불이행","단일로","기타단일로","원동기장치자전거","원동기장치자전거","승용차","대형","1036953 ","1922222 ",127.91694694,37.29821843
"2012","2012070902","47","야간","월",1,1,0,0,0,"강원","홍천군","차량단독","도로이탈","도로이탈 기타","운전자법규위반","안전운전 의무 불이행","교차로","교차로부근","이륜차","중형","00","00","1031574 ","1965297 ",127.83917883,37.65252352
"2012","2012070619","57","야간","금",1,1,0,0,0,"인천","강화군","차대사람","기타","기타","운전자법규위반","안전운전 의무 불이행","단일로","기타단일로","승용차","소형","보행자","보행자","910537  ","1972486 ",126.48447733,37.74766578
"2012","2012071400","40","야간","토",1,1,0,0,0,"전남","여수시","차대사람","횡단중","횡단중","운전자법규위반","안전운전 의무 불이행","교차로","교차로부근","승용차","중형","보행자","보행자","1017813 ","1641567 ",127.6946605,34.768443
"2012","2012071410","40","주간","토",1,1,0,0,0,"전북","장수군","차량단독","기타","기타","운전자법규위반","안전운전 의무 불이행","기타/불명","기타/불명","화물차","소형","00","00","1011700 ","1756736 ",127.62950109,35.80700908
"2012","2012071206","50","주간","목",1,1,0,0,0,"경북","구미시","차량단독","공작물충돌","공작물충돌","운전자법규위반","안전운전 의무 불이행","교차로","교차로내","승용차","중형","00","00","1071072 ","1804931 ",128.2909564,36.23898586
"2012","2012071615","08","주간","월",1,1,0,0,0,"울산","중구","차량단독","공작물충돌","공작물충돌","운전자법규위반","기타(운전자법규위반)","교차로","교차로부근","승합차","대형","00","00","1166258 ","1730383 ",129.33435415,35.55551248
"2012","2012071619","00","야간","월",1,1,0,0,0,"전남","장흥군","차대사람","기타","기타","운전자법규위반","안전운전 의무 불이행","단일로","기타단일로","승용차","중형","보행자","보행자","942935  ","1631726 ",126.87707428,34.67826225
"2012","2012071520","52","야간","일",1,10,1,8,0,"서울","금천구","차대차","측면직각충돌","측면직각충돌","운전자법규위반","신호위반","교차로","교차로내","승용차","대형","승합차","대형","947249  ","1938300 ",126.90366304,37.44237335
"2012","2012071403","31","야간","토",1,1,0,0,0,"세종","세종","차대사람","기타","기타","운전자법규위반","안전운전 의무 불이행","교차로","교차로부근","승합차","소형","보행자","보행자","982146  ","1844975 ",127.3003739,36.60244224
"2012","2012072102","51","야간","토",1,4,2,1,0,"경기","고양시","차대차","측면직각충돌","측면직각충돌","운전자법규위반","신호위반","교차로","교차로내","승용차","중형","이륜차","소형","934049  ","1964713 ",126.75207473,37.67958156
"2012","2012071918","00","야간","목",1,1,0,0,0,"경북","영주시","차대사람","횡단중","횡단중","운전자법규위반","안전운전 의무 불이행","단일로","기타단일로","화물차","소형","보행자","보행자","1099219 ","1869969 ",128.6125227,36.82272206
"2012","2012072320","00","야간","월",1,1,0,0,0,"강원","양양군","차대차","기타","기타","운전자법규위반","안전운전 의무 불이행","단일로","기타단일로","승용차","대형","이륜차","중형","1092204 ","2007362 ",128.55103374,38.06157221
"2012","2012072401","40","야간","화",1,1,0,0,0,"부산","강서구","차량단독","공작물충돌","공작물충돌","운전자법규위반","안전운전 의무 불이행","단일로","기타단일로","승용차","중형","00","00","1132365 ","1684787 ",128.95314623,35.14961986
"2012","2012072720","35","야간","월",1,1,0,0,0,"대전","대덕구","차대사람","횡단중","횡단중","운전자법규위반","안전운전 의무 불이행","교차로","교차로내","화물차","소형","보행자","보행자","992457  ","1816757 ",127.41593649,36.34818821
"2012","2012072717","00","주간","금",1,1,0,0,0,"경남","김해시","차대사람","기타","기타","운전자법규위반","안전운전 의무 불이행","단일로","기타단일로","승합차","소형","보행자","보행자","1124449 ","1702729 ",128.87745154,35.29499829
"2012","2012072804","20","야간","토",1,1,0,0,0,"인천","남동구","차량단독","공작물충돌","공작물충돌","운전자법규위반","안전운전 의무 불이행","단일로","기타단일로","승용차","대형","00","00","929356  ","1940715 ",126.70117136,37.46294583
"2013","2013021412","40","주간","목",1,1,0,0,0,"경기","구리시","차대차","측면직각충돌","측면직각충돌","운전자법규위반","안전운전 의무 불이행","단일로","횡단보도상","이륜차","소형","승합차","대형","967324  ","1955776 ",127.12979395,37.60098484
"2013","2013020701","30","야간","목",1,3,1,1,0,"전남","광양시","차대차","정면충돌","정면충돌","운전자법규위반","중앙선 침범","교차로","교차로부근","승용차","대형","승용차","경형","1008620 ","1663934 ",127.59442987,34.97025936
"2013","2013020803","30","야간","금",1,1,0,0,0,"경기","화성시","차량단독","공작물충돌","공작물충돌","운전자법규위반","안전운전 의무 불이행","단일로","기타단일로","승용차","소형","00","00","948326  ","1905086 ",126.9362166,37.17649104
"2013","2013050615","30","주간","월",1,1,0,0,0,"전북","전주시","차대차","기타","기타","운전자법규위반","안전운전 의무 불이행","단일로","횡단보도상","승용차","경형","자전거","자전거","967441  ","1759365 ",127.13951735,35.83024187
"2013","2013111617","45","주간","토",1,1,0,0,0,"충북","진천군","차대차","측면직각충돌","측면직각충돌","운전자법규위반","중앙선 침범","교차로","교차로부근","원동기장치자전거","원동기장치자전거","화물차","소형","989744  ","1875616 ",127.38491551,36.87877693
"2013","2013111804","20","야간","월",1,1,0,0,0,"울산","남구","차대사람","보도통행중","보도통행중","운전자법규위반","안전운전 의무 불이행","교차로","교차로부근","건설기계","건설기계","보행자","보행자","1159753 ","1730332 ",129.26260424,35.55612327
"2013","2013111906","35","주간","화",1,2,0,1,0,"경기","이천시","차대차","측면직각충돌","측면직각충돌","운전자법규위반","교차로 통행방법 위반","교차로","교차로내","화물차","대형","화물차","중형","1006743 ","1907573 ",127.57462266,37.16794585
"2012","2012100614","20","주간","토",1,1,0,0,0,"경기","포천시","차대차","측면직각충돌","측면직각충돌","운전자법규위반","안전운전 의무 불이행","교차로","교차로내","승용차","중형","이륜차","소형","984909  ","1996482 ",127.3281898,37.96816707
"2012","2012100618","30","야간","토",1,1,0,0,0,"전남","나주시","차대사람","기타","기타","운전자법규위반","안전운전 의무 불이행","단일로","횡단보도상","승용차","소형","보행자","보행자","922084  ","1669498 ",126.65538812,35.01406762
"2012","2012101107","10","주간","목",1,15,11,3,0,"전남","여수시","차대차","측면직각충돌","측면직각충돌","운전자법규위반","신호위반","교차로","교차로내","승합차","소형","화물차","대형","1014423 ","1645062 ",127.65767468,34.80001355
"2012","2012092719","20","야간","목",1,1,0,0,0,"대구","서구","차대차","추돌","진행중 추돌","운전자법규위반","안전운전 의무 불이행","교차로","교차로내","승용차","중형","원동기장치자전거","원동기장치자전거","1095732 ","1765728 ",128.56060539,35.88346944
"2012","2012112706","40","주간","화",1,1,0,0,0,"강원","춘천시","차량단독","기타","기타","운전자법규위반","안전운전 의무 불이행","단일로","기타단일로","승용차","중형","00","00","1021154 ","1991390 ",127.74068689,37.92215229
"2012","2012072419","50","야간","화",1,2,0,1,0,"경기","남양주시","차대차","정면충돌","정면충돌","운전자법규위반","안전운전 의무 불이행","교차로","교차로내","이륜차","소형","승용차","중형","973376  ","1967818 ",127.19794393,37.70955278
"2012","2012080321","12","야간","금",1,1,0,0,0,"전북","완주군","차대사람","횡단중","횡단중","운전자법규위반","안전운전 의무 불이행","단일로","기타단일로","승용차","중형","보행자","보행자","972297  ","1785844 ",127.28000598,36.08999801
"2012","2012061320","00","야간","수",1,1,0,0,0,"광주","북구","차대사람","횡단중","횡단중","운전자법규위반","보행자 보호의무 위반","단일로","기타단일로","승용차","중형","보행자","보행자","947296  ","1687672 ",126.92542154,35.1885139
"2013","2013011522","41","야간","화",1,1,0,0,0,"경기","부천시","차대차","기타","기타","운전자법규위반","안전운전 의무 불이행","단일로","기타단일로","이륜차","중형","이륜차","중형","934259  ","1944581 ",126.75626381,37.49815161
"2013","2013012014","39","주간","일",1,1,0,0,0,"전남","보성군","차량단독","도로이탈","도로이탈 추락","운전자법규위반","안전운전 의무 불이행","단일로","기타단일로","화물차","소형","00","00","988454  ","1646442 ",127.37375812,34.81249467
"2013","2013020820","50","야간","금",1,1,0,0,0,"서울","영등포구","차대사람","횡단중","횡단중","운전자법규위반","보행자 보호의무 위반","단일로","횡단보도상","승합차","대형","보행자","보행자","948215  ","1946769 ",126.91398706,37.51876094
"2013","2013021605","59","야간","토",1,1,0,0,0,"인천","부평구","차대사람","기타","기타","운전자법규위반","안전운전 의무 불이행","단일로","기타단일로","승합차","대형","보행자","보행자","931073  ","1945645 ",126.720687,37.50684467
"2014","2014041308","05","주간","일",1,1,0,0,0,"충남","청양군","차량단독","공작물충돌","공작물충돌","운전자법규위반","안전운전 의무 불이행","단일로","교량위","승용차","중형","00","00","951074  ","1817835 ",126.95471721,36.35669219
"2014","2014041303","10","야간","일",1,1,0,0,0,"서울","금천구","차대사람","기타","기타","운전자법규위반","안전운전 의무 불이행","단일로","기타단일로","승용차","중형","보행자","보행자","947245  ","1941875 ",126.90336187,37.47459545
"2014","2014041413","40","주간","월",1,1,0,0,0,"전남","완도군","차대차","추돌","진행중 추돌","운전자법규위반","안전운전 의무 불이행","단일로","기타단일로","승합차","대형","이륜차","중형","924502  ","1599457 ",126.67873646,34.38609182
"2014","2014041417","48","주간","월",1,1,0,0,0,"충남","아산시","차대사람","횡단중","횡단중","운전자법규위반","보행자 보호의무 위반","단일로","기타단일로","승용차","중형","보행자","보행자","949431  ","1864104 ",126.93333367,36.77370592
"2014","2014041211","27","주간","토",1,1,0,0,0,"서울","동대문구","차대사람","횡단중","횡단중","운전자법규위반","안전운전 의무 불이행","단일로","횡단보도상","화물차","소형","보행자","보행자","959419  ","1953350 ",127.04040622,37.57863848
"2014","2014042419","10","야간","목",1,1,0,0,0,"제주","서귀포시","차대차","측면직각충돌","측면직각충돌","운전자법규위반","과속","교차로","교차로내","화물차","소형","자전거","자전거","885908  ","1473460 ",126.27528677,33.24642738
"2014","2014042420","54","야간","목",1,1,0,0,0,"서울","서대문구","차대차","측면직각충돌","측면직각충돌","운전자법규위반","중앙선 침범","단일로","횡단보도부근","승용차","경형","이륜차","중형","949661  ","1951962 ",126.9299934,37.5656463
"2014","2014042514","19","주간","금",1,1,0,0,0,"전남","강진군","차량단독","기타","기타","운전자법규위반","안전운전 의무 불이행","단일로","기타단일로","농기계","농기계","00","00","931627  ","1631472 ",126.751728,34.68061421
"2014","2014042502","00","야간","금",1,1,0,0,0,"서울","송파구","차대사람","기타","기타","운전자법규위반","안전운전 의무 불이행","단일로","기타단일로","승용차","중형","보행자","보행자","966588  ","1942560 ",127.12208682,37.48167182
"2014","2014042500","05","야간","금",2,3,1,0,0,"울산","남구","차대사람","횡단중","횡단중","운전자법규위반","안전운전 의무 불이행","단일로","기타단일로","승용차","중형","보행자","보행자","1160385 ","1729631 ",129.26943546,35.54970352
"2014","2014042223","30","야간","화",1,2,0,1,0,"서울","서초구","차대차","정면충돌","정면충돌","운전자법규위반","신호위반","교차로","교차로부근","이륜차","중형","승용차","중형","955495  ","1944576 ",126.99649913,37.49937477
"2014","2014042315","20","주간","수",1,3,1,1,0,"경기","파주시","차대차","추돌","진행중 추돌","운전자법규위반","안전운전 의무 불이행","단일로","기타단일로","승용차","중형","승용차","소형","935723  ","1985519 ",126.7692141,37.8672148
"2014","2014042312","40","주간","수",1,1,0,0,0,"전북","익산시","차대차","측면직각충돌","측면직각충돌","운전자법규위반","안전운전 의무 불이행","단일로","기타단일로","승용차","대형","자전거","자전거","952592  ","1769761 ",126.97450062,35.92336409
"2014","2014042101","19","야간","월",1,1,0,0,0,"강원","춘천시","차량단독","전도전복","전도전복","운전자법규위반","안전운전 의무 불이행","단일로","기타단일로","승용차","소형","00","00","1022976 ","1984252 ",127.76118975,37.85777346
"2014","2014042207","49","주간","화",1,3,1,1,0,"부산","강서구","차대차","측면직각충돌","측면직각충돌","운전자법규위반","직진 및 우회전차의 통행방해","교차로","교차로내","승용차","중형","승용차","중형","1132679 ","1689569 ",128.95736156,35.19268468
"2014","2014041901","20","야간","토",1,1,0,0,0,"전북","전주시","차량단독","공작물충돌","공작물충돌","운전자법규위반","안전운전 의무 불이행","단일로","기타단일로","승용차","중형","00","00","963758  ","1758085 ",127.0987993,35.81857219
"2014","2014050612","30","주간","화",1,2,0,1,0,"경기","화성시","차대차","정면충돌","정면충돌","운전자법규위반","중앙선 침범","교차로","교차로부근","원동기장치자전거","원동기장치자전거","승용차","중형","946799  ","1916729 ",126.90012489,37.24791938
"2014","2014050706","47","주간","수",1,3,2,0,0,"제주","서귀포시","차대차","측면직각충돌","측면직각충돌","운전자법규위반","직진 및 우회전차의 통행방해","교차로","교차로내","화물차","소형","승용차","소형","877890  ","1476700 ",126.18880051,33.27476728
"2014","2014050706","00","주간","수",1,1,0,0,0,"경남","밀양시","차량단독","공작물충돌","공작물충돌","운전자법규위반","안전운전 의무 불이행","교차로","교차로부근","화물차","소형","00","00","1104104 ","1722240 ",128.64771213,35.49058812
"2014","2014050604","30","야간","화",1,2,0,0,1,"부산","동래구","차대차","측면직각충돌","측면직각충돌","운전자법규위반","신호위반","교차로","교차로내","이륜차","중형","승용차","중형","1144209 ","1692562 ",129.08449114,35.21807254
"2014","2014050312","42","주간","토",1,4,1,2,0,"경기","부천시","차대사람","횡단중","횡단중","운전자법규위반","안전운전 의무 불이행","단일로","횡단보도상","승합차","대형","보행자","보행자","938209  ","1948323 ",126.80063284,37.53215102
"2014","2014050302","10","야간","토",1,2,1,0,0,"경기","부천시","차량단독","공작물충돌","공작물충돌","운전자법규위반","안전운전 의무 불이행","교차로","교차로부근","이륜차","소형","00","00","938996  ","1942362 ",126.81003437,37.47847692
"2013","2013090319","25","야간","화",1,1,0,0,0,"충남","부여군","차대사람","횡단중","횡단중","운전자법규위반","안전운전 의무 불이행","단일로","기타단일로","화물차","대형","보행자","보행자","946210  ","1798384 ",126.89817006,36.1833073
"2013","2013090103","00","야간","일",1,1,0,0,0,"충남","아산시","차대사람","횡단중","횡단중","운전자법규위반","안전운전 의무 불이행","단일로","기타단일로","승용차","중형","보행자","보행자","958545  ","1864064 ",127.03757135,36.76590832
"2013","2013083119","15","야간","토",1,1,0,0,0,"광주","남구","차대사람","기타","기타","운전자법규위반","안전운전 의무 불이행","교차로","교차로부근","승용차","중형","보행자","보행자","945095  ","1683840 ",126.89704705,35.13690675
"2013","2013091019","15","야간","화",1,1,0,0,0,"전남","장성군","차대사람","기타","기타","운전자법규위반","안전운전 의무 불이행","단일로","기타단일로","화물차","소형","보행자","보행자","922381  ","1693389 ",126.64698287,35.23289449
"2013","2013090518","20","야간","목",1,1,0,0,0,"충북","음성군","차대사람","기타","기타","운전자법규위반","안전운전 의무 불이행","교차로","교차로내","승용차","중형","보행자","보행자","1017078 ","1881045 ",127.69169485,36.92858807
"2013","2013090816","49","주간","일",1,1,0,0,0,"부산","동래구","차대사람","횡단중","횡단중","운전자법규위반","안전운전 의무 불이행","단일로","기타단일로","승용차","소형","보행자","보행자","1146641 ","1690823 ",129.11089361,35.20204533
"2013","2013090715","35","주간","토",1,2,0,1,0,"제주","제주시","차대차","측면직각충돌","측면직각충돌","운전자법규위반","중앙선 침범","단일로","기타단일로","승용차","중형","화물차","중형","908339  ","1498403 ",126.51350114,33.47351417
"2013","2013091513","12","주간","일",1,1,0,0,0,"강원","태백시","차대차","측면직각충돌","측면직각충돌","운전자법규위반","교차로 통행방법 위반","교차로","교차로내","승용차","중형","이륜차","소형","1132147 ","1907759 ",128.98838893,37.15916619
"2013","2013091301","22","야간","금",1,1,0,0,0,"인천","계양구","차량단독","공작물충돌","공작물충돌","운전자법규위반","안전운전 의무 불이행","단일로","기타단일로","승용차","소형","00","00","932959  ","1952465 ",126.74083795,37.5691152
"2013","2013091316","30","주간","금",1,1,0,0,0,"충남","태안군","차대차","기타","기타","운전자법규위반","안전운전 의무 불이행","단일로","기타단일로","화물차","소형","원동기장치자전거","원동기장치자전거","885120  ","1862667 ",126.21301246,36.75514056
"2013","2013092618","50","야간","목",1,1,0,0,0,"전남","해남군","차대차","기타","기타","운전자법규위반","과속","단일로","기타단일로","화물차","소형","농기계","농기계","908943  ","1609968 ",126.51528297,34.49150292
"2013","2013092620","40","야간","목",1,3,0,2,0,"충북","진천군","차대차","추돌","주정차중 추돌","운전자법규위반","안전운전 의무 불이행","교차로","교차로부근","화물차","소형","승용차","중형","994699  ","1878280 ",127.44049781,36.90283263
"2013","2013092615","45","주간","목",1,3,1,1,0,"경남","함안군","차대차","측면직각충돌","측면직각충돌","운전자법규위반","신호위반","교차로","교차로내","화물차","소형","승용차","소형","1092037 ","1710516 ",128.51337179,35.38608389
"2013","2013092712","00","주간","금",1,1,0,0,0,"강원","삼척시","차량단독","전도전복","전도전복","운전자법규위반","안전운전 의무 불이행","기타/불명","기타/불명","화물차","소형","00","00","1123841 ","1924285 ",128.89044884,37.30825162
"2013","2013092500","47","야간","수",1,1,0,0,0,"충북","청주시","차대사람","횡단중","횡단중","운전자법규위반","안전운전 의무 불이행","단일로","기타단일로","승용차","중형","보행자","보행자","996502  ","1848334 ",127.46087336,36.63288443
"2013","2013093007","55","주간","월",1,1,0,0,0,"경북","구미시","차대차","추돌","주정차중 추돌","운전자법규위반","안전운전 의무 불이행","교차로","교차로부근","승용차","중형","화물차","대형","1080839 ","1793652 ",128.39847932,36.13654283
"2013","2013092919","38","야간","일",1,1,0,0,0,"경남","사천시","차대사람","횡단중","횡단중","운전자법규위반","안전운전 의무 불이행","교차로","교차로부근","화물차","소형","보행자","보행자","1052291 ","1674369 ",128.07347853,35.06303714
"2013","2013093013","03","주간","월",1,1,0,0,0,"경남","사천시","차대차","기타","기타","운전자법규위반","직진 및 우회전차의 통행방해","교차로","교차로내","이륜차","소형","화물차","대형","1052768 ","1659752 ",128.07778245,34.93121102
"2013","2013092716","30","주간","금",1,1,0,0,0,"서울","구로구","차대사람","횡단중","횡단중","운전자법규위반","안전운전 의무 불이행","단일로","기타단일로","화물차","대형","보행자","보행자","941265  ","1943497 ",126.83560495,37.48885384
"2013","2013092818","40","야간","토",1,1,0,0,0,"강원","원주시","차대사람","횡단중","횡단중","운전자법규위반","안전운전 의무 불이행","교차로","교차로내","승용차","중형","보행자","보행자","1038209 ","1933817 ",127.93171629,37.4026808
"2013","2013100320","00","야간","목",1,1,0,0,0,"경기","시흥시","차대사람","횡단중","횡단중","운전자법규위반","안전운전 의무 불이행","단일로","기타단일로","승용차","경형","보행자","보행자","931511  ","1926696 ",126.72719956,37.33729534
"2013","2013051406","30","주간","화",1,2,0,1,0,"강원","동해시","차대차","기타","기타","운전자법규위반","중앙선 침범","단일로","기타단일로","승용차","소형","승합차","대형","1143093 ","1949029 ",129.11920996,37.53055863
"2013","2013103115","29","주간","목",1,1,0,0,0,"전북","무주군","차량단독","공작물충돌","공작물충돌","운전자법규위반","안전운전 의무 불이행","단일로","기타단일로","농기계","농기계","00","00","1014673 ","1760692 ",127.66248022,35.8426371
"2013","2013102616","15","주간","토",1,1,0,0,0,"경기","용인시","차대차","측면직각충돌","측면직각충돌","운전자법규위반","중앙선 침범","단일로","기타단일로","승용차","경형","이륜차","소형","974772  ","1918974 ",127.21545663,37.26933344
"2013","2013111923","00","야간","화",1,1,0,0,0,"강원","철원군","차대차","측면직각충돌","측면직각충돌","운전자법규위반","안전운전 의무 불이행","교차로","교차로내","화물차","소형","특수차","대형","982592  ","2015139 ",127.30135711,38.13627676
"2013","2013031701","10","야간","일",1,1,0,0,0,"경남","밀양시","차량단독","공작물충돌","공작물충돌","운전자법규위반","안전운전 의무 불이행","단일로","기타단일로","승용차","중형","00","00","1108343 ","1712458 ",128.66802022,35.42208693
"2013","2013071704","58","야간","수",1,1,0,0,0,"서울","양천구","차대사람","기타","기타","운전자법규위반","안전운전 의무 불이행","교차로","교차로내","승용차","대형","보행자","보행자","940287  ","1949098 ",126.82408764,37.53927302
"2013","2013052110","58","주간","화",1,1,0,0,0,"전남","곡성군","차대사람","횡단중","횡단중","운전자법규위반","안전운전 의무 불이행","기타/불명","기타/불명","건설기계","건설기계","보행자","보행자","972611  ","1695858 ",127.19890513,35.25778885