"발생년","발생년월일시","발생분","주야","요일","사망자수","사상자수","중상자수","경상자수","부상신고자수","발생지시도","발생지시군구","사고유형_대분류","사고유형_중분류","사고유형","법규위반_대분류","법규위반","도로형태_대분류","도로형태","당사자종별_1당_대분류","당사자종별_1당","당사자종별_2당_대분류","당사자종별_2당","발생위치X_UTMK","발생위치Y_UTMK","경도","위도"
"2013","2013082209","05","주간","목",1,1,0,0,0,"경기","양평군","차대차","측면직각충돌","측면직각충돌","운전자법규위반","안전운전 의무 불이행","교차로","교차로내","자전거","자전거","승용차","대형","990903  ","1941062 ",127.3971241,37.46872889
"2013","2013082907","30","주간","목",1,1,0,0,0,"충남","천안시","차대사람","기타","기타","운전자법규위반","안전운전 의무 불이행","단일로","기타단일로","승용차","소형","보행자","보행자","967603  ","1865247 ",127.1369122,36.78480525
"2013","2013083009","55","주간","금",1,2,0,1,0,"경북","안동시","차대차","기타","기타","운전자법규위반","중앙선 침범","단일로","기타단일로","이륜차","소형","승용차","소형","1123954 ","1832025 ",128.88367228,36.47784079
"2013","2013083011","45","주간","금",1,2,0,1,0,"전북","군산시","차대차","측면직각충돌","측면직각충돌","운전자법규위반","안전운전 의무 불이행","교차로","교차로내","원동기장치자전거","원동기장치자전거","화물차","경형","941047  ","1771508 ",126.84640587,35.9384858
"2013","2013082910","30","주간","목",1,1,0,0,0,"경남","합천군","차량단독","공작물충돌","공작물충돌","운전자법규위반","안전운전 의무 불이행","단일로","기타단일로","이륜차","소형","00","00","1067738 ","1729545 ",128.24743812,35.55959653
"2013","2013082915","50","주간","목",1,1,0,0,0,"경남","거창군","차량단독","공작물충돌","공작물충돌","운전자법규위반","안전운전 의무 불이행","단일로","기타단일로","원동기장치자전거","원동기장치자전거","00","00","1035663 ","1743973 ",127.8941633,35.69135823
"2013","2013092020","48","야간","금",1,1,0,0,0,"충북","단양군","차대차","정면충돌","정면충돌","운전자법규위반","중앙선 침범","단일로","기타단일로","이륜차","소형","승합차","대형","1087552 ","1894567 ",128.48456955,37.04558069
"2013","2013091708","40","주간","화",1,1,0,0,0,"전북","전주시","차대사람","횡단중","횡단중","운전자법규위반","신호위반","교차로","교차로내","건설기계","건설기계","보행자","보행자","964825  ","1760597 ",127.11050014,35.8412592
"2013","2013091808","00","주간","수",1,2,0,1,0,"충북","음성군","차대차","측면직각충돌","측면직각충돌","운전자법규위반","신호위반","교차로","교차로내","승용차","중형","승용차","경형","1002693 ","1886578 ",127.53025771,36.97764617
"2013","2013091612","25","주간","월",1,1,0,0,0,"경북","영주시","차대차","측면직각충돌","측면직각충돌","운전자법규위반","신호위반","교차로","교차로내","원동기장치자전거","원동기장치자전거","화물차","소형","1101407 ","1869951 ",128.63704957,36.82232778
"2013","2013091619","15","야간","월",1,1,0,0,0,"충북","청원군","차대사람","길가장자리구역통행중","길가장자리구역통행중","운전자법규위반","안전운전 의무 불이행","단일로","기타단일로","승용차","중형","보행자","보행자","986799  ","1845630 ",127.3523878,36.60842286
"2013","2013091708","30","주간","화",1,1,0,0,0,"경기","여주시","차량단독","전도전복","전도전복","운전자법규위반","안전운전 의무 불이행","단일로","기타단일로","원동기장치자전거","원동기장치자전거","00","00","1007169 ","1921321 ",127.58088128,37.29080362
"2013","2013091707","00","주간","화",1,1,0,0,0,"전남","영암군","차량단독","도로이탈","도로이탈 추락","운전자법규위반","안전운전 의무 불이행","단일로","기타단일로","농기계","농기계","00","00","930754  ","1645407 ",126.74299057,34.80087239
"2013","2013092516","20","주간","수",1,1,0,0,0,"충북","괴산군","차량단독","전도전복","전도전복","운전자법규위반","안전운전 의무 불이행","단일로","기타단일로","농기계","농기계","00","00","1025325 ","1851192 ",127.78452984,36.65893782
"2013","2013092513","51","주간","수",1,1,0,0,0,"제주","제주시","차대차","측면직각충돌","측면직각충돌","운전자법규위반","교차로 통행방법 위반","교차로","교차로내","승용차","소형","이륜차","소형","906014  ","1499794 ",126.48833594,33.48585692
"2013","2013100305","57","야간","목",1,1,0,0,0,"경기","양평군","차대사람","횡단중","횡단중","운전자법규위반","과속","단일로","기타단일로","승용차","대형","보행자","보행자","999432  ","1945006 ",127.49459076,37.50358739
"2013","2013093008","40","주간","월",1,1,0,0,0,"경남","양산시","차대사람","기타","기타","운전자법규위반","안전운전 의무 불이행","기타/불명","기타/불명","화물차","소형","보행자","보행자","1142413 ","1719267 ",129.14551033,35.38861159
"2013","2013092810","40","주간","토",1,1,0,0,0,"대구","수성구","차대사람","차도통행중","차도통행중","운전자법규위반","안전운전 의무 불이행","교차로","교차로내","승용차","중형","보행자","보행자","1102627 ","1759149 ",128.63613488,35.82346505
"2013","2013100613","20","주간","일",1,1,0,0,0,"경북","포항시","차량단독","공작물충돌","공작물충돌","운전자법규위반","안전운전 의무 불이행","단일로","기타단일로","화물차","소형","00","00","1168801 ","1784413 ",129.37380058,36.04197061
"2013","2013100715","20","주간","월",1,2,1,0,0,"전북","남원시","차량단독","기타","기타","운전자법규위반","안전운전 의무 불이행","교차로","교차로부근","이륜차","사발이","00","00","984780  ","1721485 ",127.33220398,35.48912247
"2013","2013100719","40","야간","월",1,1,0,0,0,"전남","나주시","차량단독","도로이탈","도로이탈 추락","운전자법규위반","안전운전 의무 불이행","단일로","기타단일로","농기계","농기계","00","00","936821  ","1668011 ",126.80760292,35.00508548
"2013","2013100517","53","주간","토",1,1,0,0,0,"전북","남원시","차량단독","전도전복","전도전복","운전자법규위반","안전운전 의무 불이행","교차로","교차로내","원동기장치자전거","원동기장치자전거","00","00","983877  ","1721064 ",127.32225707,35.4853122
"2013","2013100500","10","야간","토",1,1,0,0,0,"경기","하남시","차대사람","횡단중","횡단중","운전자법규위반","과속","교차로","교차로부근","승용차","중형","보행자","보행자","975380  ","1947046 ",127.22137904,37.52238286
"2013","2013101218","25","야간","토",1,1,0,0,0,"경남","통영시","차대사람","횡단중","횡단중","운전자법규위반","안전운전 의무 불이행","교차로","교차로내","승합차","중형","보행자","보행자","1084023 ","1650030 ",128.41900027,34.84144391
"2013","2013101019","25","야간","목",1,1,0,0,0,"경남","양산시","차대사람","횡단중","횡단중","운전자법규위반","안전운전 의무 불이행","단일로","기타단일로","승용차","중형","보행자","보행자","1150357 ","1711149 ",129.15542698,35.38469854
"2013","2013101118","33","야간","금",1,2,1,0,0,"충북","충주시","차대사람","횡단중","횡단중","운전자법규위반","안전운전 의무 불이행","교차로","교차로부근","승용차","대형","보행자","보행자","1038425 ","1887795 ",127.93178779,36.98783535
"2013","2013101018","30","야간","목",1,1,0,0,0,"광주","남구","차대사람","횡단중","횡단중","운전자법규위반","안전운전 의무 불이행","교차로","교차로부근","승용차","중형","보행자","보행자","945126  ","1678872 ",126.89789662,35.10350265
"2013","2013101018","39","야간","목",1,1,0,0,0,"대전","중구","차대사람","횡단중","횡단중","운전자법규위반","보행자 보호의무 위반","교차로","교차로부근","승합차","소형","보행자","보행자","990056  ","1812855 ",127.38922822,36.31298819
"2013","2013101108","54","주간","금",2,2,0,0,0,"울산","동구","차대차","측면직각충돌","측면직각충돌","운전자법규위반","교차로 통행방법 위반","교차로","교차로내","승용차","경형","이륜차","소형","1177004 ","1730332 ",129.45284583,35.55319119
"2013","2013101120","00","야간","금",1,1,0,0,0,"경북","예천군","차대차","기타","기타","운전자법규위반","안전운전 의무 불이행","교차로","교차로내","화물차","대형","이륜차","소형","1070534 ","1834409 ",128.28764391,36.50475565
"2013","2013101201","00","야간","토",1,1,0,0,0,"부산","진구","차량단독","기타","기타","운전자법규위반","안전운전 의무 불이행","단일로","기타단일로","승용차","중형","00","00","1139618 ","1685985 ",129.03221634,35.15930895
"2013","2013100907","50","주간","수",1,1,0,0,0,"경기","안양시","차대사람","기타","기타","운전자법규위반","안전운전 의무 불이행","단일로","기타단일로","승합차","소형","보행자","보행자","950072  ","1931514 ",126.93603365,37.38136537
"2013","2013090220","00","야간","월",1,1,0,0,0,"경기","성남시","차대사람","횡단중","횡단중","운전자법규위반","안전운전 의무 불이행","교차로","교차로부근","승용차","중형","보행자","보행자","968635  ","1938633 ",127.14540662,37.4463474
"2013","2013090820","30","야간","일",1,1,0,0,0,"경기","화성시","차대차","추돌","진행중 추돌","운전자법규위반","안전운전 의무 불이행","단일로","기타단일로","승용차","중형","농기계","농기계","948607  ","1905768 ",126.92754752,37.15574014
"2013","2013090808","55","주간","일",1,1,0,0,0,"전남","곡성군","차대차","기타","기타","운전자법규위반","안전운전 의무 불이행","교차로","교차로내","화물차","소형","자전거","자전거","971950  ","1701186 ",127.19145648,35.30581254
"2013","2013090815","45","주간","일",1,2,1,0,0,"강원","횡성군","차량단독","공작물충돌","공작물충돌","운전자법규위반","안전운전 의무 불이행","단일로","기타단일로","승용차","소형","00","00","1060788 ","1943794 ",128.18757988,37.49126209
"2013","2013090721","06","야간","토",2,4,1,1,0,"경북","상주시","차량단독","전도전복","전도전복","운전자법규위반","안전운전 의무 불이행","교차로","교차로부근","승용차","대형","00","00","1059925 ","1823109 ",128.16830801,36.40361352
"2013","2013091500","01","야간","일",1,5,3,1,0,"충북","청원군","차대차","측면직각충돌","측면직각충돌","운전자법규위반","안전운전 의무 불이행","교차로","교차로부근","승용차","중형","승용차","중형","1001416 ","1854833 ",127.51585058,36.69147791
"2013","2013091419","25","야간","토",1,1,0,0,0,"충북","충주시","차대사람","기타","기타","운전자법규위반","보행자 보호의무 위반","단일로","기타단일로","승용차","경형","보행자","보행자","1037075 ","1892193 ",127.91683441,37.02753392
"2013","2013091222","10","야간","목",1,1,0,0,0,"경북","경산시","차대사람","차도통행중","차도통행중","운전자법규위반","안전운전 의무 불이행","교차로","교차로내","승용차","경형","보행자","보행자","1118811 ","1766562 ",128.81636509,35.88845735
"2012","2012072706","40","주간","금",1,1,0,0,0,"경기","파주시","차대차","기타","기타","운전자법규위반","안전운전 의무 불이행","교차로","교차로내","화물차","중형","화물차","대형","954505  ","1999293 ",126.98187253,37.99248661
"2012","2012072709","13","주간","금",1,1,0,0,0,"경남","함안군","차대차","측면직각충돌","측면직각충돌","운전자법규위반","안전운전 의무 불이행","교차로","교차로내","화물차","소형","자전거","자전거","1092512 ","1701772 ",128.51761184,35.30720841
"2012","2012073013","04","주간","월",1,3,1,0,1,"서울","강동구","차대차","기타","기타","운전자법규위반","중앙선 침범","단일로","기타단일로","이륜차","소형","승용차","중형","968910  ","1947682 ",127.14813319,37.52791999
"2012","2012061816","40","주간","월",1,1,0,0,0,"경북","구미시","차대차","기타","기타","운전자법규위반","안전운전 의무 불이행","기타/불명","기타/불명","화물차","소형","농기계","농기계","1078435 ","1803304 ",128.37272765,36.22374943
"2012","2012061914","50","주간","화",1,1,0,0,0,"전북","남원시","차량단독","전도전복","전도전복","운전자법규위반","안전운전 의무 불이행","교차로","교차로부근","화물차","중형","00","00","998721  ","1721455 ",127.48589942,35.48896781
"2012","2012062214","00","주간","금",1,1,0,0,0,"제주","제주시","차량단독","공작물충돌","공작물충돌","운전자법규위반","안전운전 의무 불이행","기타/불명","기타/불명","농기계","농기계","00","00","931278  ","1506450 ",126.75974276,33.54780807
"2012","2012062307","23","주간","토",1,1,0,0,0,"강원","철원군","차대사람","횡단중","횡단중","운전자법규위반","안전운전 의무 불이행","단일로","기타단일로","화물차","소형","보행자","보행자","993356  ","2022093 ",127.42412012,38.1990941
"2012","2012062301","27","야간","토",1,1,0,0,0,"경기","남양주시","차대사람","기타","기타","운전자법규위반","안전운전 의무 불이행","단일로","기타단일로","승합차","대형","보행자","보행자","972070  ","1968868 ",127.18308692,37.71897775
"2012","2012062301","45","야간","토",1,1,0,0,0,"경기","평택시","차량단독","기타","기타","운전자법규위반","안전운전 의무 불이행","단일로","기타단일로","승용차","소형","00","00","949815  ","1893337 ",126.938522,37.03105719
"2012","2012052902","30","야간","화",1,2,0,1,0,"충남","천안시","차량단독","전도전복","전도전복","운전자법규위반","안전운전 의무 불이행","단일로","기타단일로","승용차","중형","00","00","968812  ","1853041 ",127.15096016,36.67481274
"2012","2012060523","07","야간","화",1,1,0,0,0,"인천","연수구","차대차","측면직각충돌","측면직각충돌","운전자법규위반","안전거리 미확보","교차로","교차로부근","승용차","대형","이륜차","소형","924717  ","1932899 ",126.64951688,37.3921357
"2012","2012060521","30","야간","화",1,3,0,2,0,"강원","원주시","차대차","기타","기타","운전자법규위반","보행자 보호의무 위반","교차로","교차로부근","승용차","중형","승용차","중형","1030830 ","1925682 ",127.84800511,37.32962934
"2012","2012061023","56","야간","일",1,2,0,1,0,"경남","거제시","차대차","추돌","진행중 추돌","운전자법규위반","안전운전 의무 불이행","단일로","기타단일로","승용차","중형","승용차","경형","1096514 ","1656913 ",128.55639472,34.90239288
"2013","2013121119","35","야간","수",1,4,1,2,0,"전북","무주군","차대차","추돌","진행중 추돌","운전자법규위반","안전거리 미확보","단일로","터널안","승용차","소형","승용차","소형","1013838 ","1774817 ",127.65347967,35.970001
"2013","2013021511","00","주간","금",1,1,0,0,0,"경북","청도군","차량단독","전도전복","전도전복","운전자법규위반","안전운전 의무 불이행","단일로","기타단일로","이륜차","사발이","00","00","1123738 ","1749673 ",128.86832538,35.73561529
"2013","2013091419","25","야간","토",1,2,0,1,0,"경기","가평군","차대사람","길가장자리구역통행중","길가장자리구역통행중","운전자법규위반","안전운전 의무 불이행","단일로","기타단일로","승용차","중형","보행자","보행자","986401  ","1981711 ",127.34545473,37.83505936
"2013","2013100207","50","주간","수",1,2,0,1,0,"경남","거제시","차대차","기타","기타","운전자법규위반","안전운전 의무 불이행","단일로","기타단일로","화물차","소형","화물차","소형","1101166 ","1655445 ",128.60712737,34.88870434
"2014","2014062910","15","주간","일",1,1,0,0,0,"강원","횡성군","차대사람","횡단중","횡단중","운전자법규위반","과속","단일로","기타단일로","화물차","소형","보행자","보행자","1056715 ","1957980 ",128.14266669,37.61951564
"2014","2014062904","15","야간","일",1,1,0,0,0,"경기","오산시","차대사람","횡단중","횡단중","운전자법규위반","안전운전 의무 불이행","단일로","기타단일로","승합차","소형","보행자","보행자","960439  ","1905356 ",127.05452236,37.14608406
"2014","2014062806","45","주간","토",1,1,0,0,0,"전북","전주시","차대차","측면직각충돌","측면직각충돌","운전자법규위반","중앙선 침범","단일로","기타단일로","원동기장치자전거","원동기장치자전거","승용차","소형","965947  ","1757790 ",127.12304373,35.81599089
"2014","2014062823","38","야간","토",1,1,0,0,0,"대구","북구","차대사람","횡단중","횡단중","운전자법규위반","안전운전 의무 불이행","단일로","기타단일로","승용차","대형","보행자","보행자","1095768 ","1771188 ",128.56166151,35.93268526
"2014","2014062723","42","야간","금",1,1,0,0,0,"부산","해운대구","차대사람","기타","기타","운전자법규위반","안전운전 의무 불이행","교차로","교차로내","승용차","중형","보행자","보행자","1152610 ","1686173 ",129.17557971,35.15924351
"2013","2013092921","15","야간","일",1,5,4,0,0,"광주","광산구","차대차","측면직각충돌","측면직각충돌","운전자법규위반","교차로 통행방법 위반","교차로","교차로내","승용차","경형","승용차","중형","932645  ","1682583 ",126.75619291,35.12970398
"2013","2013101519","40","야간","화",1,1,0,0,0,"경기","가평군","차대사람","횡단중","횡단중","운전자법규위반","안전운전 의무 불이행","교차로","교차로부근","승용차","경형","보행자","보행자","988267  ","1977007 ",127.36673698,37.79268736
"2013","2013101408","30","주간","월",1,1,0,0,0,"강원","원주시","차대사람","횡단중","횡단중","운전자법규위반","안전운전 의무 불이행","단일로","기타단일로","승용차","대형","보행자","보행자","1039526 ","1925830 ",127.94616992,37.33063394
"2013","2013101420","48","야간","월",1,3,1,1,0,"충남","보령시","차대차","측면직각충돌","측면직각충돌","운전자법규위반","신호위반","교차로","교차로내","승용차","중형","승용차","대형","918421  ","1816458 ",126.5909195,36.34206436
"2013","2013061111","58","주간","화",1,1,0,0,0,"서울","강남구","차대차","기타","기타","운전자법규위반","안전운전 의무 불이행","단일로","기타단일로","승용차","대형","승용차","중형","962571  ","1943139 ",127.07688583,37.48672757
"2013","2013081205","23","야간","월",1,1,0,0,0,"경기","고양시","차대사람","횡단중","횡단중","운전자법규위반","신호위반","교차로","교차로내","화물차","소형","보행자","보행자","944958  ","1954234 ",126.86479565,37.59479634
"2013","2013081020","30","야간","토",1,1,0,0,0,"경남","김해시","차대사람","횡단중","횡단중","운전자법규위반","안전운전 의무 불이행","단일로","기타단일로","승용차","대형","보행자","보행자","1109865 ","1700942 ",128.70408782,35.29939129
"2013","2013081105","20","야간","일",1,1,0,0,0,"경남","창원시(통합)","차대차","기타","기타","운전자법규위반","안전운전 의무 불이행","교차로","교차로부근","승용차","중형","화물차","소형","1098190 ","1693714 ",128.5790951,35.23402041
"2013","2013081107","50","주간","일",1,1,0,0,0,"충북","청주시","차대차","기타","기타","운전자법규위반","신호위반","교차로","교차로내","원동기장치자전거","원동기장치자전거","승용차","중형","998825  ","1846706 ",127.48692671,36.61821282
"2013","2013081019","17","야간","토",1,1,0,0,0,"경기","성남시","차대사람","기타","기타","운전자법규위반","안전운전 의무 불이행","교차로","교차로부근","승용차","중형","보행자","보행자","967202  ","1937394 ",127.1292614,37.43512987
"2013","2013081112","20","주간","일",1,1,0,0,0,"경남","함양군","차대차","측면직각충돌","측면직각충돌","운전자법규위반","신호위반","교차로","교차로내","원동기장치자전거","원동기장치자전거","승용차","소형","1025630 ","1729824 ",127.78282592,35.56409729
"2013","2013081921","00","야간","월",1,9,0,8,0,"전북","전주시","차대차","추돌","주정차중 추돌","운전자법규위반","안전운전 의무 불이행","교차로","교차로부근","승용차","중형","승합차","대형","962485  ","1761476 ",127.10557964,35.8532526
"2013","2013070923","00","야간","화",1,2,1,0,0,"경기","광주시","차대차","정면충돌","정면충돌","운전자법규위반","중앙선 침범","단일로","기타단일로","승합차","대형","승용차","소형","971100  ","1927549 ",127.17370736,37.34652011
"2013","2013071018","50","야간","수",1,1,0,0,0,"경남","창원시(통합)","차대차","측면직각충돌","측면직각충돌","운전자법규위반","안전운전 의무 불이행","단일로","기타단일로","이륜차","소형","승합차","대형","1105901 ","1694028 ",128.66386341,35.2360661
"2013","2013071803","58","야간","목",1,1,0,0,0,"울산","중구","차량단독","공작물충돌","공작물충돌","운전자법규위반","안전운전 의무 불이행","교차로","교차로내","승용차","경형","00","00","1161894 ","1730420 ",129.28623396,35.55656875
"2013","2013071718","05","야간","수",1,3,1,1,0,"제주","제주시","차대차","측면직각충돌","측면직각충돌","운전자법규위반","신호위반","교차로","교차로내","승용차","소형","승합차","소형","943706  ","1500187 ",126.89400103,33.49204933
"2013","2013071801","54","야간","목",1,1,0,0,0,"울산","남구","차대사람","횡단중","횡단중","운전자법규위반","안전운전 의무 불이행","단일로","기타단일로","승용차","대형","보행자","보행자","1162643 ","1727983 ",129.29400494,35.53448334
"2013","2013071518","05","야간","월",1,2,0,1,0,"강원","동해시","차대차","정면충돌","정면충돌","운전자법규위반","중앙선 침범","단일로","기타단일로","승용차","중형","승용차","중형","1143130 ","1948971 ",129.11943488,37.52965608
"2013","2013072300","15","야간","화",1,1,0,0,0,"서울","서대문구","차대사람","횡단중","횡단중","운전자법규위반","과속","단일로","기타단일로","승용차","중형","보행자","보행자","952711  ","1952186 ",126.96427056,37.5682666
"2013","2013072220","55","야간","월",1,1,0,0,0,"경기","화성시","차대사람","기타","기타","운전자법규위반","안전운전 의무 불이행","기타/불명","기타/불명","승합차","중형","보행자","보행자","953783  ","1912927 ",126.97910654,37.21402203
"2013","2013072210","30","주간","월",1,2,0,1,0,"경기","남양주시","차대차","측면직각충돌","측면직각충돌","운전자법규위반","안전운전 의무 불이행","단일로","기타단일로","승용차","중형","화물차","소형","973810  ","1957161 ",127.20325031,37.61351057
"2013","2013072309","20","주간","화",1,1,0,0,0,"충남","보령시","차대사람","횡단중","횡단중","운전자법규위반","과속","교차로","교차로내","승용차","소형","보행자","보행자","914018  ","1813849 ",126.54214838,36.31816308
"2013","2013072011","40","주간","토",1,1,0,0,0,"서울","강북구","차대사람","차도통행중","차도통행중","운전자법규위반","안전운전 의무 불이행","교차로","교차로내","승용차","중형","보행자","보행자","959762  ","1958906 ",127.04398511,37.628731
"2013","2013102110","20","주간","월",1,1,0,0,0,"경남","거창군","차대차","측면직각충돌","측면직각충돌","운전자법규위반","안전운전 의무 불이행","단일로","기타단일로","화물차","소형","원동기장치자전거","원동기장치자전거","1039337 ","1740252 ",127.93458707,35.65766924
"2013","2013102109","45","주간","월",1,1,0,0,0,"충북","괴산군","차량단독","공작물충돌","공작물충돌","운전자법규위반","안전운전 의무 불이행","교차로","교차로부근","화물차","소형","00","00","1032405 ","1874646 ",127.86357812,36.86953236
"2013","2013102114","40","주간","월",1,1,0,0,0,"전북","정읍시","차량단독","기타","기타","운전자법규위반","안전운전 의무 불이행","단일로","기타단일로","자전거","자전거","00","00","948911  ","1746931 ",126.9351599,35.71734845
"2013","2013102220","50","야간","화",1,1,0,0,0,"전북","군산시","차량단독","공작물충돌","공작물충돌","운전자법규위반","안전운전 의무 불이행","교차로","교차로부근","승용차","중형","00","00","921154  ","1774779 ",126.6255534,35.96657041
"2013","2013102119","05","야간","월",1,1,0,0,0,"전남","순천시","차대차","측면직각충돌","측면직각충돌","운전자법규위반","차로위반(진로변경 위반)","교차로","교차로부근","자전거","자전거","승용차","중형","1002034 ","1659825 ",127.52227193,34.93324107
"2013","2013101918","10","야간","토",1,1,0,0,0,"전북","장수군","차대사람","횡단중","횡단중","운전자법규위반","안전운전 의무 불이행","단일로","기타단일로","화물차","소형","보행자","보행자","1006861 ","1749154 ",127.57587586,35.73869342
"2013","2013101918","15","야간","토",1,1,0,0,0,"전북","고창군","차대사람","횡단중","횡단중","운전자법규위반","보행자 보호의무 위반","단일로","횡단보도상","화물차","중형","보행자","보행자","927261  ","1715779 ",126.69861788,35.43513014
"2013","2013101820","25","야간","금",1,1,0,0,0,"전북","익산시","차대차","측면직각충돌","측면직각충돌","운전자법규위반","안전운전 의무 불이행","교차로","교차로내","승합차","소형","이륜차","소형","951255  ","1771299 ",126.95958672,35.93716438
"2013","2013101819","00","야간","금",1,1,0,0,0,"충남","아산시","차량단독","도로이탈","도로이탈 기타","운전자법규위반","안전운전 의무 불이행","단일로","기타단일로","화물차","중형","00","00","955920  ","1856691 ",126.98950766,36.67730415
"2013","2013101819","04","야간","금",1,1,0,0,0,"전북","완주군","차대사람","횡단중","횡단중","운전자법규위반","안전운전 의무 불이행","단일로","기타단일로","승용차","소형","보행자","보행자","970557  ","1771124 ",127.17358141,35.93635922
"2013","2013101819","47","야간","금",1,1,0,0,0,"경기","여주시","차대사람","횡단중","횡단중","운전자법규위반","안전운전 의무 불이행","단일로","기타단일로","화물차","소형","보행자","보행자","1014798 ","1913024 ",127.66678713,37.21592431
"2013","2013101817","03","주간","금",1,1,0,0,0,"충남","홍성군","차량단독","전도전복","전도전복","운전자법규위반","안전운전 의무 불이행","단일로","기타단일로","농기계","농기계","00","00","927587  ","1844487 ",126.69042846,36.59546051
"2013","2013102522","15","야간","금",1,1,0,0,0,"강원","영월군","차대사람","횡단중","횡단중","운전자법규위반","안전운전 의무 불이행","단일로","기타단일로","승용차","중형","보행자","보행자","1072912 ","1908563 ",128.32418576,37.17022132
"2013","2013100311","40","주간","목",1,1,0,0,0,"충북","보은군","차량단독","기타","기타","운전자법규위반","안전운전 의무 불이행","교차로","교차로내","이륜차","중형","00","00","1026365 ","1835808 ",127.79713554,36.52070682
"2013","2013100310","20","주간","목",1,9,3,4,1,"서울","서초구","차대차","추돌","진행중 추돌","운전자법규위반","안전운전 의무 불이행","단일로","기타단일로","승합차","대형","승용차","소형","958832  ","1941233 ",127.03443762,37.46939787
"2013","2013100417","00","주간","금",1,1,0,0,0,"경기","여주시","차량단독","기타","기타","운전자법규위반","안전운전 의무 불이행","기타/불명","기타/불명","자전거","자전거","00","00","1007667 ","1928171 ",127.58657055,37.35254506
"2013","2013100414","20","주간","금",1,1,0,0,0,"서울","양천구","차대차","기타","기타","운전자법규위반","안전운전 의무 불이행","단일로","횡단보도부근","자전거","자전거","승용차","소형","944236  ","1947166 ",126.86893191,37.52210715
"2013","2013100508","15","주간","토",1,4,2,1,0,"부산","진구","차대차","추돌","진행중 추돌","운전자법규위반","안전운전 의무 불이행","단일로","기타단일로","화물차","중형","화물차","중형","1139494 ","1686020 ",129.0318009,35.15928535
"2013","2013101100","42","야간","금",1,1,0,0,0,"광주","동구","차대사람","횡단중","횡단중","운전자법규위반","안전운전 의무 불이행","단일로","기타단일로","승용차","중형","보행자","보행자","947717  ","1682456 ",126.92609839,35.13595675
"2013","2013101108","40","주간","금",1,1,0,0,0,"서울","도봉구","차대사람","횡단중","횡단중","운전자법규위반","보행자 보호의무 위반","교차로","교차로내","화물차","소형","보행자","보행자","959591  ","1961878 ",127.04188277,37.65551061
"2013","2013101216","12","주간","토",1,2,0,1,0,"경남","사천시","차대차","측면직각충돌","측면직각충돌","운전자법규위반","교차로 통행방법 위반","교차로","교차로내","원동기장치자전거","원동기장치자전거","승용차","중형","1054508 ","1659951 ",128.09684665,34.93291333
"2013","2013100923","05","야간","수",1,1,0,0,0,"서울","용산구","차량단독","공작물충돌","공작물충돌","운전자법규위반","기타(운전자법규위반)","교차로","교차로부근","승합차","대형","00","00","955546  ","1949149 ",126.99679936,37.54059499
"2013","2013101018","20","야간","목",1,1,0,0,0,"충남","논산시","차대사람","횡단중","횡단중","운전자법규위반","보행자 보호의무 위반","단일로","횡단보도상","승합차","소형","보행자","보행자","963987  ","1798538 ",127.09949432,36.18329366
"2013","2013090321","56","야간","화",1,1,0,0,0,"울산","울주군","차대사람","기타","기타","운전자법규위반","안전운전 의무 불이행","단일로","기타단일로","승용차","경형","보행자","보행자","1160744 ","1714459 ",129.26685339,35.41775726
"2013","2013090415","41","주간","수",1,1,0,0,0,"전남","고흥군","차량단독","공작물충돌","공작물충돌","운전자법규위반","안전운전 의무 불이행","단일로","기타단일로","화물차","대형","00","00","984321  ","1643120 ",127.3286308,34.7824826
"2013","2013090918","10","야간","월",1,1,0,0,0,"경남","밀양시","차량단독","도로이탈","도로이탈 추락","운전자법규위반","안전운전 의무 불이행","단일로","기타단일로","농기계","농기계","00","00","1118135 ","1718025 ",128.80106396,35.45065088
"2013","2013082911","20","주간","목",1,1,0,0,0,"전남","곡성군","차량단독","도로이탈","도로이탈 기타","운전자법규위반","안전운전 의무 불이행","교차로","교차로부근","이륜차","사발이","00","00","967025  ","1694811 ",127.13753971,35.2481798
"2013","2013071120","45","야간","목",1,1,0,0,0,"대구","달서구","차대차","측면직각충돌","측면직각충돌","운전자법규위반","교차로 통행방법 위반","교차로","교차로내","승용차","중형","자전거","자전거","1089950 ","1761511 ",128.49604558,35.84765281
"2013","2013101717","20","주간","목",1,2,1,0,0,"경남","김해시","차대차","정면충돌","정면충돌","운전자법규위반","중앙선 침범","단일로","기타단일로","승용차","중형","화물차","중형","1123216 ","1691387 ",128.85371764,35.21027943
"2013","2013101310","25","주간","일",1,1,0,0,0,"대구","달서구","차대차","기타","기타","운전자법규위반","안전운전 의무 불이행","단일로","횡단보도상","자전거","자전거","승용차","소형","1093674 ","1761694 ",128.53212352,35.85878022
"2013","2013101405","10","야간","월",1,1,0,0,0,"전북","김제시","차량단독","공작물충돌","공작물충돌","운전자법규위반","안전운전 의무 불이행","단일로","기타단일로","승용차","중형","00","00","944412  ","1756331 ",126.88476928,35.8018531
"2013","2013101411","35","주간","월",1,1,0,0,0,"경기","동두천시","차대사람","횡단중","횡단중","운전자법규위반","안전운전 의무 불이행","단일로","횡단보도상","승용차","소형","보행자","보행자","961139  ","1988996 ",127.05479091,37.90053805
"2013","2013101502","35","야간","화",1,1,0,0,0,"울산","동구","차량단독","공작물충돌","공작물충돌","운전자법규위반","안전운전 의무 불이행","단일로","기타단일로","원동기장치자전거","원동기장치자전거","00","00","1176863 ","1729163 ",129.45103572,35.54268207