"발생년","발생년월일시","발생분","주야","요일","사망자수","사상자수","중상자수","경상자수","부상신고자수","발생지시도","발생지시군구","사고유형_대분류","사고유형_중분류","사고유형","법규위반_대분류","법규위반","도로형태_대분류","도로형태","당사자종별_1당_대분류","당사자종별_1당","당사자종별_2당_대분류","당사자종별_2당","발생위치X_UTMK","발생위치Y_UTMK","경도","위도"
"2013","2013101419","00","야간","월",1,1,0,0,0,"울산","중구","차대차","측면직각충돌","측면직각충돌","운전자법규위반","차로위반(진로변경 위반)","단일로","기타단일로","이륜차","소형","승용차","중형","1164792 ","1731288 ",129.31837109,35.56391335
"2013","2013101508","10","주간","화",1,1,0,0,0,"경기","이천시","차량단독","전도전복","전도전복","운전자법규위반","안전운전 의무 불이행","단일로","기타단일로","농기계","농기계","00","00","996741  ","1925818 ",127.46321192,37.33136129
"2013","2013102216","20","주간","화",1,1,0,0,0,"전남","고흥군","차량단독","공작물충돌","공작물충돌","운전자법규위반","안전운전 의무 불이행","단일로","기타단일로","이륜차","소형","00","00","968102  ","1614826 ",127.15242838,34.52695469
"2013","2013102015","25","주간","일",1,1,0,0,0,"전남","영광군","차대차","기타","기타","운전자법규위반","과속","단일로","기타단일로","화물차","소형","자전거","자전거","914608  ","1701726 ",126.56070163,35.30742732
"2013","2013102017","28","주간","일",2,2,0,0,0,"경남","창원시(통합)","차량단독","전도전복","전도전복","운전자법규위반","안전운전 의무 불이행","단일로","기타단일로","화물차","중형","00","00","1094027 ","1680631 ",128.5318594,35.11646706
"2013","2013102219","20","야간","화",1,1,0,0,0,"전북","군산시","차대사람","길가장자리구역통행중","길가장자리구역통행중","운전자법규위반","안전운전 의무 불이행","교차로","교차로부근","승용차","중형","보행자","보행자","921291  ","1770164 ",126.62753015,35.92497735
"2013","2013102117","30","주간","월",1,1,0,0,0,"경남","김해시","차대차","기타","기타","운전자법규위반","안전운전 의무 불이행","단일로","기타단일로","원동기장치자전거","원동기장치자전거","농기계","농기계","1117097 ","1706286 ",128.78863262,35.34532302
"2013","2013102209","49","주간","화",1,1,0,0,0,"경북","문경시","차대차","기타","기타","운전자법규위반","안전운전 의무 불이행","단일로","횡단보도부근","승용차","소형","자전거","자전거","1062803 ","1844382 ",128.2021318,36.59519534
"2013","2013090405","47","야간","수",1,1,0,0,0,"대전","중구","차대사람","횡단중","횡단중","운전자법규위반","안전운전 의무 불이행","단일로","기타단일로","승용차","중형","보행자","보행자","992028  ","1814015 ",127.41118354,36.32346445
"2013","2013090209","22","주간","월",1,1,0,0,0,"충남","청양군","차대차","측면직각충돌","측면직각충돌","운전자법규위반","직진 및 우회전차의 통행방해","교차로","교차로내","특수차","대형","이륜차","소형","935205  ","1822750 ",126.77741349,36.40006101
"2013","2013090116","40","주간","일",1,3,2,0,0,"전북","김제시","차대차","측면직각충돌","측면직각충돌","운전자법규위반","교차로 통행방법 위반","교차로","교차로내","승용차","소형","건설기계","건설기계","937546  ","1765601 ",126.80805769,35.88501413
"2013","2013090123","00","야간","일",1,1,0,0,0,"경기","화성시","차량단독","공작물충돌","공작물충돌","운전자법규위반","안전운전 의무 불이행","단일로","기타단일로","이륜차","중형","00","00","949069  ","1911565 ",126.92607222,37.20149987
"2013","2013090118","40","야간","일",1,3,0,2,0,"경기","양주시","차대차","측면직각충돌","측면직각충돌","운전자법규위반","안전운전 의무 불이행","단일로","기타단일로","농기계","농기계","승용차","소형","954966  ","1976521 ",126.98854427,37.78727223
"2013","2013052712","30","주간","월",1,1,0,0,0,"경남","김해시","차량단독","도로이탈","도로이탈 추락","운전자법규위반","안전운전 의무 불이행","단일로","기타단일로","화물차","소형","00","00","1121465 ","1692915 ",128.83471039,35.22426738
"2013","2013052512","10","주간","토",1,1,0,0,0,"전남","영광군","차량단독","공작물충돌","공작물충돌","운전자법규위반","안전운전 의무 불이행","단일로","기타단일로","화물차","소형","00","00","914800  ","1692781 ",126.56374166,35.22679707
"2013","2013052417","00","주간","금",1,2,1,0,0,"경기","안성시","차량단독","도로이탈","도로이탈 추락","운전자법규위반","안전운전 의무 불이행","단일로","기타단일로","승용차","중형","00","00","983841  ","1881871 ",127.3185436,36.93508019
"2013","2013052915","18","주간","수",1,1,0,0,0,"전남","강진군","차량단독","기타","기타","운전자법규위반","안전운전 의무 불이행","단일로","기타단일로","농기계","농기계","00","00","928366  ","1615464 ",126.71945921,34.52801221
"2013","2013052911","00","주간","수",1,1,0,0,0,"충북","청주시","차량단독","공작물충돌","공작물충돌","운전자법규위반","안전운전 의무 불이행","단일로","기타단일로","화물차","소형","00","00","999853  ","1853440 ",127.49830888,36.67857231
"2013","2013052817","10","주간","화",1,1,0,0,0,"세종","세종","차량단독","도로이탈","도로이탈 추락","운전자법규위반","안전운전 의무 불이행","교차로","교차로부근","이륜차","소형","00","00","976111  ","1845810 ",127.23287101,36.60983758
"2013","2013052816","30","주간","화",1,1,0,0,0,"경남","거제시","차량단독","전도전복","전도전복","운전자법규위반","안전운전 의무 불이행","단일로","기타단일로","승용차","중형","00","00","1095462 ","1643000 ",128.54329766,34.77705032
"2013","2013060503","40","야간","수",1,1,0,0,0,"대구","달성군","차량단독","공작물충돌","공작물충돌","운전자법규위반","안전운전 의무 불이행","교차로","교차로내","화물차","소형","00","00","1081436 ","1751241 ",128.4007639,35.7541618
"2013","2013060605","22","야간","목",1,1,0,0,0,"경남","김해시","차량단독","전도전복","전도전복","운전자법규위반","안전운전 의무 불이행","단일로","기타단일로","원동기장치자전거","원동기장치자전거","00","00","1125639 ","1694477 ",128.88080307,35.23783365
"2013","2013060620","15","야간","목",1,1,0,0,0,"경북","구미시","차대차","측면직각충돌","측면직각충돌","운전자법규위반","안전거리 미확보","단일로","기타단일로","승용차","중형","이륜차","중형","1072837 ","1795539 ",128.30972492,36.15418792
"2013","2013060517","42","주간","수",1,1,0,0,0,"경남","창원시(통합)","차대사람","횡단중","횡단중","운전자법규위반","안전운전 의무 불이행","단일로","횡단보도상","승용차","대형","보행자","보행자","1096332 ","1690044 ",128.55824948,35.20111356
"2013","2013060322","35","야간","월",1,3,2,0,0,"경남","창원시(통합)","차대사람","기타","기타","운전자법규위반","안전운전 의무 불이행","단일로","기타단일로","건설기계","건설기계","보행자","보행자","1101397 ","1687137 ",128.61352398,35.17440662
"2013","2013060913","34","주간","일",1,1,0,0,0,"경북","영천시","차대차","추돌","주정차중 추돌","운전자법규위반","안전운전 의무 불이행","단일로","기타단일로","화물차","중형","화물차","중형","1127756 ","1791111 ",128.91940492,36.10859498
"2013","2013060721","50","야간","금",1,1,0,0,0,"전북","완주군","차대사람","횡단중","횡단중","운전자법규위반","안전운전 의무 불이행","단일로","기타단일로","승용차","대형","보행자","보행자","962325  ","1768302 ",127.0824534,35.91063373
"2013","2013060819","38","야간","토",1,2,0,0,1,"경남","산청군","차대사람","기타","기타","운전자법규위반","안전운전 의무 불이행","교차로","교차로내","승용차","소형","보행자","보행자","1026623 ","1718666 ",127.79341722,35.46346435
"2013","2013060801","50","야간","토",1,1,0,0,0,"경기","안산시","차량단독","공작물충돌","공작물충돌","운전자법규위반","안전운전 의무 불이행","단일로","기타단일로","승용차","소형","00","00","933946  ","1926184 ",126.7543687,37.33231656
"2013","2013060811","30","주간","토",1,2,1,0,0,"경기","성남시","차대사람","횡단중","횡단중","운전자법규위반","안전운전 의무 불이행","단일로","기타단일로","화물차","소형","보행자","보행자","967446  ","1937992 ",127.13199306,37.44052861
"2013","2013060918","45","야간","일",2,2,0,0,0,"경남","밀양시","차대차","측면직각충돌","측면직각충돌","운전자법규위반","안전운전 의무 불이행","교차로","교차로내","농기계","농기계","화물차","소형","1116081 ","1711723 ",128.77822684,35.39445429
"2013","2013061115","45","주간","화",1,1,0,0,0,"울산","남구","차대사람","횡단중","횡단중","운전자법규위반","안전운전 의무 불이행","교차로","교차로부근","화물차","경형","보행자","보행자","1162657 ","1728081 ",129.29417897,35.53536424
"2013","2013061213","20","주간","수",1,2,1,0,0,"제주","제주시","차량단독","기타","기타","운전자법규위반","안전운전 의무 불이행","단일로","기타단일로","승용차","중형","00","00","898302  ","1499627 ",126.40535573,33.48364552
"2013","2013061209","30","주간","수",1,1,0,0,0,"경남","거제시","차대사람","횡단중","횡단중","운전자법규위반","안전운전 의무 불이행","교차로","교차로내","승합차","소형","보행자","보행자","1107367 ","1658354 ",128.67535041,34.91429405
"2013","2013061105","00","야간","화",1,1,0,0,0,"경기","성남시","차대사람","횡단중","횡단중","운전자법규위반","신호위반","교차로","교차로부근","승합차","소형","보행자","보행자","967139  ","1935341 ",127.1286407,37.41662274
"2013","2013061113","55","주간","화",1,1,0,0,0,"전북","남원시","차대차","추돌","주정차중 추돌","운전자법규위반","안전운전 의무 불이행","단일로","기타단일로","원동기장치자전거","원동기장치자전거","화물차","중형","988528  ","1716792 ",127.3735907,35.44685738
"2013","2013061018","00","야간","월",1,1,0,0,0,"부산","사하구","차대차","기타","기타","운전자법규위반","중앙선 침범","단일로","기타단일로","자전거","자전거","건설기계","건설기계","1133542 ","1677538 ",128.96489362,35.08411949
"2012","2012062104","20","야간","목",1,1,0,0,0,"전북","익산시","차대차","측면직각충돌","측면직각충돌","운전자법규위반","중앙선 침범","단일로","기타단일로","화물차","대형","화물차","대형","958516  ","1775952 ",127.03984026,35.9794499
"2012","2012061917","50","주간","화",1,1,0,0,0,"충북","청주시","차대사람","횡단중","횡단중","운전자법규위반","보행자 보호의무 위반","단일로","횡단보도상","건설기계","건설기계","보행자","보행자","995693  ","1846787 ",127.45183302,36.61893491
"2012","2012062711","45","주간","수",1,1,0,0,0,"경북","칠곡군","차대차","추돌","진행중 추돌","운전자법규위반","안전운전 의무 불이행","교차로","교차로부근","승용차","경형","이륜차","소형","1081052 ","1776946 ",128.39913127,35.98592486
"2012","2012062702","25","야간","수",1,2,1,0,0,"충남","천안시","차대차","측면직각충돌","측면직각충돌","운전자법규위반","중앙선 침범","단일로","기타단일로","화물차","중형","화물차","중형","976230  ","1879424 ",127.23315398,36.91286051
"2012","2012062711","05","주간","수",1,1,0,0,0,"전북","완주군","차대차","추돌","진행중 추돌","운전자법규위반","안전운전 의무 불이행","단일로","기타단일로","건설기계","건설기계","자전거","자전거","956619  ","1758295 ",127.05141199,35.83766311
"2012","2012062919","22","야간","금",1,1,0,0,0,"대구","남구","차량단독","공작물충돌","공작물충돌","운전자법규위반","안전운전 의무 불이행","단일로","기타단일로","이륜차","소형","00","00","1096996 ","1759947 ",128.57390377,35.83123176
"2012","2012062911","38","주간","금",1,1,0,0,0,"전남","영광군","차대사람","길가장자리구역통행중","길가장자리구역통행중","운전자법규위반","안전운전 의무 불이행","단일로","기타단일로","승용차","중형","보행자","보행자","902047  ","1698820 ",126.42290018,35.28007654
"2012","2012070416","10","주간","수",1,1,0,0,0,"충남","공주시","차대차","측면직각충돌","측면직각충돌","운전자법규위반","교차로 통행방법 위반","교차로","교차로내","원동기장치자전거","원동기장치자전거","화물차","소형","960433  ","1809039 ",127.00990706,36.3323375
"2012","2012070309","55","주간","화",1,1,0,0,0,"경남","합천군","차대차","기타","기타","운전자법규위반","차로위반(진로변경 위반)","단일로","기타단일로","이륜차","소형","승용차","중형","1059046 ","1729701 ",128.15154574,35.56155945
"2012","2012070723","10","야간","토",1,1,0,0,0,"경남","합천군","차량단독","공작물충돌","공작물충돌","운전자법규위반","안전운전 의무 불이행","단일로","기타단일로","화물차","소형","00","00","1053141 ","1755236 ",128.08785572,35.79217154
"2012","2012071006","30","주간","화",1,1,0,0,0,"충남","천안시","차대차","추돌","주정차중 추돌","운전자법규위반","안전운전 의무 불이행","단일로","터널안","승용차","대형","건설기계","건설기계","969361  ","1869674 ",127.15827505,36.82483062
"2012","2012071013","00","주간","화",1,1,0,0,0,"경남","합천군","차량단독","전도전복","전도전복","운전자법규위반","안전운전 의무 불이행","단일로","기타단일로","이륜차","소형","00","00","1060877 ","1729691 ",128.17174802,35.56135841
"2012","2012071018","15","야간","화",1,1,0,0,0,"전북","익산시","차대차","측면직각충돌","측면직각충돌","운전자법규위반","신호위반","교차로","교차로내","원동기장치자전거","원동기장치자전거","승용차","중형","954403  ","1773018 ",126.99438715,35.95281436
"2012","2012071718","05","야간","화",1,2,1,0,0,"충북","괴산군","차대차","측면직각충돌","측면직각충돌","운전자법규위반","안전거리 미확보","단일로","횡단보도부근","승용차","중형","승용차","대형","1025866 ","1867135 ",127.78995703,36.80202576
"2012","2012072018","20","야간","금",1,1,0,0,0,"충남","부여군","차대사람","기타","기타","운전자법규위반","안전운전 의무 불이행","단일로","기타단일로","승용차","중형","보행자","보행자","956497  ","1803036 ",127.0159498,36.2235369
"2012","2012071910","21","주간","목",1,1,0,0,0,"충북","괴산군","차량단독","도로이탈","도로이탈 추락","운전자법규위반","안전운전 의무 불이행","단일로","기타단일로","화물차","소형","00","00","1030275 ","1865618 ",127.83929831,36.78821994
"2012","2012072604","05","야간","목",1,1,0,0,0,"경기","수원시","차대사람","기타","기타","운전자법규위반","안전운전 의무 불이행","단일로","기타단일로","화물차","중형","보행자","보행자","951073  ","1918765 ",126.94818098,37.26650543
"2012","2012072501","15","야간","수",1,2,1,0,0,"전북","익산시","차량단독","공작물충돌","공작물충돌","운전자법규위반","안전운전 의무 불이행","단일로","기타단일로","승용차","중형","00","00","950650  ","1773568 ",126.95273859,35.95759042
"2012","2012072402","20","야간","화",1,1,0,0,0,"경기","동두천시","차량단독","전도전복","전도전복","운전자법규위반","안전운전 의무 불이행","단일로","기타단일로","이륜차","소형","00","00","963056  ","1988351 ",127.07981626,37.89425786
"2012","2012072915","40","주간","일",1,2,1,0,0,"경남","창녕군","차대차","측면직각충돌","측면직각충돌","운전자법규위반","안전운전 의무 불이행","단일로","기타단일로","농기계","농기계","원동기장치자전거","원동기장치자전거","1080839 ","1732152 ",128.39224402,35.58211716
"2012","2012073015","12","주간","월",1,1,0,0,0,"경남","진주시","차대사람","횡단중","횡단중","운전자법규위반","안전운전 의무 불이행","단일로","기타단일로","화물차","소형","보행자","보행자","1055467 ","1687310 ",128.10917633,35.17955324
"2012","2012080222","30","야간","목",1,1,0,0,0,"경북","포항시","차량단독","기타","기타","운전자법규위반","안전운전 의무 불이행","단일로","교량위","승용차","중형","00","00","1169098 ","1771796 ",129.37440401,35.92822572
"2012","2012073112","00","주간","화",1,1,0,0,0,"충북","제천시","차대사람","기타","기타","운전자법규위반","안전운전 의무 불이행","단일로","기타단일로","승용차","대형","보행자","보행자","1064141 ","1903523 ",128.22208811,37.12819894
"2012","2012061108","55","주간","월",1,1,0,0,0,"경북","영덕군","차대차","측면직각충돌","측면직각충돌","운전자법규위반","안전운전 의무 불이행","단일로","기타단일로","화물차","소형","이륜차","중형","1170691 ","1841264 ",129.40720455,36.55389796
"2012","2012061204","10","야간","화",1,1,0,0,0,"서울","강서구","차대사람","횡단중","횡단중","운전자법규위반","안전운전 의무 불이행","단일로","기타단일로","화물차","중형","보행자","보행자","940123  ","1949635 ",126.82218756,37.54410234
"2012","2012061902","50","야간","화",1,4,3,0,0,"경기","용인시","차대차","추돌","주정차중 추돌","운전자법규위반","안전운전 의무 불이행","교차로","교차로부근","승용차","중형","화물차","소형","974139  ","1915442 ",127.2084399,37.23747888
"2012","2012062005","13","야간","수",1,2,0,1,0,"강원","횡성군","차대차","정면충돌","정면충돌","운전자법규위반","중앙선 침범","단일로","기타단일로","화물차","소형","화물차","대형","1036360 ","1953141 ",127.91178032,37.57693113
"2012","2012061917","30","주간","화",1,1,0,0,0,"경기","고양시","차대사람","횡단중","횡단중","운전자법규위반","안전운전 의무 불이행","단일로","횡단보도상","승합차","대형","보행자","보행자","934813  ","1963679 ",126.76083076,37.67031711
"2012","2012061918","35","야간","화",1,1,0,0,0,"전남","나주시","차대사람","횡단중","횡단중","운전자법규위반","안전운전 의무 불이행","교차로","교차로내","승용차","중형","보행자","보행자","928454  ","1671206 ",126.71563865,35.03333576
"2012","2012061921","45","야간","화",1,1,0,0,0,"경기","광주시","차대차","측면직각충돌","측면직각충돌","운전자법규위반","신호위반","교차로","교차로내","이륜차","중형","승용차","중형","978434  ","1935589 ",127.25627593,37.41919018
"2012","2012061814","05","주간","월",1,1,0,0,0,"대전","중구","차대사람","횡단중","횡단중","운전자법규위반","중앙선 침범","단일로","기타단일로","승용차","중형","보행자","보행자","990736  ","1814138 ",127.39678786,36.32456179
"2012","2012061808","25","주간","월",1,1,0,0,0,"경기","부천시","차대차","기타","기타","운전자법규위반","신호위반","교차로","교차로내","승합차","대형","자전거","자전거","934695  ","1946997 ",126.7609813,37.51995772
"2012","2012061705","30","야간","일",1,1,0,0,0,"서울","강서구","차량단독","전도전복","전도전복","운전자법규위반","안전운전 의무 불이행","기타/불명","기타/불명","승용차","대형","00","00","942391  ","1952710 ",126.84761836,37.57196187
"2014","2014061003","10","야간","화",1,1,0,0,0,"서울","성북구","차량단독","공작물충돌","공작물충돌","운전자법규위반","안전운전 의무 불이행","단일로","기타단일로","원동기장치자전거","원동기장치자전거","00","00","955875  ","1956688 ",127.00006932,37.60856138
"2014","2014012621","48","야간","일",1,1,0,0,0,"경기","수원시","차대사람","횡단중","횡단중","운전자법규위반","안전운전 의무 불이행","단일로","기타단일로","승용차","중형","보행자","보행자","955964  ","1919958 ",127.00327106,37.27750301
"2014","2014061504","15","야간","일",1,1,0,0,0,"대구","수성구","차대사람","횡단중","횡단중","운전자법규위반","안전운전 의무 불이행","단일로","기타단일로","승용차","중형","보행자","보행자","1101732 ","1763830 ",128.62682526,35.86575484
"2012","2012090920","35","야간","일",1,1,0,0,0,"울산","남구","차대사람","기타","기타","운전자법규위반","안전운전 의무 불이행","단일로","기타단일로","승용차","대형","보행자","보행자","1164027 ","1725017 ",129.30866418,35.50752527
"2012","2012090720","45","야간","금",1,1,0,0,0,"울산","북구","차대차","측면직각충돌","측면직각충돌","운전자법규위반","신호위반","교차로","교차로내","승용차","소형","이륜차","소형","1168289 ","1734639 ",129.35763766,35.5935239
"2012","2012090621","25","야간","목",1,1,0,0,0,"경북","군위군","차량단독","공작물충돌","공작물충돌","운전자법규위반","안전운전 의무 불이행","단일로","기타단일로","화물차","소형","00","00","1112859 ","1791575 ",128.75399961,36.11462368
"2012","2012091300","07","야간","목",1,1,0,0,0,"경기","남양주시","차량단독","공작물충돌","공작물충돌","운전자법규위반","안전운전 의무 불이행","교차로","교차로부근","이륜차","소형","00","00","971106  ","1957090 ",127.17261548,37.6127896
"2012","2012091317","50","주간","목",1,1,0,0,0,"경북","상주시","차대차","기타","기타","운전자법규위반","안전운전 의무 불이행","단일로","기타단일로","화물차","중형","원동기장치자전거","원동기장치자전거","1063581 ","1824554 ",128.20919686,36.41640455
"2012","2012091305","08","야간","목",1,1,0,0,0,"광주","광산구","차대차","측면직각충돌","측면직각충돌","운전자법규위반","부당한 회전","단일로","횡단보도상","자전거","자전거","특수차","소형","937853  ","1686737 ",126.81750694,35.17399559
"2012","2012091209","00","주간","수",1,1,0,0,0,"경기","남양주시","차대사람","보도통행중","보도통행중","운전자법규위반","신호위반","교차로","교차로부근","화물차","중형","보행자","보행자","969214  ","1961216 ",127.15100459,37.64991705
"2012","2012091814","10","주간","화",1,1,0,0,0,"경남","창녕군","차대차","추돌","진행중 추돌","운전자법규위반","안전운전 의무 불이행","단일로","기타단일로","화물차","대형","농기계","농기계","1088317 ","1730925 ",128.47463668,35.57041623
"2012","2012091823","45","야간","화",1,1,0,0,0,"제주","서귀포시","차량단독","기타","기타","운전자법규위반","안전운전 의무 불이행","단일로","기타단일로","승합차","소형","00","00","913349  ","1473027 ",126.5698527,33.24507401
"2012","2012091613","25","주간","일",1,6,3,1,1,"전남","화순군","차량단독","공작물충돌","공작물충돌","운전자법규위반","안전운전 의무 불이행","단일로","기타단일로","승합차","중형","00","00","954087  ","1656310 ",126.99746272,34.9005075
"2012","2012091605","50","야간","일",1,1,0,0,0,"경북","칠곡군","차대차","추돌","진행중 추돌","운전자법규위반","안전운전 의무 불이행","단일로","기타단일로","승용차","중형","이륜차","소형","1094781 ","1779183 ",128.551677,36.00485221
"2012","2012091505","35","야간","토",1,1,0,0,0,"전남","순천시","차대사람","보도통행중","보도통행중","운전자법규위반","보행자 보호의무 위반","단일로","횡단보도상","화물차","소형","보행자","보행자","1001904 ","1660912 ",127.52362156,34.94301582
"2012","2012092616","40","주간","수",1,1,0,0,0,"경북","영천시","차대차","추돌","진행중 추돌","운전자법규위반","앞지르기 금지위반","단일로","기타단일로","화물차","대형","원동기장치자전거","원동기장치자전거","1125201 ","1769141 ",128.88755059,35.91090631
"2012","2012092214","13","주간","토",1,1,0,0,0,"경남","양산시","차량단독","공작물충돌","공작물충돌","운전자법규위반","안전운전 의무 불이행","단일로","기타단일로","이륜차","소형","00","00","1143988 ","1721825 ",129.08417086,35.48673758
"2012","2012080715","55","주간","화",1,1,0,0,0,"경기","김포시","차량단독","전도전복","전도전복","운전자법규위반","안전운전 의무 불이행","단일로","기타단일로","농기계","농기계","00","00","936076  ","1954386 ",126.77596411,37.58665053
"2012","2012080512","50","주간","일",1,1,0,0,0,"울산","중구","차대차","측면직각충돌","측면직각충돌","운전자법규위반","안전운전 의무 불이행","단일로","기타단일로","화물차","소형","자전거","자전거","1165306 ","1729975 ",129.32377203,35.55199489
"2012","2012081104","25","야간","토",1,2,1,0,0,"부산","진구","차대차","기타","기타","운전자법규위반","안전운전 의무 불이행","기타/불명","기타/불명","이륜차","소형","승용차","중형","1140366 ","1686269 ",129.04120834,35.16189339
"2012","2012081001","45","야간","금",1,1,0,0,0,"울산","북구","차대차","기타","기타","운전자법규위반","안전운전 의무 불이행","단일로","기타단일로","승용차","소형","승용차","중형","1167579 ","1739354 ",129.35078299,35.63613511
"2012","2012081902","20","야간","일",1,2,0,1,0,"서울","서초구","차대사람","기타","기타","운전자법규위반","신호위반","단일로","횡단보도부근","승용차","중형","보행자","보행자","954221  ","1943334 ",126.98216374,37.48811793
"2012","2012082508","50","주간","토",2,4,1,1,0,"서울","동작구","차대차","기타","기타","운전자법규위반","안전운전 의무 불이행","단일로","기타단일로","건설기계","건설기계","승용차","중형","952525  ","1945729 ",126.96282532,37.50961907
"2012","2012082508","30","주간","토",1,5,4,0,0,"충남","부여군","차대차","측면직각충돌","측면직각충돌","운전자법규위반","안전운전 의무 불이행","단일로","기타단일로","승용차","중형","승용차","경형","955405  ","1805290 ",127.00663379,36.24348619
"2012","2012082300","50","야간","목",1,1,0,0,0,"부산","동구","차대사람","횡단중","횡단중","운전자법규위반","안전운전 의무 불이행","단일로","기타단일로","승용차","중형","보행자","보행자","1141798 ","1684052 ",129.05654574,35.1417086
"2012","2012082200","20","야간","수",1,1,0,0,0,"경남","창원시(통합)","차대사람","횡단중","횡단중","운전자법규위반","안전운전 의무 불이행","단일로","기타단일로","승용차","중형","보행자","보행자","1098612 ","1692318 ",128.58356473,35.22139336
"2012","2012082807","51","주간","화",1,1,0,0,0,"인천","연수구","차대차","측면직각충돌","측면직각충돌","운전자법규위반","안전운전 의무 불이행","교차로","교차로내","건설기계","건설기계","원동기장치자전거","원동기장치자전거","929088  ","1937195 ",126.69847969,37.43120003
"2012","2012082710","14","주간","월",1,1,0,0,0,"서울","종로구","차대사람","보도통행중","보도통행중","운전자법규위반","신호위반","단일로","기타단일로","화물차","소형","보행자","보행자","955005  ","1953108 ",126.99043274,37.57625208
"2012","2012090216","30","주간","일",1,1,0,0,0,"경북","상주시","차량단독","기타","기타","운전자법규위반","안전운전 의무 불이행","단일로","기타단일로","농기계","농기계","00","00","1056276 ","1838991 ",128.12877066,36.5470055
"2012","2012090104","30","야간","토",1,1,0,0,0,"대구","북구","차대사람","기타","기타","운전자법규위반","안전운전 의무 불이행","단일로","기타단일로","화물차","소형","보행자","보행자","1098902 ","1768385 ",128.59604997,35.90710561
"2012","2012090109","35","주간","토",2,6,2,2,0,"전북","순창군","차대사람","길가장자리구역통행중","길가장자리구역통행중","운전자법규위반","과속","단일로","기타단일로","승용차","소형","보행자","보행자","965211  ","1708577 ",127.11701604,35.37224339
"2012","2012083114","00","주간","금",1,1,0,0,0,"경남","진주시","차대사람","보도통행중","보도통행중","운전자법규위반","기타(운전자법규위반)","단일로","기타단일로","승합차","대형","보행자","보행자","1054043 ","1686646 ",128.09349423,35.1736438
"2012","2012083101","20","야간","금",1,1,0,0,0,"경기","평택시","차대사람","차도통행중","차도통행중","운전자법규위반","안전운전 의무 불이행","단일로","기타단일로","승용차","중형","보행자","보행자","965817  ","1885928 ",127.11596379,36.97116954
"2012","2012082914","00","주간","수",1,1,0,0,0,"전남","화순군","차대차","추돌","진행중 추돌","운전자법규위반","과속","교차로","교차로내","승합차","대형","이륜차","사발이","943964  ","1664180 ",126.88613882,34.97096286
"2012","2012090615","00","주간","목",1,1,0,0,0,"전남","고흥군","차량단독","기타","기타","운전자법규위반","안전운전 의무 불이행","단일로","기타단일로","농기계","농기계","00","00","977594  ","1625694 ",127.25247015,34.61801013
"2012","2012090517","07","주간","수",1,1,0,0,0,"경기","파주시","차대사람","횡단중","횡단중","운전자법규위반","안전운전 의무 불이행","교차로","교차로부근","승합차","중형","보행자","보행자","930247  ","1970082 ",126.73504158,37.84160833
"2012","2012090505","40","야간","수",1,1,0,0,0,"충북","진천군","차대사람","길가장자리구역통행중","길가장자리구역통행중","운전자법규위반","안전운전 의무 불이행","단일로","기타단일로","화물차","소형","보행자","보행자","1000952 ","1879509 ",127.51068747,36.91392596
"2012","2012090218","00","야간","일",1,1,0,0,0,"전남","진도군","차대차","측면직각충돌","측면직각충돌","운전자법규위반","중앙선 침범","단일로","횡단보도부근","이륜차","소형","화물차","소형","879722  ","1597839 ",126.19253109,34.36700162
"2012","2012090415","30","주간","화",1,1,0,0,0,"인천","강화군","차량단독","전도전복","전도전복","운전자법규위반","안전운전 의무 불이행","단일로","기타단일로","농기계","농기계","00","00","903359  ","1978848 ",126.40241904,37.80405344
"2012","2012090415","12","주간","화",1,2,1,0,0,"전남","신안군","차대차","측면직각충돌","측면직각충돌","운전자법규위반","직진 및 우회전차의 통행방해","교차로","교차로내","승용차","대형","승용차","중형","866964  ","1655463 ",126.04418288,34.88519049
"2013","2013120518","30","야간","목",1,1,0,0,0,"충남","당진시","차대사람","횡단중","횡단중","운전자법규위반","보행자 보호의무 위반","교차로","교차로부근","승용차","중형","보행자","보행자","922220  ","1877159 ",126.62710299,36.88953596
"2013","2013120517","43","주간","목",1,1,0,0,0,"전남","광양시","차대차","측면직각충돌","측면직각충돌","운전자법규위반","교차로 통행방법 위반","교차로","교차로내","화물차","중형","이륜차","소형","1008478 ","1664894 ",127.59288407,34.97891733
"2013","2013120514","40","주간","목",1,1,0,0,0,"충북","청원군","차량단독","공작물충돌","공작물충돌","운전자법규위반","안전운전 의무 불이행","단일로","기타단일로","농기계","농기계","00","00","999641  ","1863384 ",127.49597737,36.7685648
"2013","2013102516","30","주간","금",1,1,0,0,0,"충북","청원군","차대차","측면직각충돌","측면직각충돌","운전자법규위반","안전운전 의무 불이행","교차로","교차로내","승합차","소형","자전거","자전거","983581  ","1845479 ",127.31639957,36.60719639
"2013","2013102419","30","야간","목",1,1,0,0,0,"전북","군산시","차대사람","횡단중","횡단중","운전자법규위반","안전운전 의무 불이행","교차로","교차로내","승용차","중형","보행자","보행자","927173  ","1774178 ",126.69235647,35.96162019
"2013","2013102412","50","주간","목",1,1,0,0,0,"경기","이천시","차대사람","길가장자리구역통행중","길가장자리구역통행중","운전자법규위반","안전운전 의무 불이행","단일로","기타단일로","화물차","중형","보행자","보행자","999112  ","1920949 ",127.48998195,37.28747762
"2013","2013090705","30","야간","토",1,1,0,0,0,"전북","전주시","차대차","측면직각충돌","측면직각충돌","운전자법규위반","안전운전 의무 불이행","교차로","교차로부근","승용차","중형","자전거","자전거","962085  ","1763297 ",127.08003191,35.86550002