"발생년","발생년월일시","발생분","주야","요일","사망자수","사상자수","중상자수","경상자수","부상신고자수","발생지시도","발생지시군구","사고유형_대분류","사고유형_중분류","사고유형","법규위반_대분류","법규위반","도로형태_대분류","도로형태","당사자종별_1당_대분류","당사자종별_1당","당사자종별_2당_대분류","당사자종별_2당","발생위치X_UTMK","발생위치Y_UTMK","경도","위도"
"2013","2013090702","30","야간","토",1,1,0,0,0,"전남","순천시","차대사람","횡단중","횡단중","운전자법규위반","안전운전 의무 불이행","단일로","기타단일로","승용차","대형","보행자","보행자","1001323 ","1661291 ",127.51452842,34.94679559
"2013","2013090705","01","야간","토",1,1,0,0,0,"전남","보성군","차대사람","차도통행중","차도통행중","운전자법규위반","안전운전 의무 불이행","단일로","기타단일로","화물차","중형","보행자","보행자","982567  ","1649276 ",127.30933211,34.8379669
"2013","2013091421","30","야간","토",1,1,0,0,0,"충북","청주시","차대사람","횡단중","횡단중","운전자법규위반","안전운전 의무 불이행","단일로","기타단일로","승용차","중형","보행자","보행자","998149  ","1849436 ",127.4792931,36.64282356
"2013","2013091520","36","야간","일",1,1,0,0,0,"전북","전주시","차대차","추돌","진행중 추돌","운전자법규위반","안전운전 의무 불이행","교차로","교차로내","승용차","소형","이륜차","소형","967111  ","1759878 ",127.13584263,35.83485607
"2013","2013091603","00","야간","월",1,2,0,1,0,"울산","북구","차량단독","공작물충돌","공작물충돌","운전자법규위반","안전운전 의무 불이행","단일로","기타단일로","이륜차","중형","00","00","1172712 ","1727369 ",129.40488517,35.52724724
"2013","2013091102","45","야간","수",1,1,0,0,0,"경북","포항시","차대사람","기타","기타","운전자법규위반","안전운전 의무 불이행","교차로","교차로내","승용차","중형","보행자","보행자","1168473 ","1785999 ",129.37049951,36.05631897
"2013","2013092722","44","야간","금",1,1,0,0,0,"서울","서초구","차량단독","기타","기타","운전자법규위반","안전운전 의무 불이행","단일로","기타단일로","이륜차","소형","00","00","953438  ","1945413 ",126.97317543,37.50681741
"2013","2013092608","55","주간","목",1,2,0,1,0,"경북","성주군","차대차","정면충돌","정면충돌","운전자법규위반","중앙선 침범","교차로","교차로부근","승용차","중형","승용차","소형","1067362 ","1768703 ",128.24657776,35.91265413
"2013","2013093006","10","주간","월",1,1,0,0,0,"경남","남해군","차량단독","기타","기타","운전자법규위반","안전운전 의무 불이행","기타/불명","기타/불명","화물차","소형","00","00","1032184 ","1641586 ",127.85170551,34.76826198
"2013","2013093010","24","주간","월",1,1,0,0,0,"충남","홍성군","차대사람","기타","기타","운전자법규위반","안전운전 의무 불이행","교차로","교차로부근","화물차","중형","보행자","보행자","925869  ","1845238 ",126.67109639,36.60090776
"2013","2013093006","00","주간","월",1,1,0,0,0,"전북","순창군","차량단독","공작물충돌","공작물충돌","운전자법규위반","안전운전 의무 불이행","단일로","기타단일로","승용차","소형","00","00","964394  ","1718321 ",127.10759633,35.46007239
"2013","2013092805","30","야간","토",1,1,0,0,0,"전북","군산시","차대사람","기타","기타","운전자법규위반","안전운전 의무 불이행","단일로","기타단일로","승용차","중형","보행자","보행자","909501  ","1761649 ",126.4978254,35.84719613
"2013","2013102022","15","야간","일",1,1,0,0,0,"경기","안성시","차량단독","기타","기타","운전자법규위반","안전운전 의무 불이행","단일로","기타단일로","이륜차","중형","00","00","978127  ","1901910 ",127.25379683,37.11560255
"2013","2013101914","11","주간","토",1,1,0,0,0,"경기","용인시","차량단독","기타","기타","운전자법규위반","안전운전 의무 불이행","단일로","기타단일로","이륜차","중형","00","00","971321  ","1915030 ",127.17668572,37.23368266
"2013","2013101822","57","야간","금",1,1,0,0,0,"대전","중구","차대사람","횡단중","횡단중","운전자법규위반","안전운전 의무 불이행","단일로","횡단보도상","승용차","경형","보행자","보행자","990365  ","1814347 ",127.3926519,36.32644238
"2013","2013102013","45","주간","일",1,1,0,0,0,"충북","옥천군","차량단독","전도전복","전도전복","운전자법규위반","안전운전 의무 불이행","단일로","기타단일로","이륜차","소형","00","00","1005327 ","1810830 ",127.55932664,36.29476844
"2013","2013091612","00","주간","월",1,1,0,0,0,"경기","성남시","차대차","기타","기타","운전자법규위반","안전운전 의무 불이행","교차로","교차로부근","화물차","대형","이륜차","중형","968282  ","1940453 ",127.14063769,37.46331271
"2013","2013092210","50","주간","일",1,2,0,1,0,"경기","안산시","차대차","추돌","진행중 추돌","운전자법규위반","신호위반","교차로","교차로내","이륜차","중형","승용차","중형","931677  ","1923921 ",126.72896626,37.31175569
"2013","2013092106","32","주간","토",1,1,0,0,0,"경북","경산시","차대사람","횡단중","횡단중","운전자법규위반","안전운전 의무 불이행","단일로","횡단보도상","승용차","대형","보행자","보행자","1119776 ","1769587 ",128.82750956,35.91560605
"2013","2013092314","58","주간","월",1,7,5,1,0,"제주","제주시","차대차","측면직각충돌","측면직각충돌","운전자법규위반","중앙선 침범","단일로","기타단일로","승용차","소형","승용차","소형","902372  ","1500785 ",126.44903118,33.4944677
"2013","2013060421","20","야간","화",1,4,3,0,0,"경남","양산시","차대차","측면직각충돌","측면직각충돌","운전자법규위반","안전운전 의무 불이행","교차로","교차로내","승용차","중형","승용차","중형","1150959 ","1712678 ",129.16233535,35.39838851
"2013","2013070312","20","주간","수",1,1,0,0,0,"경북","고령군","차량단독","공작물충돌","공작물충돌","운전자법규위반","안전운전 의무 불이행","단일로","기타단일로","승용차","소형","00","00","1074666 ","1746258 ",128.32542448,35.70977542
"2013","2013071401","54","야간","일",1,1,0,0,0,"전북","김제시","차대사람","횡단중","횡단중","운전자법규위반","안전운전 의무 불이행","단일로","기타단일로","승용차","대형","보행자","보행자","947071  ","1756987 ",126.91389692,35.80787532
"2013","2013052908","45","주간","수",1,1,0,0,0,"서울","강남구","차대차","추돌","진행중 추돌","운전자법규위반","교차로 통행방법 위반","교차로","교차로부근","승용차","중형","이륜차","중형","960294  ","1941464 ",127.05095822,37.47154396
"2013","2013062207","30","주간","토",1,1,0,0,0,"전북","김제시","차대사람","기타","기타","운전자법규위반","안전운전 의무 불이행","단일로","기타단일로","승용차","소형","보행자","보행자","945707  ","1754899 ",126.89919843,35.78901503
"2012","2012092714","50","주간","목",1,1,0,0,0,"서울","마포구","차대차","추돌","주정차중 추돌","운전자법규위반","신호위반","단일로","교량위","건설기계","건설기계","화물차","중형","943402  ","1952155 ",126.85910943,37.56702237
"2012","2012081721","35","야간","금",1,6,3,2,0,"전북","군산시","차대차","추돌","진행중 추돌","운전자법규위반","안전운전 의무 불이행","단일로","기타단일로","승용차","소형","화물차","소형","934714  ","1771869 ",126.77616892,35.94133753
"2012","2012022719","10","야간","월",1,3,2,0,0,"전북","익산시","차대차","측면직각충돌","측면직각충돌","운전자법규위반","중앙선 침범","단일로","기타단일로","농기계","농기계","승용차","소형","961115  ","1777862 ",127.06857507,35.996777
"2012","2012061403","05","야간","목",1,3,2,0,0,"서울","광진구","차대사람","횡단중","횡단중","운전자법규위반","과속","교차로","교차로내","승용차","중형","보행자","보행자","962801  ","1952140 ",127.07876898,37.56787528
"2013","2013070811","33","주간","월",1,5,3,1,0,"경기","가평군","차량단독","도로이탈","도로이탈 추락","운전자법규위반","안전운전 의무 불이행","단일로","기타단일로","승용차","중형","00","00","1002898 ","1964968 ",127.53286741,37.68424701
"2013","2013072004","45","야간","토",1,2,0,0,1,"서울","서초구","차대사람","보도통행중","보도통행중","운전자법규위반","과속","단일로","기타단일로","이륜차","소형","보행자","보행자","957645  ","1943096 ",127.02090726,37.48613616
"2013","2013072921","50","야간","월",1,1,0,0,0,"경북","구미시","차대사람","기타","기타","운전자법규위반","보행자 보호의무 위반","단일로","횡단보도상","승용차","중형","보행자","보행자","1076353 ","1791794 ",128.34844476,36.12015703
"2013","2013083007","00","주간","금",1,1,0,0,0,"부산","수영구","차대차","추돌","주정차중 추돌","운전자법규위반","안전운전 의무 불이행","단일로","기타단일로","승용차","대형","화물차","대형","1145753 ","1685472 ",129.10019633,35.15394267
"2013","2013082919","20","야간","목",1,1,0,0,0,"충북","옥천군","차대사람","차도통행중","차도통행중","운전자법규위반","안전운전 의무 불이행","단일로","기타단일로","화물차","소형","보행자","보행자","1011612 ","1800512 ",127.6291692,36.20169081
"2013","2013061611","50","주간","일",1,2,1,0,0,"경남","김해시","차대차","기타","기타","운전자법규위반","안전운전 의무 불이행","단일로","기타단일로","승합차","소형","승용차","경형","1125253 ","1695567 ",128.87672802,35.24770774
"2013","2013071921","03","야간","금",1,1,0,0,0,"대구","북구","차대차","측면직각충돌","측면직각충돌","운전자법규위반","안전운전 의무 불이행","단일로","기타단일로","이륜차","중형","이륜차","중형","1099095 ","1771235 ",128.59854373,35.93277712
"2013","2013071412","35","주간","일",2,2,0,0,0,"경기","화성시","차량단독","기타","기타","운전자법규위반","안전운전 의무 불이행","단일로","기타단일로","승용차","중형","00","00","963549  ","1907153 ",127.08945417,37.1624086
"2014","2014102712","11","주간","월",1,1,0,0,0,"광주","북구","차대사람","보도통행중","보도통행중","운전자법규위반","기타(운전자법규위반)","단일로","기타단일로","화물차","소형","보행자","보행자","942818  ","1689329 ",126.87184928,35.1976616
"2014","2014110123","10","야간","토",1,2,1,0,0,"광주","북구","차량단독","공작물충돌","공작물충돌","운전자법규위반","안전운전 의무 불이행","단일로","기타단일로","승용차","소형","00","00","950050  ","1685295 ",126.95153453,35.16167402
"2013","2013012305","00","야간","수",1,13,5,7,0,"경남","통영시","차량단독","공작물충돌","공작물충돌","운전자법규위반","안전운전 의무 불이행","단일로","기타단일로","승합차","중형","00","00","1083799 ","1643713 ",128.41592002,34.78450476
"2013","2013010421","25","야간","금",1,1,0,0,0,"경북","성주군","차대사람","차도통행중","차도통행중","운전자법규위반","안전운전 의무 불이행","단일로","기타단일로","승합차","소형","보행자","보행자","1051689 ","1769255 ",128.07291767,35.91858512
"2013","2013010320","25","야간","목",1,1,0,0,0,"경기","군포시","차대차","측면직각충돌","측면직각충돌","운전자법규위반","기타(운전자법규위반)","교차로","교차로부근","특수차","중형","화물차","대형","949905  ","1925822 ",126.93038411,37.33011178
"2013","2013043010","55","주간","화",1,2,0,1,0,"강원","삼척시","차량단독","도로이탈","도로이탈 추락","운전자법규위반","안전운전 의무 불이행","단일로","기타단일로","승용차","소형","00","00","1162648 ","1909111 ",129.33191697,37.16660676
"2013","2013043022","43","야간","화",1,1,0,0,0,"서울","마포구","차대사람","횡단중","횡단중","운전자법규위반","안전운전 의무 불이행","단일로","기타단일로","승용차","중형","보행자","보행자","946991  ","1952025 ",126.89975696,37.56606429
"2013","2013051100","10","야간","토",1,2,0,1,0,"전남","해남군","차량단독","공작물충돌","공작물충돌","운전자법규위반","안전운전 의무 불이행","단일로","기타단일로","승용차","경형","00","00","890614  ","1639520 ",126.32774992,34.67085366
"2013","2013051710","00","주간","금",1,1,0,0,0,"충남","당진시","차량단독","전도전복","전도전복","운전자법규위반","안전운전 의무 불이행","교차로","교차로내","이륜차","소형","00","00","934243  ","1882865 ",126.76152596,36.9418833
"2013","2013031820","25","야간","월",1,1,0,0,0,"경기","양평군","차대사람","횡단중","횡단중","운전자법규위반","안전운전 의무 불이행","단일로","기타단일로","승용차","대형","보행자","보행자","999039  ","1944211 ",127.48993508,37.49735585
"2013","2013041110","20","주간","목",1,2,1,0,0,"전남","무안군","차대차","측면직각충돌","측면직각충돌","운전자법규위반","신호위반","교차로","교차로내","화물차","소형","승용차","소형","904897  ","1646141 ",126.46026982,34.80540397
"2013","2013040716","25","주간","일",1,1,0,0,0,"전북","김제시","차량단독","도로이탈","도로이탈 기타","운전자법규위반","안전운전 의무 불이행","단일로","기타단일로","특수차","소형","00","00","940628  ","1763264 ",126.84237596,35.86413667
"2013","2013072403","20","야간","수",1,1,0,0,0,"경기","평택시","차대차","기타","기타","운전자법규위반","안전운전 의무 불이행","단일로","기타단일로","화물차","대형","화물차","대형","964304  ","1889260 ",127.09668044,37.00136303
"2013","2013080421","30","야간","일",2,3,1,0,0,"전남","광양시","차대차","측면직각충돌","측면직각충돌","운전자법규위반","중앙선 침범","단일로","기타단일로","승용차","대형","화물차","소형","1008860 ","1665719 ",127.597078,34.98635345
"2013","2013081020","55","야간","토",1,5,2,2,0,"강원","원주시","차대차","측면직각충돌","측면직각충돌","운전자법규위반","신호위반","교차로","교차로내","승용차","경형","승합차","대형","1040985 ","1935725 ",127.96299532,37.41968673
"2013","2013092315","55","주간","월",1,1,0,0,0,"울산","중구","차대사람","횡단중","횡단중","운전자법규위반","보행자 보호의무 위반","단일로","횡단보도상","건설기계","건설기계","보행자","보행자","1166372 ","1731351 ",129.33581034,35.56421693
"2013","2013100222","30","야간","수",1,1,0,0,0,"충남","홍성군","차대사람","횡단중","횡단중","운전자법규위반","안전운전 의무 불이행","단일로","기타단일로","승용차","경형","보행자","보행자","922213  ","1837966 ",126.63101232,36.53625667
"2013","2013100209","11","주간","수",1,1,0,0,0,"충남","태안군","차대사람","횡단중","횡단중","운전자법규위반","보행자 보호의무 위반","단일로","기타단일로","화물차","중형","보행자","보행자","892094  ","1862555 ",126.29114094,36.75495047
"2013","2013101702","10","야간","목",1,1,0,0,0,"서울","중구","차대사람","횡단중","횡단중","운전자법규위반","안전운전 의무 불이행","단일로","기타단일로","승용차","중형","보행자","보행자","956383  ","1951225 ",127.00615008,37.5593465
"2013","2013100122","17","야간","화",1,1,0,0,0,"강원","속초시","차대차","추돌","진행중 추돌","운전자법규위반","안전운전 의무 불이행","단일로","기타단일로","승용차","대형","자전거","자전거","1095127 ","2021344 ",128.58559157,38.18735217
"2013","2013060317","58","주간","월",1,1,0,0,0,"충북","보은군","차량단독","전도전복","전도전복","운전자법규위반","안전운전 의무 불이행","단일로","기타단일로","농기계","농기계","00","00","1029308 ","1825849 ",127.82691006,36.42971983
"2013","2013060414","33","주간","화",1,2,0,1,0,"서울","강서구","차대사람","기타","기타","운전자법규위반","안전거리 미확보","단일로","기타단일로","화물차","소형","보행자","보행자","941606  ","1953258 ",126.83868564,37.57685151
"2013","2013063013","50","주간","일",1,1,0,0,0,"경북","칠곡군","차대사람","기타","기타","운전자법규위반","안전운전 의무 불이행","단일로","기타단일로","승용차","중형","보행자","보행자","1084348 ","1781779 ",128.43620537,36.02921347
"2012","2012041222","10","야간","목",1,1,0,0,0,"전북","김제시","차대사람","기타","기타","운전자법규위반","안전운전 의무 불이행","단일로","기타단일로","승용차","중형","보행자","보행자","950549  ","1763513 ",127.00580853,35.87082561
"2012","2012112420","00","야간","토",1,1,0,0,0,"전북","김제시","차량단독","전도전복","전도전복","운전자법규위반","안전운전 의무 불이행","교차로","교차로내","농기계","농기계","00","00","949887  ","1762073 ",126.94500186,35.85391651
"2014","2014102905","55","야간","수",1,1,0,0,0,"전북","익산시","차대사람","횡단중","횡단중","운전자법규위반","과속","단일로","기타단일로","화물차","소형","보행자","보행자","952738  ","1772827 ",126.97593647,35.95101318
"2014","2014041521","20","야간","화",1,2,1,0,0,"경남","거제시","차대차","측면직각충돌","측면직각충돌","운전자법규위반","신호위반","교차로","교차로내","승합차","대형","승용차","중형","1106486 ","1658053 ",128.65504953,34.95525413
"2012","2012022414","45","주간","금",1,1,0,0,0,"제주","제주시","차대사람","기타","기타","운전자법규위반","안전운전 의무 불이행","단일로","기타단일로","승합차","소형","보행자","보행자","939337  ","1503699 ",126.84673382,33.52348533
"2013","2013012921","15","야간","화",1,1,0,0,0,"경기","평택시","차량단독","공작물충돌","공작물충돌","운전자법규위반","안전운전 의무 불이행","단일로","기타단일로","승용차","중형","00","00","948264  ","1890298 ",126.91846872,37.00975905
"2013","2013063008","57","주간","일",1,1,0,0,0,"부산","강서구","차대차","기타","기타","운전자법규위반","안전운전 의무 불이행","단일로","기타단일로","원동기장치자전거","원동기장치자전거","승용차","중형","1132040 ","1685340 ",128.94966772,35.15464752
"2013","2013042806","20","주간","일",1,2,0,1,0,"대전","동구","차대차","측면직각충돌","측면직각충돌","운전자법규위반","신호위반","교차로","교차로내","이륜차","소형","승합차","소형","993957  ","1814864 ",127.43266803,36.3311326
"2014","2014072202","40","야간","화",1,1,0,0,0,"부산","동래구","차대사람","횡단중","횡단중","운전자법규위반","안전운전 의무 불이행","단일로","기타단일로","승용차","중형","보행자","보행자","1142985 ","1691365 ",129.0708391,35.20745836
"2014","2014072121","00","야간","월",1,1,0,0,0,"경남","함안군","차대사람","기타","기타","운전자법규위반","안전운전 의무 불이행","단일로","기타단일로","승용차","대형","보행자","보행자","1088922 ","1697137 ",128.47762534,35.26574648
"2014","2014041019","52","야간","목",1,2,1,0,0,"충북","옥천군","차대차","측면직각충돌","측면직각충돌","운전자법규위반","안전운전 의무 불이행","교차로","교차로내","화물차","대형","화물차","대형","1006186 ","1810395 ",127.56888984,36.29084157
"2014","2014040617","35","주간","일",1,1,0,0,0,"충남","서산시","차대차","측면직각충돌","측면직각충돌","운전자법규위반","안전운전 의무 불이행","교차로","교차로내","승합차","대형","자전거","자전거","922256  ","1865752 ",126.62867416,36.78672046
"2014","2014040816","45","주간","화",1,1,0,0,0,"전북","전주시","차대사람","차도통행중","차도통행중","운전자법규위반","안전운전 의무 불이행","단일로","기타단일로","승용차","중형","보행자","보행자","969301  ","1759116 ",127.1601199,35.82805687
"2014","2014011407","12","주간","화",1,1,0,0,0,"충남","서산시","차대사람","횡단중","횡단중","운전자법규위반","안전운전 의무 불이행","교차로","교차로부근","승용차","대형","보행자","보행자","907440  ","1864741 ",126.46276747,36.7762759
"2014","2014072115","20","주간","월",1,1,0,0,0,"대구","동구","차대차","측면직각충돌","측면직각충돌","운전자법규위반","신호위반","교차로","교차로내","원동기장치자전거","원동기장치자전거","화물차","소형","1111958 ","1764706 ",128.74019295,35.87253547
"2014","2014041115","25","주간","금",1,1,0,0,0,"경남","창원시(통합)","차대차","측면직각충돌","측면직각충돌","운전자법규위반","안전거리 미확보","단일로","기타단일로","화물차","소형","이륜차","소형","1094521 ","1683976 ",128.551046,35.15611103
"2014","2014110610","50","주간","목",1,1,0,0,0,"경기","성남시","차대사람","기타","기타","운전자법규위반","안전운전 의무 불이행","단일로","횡단보도상","화물차","중형","보행자","보행자","966380  ","1938430 ",127.11992273,37.44443841
"2014","2014012803","20","야간","화",1,1,0,0,0,"서울","동대문구","차대사람","차도통행중","차도통행중","운전자법규위반","안전운전 의무 불이행","단일로","기타단일로","승용차","중형","보행자","보행자","961336  ","1954593 ",127.06205068,37.58992451
"2014","2014072017","40","주간","일",1,1,0,0,0,"충북","청주시","차대사람","기타","기타","운전자법규위반","안전운전 의무 불이행","교차로","교차로내","승용차","경형","보행자","보행자","1000499 ","1848756 ",127.50558181,36.63669504
"2014","2014042419","30","야간","목",1,1,0,0,0,"경기","수원시","차대사람","기타","기타","운전자법규위반","안전운전 의무 불이행","교차로","교차로부근","승합차","대형","보행자","보행자","959744  ","1915590 ",127.04614471,37.23830217
"2014","2014111318","00","야간","목",1,1,0,0,0,"인천","동구","차대차","측면직각충돌","측면직각충돌","운전자법규위반","안전운전 의무 불이행","교차로","교차로부근","화물차","대형","자전거","자전거","925669  ","1943289 ",126.65922363,37.48585543
"2014","2014110904","55","야간","일",1,2,1,0,0,"부산","진구","차대사람","횡단중","횡단중","운전자법규위반","안전운전 의무 불이행","단일로","기타단일로","승용차","중형","보행자","보행자","1138903 ","1685303 ",129.02498725,35.15338913
"2014","2014022417","30","주간","월",1,1,0,0,0,"충남","천안시","차대사람","횡단중","횡단중","운전자법규위반","안전운전 의무 불이행","단일로","기타단일로","승용차","대형","보행자","보행자","965790  ","1868783 ",127.11643458,36.81661688
"2014","2014071810","35","주간","금",1,2,1,0,0,"경기","화성시","차대차","측면직각충돌","측면직각충돌","운전자법규위반","안전운전 의무 불이행","단일로","기타단일로","화물차","중형","승용차","중형","939989  ","1903980 ",126.82436704,37.13259224
"2014","2014121918","30","야간","금",1,2,0,1,0,"경남","김해시","차대차","추돌","주정차중 추돌","운전자법규위반","안전운전 의무 불이행","단일로","기타단일로","특수차","대형","화물차","중형","1110219 ","1698826 ",128.71195325,35.27885466
"2014","2014063011","10","주간","월",1,1,0,0,0,"경남","합천군","차대사람","차도통행중","차도통행중","운전자법규위반","안전운전 의무 불이행","단일로","기타단일로","승합차","소형","보행자","보행자","1055515 ","1727709 ",128.1124482,35.54380364
"2014","2014091413","50","주간","일",1,1,0,0,0,"충북","청주시","차대차","추돌","진행중 추돌","운전자법규위반","안전운전 의무 불이행","단일로","기타단일로","화물차","소형","자전거","자전거","1010112 ","1847298 ",127.61309336,36.62349765
"2014","2014033107","30","주간","월",1,1,0,0,0,"경북","칠곡군","차량단독","전도전복","전도전복","운전자법규위반","안전운전 의무 불이행","단일로","기타단일로","화물차","대형","00","00","1083372 ","1776434 ",128.42481081,35.98111367
"2013","2013072721","33","야간","토",1,1,0,0,0,"전남","무안군","차대사람","횡단중","횡단중","운전자법규위반","기타(운전자법규위반)","단일로","기타단일로","승용차","중형","보행자","보행자","902131  ","1650019 ",126.42958236,34.84010641
"2013","2013072716","55","주간","토",1,1,0,0,0,"경기","평택시","차대차","측면직각충돌","측면직각충돌","운전자법규위반","신호위반","교차로","교차로내","원동기장치자전거","원동기장치자전거","승용차","중형","961624  ","1885145 ",127.06889758,36.9639497
"2013","2013072509","54","주간","목",1,1,0,0,0,"부산","강서구","차대사람","횡단중","횡단중","운전자법규위반","안전운전 의무 불이행","단일로","횡단보도상","화물차","대형","보행자","보행자","1132097 ","1684079 ",128.95009164,35.14327297
"2013","2013072516","00","주간","목",1,1,0,0,0,"부산","남구","차대차","측면직각충돌","측면직각충돌","운전자법규위반","차로위반(진로변경 위반)","교차로","교차로부근","원동기장치자전거","원동기장치자전거","승용차","소형","1143657 ","1683265 ",129.07680871,35.13435092
"2013","2013080417","10","주간","일",1,1,0,0,0,"충북","제천시","차대차","기타","기타","운전자법규위반","중앙선 침범","단일로","기타단일로","이륜차","대형","승용차","중형","1059559 ","1894780 ",128.1698142,37.04969535
"2013","2013080507","18","주간","월",1,1,0,0,0,"전남","여수시","차대사람","기타","기타","운전자법규위반","안전운전 의무 불이행","단일로","기타단일로","승용차","대형","보행자","보행자","1019145 ","1641745 ",127.70904552,34.76951121
"2013","2013073107","40","주간","수",1,1,0,0,0,"강원","원주시","차대사람","횡단중","횡단중","운전자법규위반","과속","교차로","교차로내","화물차","소형","보행자","보행자","1039541 ","1928525 ",127.94651807,37.35493032
"2013","2013073122","30","야간","수",1,1,0,0,0,"경기","부천시","차량단독","기타","기타","운전자법규위반","안전운전 의무 불이행","단일로","기타단일로","승합차","대형","00","00","937537  ","1944813 ",126.79332588,37.50047026
"2013","2013073109","20","주간","수",1,1,0,0,0,"전남","순천시","차량단독","기타","기타","운전자법규위반","안전운전 의무 불이행","교차로","교차로부근","원동기장치자전거","원동기장치자전거","00","00","999736  ","1666330 ",127.49746441,34.99169721
"2013","2013080215","10","주간","금",1,5,2,2,0,"충북","옥천군","차량단독","기타","기타","운전자법규위반","안전운전 의무 불이행","단일로","기타단일로","승용차","중형","00","00","1011702 ","1800500 ",127.63017016,36.20158153
"2013","2013073112","10","주간","수",1,1,0,0,0,"광주","동구","차대사람","기타","기타","운전자법규위반","안전운전 의무 불이행","단일로","기타단일로","화물차","경형","보행자","보행자","948325  ","1684565 ",126.93264005,35.15500456
"2012","2012062810","09","주간","목",1,1,0,0,0,"대전","서구","차대차","측면직각충돌","측면직각충돌","운전자법규위반","신호위반","교차로","교차로내","승용차","경형","원동기장치자전거","원동기장치자전거","989481  ","1817107 ",127.38276557,36.35131567
"2012","2012062415","55","주간","일",1,3,1,1,0,"경북","포항시","차량단독","공작물충돌","공작물충돌","운전자법규위반","안전운전 의무 불이행","단일로","기타단일로","승용차","중형","00","00","1144263 ","1793824 ",129.10323853,36.13073243
"2012","2012062519","05","야간","월",1,3,2,0,0,"대전","중구","차대차","기타","기타","운전자법규위반","중앙선 침범","단일로","기타단일로","승용차","중형","승용차","대형","993326  ","1813311 ",127.42565064,36.31712744
"2012","2012063000","45","야간","토",1,1,0,0,0,"전북","임실군","차량단독","전도전복","전도전복","운전자법규위반","안전운전 의무 불이행","단일로","기타단일로","화물차","소형","00","00","979875  ","1742843 ",127.27759624,35.68160956
"2012","2012070517","10","주간","목",1,1,0,0,0,"충남","보령시","차량단독","공작물충돌","공작물충돌","운전자법규위반","안전운전 의무 불이행","단일로","기타단일로","승용차","중형","00","00","916912  ","1823588 ",126.57334377,36.4062065
"2012","2012070417","20","주간","수",1,1,0,0,0,"경남","남해군","차대사람","기타","기타","운전자법규위반","안전운전 의무 불이행","단일로","기타단일로","화물차","소형","보행자","보행자","1034320 ","1654398 ",127.87473421,34.88252785
"2012","2012070316","40","주간","화",1,1,0,0,0,"전남","여수시","차대사람","횡단중","횡단중","운전자법규위반","보행자 보호의무 위반","단일로","횡단보도상","승용차","대형","보행자","보행자","1015599 ","1640444 ",127.67044519,34.75835234
"2012","2012070310","25","주간","화",1,1,0,0,0,"충남","보령시","차대차","측면직각충돌","측면직각충돌","운전자법규위반","중앙선 침범","교차로","교차로부근","화물차","대형","자전거","자전거","917217  ","1825551 ",126.57653549,36.42392761
"2012","2012070710","45","주간","토",1,8,0,7,0,"전남","여수시","차대차","측면직각충돌","측면직각충돌","운전자법규위반","안전운전 의무 불이행","단일로","기타단일로","승용차","중형","승합차","대형","1010254 ","1647569 ",127.60179104,34.81020003
"2012","2012070701","50","야간","토",1,4,1,2,0,"경기","안산시","차대차","추돌","진행중 추돌","운전자법규위반","신호위반","교차로","교차로내","승용차","중형","승용차","중형","939349  ","1924335 ",126.81550592,37.31601962
"2012","2012070620","35","야간","금",1,1,0,0,0,"경남","창원시(통합)","차대사람","횡단중","횡단중","운전자법규위반","신호위반","단일로","횡단보도상","원동기장치자전거","원동기장치자전거","보행자","보행자","1091402 ","1693699 ",128.5045048,35.23452722
"2012","2012070707","30","주간","토",1,1,0,0,0,"서울","중구","차대사람","차도통행중","차도통행중","운전자법규위반","안전운전 의무 불이행","교차로","교차로내","승용차","중형","보행자","보행자","954737  ","1951826 ",126.98747695,37.56468402
"2012","2012070703","22","야간","토",1,1,0,0,0,"경북","구미시","차대차","기타","기타","운전자법규위반","중앙선 침범","단일로","기타단일로","이륜차","소형","승합차","소형","1082244 ","1793746 ",128.41410315,36.13727205
"2012","2012071720","30","야간","화",1,1,0,0,0,"충북","음성군","차대사람","기타","기타","운전자법규위반","안전운전 의무 불이행","교차로","교차로부근","승용차","소형","보행자","보행자","1001383 ","1886079 ",127.51467291,36.97297963
"2012","2012071721","10","야간","화",1,1,0,0,0,"충북","충주시","차대사람","기타","기타","운전자법규위반","안전운전 의무 불이행","단일로","기타단일로","화물차","중형","보행자","보행자","1038058 ","1886140 ",127.92827682,36.97291123
"2012","2012071417","14","주간","토",1,12,7,4,0,"대구","동구","차대차","추돌","진행중 추돌","운전자법규위반","중앙선 침범","단일로","기타단일로","승용차","대형","승용차","중형","1102289 ","1773487 ",128.63584311,35.9496315
"2012","2012072208","10","주간","일",1,1,0,0,0,"전북","전주시","차량단독","공작물충돌","공작물충돌","운전자법규위반","안전운전 의무 불이행","교차로","교차로내","승용차","중형","00","00","961443  ","1756959 ",127.07322709,35.80833194
"2012","2012071808","50","주간","수",1,1,0,0,0,"광주","남구","차대사람","횡단중","횡단중","운전자법규위반","안전운전 의무 불이행","단일로","기타단일로","건설기계","건설기계","보행자","보행자","945202  ","1680936 ",126.89862642,35.12155671
"2012","2012072417","55","주간","화",1,1,0,0,0,"인천","남동구","차량단독","기타","기타","운전자법규위반","안전운전 의무 불이행","단일로","기타단일로","이륜차","소형","00","00","931312  ","1934838 ",126.71044394,37.4091162