"발생년","발생년월일시","발생분","주야","요일","사망자수","사상자수","중상자수","경상자수","부상신고자수","발생지시도","발생지시군구","사고유형_대분류","사고유형_중분류","사고유형","법규위반_대분류","법규위반","도로형태_대분류","도로형태","당사자종별_1당_대분류","당사자종별_1당","당사자종별_2당_대분류","당사자종별_2당","발생위치X_UTMK","발생위치Y_UTMK","경도","위도"
"2012","2012072518","15","야간","수",1,1,0,0,0,"경북","구미시","차량단독","공작물충돌","공작물충돌","운전자법규위반","안전운전 의무 불이행","단일로","기타단일로","이륜차","소형","00","00","1076257 ","1790510 ",128.34725375,36.1085896
"2012","2012072216","58","주간","일",1,1,0,0,0,"경북","성주군","차대차","추돌","주정차중 추돌","운전자법규위반","안전운전 의무 불이행","단일로","기타단일로","승용차","소형","원동기장치자전거","원동기장치자전거","1072335 ","1769440 ",128.30175624,35.91894301
"2012","2012072902","50","야간","일",1,1,0,0,0,"경남","거제시","차량단독","공작물충돌","공작물충돌","운전자법규위반","안전운전 의무 불이행","단일로","기타단일로","승합차","소형","00","00","1109106 ","1654304 ",128.6938552,34.87759514
"2012","2012072920","30","야간","일",1,1,0,0,0,"경기","김포시","차대사람","차도통행중","차도통행중","운전자법규위반","안전운전 의무 불이행","단일로","기타단일로","화물차","소형","보행자","보행자","930793  ","1956118 ",126.71979007,37.60139888
"2012","2012072807","10","주간","토",1,2,0,0,1,"울산","북구","차량단독","도로이탈","도로이탈 추락","운전자법규위반","기타(운전자법규위반)","단일로","기타단일로","승용차","중형","00","00","1170899 ","1742260 ",129.38804854,35.66175385
"2012","2012072912","03","주간","일",1,1,0,0,0,"전남","장성군","차량단독","기타","기타","운전자법규위반","안전운전 의무 불이행","교차로","교차로내","승용차","중형","00","00","921591  ","1693472 ",126.63829389,35.23358133
"2012","2012072908","37","주간","일",1,1,0,0,0,"충북","충주시","차대차","측면직각충돌","측면직각충돌","운전자법규위반","안전운전 의무 불이행","교차로","교차로내","승용차","중형","이륜차","소형","1038056 ","1893930 ",127.92795138,37.0431522
"2012","2012080201","57","야간","목",1,1,0,0,0,"제주","제주시","차대사람","횡단중","횡단중","운전자법규위반","안전운전 의무 불이행","교차로","교차로내","승용차","중형","보행자","보행자","910844  ","1499943 ",126.54030464,33.48761414
"2012","2012080208","50","주간","목",1,1,0,0,0,"경기","안양시","차량단독","공작물충돌","공작물충돌","운전자법규위반","안전운전 의무 불이행","고가도로위","고가도로위","원동기장치자전거","원동기장치자전거","00","00","948549  ","1935244 ",126.91857159,37.4149019
"2013","2013031208","00","주간","화",1,1,0,0,0,"전남","보성군","차대차","측면직각충돌","측면직각충돌","운전자법규위반","안전운전 의무 불이행","교차로","교차로내","이륜차","소형","승합차","중형","965652  ","1635221 ",127.12503673,34.71092979
"2013","2013031106","15","주간","월",1,1,0,0,0,"제주","제주시","차대사람","횡단중","횡단중","운전자법규위반","보행자 보호의무 위반","단일로","횡단보도상","승용차","소형","보행자","보행자","891740  ","1497346 ",126.33501216,33.46243194
"2013","2013032013","10","주간","수",1,1,0,0,0,"인천","동구","차대차","측면직각충돌","측면직각충돌","운전자법규위반","직진 및 우회전차의 통행방해","교차로","교차로내","화물차","경형","이륜차","중형","925431  ","1943277 ",126.65653304,37.48572809
"2013","2013032415","24","주간","일",1,1,0,0,0,"충남","공주시","차량단독","공작물충돌","공작물충돌","운전자법규위반","안전운전 의무 불이행","단일로","기타단일로","승용차","소형","00","00","962187  ","1820825 ",127.08079552,36.38813256
"2013","2013032508","03","주간","월",1,2,1,0,0,"충남","아산시","차대차","측면직각충돌","측면직각충돌","운전자법규위반","신호위반","교차로","교차로내","이륜차","중형","승용차","중형","948483  ","1876055 ",126.92190113,36.88138394
"2013","2013032511","40","주간","월",1,1,0,0,0,"서울","금천구","차대사람","횡단중","횡단중","운전자법규위반","안전운전 의무 불이행","단일로","기타단일로","승용차","대형","보행자","보행자","945571  ","1940729 ",126.88451528,37.46416923
"2013","2013032611","25","주간","화",1,1,0,0,0,"경북","김천시","차대사람","기타","기타","운전자법규위반","안전운전 의무 불이행","교차로","교차로부근","승합차","대형","보행자","보행자","1043107 ","1786142 ",127.9787177,36.07124838
"2013","2013032619","35","야간","화",1,3,2,0,0,"제주","제주시","차대차","추돌","진행중 추돌","운전자법규위반","안전운전 의무 불이행","단일로","기타단일로","화물차","소형","농기계","농기계","877360  ","1483804 ",126.18214735,33.33876774
"2013","2013032205","20","야간","금",2,2,0,0,0,"인천","남구","차대차","기타","기타","운전자법규위반","안전운전 의무 불이행","단일로","기타단일로","화물차","경형","승용차","소형","928326  ","1939621 ",126.68963179,37.45300649
"2013","2013032820","50","야간","목",1,1,0,0,0,"전북","전주시","차량단독","공작물충돌","공작물충돌","운전자법규위반","안전운전 의무 불이행","교차로","교차로부근","이륜차","중형","00","00","967628  ","1762075 ",127.12909058,35.82966016
"2013","2013032903","16","야간","금",1,1,0,0,0,"전북","전주시","차대사람","횡단중","횡단중","운전자법규위반","안전운전 의무 불이행","단일로","기타단일로","승용차","중형","보행자","보행자","967213  ","1760670 ",127.13693945,35.84200016
"2013","2013032708","50","주간","수",1,1,0,0,0,"부산","사상구","차대차","추돌","주정차중 추돌","운전자법규위반","안전거리 미확보","단일로","기타단일로","자전거","자전거","자전거","자전거","1134320 ","1688707 ",128.97524073,35.18469624
"2013","2013040606","36","주간","토",1,1,0,0,0,"충남","천안시","차대차","기타","기타","운전자법규위반","안전운전 의무 불이행","단일로","기타단일로","승용차","소형","승용차","소형","966890  ","1865395 ",127.12891501,36.78611475
"2013","2013040509","30","주간","금",1,1,0,0,0,"경기","성남시","차대사람","기타","기타","운전자법규위반","안전운전 의무 불이행","단일로","기타단일로","화물차","소형","보행자","보행자","969299  ","1939481 ",127.15287795,37.4540132
"2013","2013040220","55","야간","화",1,1,0,0,0,"경남","합천군","차량단독","도로이탈","도로이탈 기타","운전자법규위반","안전운전 의무 불이행","단일로","기타단일로","이륜차","소형","00","00","1053581 ","1748959 ",128.09257046,35.73556307
"2013","2013090310","35","주간","화",1,1,0,0,0,"충북","음성군","차대사람","기타","기타","운전자법규위반","안전운전 의무 불이행","교차로","교차로내","화물차","중형","보행자","보행자","1016915 ","1882067 ",127.68995019,36.93683375
"2013","2013092415","20","주간","화",1,2,1,0,0,"전북","장수군","차대차","추돌","진행중 추돌","운전자법규위반","안전운전 의무 불이행","기타/불명","기타/불명","화물차","대형","농기계","농기계","1001637 ","1742670 ",127.51809039,35.68025377
"2013","2013061301","15","야간","목",1,1,0,0,0,"경북","군위군","차대사람","차도통행중","차도통행중","운전자법규위반","안전운전 의무 불이행","단일로","기타단일로","승용차","소형","보행자","보행자","1095664 ","1801481 ",128.56418095,36.20576521
"2013","2013061708","00","주간","월",1,1,0,0,0,"경기","광주시","차량단독","기타","기타","운전자법규위반","안전운전 의무 불이행","단일로","기타단일로","이륜차","중형","00","00","978771  ","1933802 ",127.26013581,37.40309045
"2013","2013062317","10","주간","일",2,4,1,1,0,"경기","안성시","차대차","정면충돌","정면충돌","운전자법규위반","중앙선 침범","단일로","기타단일로","승용차","중형","화물차","소형","994690  ","1891531 ",127.44101188,37.02226581
"2013","2013070202","05","야간","화",1,1,0,0,0,"충남","논산시","차대사람","차도통행중","차도통행중","운전자법규위반","과속","교차로","교차로내","승용차","중형","보행자","보행자","967353  ","1801907 ",127.1367871,36.21378613
"2013","2013061821","50","야간","화",2,2,0,0,0,"인천","서구","차량단독","공작물충돌","공작물충돌","운전자법규위반","안전운전 의무 불이행","단일로","기타단일로","승용차","중형","00","00","929815  ","1955028 ",126.70499325,37.59198038
"2013","2013011914","01","주간","토",1,1,0,0,0,"제주","제주시","차대사람","횡단중","횡단중","운전자법규위반","안전운전 의무 불이행","단일로","기타단일로","승용차","소형","보행자","보행자","881536  ","1489226 ",126.22629931,33.38812927
"2013","2013021904","48","야간","화",1,1,0,0,0,"인천","남동구","차대사람","횡단중","횡단중","운전자법규위반","안전운전 의무 불이행","단일로","기타단일로","승합차","소형","보행자","보행자","929859  ","1938692 ",126.70693476,37.4440022
"2013","2013021517","25","주간","금",1,3,2,0,0,"경기","파주시","차대차","추돌","진행중 추돌","운전자법규위반","안전운전 의무 불이행","단일로","기타단일로","승합차","소형","농기계","농기계","942631  ","1992363 ",126.84720385,37.92935741
"2013","2013021402","50","야간","목",1,3,2,0,0,"울산","울주군","차대사람","기타","기타","운전자법규위반","안전운전 의무 불이행","교차로","교차로부근","승용차","중형","보행자","보행자","1155029 ","1720022 ",129.20853385,35.4639534
"2013","2013043009","02","주간","화",1,4,2,1,0,"경기","수원시","차대차","측면직각충돌","측면직각충돌","운전자법규위반","안전운전 의무 불이행","단일로","기타단일로","승용차","소형","승용차","소형","959877  ","1922597 ",127.03989116,37.30602759
"2013","2013031822","07","야간","월",1,2,0,1,0,"전북","군산시","차대차","기타","기타","운전자법규위반","안전운전 의무 불이행","단일로","기타단일로","승용차","중형","승합차","소형","925698  ","1776257 ",126.60954827,35.96278334
"2013","2013032320","00","야간","토",1,1,0,0,0,"경기","수원시","차대사람","기타","기타","운전자법규위반","신호위반","교차로","교차로내","승용차","중형","보행자","보행자","961671  ","1916689 ",127.068017,37.24842538
"2013","2013033100","26","야간","일",1,1,0,0,0,"전남","목포시","차량단독","공작물충돌","공작물충돌","운전자법규위반","안전운전 의무 불이행","단일로","기타단일로","승용차","중형","00","00","898222  ","1648250 ",126.38705032,34.82377342
"2013","2013033018","00","야간","토",1,1,0,0,0,"전남","해남군","차량단독","도로이탈","도로이탈 기타","운전자법규위반","안전운전 의무 불이행","단일로","기타단일로","농기계","농기계","00","00","905309  ","1621421 ",126.46754527,34.58255637
"2013","2013032910","00","주간","금",1,1,0,0,0,"경기","용인시","차대사람","횡단중","횡단중","운전자법규위반","안전운전 의무 불이행","교차로","교차로내","화물차","경형","보행자","보행자","968946  ","1921301 ",127.14964973,37.29013247
"2013","2013032807","50","주간","목",1,1,0,0,0,"울산","중구","차대차","측면직각충돌","측면직각충돌","운전자법규위반","안전운전 의무 불이행","단일로","기타단일로","승용차","중형","이륜차","중형","1161641 ","1730122 ",129.28338423,35.55392443
"2013","2013032807","20","주간","목",1,1,0,0,0,"울산","북구","차량단독","공작물충돌","공작물충돌","운전자법규위반","안전운전 의무 불이행","단일로","기타단일로","승용차","대형","00","00","1168274 ","1734642 ",129.35747279,35.59355349
"2013","2013032915","30","주간","금",1,2,0,1,0,"경기","오산시","차대차","추돌","주정차중 추돌","운전자법규위반","중앙선 침범","단일로","기타단일로","화물차","경형","승합차","대형","959348  ","1910069 ",127.04645188,37.19024335
"2013","2013040700","10","야간","일",1,1,0,0,0,"경남","하동군","차량단독","공작물충돌","공작물충돌","운전자법규위반","안전운전 의무 불이행","단일로","기타단일로","승용차","중형","00","00","1035830 ","1670522 ",127.89278831,35.02906729
"2013","2013040702","18","야간","일",1,1,0,0,0,"경북","포항시","차대사람","횡단중","횡단중","운전자법규위반","안전운전 의무 불이행","단일로","횡단보도상","승용차","중형","보행자","보행자","1169329 ","1786483 ",129.38010258,36.06053165
"2013","2013040719","10","야간","일",1,1,0,0,0,"경북","영주시","차량단독","도로이탈","도로이탈 추락","운전자법규위반","안전운전 의무 불이행","교차로","교차로부근","농기계","농기계","00","00","1089199 ","1864910 ",128.49959405,36.77812157
"2013","2013040816","15","주간","월",1,1,0,0,0,"서울","강서구","차대차","기타","기타","운전자법규위반","안전운전 의무 불이행","단일로","기타단일로","승합차","중형","승용차","중형","938249  ","1955008 ",126.80309255,37.59374509
"2013","2013041418","00","야간","일",1,1,0,0,0,"경남","합천군","차량단독","기타","기타","운전자법규위반","안전운전 의무 불이행","단일로","기타단일로","이륜차","소형","00","00","1048004 ","1725584 ",128.02946344,35.52503645
"2013","2013041705","20","야간","수",1,3,0,2,0,"경기","용인시","차량단독","공작물충돌","공작물충돌","운전자법규위반","안전운전 의무 불이행","단일로","기타단일로","승용차","중형","00","00","962489  ","1922940 ",127.07757493,37.30531097
"2013","2013041713","02","주간","수",1,4,3,0,0,"전남","나주시","차량단독","공작물충돌","공작물충돌","운전자법규위반","안전운전 의무 불이행","단일로","기타단일로","승용차","중형","00","00","934021  ","1667010 ",126.77699843,34.99588083
"2013","2013041712","30","주간","수",2,6,1,3,0,"경기","의왕시","차대차","기타","기타","운전자법규위반","과속","단일로","기타단일로","승용차","소형","자전거","자전거","957171  ","1932832 ",127.01614189,37.39360039
"2013","2013041321","13","야간","토",1,1,0,0,0,"경기","고양시","차대차","측면직각충돌","측면직각충돌","운전자법규위반","중앙선 침범","단일로","기타단일로","승용차","중형","이륜차","대형","939775  ","1958688 ",126.81750388,37.62567341
"2013","2013041207","18","주간","금",1,1,0,0,0,"강원","춘천시","차량단독","전도전복","전도전복","운전자법규위반","안전운전 의무 불이행","단일로","기타단일로","승용차","대형","00","00","1018958 ","1983464 ",127.71483378,37.85077384
"2013","2013041320","10","야간","토",1,1,0,0,0,"경기","남양주시","차대사람","횡단중","횡단중","운전자법규위반","안전운전 의무 불이행","단일로","기타단일로","승용차","소형","보행자","보행자","973866  ","1959316 ",127.20380776,37.63293595
"2013","2013041200","10","야간","금",1,1,0,0,0,"경남","밀양시","차량단독","공작물충돌","공작물충돌","운전자법규위반","안전운전 의무 불이행","단일로","기타단일로","화물차","소형","00","00","1106334 ","1710322 ",128.67073604,35.38291222
"2013","2013042021","43","야간","토",1,2,1,0,0,"충북","청주시","차대사람","횡단중","횡단중","운전자법규위반","안전운전 의무 불이행","단일로","기타단일로","승용차","대형","보행자","보행자","998160  ","1850321 ",127.47941404,36.65080183
"2013","2013022514","35","주간","월",1,1,0,0,0,"경기","용인시","차량단독","공작물충돌","공작물충돌","운전자법규위반","안전운전 의무 불이행","단일로","기타단일로","승용차","대형","00","00","963992  ","1917741 ",127.09393244,37.25786477
"2013","2013030223","40","야간","토",1,4,3,0,0,"인천","중구","차량단독","공작물충돌","공작물충돌","운전자법규위반","안전운전 의무 불이행","교차로","교차로내","승용차","중형","00","00","901483  ","1940219 ",126.386102,37.45592521
"2013","2013030916","11","주간","토",1,1,0,0,0,"경기","의왕시","차대차","기타","기타","운전자법규위반","신호위반","교차로","교차로내","승용차","대형","원동기장치자전거","원동기장치자전거","952315  ","1926349 ",126.96170121,37.33492883
"2013","2013030910","45","주간","토",1,1,0,0,0,"부산","금정구","차대사람","횡단중","횡단중","운전자법규위반","안전운전 의무 불이행","단일로","기타단일로","승합차","대형","보행자","보행자","1145108 ","1692581 ",129.09433993,35.21809738
"2013","2013030720","00","야간","목",1,2,0,0,1,"전남","화순군","차대사람","기타","기타","운전자법규위반","안전운전 의무 불이행","단일로","기타단일로","화물차","중형","보행자","보행자","951648  ","1673246 ",126.98445057,35.05928453
"2013","2013040605","08","야간","토",1,1,0,0,0,"대구","동구","차대사람","횡단중","횡단중","운전자법규위반","안전운전 의무 불이행","단일로","횡단보도부근","승합차","소형","보행자","보행자","1101362 ","1765208 ",128.62290298,35.87821505
"2013","2013040308","35","주간","수",1,1,0,0,0,"강원","원주시","차대차","추돌","진행중 추돌","운전자법규위반","차로위반(진로변경 위반)","단일로","기타단일로","자전거","자전거","승용차","경형","1029328 ","1925689 ",127.8300172,37.32946004
"2013","2013040114","00","주간","월",1,1,0,0,0,"서울","강남구","차대사람","기타","기타","운전자법규위반","안전운전 의무 불이행","단일로","기타단일로","승합차","중형","보행자","보행자","961566  ","1944811 ",127.06516827,37.50176569
"2013","2013040320","55","야간","수",1,1,0,0,0,"경남","창원시(통합)","차량단독","공작물충돌","공작물충돌","운전자법규위반","안전운전 의무 불이행","단일로","기타단일로","화물차","소형","00","00","1104685 ","1694576 ",128.65057163,35.24113422
"2013","2013040320","45","야간","수",1,1,0,0,0,"경기","평택시","차대차","기타","기타","운전자법규위반","신호위반","교차로","교차로내","화물차","중형","승용차","중형","942125  ","1885538 ",126.84973103,36.9669565
"2013","2013040214","50","주간","화",1,1,0,0,0,"경남","양산시","차대차","추돌","주정차중 추돌","운전자법규위반","안전운전 의무 불이행","기타/불명","기타/불명","화물차","대형","승용차","소형","1138192 ","1710729 ",129.02146351,35.38267359
"2013","2013040120","41","야간","월",1,1,0,0,0,"경남","창원시(통합)","차대사람","차도통행중","차도통행중","운전자법규위반","안전운전 의무 불이행","단일로","기타단일로","화물차","중형","보행자","보행자","1092806 ","1684752 ",128.51892478,35.15373453
"2013","2013041202","35","야간","금",1,2,1,0,0,"경북","경주시","차량단독","공작물충돌","공작물충돌","운전자법규위반","안전운전 의무 불이행","단일로","기타단일로","승용차","중형","00","00","1155983 ","1766000 ",129.22795367,35.87817387
"2013","2013041005","10","야간","수",1,1,0,0,0,"충남","공주시","차대사람","횡단중","횡단중","운전자법규위반","보행자 보호의무 위반","교차로","교차로부근","화물차","소형","보행자","보행자","966668  ","1830387 ",127.12794702,36.47051673
"2013","2013022101","00","야간","목",1,1,0,0,0,"경기","용인시","차대사람","횡단중","횡단중","운전자법규위반","안전운전 의무 불이행","단일로","기타단일로","승용차","중형","보행자","보행자","965357  ","1926218 ",127.10893005,37.33432627
"2013","2013022122","02","야간","목",2,2,0,0,0,"충남","논산시","차대차","정면충돌","정면충돌","운전자법규위반","중앙선 침범","교차로","교차로부근","승용차","중형","승용차","중형","969039  ","1801656 ",127.15555423,36.21157871
"2013","2013030207","10","주간","토",1,1,0,0,0,"충북","영동군","차량단독","공작물충돌","공작물충돌","운전자법규위반","안전운전 의무 불이행","기타/불명","기타/불명","이륜차","대형","00","00","1035978 ","1804054 ",127.90036967,36.23302396
"2013","2013030411","00","주간","월",1,3,1,1,0,"충북","제천시","차대차","추돌","진행중 추돌","운전자법규위반","안전운전 의무 불이행","단일로","기타단일로","화물차","대형","건설기계","건설기계","1045671 ","1907558 ",128.01441155,37.16565396
"2013","2013030317","51","주간","일",1,2,0,1,0,"충남","청양군","차대차","정면충돌","정면충돌","운전자법규위반","중앙선 침범","단일로","기타단일로","승용차","중형","승용차","중형","937614  ","1823874 ",126.80418622,36.410353
"2013","2013030315","45","주간","일",1,4,3,0,0,"충남","태안군","차량단독","도로이탈","도로이탈 기타","운전자법규위반","안전운전 의무 불이행","단일로","기타단일로","승용차","소형","00","00","889636  ","1863161 ",126.26352232,36.76012924
"2013","2013030907","35","주간","토",1,1,0,0,0,"서울","영등포구","차대사람","횡단중","횡단중","운전자법규위반","안전운전 의무 불이행","단일로","기타단일로","화물차","소형","보행자","보행자","945347  ","1947289 ",126.88149501,37.52328227
"2013","2013030509","45","주간","화",1,1,0,0,0,"경기","광주시","차대차","측면직각충돌","측면직각충돌","운전자법규위반","안전운전 의무 불이행","단일로","기타단일로","화물차","소형","자전거","자전거","977318  ","1936465 ",127.24363686,37.4270595
"2013","2013031307","43","주간","수",1,1,0,0,0,"경남","거창군","차대차","추돌","진행중 추돌","운전자법규위반","안전운전 의무 불이행","단일로","기타단일로","승용차","중형","자전거","자전거","1046206 ","1746116 ",128.00012846,35.71004309
"2013","2013031512","28","주간","금",1,1,0,0,0,"경북","의성군","차대차","기타","기타","운전자법규위반","부당한 회전","교차로","교차로내","화물차","대형","원동기장치자전거","원동기장치자전거","1078506 ","1829884 ",128.37619779,36.46334567
"2013","2013031508","20","주간","금",1,1,0,0,0,"충남","서천군","차대사람","길가장자리구역통행중","길가장자리구역통행중","운전자법규위반","안전운전 의무 불이행","단일로","기타단일로","승용차","소형","보행자","보행자","935097  ","1794263 ",126.77089256,36.14350867
"2013","2013031621","40","야간","토",1,1,0,0,0,"전남","여수시","차대사람","횡단중","횡단중","운전자법규위반","신호위반","교차로","교차로내","승용차","중형","보행자","보행자","1018017 ","1639364 ",127.69684265,34.74857332
"2013","2013033012","20","주간","토",1,2,1,0,0,"전북","전주시","차대차","추돌","진행중 추돌","운전자법규위반","안전운전 의무 불이행","단일로","기타단일로","화물차","소형","농기계","농기계","959772  ","1764320 ",127.05436085,35.87463097
"2013","2013041402","40","야간","일",1,1,0,0,0,"경남","남해군","차대사람","차도통행중","차도통행중","운전자법규위반","안전운전 의무 불이행","단일로","기타단일로","승용차","중형","보행자","보행자","1048873 ","1648107 ",128.03455478,34.82649047
"2013","2013041318","55","야간","토",1,4,3,0,0,"경남","거창군","차량단독","공작물충돌","공작물충돌","운전자법규위반","안전운전 의무 불이행","단일로","기타단일로","승용차","중형","00","00","1034717 ","1743706 ",127.88369638,35.68898468
"2013","2013042022","10","야간","토",1,1,0,0,0,"강원","평창군","차량단독","전도전복","전도전복","운전자법규위반","안전운전 의무 불이행","단일로","기타단일로","화물차","소형","00","00","1083797 ","1931492 ",128.44649621,37.37872411
"2013","2013042211","20","주간","월",1,1,0,0,0,"충북","청주시","차대사람","기타","기타","운전자법규위반","안전운전 의무 불이행","단일로","기타단일로","화물차","소형","보행자","보행자","996575  ","1850115 ",127.46168194,36.64894036
"2013","2013042120","20","야간","일",1,1,0,0,0,"전북","완주군","차대사람","기타","기타","운전자법규위반","안전운전 의무 불이행","단일로","기타단일로","승용차","중형","보행자","보행자","966169  ","1768802 ",127.12503376,35.91528225
"2013","2013042005","08","야간","토",1,1,0,0,0,"경기","안산시","차대사람","횡단중","횡단중","운전자법규위반","안전운전 의무 불이행","단일로","기타단일로","승용차","중형","보행자","보행자","941287  ","1924651 ",126.83735141,37.31899232
"2013","2013041820","00","야간","목",1,1,0,0,0,"전남","광양시","차대차","기타","기타","운전자법규위반","안전운전 의무 불이행","단일로","기타단일로","승합차","중형","자전거","자전거","1019311 ","1665182 ",127.71157544,34.98136556
"2013","2013041816","00","주간","목",1,1,0,0,0,"전남","화순군","차량단독","전도전복","전도전복","운전자법규위반","안전운전 의무 불이행","교차로","교차로부근","농기계","농기계","00","00","959579  ","1663120 ",127.05724348,34.9621488
"2013","2013041908","50","주간","금",1,2,0,1,0,"제주","서귀포시","차대차","정면충돌","정면충돌","운전자법규위반","중앙선 침범","단일로","기타단일로","화물차","소형","화물차","소형","927151  ","1479722 ",126.71745733,33.30647684
"2013","2013040515","00","주간","금",1,1,0,0,0,"충남","논산시","차량단독","전도전복","전도전복","운전자법규위반","안전운전 의무 불이행","교차로","교차로부근","화물차","대형","00","00","975338  ","1801715 ",127.22561005,36.21130906
"2013","2013040601","50","야간","토",1,2,1,0,0,"전남","순천시","차대사람","횡단중","횡단중","운전자법규위반","안전운전 의무 불이행","교차로","교차로부근","승용차","중형","보행자","보행자","1001995 ","1663688 ",127.52185413,34.9680758
"2013","2013040608","45","주간","토",3,3,0,0,0,"충북","충주시","차대차","기타","기타","운전자법규위반","중앙선 침범","단일로","기타단일로","승용차","중형","승용차","소형","1034604 ","1884841 ",127.88871611,36.96135564
"2013","2013040500","02","야간","금",1,1,0,0,0,"경남","양산시","차대사람","기타","기타","운전자법규위반","안전운전 의무 불이행","단일로","기타단일로","승용차","경형","보행자","보행자","1139004 ","1709389 ",129.04792296,35.36622621
"2013","2013040520","00","야간","금",1,2,1,0,0,"경북","경주시","차량단독","기타","기타","운전자법규위반","안전운전 의무 불이행","단일로","기타단일로","화물차","소형","00","00","1140325 ","1743421 ",129.05059998,35.67704009
"2013","2013040219","55","야간","화",1,1,0,0,0,"전남","광양시","차대사람","횡단중","횡단중","운전자법규위반","안전운전 의무 불이행","교차로","교차로부근","승용차","대형","보행자","보행자","1013578 ","1663203 ",127.64873143,34.96361322
"2013","2013040220","10","야간","화",1,1,0,0,0,"전남","영암군","차대사람","기타","기타","운전자법규위반","과속","단일로","기타단일로","승용차","중형","보행자","보행자","925846  ","1647069 ",126.68919328,34.8155128
"2013","2013040205","00","야간","화",1,1,0,0,0,"전남","영광군","차량단독","도로이탈","도로이탈 기타","운전자법규위반","안전운전 의무 불이행","단일로","기타단일로","화물차","소형","00","00","907051  ","1708671 ",126.4767981,35.36936578
"2013","2013040216","08","주간","화",1,2,0,0,1,"대구","남구","차대차","추돌","진행중 추돌","운전자법규위반","안전운전 의무 불이행","단일로","기타단일로","승용차","대형","승용차","중형","1099691 ","1761539 ",128.60393574,35.84531256
"2013","2013040210","35","주간","화",1,1,0,0,0,"부산","사상구","차대차","추돌","주정차중 추돌","운전자법규위반","안전운전 의무 불이행","단일로","기타단일로","화물차","대형","자전거","자전거","1135429 ","1685386 ",128.98687211,35.15461131
"2013","2013040220","54","야간","화",1,1,0,0,0,"경남","고성군","차대사람","차도통행중","차도통행중","운전자법규위반","안전운전 의무 불이행","단일로","기타단일로","승용차","중형","보행자","보행자","1073267 ","1660612 ",128.30229466,34.93769074
"2013","2013040111","20","주간","월",1,1,0,0,0,"경북","경주시","차대차","정면충돌","정면충돌","운전자법규위반","중앙선 침범","단일로","기타단일로","화물차","중형","승용차","소형","1154096 ","1760056 ",129.20591004,35.82490446
"2013","2013070910","00","주간","화",1,4,1,2,0,"서울","송파구","차대차","정면충돌","정면충돌","운전자법규위반","안전운전 의무 불이행","교차로","교차로내","화물차","소형","승용차","중형","968927  ","1944788 ",127.14852533,37.50198633
"2013","2013080209","20","주간","금",1,2,0,1,0,"전북","김제시","차대사람","기타","기타","운전자법규위반","안전운전 의무 불이행","단일로","기타단일로","승용차","중형","보행자","보행자","948637  ","1753001 ",126.93174187,35.77206061
"2013","2013080904","40","야간","금",1,1,0,0,0,"경북","청도군","차량단독","공작물충돌","공작물충돌","운전자법규위반","안전운전 의무 불이행","단일로","기타단일로","이륜차","소형","00","00","1112936 ","1741438 ",128.74774364,35.66268204
"2013","2013080920","45","야간","금",1,1,0,0,0,"경기","안산시","차대차","추돌","주정차중 추돌","운전자법규위반","안전운전 의무 불이행","단일로","기타단일로","승용차","중형","화물차","대형","943242  ","1922276 ",126.86010681,37.29699299
"2013","2013080921","20","야간","금",1,2,0,0,1,"서울","영등포구","차대차","측면직각충돌","측면직각충돌","운전자법규위반","안전운전 의무 불이행","교차로","교차로내","원동기장치자전거","원동기장치자전거","승용차","중형","946606  ","1944583 ",126.8959389,37.49896645
"2013","2013080714","30","주간","수",1,3,2,0,0,"경북","구미시","차대차","정면충돌","정면충돌","운전자법규위반","중앙선 침범","단일로","기타단일로","이륜차","소형","화물차","소형","1076649 ","1795943 ",128.352138,36.15753583
"2013","2013081422","15","야간","수",1,1,0,0,0,"인천","옹진군","차대사람","길가장자리구역통행중","길가장자리구역통행중","운전자법규위반","안전운전 의무 불이행","기타/불명","기타/불명","화물차","소형","보행자","보행자","756245  ","2000071 ",124.73325879,37.95471603
"2013","2013081317","05","주간","화",1,1,0,0,0,"경남","의령군","차량단독","전도전복","전도전복","운전자법규위반","안전운전 의무 불이행","단일로","기타단일로","승용차","경형","00","00","1067948 ","1718915 ",128.24886465,35.46374308
"2013","2013081120","50","야간","일",1,5,2,2,0,"세종","세종","차대차","추돌","진행중 추돌","운전자법규위반","안전운전 의무 불이행","단일로","기타단일로","승용차","대형","승용차","소형","979010  ","1837269 ",127.26552051,36.53290868
"2013","2013081220","24","야간","월",3,5,1,1,0,"경기","성남시","차대차","추돌","주정차중 추돌","운전자법규위반","안전운전 의무 불이행","단일로","기타단일로","화물차","중형","승용차","소형","963456  ","1936759 ",127.08695017,37.42926589
"2013","2013090506","15","주간","목",1,1,0,0,0,"서울","마포구","차대차","추돌","주정차중 추돌","운전자법규위반","안전운전 의무 불이행","단일로","기타단일로","원동기장치자전거","원동기장치자전거","건설기계","건설기계","951153  ","1949735 ",126.94703546,37.54565435
"2013","2013071020","40","야간","수",1,4,1,2,0,"경기","포천시","차대차","측면직각충돌","측면직각충돌","운전자법규위반","신호위반","교차로","교차로내","화물차","중형","승용차","중형","973639  ","1987866 ",127.20019825,37.89025469
"2013","2013071023","30","야간","수",1,1,0,0,0,"경기","의정부시","차대차","측면직각충돌","측면직각충돌","운전자법규위반","안전운전 의무 불이행","교차로","교차로내","승합차","대형","이륜차","소형","960105  ","1971298 ",127.0470789,37.74078514