"발생년","발생년월일시","발생분","주야","요일","사망자수","사상자수","중상자수","경상자수","부상신고자수","발생지시도","발생지시군구","사고유형_대분류","사고유형_중분류","사고유형","법규위반_대분류","법규위반","도로형태_대분류","도로형태","당사자종별_1당_대분류","당사자종별_1당","당사자종별_2당_대분류","당사자종별_2당","발생위치X_UTMK","발생위치Y_UTMK","경도","위도"
"2013","2013071110","55","주간","목",1,2,0,1,0,"경기","여주시","차대차","측면직각충돌","측면직각충돌","운전자법규위반","교차로 통행방법 위반","교차로","교차로내","원동기장치자전거","원동기장치자전거","화물차","소형","1007004 ","1930567 ",127.57910708,37.37414753
"2013","2013071808","20","주간","목",1,1,0,0,0,"대구","서구","차대사람","기타","기타","운전자법규위반","안전운전 의무 불이행","단일로","기타단일로","특수차","중형","보행자","보행자","1097242 ","1765573 ",128.57559704,35.88283125
"2013","2013071906","30","주간","금",1,3,2,0,0,"전남","고흥군","차대차","추돌","진행중 추돌","운전자법규위반","안전운전 의무 불이행","단일로","기타단일로","승용차","중형","농기계","농기계","997106  ","1610355 ",127.46848091,34.48712491
"2013","2013071622","33","야간","화",1,1,0,0,0,"인천","남구","차대사람","기타","기타","운전자법규위반","안전운전 의무 불이행","교차로","교차로내","승용차","소형","보행자","보행자","928030  ","1940812 ",126.68616911,37.46371777
"2013","2013072320","55","야간","화",1,1,0,0,0,"울산","북구","차대차","기타","기타","운전자법규위반","안전거리 미확보","교차로","교차로부근","승용차","경형","승용차","중형","1165903 ","1738070 ",129.33201723,35.6248468
"2013","2013072219","50","야간","월",1,1,0,0,0,"부산","영도구","차대사람","횡단중","횡단중","운전자법규위반","안전운전 의무 불이행","교차로","교차로내","승용차","중형","보행자","보행자","1142139 ","1679156 ",129.05937893,35.09744807
"2013","2013072321","10","야간","화",1,1,0,0,0,"전남","해남군","차대사람","횡단중","횡단중","운전자법규위반","안전운전 의무 불이행","단일로","기타단일로","화물차","소형","보행자","보행자","906484  ","1620899 ",126.40681442,34.57100811
"2013","2013072014","32","주간","토",1,1,0,0,0,"부산","강서구","차대차","추돌","진행중 추돌","운전자법규위반","안전운전 의무 불이행","단일로","기타단일로","화물차","소형","화물차","대형","1126281 ","1685882 ",128.8865394,35.16027337
"2013","2013072907","33","주간","월",1,2,1,0,0,"충남","보령시","차대차","정면충돌","정면충돌","운전자법규위반","중앙선 침범","단일로","기타단일로","건설기계","건설기계","승용차","소형","922111  ","1820436 ",126.63163658,36.37822921
"2013","2013072723","17","야간","토",1,3,0,2,0,"경북","칠곡군","차대차","정면충돌","정면충돌","운전자법규위반","중앙선 침범","단일로","기타단일로","원동기장치자전거","원동기장치자전거","승용차","중형","1081202 ","1780178 ",128.40112651,36.0150483
"2013","2013072717","40","주간","토",1,4,3,0,0,"경북","경주시","차량단독","기타","기타","운전자법규위반","안전운전 의무 불이행","단일로","기타단일로","승용차","중형","00","00","1174587 ","1757690 ",129.43226367,35.80069906
"2013","2013072720","00","야간","토",1,1,0,0,0,"경남","통영시","차대사람","횡단중","횡단중","운전자법규위반","안전운전 의무 불이행","단일로","기타단일로","승용차","대형","보행자","보행자","1084100 ","1662269 ",128.42107346,34.95178961
"2013","2013072516","25","주간","목",1,1,0,0,0,"충남","아산시","차량단독","공작물충돌","공작물충돌","운전자법규위반","안전운전 의무 불이행","교차로","교차로부근","승용차","중형","00","00","942493  ","1872697 ",126.85494243,36.85076875
"2013","2013072603","36","야간","금",1,3,2,0,0,"전북","전주시","차대차","측면직각충돌","측면직각충돌","운전자법규위반","신호위반","교차로","교차로내","승용차","중형","승용차","중형","965811  ","1763758 ",127.12128258,35.86979355
"2013","2013080300","15","야간","토",1,1,0,0,0,"강원","홍천군","차량단독","공작물충돌","공작물충돌","운전자법규위반","교차로 통행방법 위반","교차로","교차로부근","화물차","중형","00","00","1078042 ","1973381 ",128.3861097,37.75686751
"2013","2013080418","30","야간","일",1,1,0,0,0,"전남","영암군","차량단독","전도전복","전도전복","운전자법규위반","안전운전 의무 불이행","단일로","기타단일로","화물차","소형","00","00","921578  ","1634653 ",126.64368782,34.70324046
"2013","2013080412","15","주간","일",1,1,0,0,0,"전남","무안군","차량단독","전도전복","전도전복","운전자법규위반","안전운전 의무 불이행","단일로","교량위","이륜차","소형","00","00","901756  ","1657641 ",126.42458691,34.90879048
"2013","2013080115","35","주간","목",1,2,0,1,0,"경북","상주시","차량단독","공작물충돌","공작물충돌","운전자법규위반","안전운전 의무 불이행","단일로","기타단일로","승용차","중형","00","00","1054324 ","1840600 ",128.10707558,36.56162299
"2013","2013080108","10","주간","목",1,1,0,0,0,"경북","안동시","차량단독","공작물충돌","공작물충돌","운전자법규위반","안전운전 의무 불이행","기타/불명","기타/불명","자전거","자전거","00","00","1108613 ","1842267 ",128.71390271,36.57201588
"2013","2013091205","14","야간","목",1,1,0,0,0,"서울","성동구","차대사람","기타","기타","운전자법규위반","안전운전 의무 불이행","단일로","기타단일로","승용차","중형","보행자","보행자","957916  ","1952426 ",127.02343784,37.57024274
"2013","2013091122","54","야간","수",1,1,0,0,0,"서울","서대문구","차대사람","기타","기타","운전자법규위반","안전운전 의무 불이행","단일로","기타단일로","승용차","중형","보행자","보행자","948319  ","1953308 ",126.91470324,37.57770357
"2013","2013092000","20","야간","금",1,1,0,0,0,"서울","서초구","차대차","기타","기타","운전자법규위반","안전운전 의무 불이행","단일로","기타단일로","승용차","중형","승합차","대형","956186  ","1944519 ",127.00426477,37.4990011
"2013","2013091707","07","주간","화",1,1,0,0,0,"강원","강릉시","차량단독","공작물충돌","공작물충돌","운전자법규위반","안전운전 의무 불이행","단일로","기타단일로","승용차","중형","00","00","1119160 ","1980433 ",128.85350248,37.8164219
"2013","2013091714","40","주간","화",1,1,0,0,0,"서울","영등포구","차대사람","횡단중","횡단중","운전자법규위반","안전운전 의무 불이행","단일로","기타단일로","화물차","중형","보행자","보행자","947371  ","1945235 ",126.90454646,37.50488698
"2013","2013092713","08","주간","금",1,1,0,0,0,"충북","영동군","차대차","측면직각충돌","측면직각충돌","운전자법규위반","교차로 통행방법 위반","교차로","교차로내","원동기장치자전거","원동기장치자전거","건설기계","건설기계","1045140 ","1801774 ",128.00219147,36.21208457
"2013","2013092704","15","야간","금",1,1,0,0,0,"인천","연수구","차량단독","기타","기타","운전자법규위반","안전운전 의무 불이행","단일로","기타단일로","자전거","자전거","00","00","929130  ","1936654 ",126.69900633,37.42632727
"2013","2013100105","50","야간","화",1,1,0,0,0,"경기","평택시","차대사람","횡단중","횡단중","운전자법규위반","신호위반","단일로","횡단보도상","승용차","중형","보행자","보행자","963745  ","1890768 ",127.09245325,37.01472076
"2013","2013100119","50","야간","화",1,1,0,0,0,"경기","안성시","차대사람","기타","기타","운전자법규위반","안전운전 의무 불이행","단일로","기타단일로","화물차","중형","보행자","보행자","979497  ","1888142 ",127.26959299,36.99152503
"2013","2013100209","25","주간","수",1,3,1,1,0,"전남","순천시","차대차","정면충돌","정면충돌","운전자법규위반","중앙선 침범","단일로","기타단일로","승용차","대형","승합차","중형","993505  ","1678451 ",127.42873538,35.10118056
"2013","2013100203","00","야간","수",1,1,0,0,0,"경남","사천시","차대사람","기타","기타","운전자법규위반","안전운전 의무 불이행","단일로","기타단일로","승용차","중형","보행자","보행자","1052532 ","1662378 ",128.07536386,34.95490211
"2012","2012101011","25","주간","수",1,2,0,1,0,"강원","원주시","차대차","측면직각충돌","측면직각충돌","운전자법규위반","안전운전 의무 불이행","단일로","기타단일로","승용차","중형","승용차","경형","1030349 ","1925168 ",127.8425547,37.3250121
"2012","2012102000","40","야간","토",1,4,3,0,0,"경기","안산시","차대차","정면충돌","정면충돌","운전자법규위반","중앙선 침범","단일로","기타단일로","이륜차","소형","승용차","중형","943084  ","1924830 ",126.85761785,37.32071755
"2012","2012061604","25","야간","토",1,2,0,1,0,"서울","송파구","차대차","추돌","진행중 추돌","운전자법규위반","안전운전 의무 불이행","단일로","기타단일로","화물차","소형","화물차","대형","966242  ","1942206 ",127.10928929,37.48483905
"2012","2012070307","25","주간","화",1,1,0,0,0,"전북","부안군","차량단독","전도전복","전도전복","운전자법규위반","안전운전 의무 불이행","교차로","교차로내","이륜차","소형","00","00","929661  ","1747701 ",126.72227956,35.72310338
"2012","2012120401","50","야간","화",1,3,0,2,0,"경북","경산시","차대차","추돌","진행중 추돌","운전자법규위반","안전운전 의무 불이행","단일로","기타단일로","승용차","중형","화물차","대형","1113556 ","1773761 ",128.75925242,35.95411576
"2012","2012042821","20","야간","토",1,1,0,0,0,"경기","오산시","차대사람","횡단중","횡단중","운전자법규위반","신호위반","교차로","교차로부근","승용차","경형","보행자","보행자","962540  ","1904345 ",127.07823072,37.13705749
"2012","2012041102","10","야간","수",1,1,0,0,0,"경기","양주시","차대차","기타","기타","운전자법규위반","안전운전 의무 불이행","교차로","교차로부근","승용차","중형","승용차","중형","960131  ","1976301 ",127.04406745,37.76530974
"2012","2012041408","25","주간","토",1,1,0,0,0,"대구","서구","차대차","추돌","진행중 추돌","운전자법규위반","안전거리 미확보","단일로","기타단일로","화물차","소형","화물차","중형","1097258 ","1765530 ",128.57748495,35.88153411
"2012","2012041420","04","야간","토",1,2,1,0,0,"서울","구로구","차대차","측면직각충돌","측면직각충돌","운전자법규위반","중앙선 침범","단일로","기타단일로","원동기장치자전거","원동기장치자전거","원동기장치자전거","원동기장치자전거","943004  ","1944423 ",126.85520316,37.49730896
"2012","2012012010","45","주간","금",1,1,0,0,0,"경기","의정부시","차대차","측면직각충돌","측면직각충돌","운전자법규위반","안전운전 의무 불이행","단일로","횡단보도상","승용차","중형","자전거","자전거","960768  ","1971843 ",127.0546891,37.74537708
"2012","2012110310","58","주간","토",1,1,0,0,0,"대구","중구","차대차","측면직각충돌","측면직각충돌","운전자법규위반","신호위반","단일로","횡단보도상","승용차","중형","원동기장치자전거","원동기장치자전거","1098453 ","1763831 ",128.59051184,35.866099
"2012","2012092003","50","야간","목",1,4,3,0,0,"서울","마포구","차대차","측면직각충돌","측면직각충돌","운전자법규위반","신호위반","교차로","교차로내","승용차","중형","이륜차","대형","951255  ","1949249 ",126.94822237,37.54127935
"2012","2012110710","50","주간","수",1,1,0,0,0,"경남","김해시","차대차","측면직각충돌","측면직각충돌","운전자법규위반","안전운전 의무 불이행","단일로","기타단일로","승용차","대형","자전거","자전거","1118490 ","1688783 ",128.80143286,35.18737421
"2013","2013011217","05","주간","토",1,1,0,0,0,"충북","보은군","차대차","측면직각충돌","측면직각충돌","운전자법규위반","안전운전 의무 불이행","단일로","기타단일로","승용차","중형","자전거","자전거","1020540 ","1832611 ",127.72932865,36.49092613
"2013","2013052123","05","야간","화",1,2,0,1,0,"인천","서구","차대차","추돌","진행중 추돌","운전자법규위반","안전거리 미확보","단일로","기타단일로","승용차","소형","승용차","소형","927657  ","1947257 ",126.68131783,37.52177586
"2013","2013012207","25","주간","화",1,1,0,0,0,"충남","아산시","차대사람","기타","기타","운전자법규위반","안전운전 의무 불이행","기타/불명","기타/불명","승용차","대형","보행자","보행자","956785  ","1861156 ",127.0159053,36.74749524
"2013","2013041100","40","야간","목",2,2,0,0,0,"경기","남양주시","차대차","정면충돌","정면충돌","운전자법규위반","중앙선 침범","단일로","기타단일로","승용차","소형","승용차","중형","973965  ","1954651 ",127.20509586,37.59089136
"2013","2013063010","47","주간","일",1,2,1,0,0,"서울","서초구","차대차","추돌","진행중 추돌","운전자법규위반","안전운전 의무 불이행","단일로","기타단일로","승용차","소형","승합차","대형","960567  ","1938867 ",127.05407739,37.44810224
"2013","2013082813","40","주간","수",1,5,3,1,0,"경기","구리시","차대차","추돌","주정차중 추돌","운전자법규위반","안전운전 의무 불이행","단일로","기타단일로","화물차","소형","화물차","소형","969496  ","1955713 ",127.15443104,37.60032622
"2012","2012120318","35","야간","월",1,4,3,0,0,"경북","영천시","차량단독","공작물충돌","공작물충돌","운전자법규위반","안전운전 의무 불이행","단일로","기타단일로","승용차","중형","00","00","1136069 ","1769483 ",129.00801866,35.91253671
"2012","2012051221","10","야간","토",1,1,0,0,0,"경기","성남시","차대사람","차도통행중","차도통행중","운전자법규위반","안전운전 의무 불이행","단일로","기타단일로","승합차","소형","보행자","보행자","967135  ","1937497 ",127.12849948,37.43605589
"2012","2012051620","15","야간","수",1,3,2,0,0,"충남","부여군","차대차","정면충돌","정면충돌","운전자법규위반","중앙선 침범","단일로","기타단일로","승용차","중형","승용차","대형","934518  ","1802850 ",126.77142373,36.22062102
"2012","2012041210","30","주간","목",1,1,0,0,0,"전남","여수시","차대사람","횡단중","횡단중","운전자법규위반","안전운전 의무 불이행","교차로","교차로내","승용차","소형","보행자","보행자","1005208 ","1646544 ",127.55694401,34.81346664
"2012","2012041516","42","주간","일",1,1,0,0,0,"경기","성남시","차대사람","기타","기타","운전자법규위반","안전운전 의무 불이행","단일로","기타단일로","자전거","자전거","보행자","보행자","966824  ","1934037 ",127.12513955,37.40485775
"2012","2012040915","30","주간","월",1,1,0,0,0,"경북","의성군","차대차","측면직각충돌","측면직각충돌","운전자법규위반","안전운전 의무 불이행","단일로","기타단일로","이륜차","사발이","화물차","대형","1076713 ","1828081 ",128.3560097,36.44723821
"2012","2012041419","40","야간","토",1,1,0,0,0,"전남","순천시","차대사람","횡단중","횡단중","운전자법규위반","안전운전 의무 불이행","단일로","기타단일로","승용차","대형","보행자","보행자","973342  ","1676869 ",127.20755488,35.08658349
"2012","2012041900","07","야간","목",1,1,0,0,0,"경기","고양시","차대사람","횡단중","횡단중","운전자법규위반","과속","교차로","교차로부근","승용차","소형","보행자","보행자","936322  ","1965046 ",126.77782095,37.68274343
"2012","2012041612","45","주간","월",1,1,0,0,0,"서울","은평구","차대차","측면직각충돌","측면직각충돌","운전자법규위반","안전운전 의무 불이행","단일로","기타단일로","승합차","대형","이륜차","소형","949836  ","1959364 ",126.93146747,37.6323706
"2012","2012020709","00","주간","화",1,1,0,0,0,"경기","파주시","차대차","기타","기타","운전자법규위반","안전운전 의무 불이행","단일로","기타단일로","승합차","소형","화물차","대형","928208  ","1967096 ",126.68560521,37.7006196
"2012","2012011718","30","야간","화",1,1,0,0,0,"전북","김제시","차대사람","횡단중","횡단중","운전자법규위반","안전운전 의무 불이행","단일로","기타단일로","승용차","중형","보행자","보행자","942680  ","1757896 ",126.86548886,35.81586302
"2012","2012062811","45","주간","목",1,1,0,0,0,"경북","의성군","차량단독","기타","기타","운전자법규위반","안전운전 의무 불이행","단일로","기타단일로","농기계","농기계","00","00","1107727 ","1810548 ",128.6995951,36.28622319
"2012","2012110400","15","야간","일",1,1,0,0,0,"경북","청송군","차대사람","길가장자리구역통행중","길가장자리구역통행중","운전자법규위반","안전운전 의무 불이행","단일로","기타단일로","승용차","중형","보행자","보행자","1135337 ","1840279 ",129.01214677,36.55068524
"2012","2012121322","40","야간","목",1,1,0,0,0,"충북","청주시","차대사람","횡단중","횡단중","운전자법규위반","안전운전 의무 불이행","교차로","교차로부근","화물차","소형","보행자","보행자","996343  ","1849469 ",127.45908947,36.64311583
"2012","2012102814","40","주간","일",1,2,1,0,0,"전북","정읍시","차대사람","횡단중","횡단중","운전자법규위반","안전운전 의무 불이행","단일로","기타단일로","승용차","대형","보행자","보행자","944805  ","1726582 ",126.89142505,35.53344529
"2012","2012102310","05","주간","화",1,4,1,1,1,"부산","사상구","차대차","측면직각충돌","측면직각충돌","운전자법규위반","신호위반","교차로","교차로내","화물차","소형","원동기장치자전거","원동기장치자전거","1137668 ","1685031 ",129.0113873,35.15110719
"2012","2012072915","30","주간","일",1,4,2,1,0,"전남","화순군","차량단독","공작물충돌","공작물충돌","운전자법규위반","안전운전 의무 불이행","단일로","기타단일로","승용차","대형","00","00","950794  ","1667227 ",126.96077661,34.998793
"2013","2013011613","55","주간","수",1,2,0,1,0,"울산","울주군","차대차","추돌","주정차중 추돌","운전자법규위반","안전운전 의무 불이행","교차로","교차로부근","화물차","중형","승용차","경형","1153367 ","1746235 ",129.19519747,35.7004592
"2013","2013082012","45","주간","화",1,2,0,1,0,"전북","전주시","차대차","측면직각충돌","측면직각충돌","운전자법규위반","신호위반","교차로","교차로내","이륜차","소형","승합차","중형","964409  ","1758355 ",127.10599372,35.82103034
"2014","2014081112","50","주간","월",1,2,0,0,1,"경북","경주시","차량단독","전도전복","전도전복","운전자법규위반","안전운전 의무 불이행","단일로","기타단일로","승용차","중형","00","00","1155510 ","1764457 ",129.2223492,35.86427506
"2012","2012083021","40","야간","목",1,1,0,0,0,"인천","옹진군","차량단독","도로이탈","도로이탈 추락","운전자법규위반","안전운전 의무 불이행","교차로","교차로부근","승용차","소형","00","00","909151  ","1917482 ",126.46757822,37.26862578
"2014","2014120201","15","야간","화",1,8,5,1,1,"충북","청주시","차대차","기타","기타","운전자법규위반","안전운전 의무 불이행","단일로","기타단일로","화물차","소형","승용차","중형","993429  ","1842340 ",127.42726583,36.57548348
"2014","2014030803","00","야간","토",1,2,1,0,0,"광주","북구","차량단독","전도전복","전도전복","운전자법규위반","안전운전 의무 불이행","교차로","교차로내","이륜차","소형","00","00","945298  ","1685070 ",126.89937355,35.15939781
"2014","2014041214","40","주간","토",1,1,0,0,0,"경남","창원시(통합)","차대사람","횡단중","횡단중","운전자법규위반","과속","단일로","기타단일로","승용차","중형","보행자","보행자","1103480 ","1703072 ",128.63840157,35.31785288
"2014","2014040406","00","주간","금",1,3,0,2,0,"부산","동구","차대차","기타","기타","운전자법규위반","안전운전 의무 불이행","단일로","기타단일로","승용차","중형","승용차","중형","1142069 ","1683843 ",129.05936619,35.14041909
"2014","2014040720","00","야간","월",1,1,0,0,0,"충남","태안군","차대차","추돌","주정차중 추돌","운전자법규위반","안전운전 의무 불이행","교차로","교차로부근","화물차","소형","건설기계","건설기계","894778  ","1862307 ",126.32175981,36.75338718
"2014","2014101422","10","야간","화",1,1,0,0,0,"충북","영동군","차량단독","도로이탈","도로이탈 기타","운전자법규위반","안전운전 의무 불이행","단일로","기타단일로","이륜차","소형","00","00","1035276 ","1802239 ",127.89247609,36.2166869
"2014","2014092119","20","야간","일",1,1,0,0,0,"전남","순천시","차대사람","기타","기타","운전자법규위반","안전운전 의무 불이행","단일로","기타단일로","승용차","소형","보행자","보행자","996293  ","1682747 ",127.45974542,35.14065435
"2014","2014012214","37","주간","수",1,1,0,0,0,"전북","군산시","차대차","측면직각충돌","측면직각충돌","운전자법규위반","안전운전 의무 불이행","단일로","기타단일로","화물차","소형","자전거","자전거","934817  ","1771797 ",126.77731672,35.9406953
"2014","2014022416","03","주간","월",1,1,0,0,0,"충북","청원군","차대차","추돌","진행중 추돌","운전자법규위반","차로위반(진로변경 위반)","단일로","기타단일로","원동기장치자전거","원동기장치자전거","승용차","중형","984529  ","1845882 ",127.32699992,36.61066049
"2014","2014011216","40","주간","일",1,1,0,0,0,"강원","횡성군","차대차","정면충돌","정면충돌","운전자법규위반","중앙선 침범","단일로","기타단일로","승용차","중형","화물차","소형","1050626 ","1949404 ",128.07307967,37.54257498
"2014","2014012606","10","주간","일",1,1,0,0,0,"대전","중구","차대사람","횡단중","횡단중","운전자법규위반","안전운전 의무 불이행","단일로","기타단일로","승용차","소형","보행자","보행자","992835  ","1813677 ",127.42017747,36.32042357
"2014","2014052109","32","주간","수",1,1,0,0,0,"경기","남양주시","차대차","측면직각충돌","측면직각충돌","운전자법규위반","안전운전 의무 불이행","단일로","기타단일로","건설기계","건설기계","자전거","자전거","970408  ","1959771 ",127.16459833,37.63693211
"2014","2014052814","00","주간","수",1,1,0,0,0,"경남","창원시(통합)","차대사람","기타","기타","운전자법규위반","기타(운전자법규위반)","기타/불명","기타/불명","승용차","중형","보행자","보행자","1106926 ","1694136 ",128.67514021,35.2369309
"2014","2014080203","18","야간","토",1,2,0,1,0,"울산","울주군","차대차","추돌","주정차중 추돌","운전자법규위반","안전운전 의무 불이행","교차로","교차로부근","승용차","중형","화물차","중형","1158246 ","1731518 ",129.2462159,35.56705387
"2013","2013051822","00","야간","토",1,4,3,0,0,"충남","공주시","차대차","기타","기타","운전자법규위반","기타(운전자법규위반)","교차로","교차로부근","승용차","경형","화물차","대형","956915  ","1833537 ",127.01891122,36.49852463
"2013","2013070506","00","주간","금",1,1,0,0,0,"충북","청원군","차량단독","공작물충돌","공작물충돌","운전자법규위반","안전운전 의무 불이행","단일로","기타단일로","승용차","중형","00","00","1017110 ","1851836 ",127.68991043,36.66195695
"2014","2014052720","20","야간","화",1,2,1,0,0,"전북","전주시","차대차","정면충돌","정면충돌","운전자법규위반","안전운전 의무 불이행","단일로","기타단일로","원동기장치자전거","원동기장치자전거","자전거","자전거","970935  ","1756071 ",127.17832102,35.8006527
"2012","2012081020","00","야간","금",1,1,0,0,0,"충북","영동군","차대사람","기타","기타","운전자법규위반","안전운전 의무 불이행","단일로","기타단일로","화물차","소형","보행자","보행자","1019577 ","1790703 ",127.71752515,36.11312797
"2012","2012090306","20","주간","월",1,1,0,0,0,"인천","서구","차대사람","횡단중","횡단중","운전자법규위반","안전운전 의무 불이행","단일로","기타단일로","승용차","소형","보행자","보행자","924826  ","1956190 ",126.66170199,37.58684972
"2014","2014040619","10","야간","일",1,1,0,0,0,"서울","동작구","차대사람","횡단중","횡단중","운전자법규위반","신호위반","단일로","횡단보도부근","자전거","자전거","보행자","보행자","951518  ","1944537 ",126.9515103,37.49882292
"2014","2014050420","05","야간","일",1,1,0,0,0,"전북","익산시","차대사람","기타","기타","운전자법규위반","안전운전 의무 불이행","단일로","기타단일로","승용차","중형","보행자","보행자","957161  ","1784412 ",127.00994581,36.07809058
"2014","2014050207","00","주간","금",1,1,0,0,0,"경기","안양시","차량단독","전도전복","전도전복","운전자법규위반","안전운전 의무 불이행","단일로","터널안","이륜차","대형","00","00","951981  ","1930598 ",126.95765549,37.37320991
"2014","2014031807","55","주간","화",1,4,0,3,0,"경남","하동군","차대차","정면충돌","정면충돌","운전자법규위반","중앙선 침범","단일로","기타단일로","승용차","소형","화물차","소형","1034925 ","1673626 ",127.882998,35.05708831
"2014","2014111909","35","주간","수",1,1,0,0,0,"광주","북구","차대차","추돌","진행중 추돌","운전자법규위반","안전운전 의무 불이행","교차로","교차로부근","자전거","자전거","승용차","중형","946405  ","1684895 ",126.91153917,35.15787953
"2014","2014100814","08","주간","수",1,1,0,0,0,"경북","칠곡군","차대차","추돌","진행중 추돌","운전자법규위반","안전운전 의무 불이행","단일로","기타단일로","화물차","대형","원동기장치자전거","원동기장치자전거","1089625 ","1791387 ",128.4958601,36.11535297
"2014","2014092001","45","야간","토",1,1,0,0,0,"경기","수원시","차대사람","횡단중","횡단중","운전자법규위반","안전운전 의무 불이행","단일로","기타단일로","승용차","중형","보행자","보행자","958649  ","1918738 ",127.03362493,37.26662948
"2014","2014012613","05","주간","일",1,1,0,0,0,"제주","서귀포시","차대차","기타","기타","운전자법규위반","안전운전 의무 불이행","교차로","교차로내","화물차","중형","이륜차","소형","878405  ","1476372 ",126.19437329,33.27186769
"2012","2012061414","20","주간","목",1,1,0,0,0,"경기","이천시","차대사람","차도통행중","차도통행중","운전자법규위반","신호위반","교차로","교차로내","원동기장치자전거","원동기장치자전거","보행자","보행자","995421  ","1920743 ",127.44834287,37.28560989
"2012","2012031902","10","야간","월",1,1,0,0,0,"서울","도봉구","차량단독","공작물충돌","공작물충돌","운전자법규위반","안전운전 의무 불이행","기타/불명","기타/불명","이륜차","소형","00","00","960111  ","1961082 ",127.04782135,37.64835888
"2012","2012032409","48","주간","토",1,2,0,1,0,"충남","보령시","차대차","측면직각충돌","측면직각충돌","운전자법규위반","안전운전 의무 불이행","단일로","기타단일로","승용차","소형","승용차","중형","917710  ","1819594 ",126.58266568,36.37027252
"2012","2012040100","00","야간","일",1,1,0,0,0,"충북","옥천군","차대사람","차도통행중","차도통행중","운전자법규위반","안전운전 의무 불이행","단일로","기타단일로","화물차","소형","보행자","보행자","1011493 ","1806194 ",127.62792888,36.25291875
"2012","2012033120","45","야간","토",1,1,0,0,0,"울산","중구","차대사람","횡단중","횡단중","운전자법규위반","안전운전 의무 불이행","단일로","기타단일로","승용차","중형","보행자","보행자","1164128 ","1730054 ",129.31079734,35.5529027
"2012","2012040102","40","야간","일",1,1,0,0,0,"경기","수원시","차량단독","공작물충돌","공작물충돌","운전자법규위반","안전운전 의무 불이행","단일로","기타단일로","이륜차","소형","00","00","954582  ","1924609 ",126.98739816,37.31935888
"2012","2012012203","50","야간","일",1,9,2,6,0,"경북","경산시","차대차","추돌","주정차중 추돌","운전자법규위반","안전운전 의무 불이행","교차로","교차로부근","승용차","소형","승용차","중형","1112774 ","1760499 ",128.7486353,35.83451985
"2012","2012022213","20","주간","수",1,1,0,0,0,"경기","수원시","차대사람","보도통행중","보도통행중","운전자법규위반","안전운전 의무 불이행","교차로","교차로내","승용차","중형","보행자","보행자","954491  ","1917054 ",126.98683377,37.25125644
"2012","2012013111","30","주간","화",1,1,0,0,0,"제주","제주시","차량단독","공작물충돌","공작물충돌","운전자법규위반","안전운전 의무 불이행","단일로","기타단일로","승용차","소형","00","00","910674  ","1498890 ",126.53735284,33.47811209
"2012","2012120118","40","야간","토",1,1,0,0,0,"전남","순천시","차대사람","차도통행중","차도통행중","운전자법규위반","안전운전 의무 불이행","단일로","기타단일로","승용차","대형","보행자","보행자","997844  ","1655027 ",127.47640457,34.8899745
"2012","2012121606","30","주간","일",1,2,1,0,0,"부산","동구","차대사람","횡단중","횡단중","운전자법규위반","안전운전 의무 불이행","단일로","기타단일로","승용차","대형","보행자","보행자","1140335 ","1681538 ",129.04006446,35.11925266
"2012","2012121214","00","주간","수",2,3,1,0,0,"강원","영월군","차대차","정면충돌","정면충돌","운전자법규위반","중앙선 침범","단일로","기타단일로","화물차","소형","화물차","중형","1079569 ","1912066 ",128.39646287,37.20402307
"2012","2012091807","10","주간","화",1,3,2,0,0,"경남","김해시","차대차","추돌","주정차중 추돌","운전자법규위반","안전운전 의무 불이행","단일로","기타단일로","화물차","소형","화물차","소형","1129048 ","1692392 ",128.91718907,35.22644935
"2012","2012112315","15","주간","금",1,1,0,0,0,"경북","상주시","차량단독","도로이탈","도로이탈 기타","운전자법규위반","안전운전 의무 불이행","단일로","기타단일로","이륜차","소형","00","00","1052532 ","1817189 ",128.08546231,36.35067821
"2012","2012102122","45","야간","토",1,1,0,0,0,"울산","중구","차대사람","횡단중","횡단중","운전자법규위반","안전운전 의무 불이행","교차로","교차로부근","승용차","중형","보행자","보행자","1167285 ","1733190 ",129.3462604,35.58063599
"2012","2012101019","03","야간","수",1,1,0,0,0,"충북","음성군","차대사람","보도통행중","보도통행중","운전자법규위반","안전운전 의무 불이행","단일로","기타단일로","화물차","소형","보행자","보행자","1003437 ","1893733 ",127.5386497,37.04214187
"2012","2012072206","05","주간","일",1,5,2,2,0,"경남","김해시","차량단독","공작물충돌","공작물충돌","운전자법규위반","안전운전 의무 불이행","교차로","교차로내","승용차","중형","00","00","1111788 ","1702259 ",128.72967031,35.30962883
"2012","2012072916","10","주간","일",1,4,1,2,0,"인천","남동구","차대차","추돌","주정차중 추돌","운전자법규위반","안전운전 의무 불이행","단일로","기타단일로","승용차","중형","승용차","중형","931265  ","1934411 ",126.72334346,37.40627223
"2014","2014052402","26","야간","토",1,5,1,3,0,"경북","구미시","차대차","추돌","주정차중 추돌","운전자법규위반","안전거리 미확보","단일로","기타단일로","화물차","대형","화물차","대형","1068561 ","1802409 ",128.26279306,36.21643201
"2014","2014100309","05","주간","금",1,1,0,0,0,"경북","문경시","차대차","기타","기타","운전자법규위반","안전운전 의무 불이행","단일로","기타단일로","원동기장치자전거","원동기장치자전거","자전거","자전거","1063255 ","1846173 ",128.20733216,36.61131015