"발생년","발생년월일시","발생분","주야","요일","사망자수","사상자수","중상자수","경상자수","부상신고자수","발생지시도","발생지시군구","사고유형_대분류","사고유형_중분류","사고유형","법규위반_대분류","법규위반","도로형태_대분류","도로형태","당사자종별_1당_대분류","당사자종별_1당","당사자종별_2당_대분류","당사자종별_2당","발생위치X_UTMK","발생위치Y_UTMK","경도","위도"
"2013","2013102814","30","주간","월",1,20,6,11,2,"부산","금정구","차대차","추돌","주정차중 추돌","운전자법규위반","과속","단일로","기타단일로","승용차","중형","화물차","경형","1144953 ","1695735 ",129.09322222,35.24656544
"2014","2014032519","20","야간","화",1,1,0,0,0,"경북","김천시","차대사람","보도통행중","보도통행중","운전자법규위반","안전운전 의무 불이행","교차로","교차로부근","승합차","대형","보행자","보행자","1048195 ","1793179 ",128.03565003,36.13445073
"2014","2014040322","32","야간","목",1,1,0,0,0,"대구","달성군","차대사람","차도통행중","차도통행중","운전자법규위반","안전운전 의무 불이행","교차로","교차로부근","승용차","대형","보행자","보행자","1103961 ","1751564 ",128.6499148,35.75495005
"2014","2014033118","00","야간","월",1,1,0,0,0,"울산","남구","차대차","측면직각충돌","측면직각충돌","운전자법규위반","차로위반(진로변경 위반)","단일로","기타단일로","승용차","중형","이륜차","중형","1167246 ","1725387 ",129.34421888,35.51032243
"2014","2014040110","30","주간","화",1,2,0,1,0,"경기","고양시","차대차","기타","기타","운전자법규위반","안전운전 의무 불이행","단일로","기타단일로","화물차","중형","화물차","중형","939162  ","1955734 ",126.81080331,37.5990091
"2014","2014040915","20","주간","수",1,3,0,2,0,"대구","서구","차대차","측면직각충돌","측면직각충돌","운전자법규위반","안전운전 의무 불이행","교차로","교차로내","승용차","중형","승용차","중형","1096706 ","1764485 ",128.57124366,35.8721686
"2014","2014041011","45","주간","목",1,1,0,0,0,"경기","용인시","차량단독","기타","기타","운전자법규위반","기타(운전자법규위반)","단일로","기타단일로","화물차","소형","00","00","962586  ","1925541 ",127.07768433,37.32811648
"2014","2014041021","07","야간","목",1,1,0,0,0,"경남","진주시","차대사람","기타","기타","운전자법규위반","안전운전 의무 불이행","단일로","기타단일로","승용차","중형","보행자","보행자","1052017 ","1687368 ",128.07129147,35.18026085
"2014","2014041120","14","야간","금",1,1,0,0,0,"강원","춘천시","차량단독","기타","기타","운전자법규위반","기타(운전자법규위반)","교차로","교차로내","승합차","경형","00","00","1019506 ","1986464 ",127.72180306,37.87779118
"2014","2014041020","50","야간","목",1,1,0,0,0,"충남","홍성군","차대사람","기타","기타","운전자법규위반","안전운전 의무 불이행","단일로","기타단일로","승용차","중형","보행자","보행자","928012  ","1837048 ",126.69681323,36.52626074
"2014","2014041119","30","야간","금",1,1,0,0,0,"울산","동구","차대사람","보도통행중","보도통행중","운전자법규위반","안전운전 의무 불이행","단일로","기타단일로","승용차","중형","보행자","보행자","1174666 ","1726459 ",129.42622949,35.51870449
"2014","2014041118","10","야간","금",1,1,0,0,0,"충남","논산시","차량단독","공작물충돌","공작물충돌","운전자법규위반","안전운전 의무 불이행","단일로","기타단일로","화물차","소형","00","00","960999  ","1795957 ",127.06639337,36.15990906
"2014","2014041119","57","야간","금",1,1,0,0,0,"강원","양구군","차대사람","횡단중","횡단중","운전자법규위반","중앙선 침범","교차로","교차로내","승용차","소형","보행자","보행자","1046713 ","2012106 ",128.03283473,38.10790098
"2014","2014041122","00","야간","금",1,2,1,0,0,"경기","안산시","차대사람","횡단중","횡단중","운전자법규위반","안전운전 의무 불이행","기타/불명","기타/불명","승합차","대형","보행자","보행자","942243  ","1925620 ",126.84806495,37.32778619
"2014","2014040804","40","야간","화",1,1,0,0,0,"대구","수성구","차대사람","기타","기타","운전자법규위반","안전운전 의무 불이행","단일로","횡단보도부근","승용차","중형","보행자","보행자","1104623 ","1762473 ",128.65866332,35.85321784
"2014","2014041615","50","주간","수",1,1,0,0,0,"경북","김천시","차량단독","도로이탈","도로이탈 추락","운전자법규위반","안전운전 의무 불이행","기타/불명","기타/불명","원동기장치자전거","원동기장치자전거","00","00","1059919 ","1803601 ",128.16848772,36.22894142
"2014","2014041613","25","주간","수",1,1,0,0,0,"충남","부여군","차대차","추돌","진행중 추돌","운전자법규위반","안전운전 의무 불이행","단일로","교량위","이륜차","소형","승용차","대형","948092  ","1811996 ",126.92183773,36.30389724
"2014","2014041717","40","주간","목",1,1,0,0,0,"서울","종로구","차대사람","보도통행중","보도통행중","운전자법규위반","안전운전 의무 불이행","단일로","횡단보도상","화물차","소형","보행자","보행자","952270  ","1956520 ",126.95923769,37.6068671
"2014","2014041808","35","주간","금",1,2,1,0,0,"경남","하동군","차대차","정면충돌","정면충돌","운전자법규위반","중앙선 침범","단일로","기타단일로","화물차","소형","화물차","중형","1029133 ","1666769 ",127.81662406,34.99579037
"2014","2014041706","14","주간","목",1,1,0,0,0,"대구","북구","차량단독","도로이탈","도로이탈 추락","운전자법규위반","안전운전 의무 불이행","단일로","기타단일로","승합차","대형","00","00","1098117 ","1769014 ",128.58742946,35.91285479
"2014","2014041613","00","주간","수",1,2,0,1,0,"충남","청양군","차대차","기타","기타","운전자법규위반","직진 및 우회전차의 통행방해","교차로","교차로내","이륜차","소형","화물차","소형","956326  ","1821931 ",127.01298901,36.39387049
"2014","2014041612","50","주간","수",1,1,0,0,0,"대구","중구","차대사람","기타","기타","운전자법규위반","안전운전 의무 불이행","교차로","교차로내","화물차","경형","보행자","보행자","1097442 ","1764398 ",128.57938464,35.87131136
"2014","2014041217","00","주간","토",1,6,0,5,0,"전남","여수시","차대차","추돌","진행중 추돌","운전자법규위반","안전운전 의무 불이행","교차로","교차로부근","승용차","중형","승용차","중형","1016003 ","1640156 ",127.67485408,34.75574897
"2014","2014041318","50","야간","일",1,1,0,0,0,"충남","금산군","차대사람","기타","기타","운전자법규위반","안전운전 의무 불이행","단일로","기타단일로","화물차","소형","보행자","보행자","998670  ","1800422 ",127.48520552,36.20094818
"2014","2014042214","10","주간","화",1,1,0,0,0,"부산","금정구","차대사람","횡단중","횡단중","운전자법규위반","보행자 보호의무 위반","교차로","교차로부근","승용차","대형","보행자","보행자","1147059 ","1693401 ",129.11594436,35.22522104
"2014","2014042305","10","야간","수",1,2,1,0,0,"서울","구로구","차대차","정면충돌","정면충돌","운전자법규위반","중앙선 침범","단일로","기타단일로","승용차","대형","승용차","소형","941406  ","1943962 ",126.83716278,37.49305388
"2014","2014042414","00","주간","목",1,1,0,0,0,"경기","평택시","차량단독","전도전복","전도전복","운전자법규위반","안전운전 의무 불이행","단일로","기타단일로","이륜차","소형","00","00","956302  ","1889296 ",127.00887354,37.00113522
"2014","2014042320","00","야간","수",1,1,0,0,0,"경기","동두천시","차대차","기타","기타","운전자법규위반","안전운전 의무 불이행","단일로","기타단일로","화물차","소형","자전거","자전거","961743  ","1995850 ",127.06448471,37.96179022
"2014","2014042404","50","야간","목",1,1,0,0,0,"충남","논산시","차대차","측면직각충돌","측면직각충돌","운전자법규위반","안전운전 의무 불이행","교차로","교차로내","승용차","중형","원동기장치자전거","원동기장치자전거","964032  ","1799223 ",127.09996335,36.18947091
"2014","2014042408","12","주간","목",1,1,0,0,0,"대전","중구","차대차","기타","기타","운전자법규위반","직진 및 우회전차의 통행방해","교차로","교차로내","화물차","중형","자전거","자전거","990025  ","1812716 ",127.38888468,36.31173472
"2014","2014042522","46","야간","금",1,1,0,0,0,"서울","강남구","차대사람","횡단중","횡단중","운전자법규위반","안전운전 의무 불이행","단일로","횡단보도상","승용차","대형","보행자","보행자","958701  ","1943163 ",127.03284793,37.48678789
"2014","2014042007","30","주간","일",1,3,1,1,0,"경기","성남시","차대차","추돌","진행중 추돌","운전자법규위반","안전거리 미확보","기타/불명","기타/불명","승용차","소형","승용차","소형","966220  ","1935563 ",127.11824521,37.41859068
"2014","2014042004","40","야간","일",1,3,2,0,0,"서울","은평구","차대사람","횡단중","횡단중","운전자법규위반","보행자 보호의무 위반","단일로","횡단보도상","승용차","중형","보행자","보행자","948656  ","1954581 ",126.91843039,37.58919608
"2014","2014042002","10","야간","일",1,1,0,0,0,"경남","진주시","차량단독","공작물충돌","공작물충돌","운전자법규위반","안전운전 의무 불이행","교차로","교차로내","원동기장치자전거","원동기장치자전거","00","00","1050877 ","1686371 ",128.05871012,35.17132955
"2014","2014042822","55","야간","월",1,8,0,7,0,"경북","경산시","차대차","기타","기타","운전자법규위반","안전운전 의무 불이행","단일로","기타단일로","화물차","경형","승합차","대형","1113792 ","1758700 ",128.75964787,35.818186
"2013","2013022417","40","주간","일",1,3,2,0,0,"경북","구미시","차대차","정면충돌","정면충돌","운전자법규위반","안전운전 의무 불이행","교차로","교차로내","화물차","소형","승용차","중형","1074141 ","1802064 ",128.32483656,36.21291015
"2014","2014050404","15","야간","일",1,1,0,0,0,"서울","서초구","차대사람","기타","기타","운전자법규위반","안전운전 의무 불이행","단일로","기타단일로","승용차","중형","보행자","보행자","962192  ","1940397 ",127.07247723,37.46200621
"2014","2014051122","05","야간","일",1,1,0,0,0,"충남","아산시","차대사람","횡단중","횡단중","운전자법규위반","안전운전 의무 불이행","기타/불명","기타/불명","원동기장치자전거","원동기장치자전거","보행자","보행자","956539  ","1865287 ",127.01291423,36.78472273
"2014","2014051112","30","주간","일",1,1,0,0,0,"경북","의성군","차량단독","도로이탈","도로이탈 추락","운전자법규위반","안전운전 의무 불이행","단일로","기타단일로","농기계","농기계","00","00","1076197 ","1828884 ",128.35124106,36.45299682
"2014","2014051314","43","주간","화",1,1,0,0,0,"경북","울릉군","차량단독","기타","기타","운전자법규위반","안전운전 의무 불이행","교차로","교차로부근","농기계","농기계","00","00","1295333 ","1946260 ",130.83792964,37.47040962
"2014","2014051307","18","주간","화",1,1,0,0,0,"강원","강릉시","차량단독","공작물충돌","공작물충돌","운전자법규위반","안전운전 의무 불이행","단일로","기타단일로","이륜차","소형","00","00","1124790 ","1975322 ",128.91687333,37.76905657
"2014","2014051411","35","주간","수",1,2,0,1,0,"충남","홍성군","차대차","추돌","주정차중 추돌","운전자법규위반","안전운전 의무 불이행","단일로","기타단일로","승용차","중형","농기계","농기계","925525  ","1842142 ",126.66760464,36.57416362
"2014","2014031816","25","주간","화",1,1,0,0,0,"대전","서구","차대차","측면직각충돌","측면직각충돌","운전자법규위반","신호위반","단일로","횡단보도상","승용차","소형","자전거","자전거","990557  ","1818398 ",127.39474192,36.3629657
"2014","2014032408","15","주간","월",1,1,0,0,0,"서울","노원구","차량단독","공작물충돌","공작물충돌","운전자법규위반","안전운전 의무 불이행","단일로","기타단일로","승용차","중형","00","00","963404  ","1957922 ",127.08530792,37.62001427
"2014","2014040502","10","야간","토",1,3,0,2,0,"서울","서대문구","차대차","정면충돌","정면충돌","운전자법규위반","중앙선 침범","고가도로위","고가도로위","이륜차","중형","승용차","중형","952369  ","1952693 ",126.96092867,37.57285996
"2014","2014040421","20","야간","금",1,1,0,0,0,"전남","장흥군","차대사람","길가장자리구역통행중","길가장자리구역통행중","운전자법규위반","안전운전 의무 불이행","단일로","기타단일로","승용차","대형","보행자","보행자","943908  ","1630302 ",126.88778956,34.66547527
"2014","2014040602","00","야간","일",1,1,0,0,0,"경기","화성시","차대사람","기타","기타","운전자법규위반","안전운전 의무 불이행","단일로","횡단보도부근","승용차","중형","보행자","보행자","949128  ","1906421 ",126.92836322,37.15768472
"2014","2014040300","43","야간","목",2,2,0,0,0,"전남","나주시","차량단독","도로이탈","도로이탈 추락","운전자법규위반","안전운전 의무 불이행","단일로","교량위","승용차","대형","00","00","928141  ","1667796 ",126.71250234,35.00256706
"2014","2014033023","50","야간","일",4,4,0,0,0,"충남","아산시","차량단독","공작물충돌","공작물충돌","운전자법규위반","과속","단일로","기타단일로","승용차","소형","00","00","951823  ","1875047 ",126.95944347,36.87247403
"2014","2014040209","46","주간","수",1,1,0,0,0,"강원","강릉시","차량단독","도로이탈","도로이탈 추락","운전자법규위반","안전운전 의무 불이행","단일로","기타단일로","원동기장치자전거","원동기장치자전거","00","00","1125058 ","1972465 ",128.91940649,37.74322668
"2014","2014040909","03","주간","수",1,1,0,0,0,"전남","곡성군","차대사람","기타","기타","운전자법규위반","안전운전 의무 불이행","단일로","기타단일로","특수차","대형","보행자","보행자","973277  ","1701775 ",127.20603378,35.31115984
"2014","2014040515","30","주간","토",1,1,0,0,0,"충남","서천군","차량단독","기타","기타","운전자법규위반","안전운전 의무 불이행","단일로","기타단일로","농기계","농기계","00","00","926408  ","1789583 ",126.68243958,36.10043854
"2014","2014041811","50","주간","금",1,1,0,0,0,"경남","거제시","차량단독","기타","기타","운전자법규위반","안전운전 의무 불이행","단일로","기타단일로","이륜차","소형","00","00","1104420 ","1657176 ",128.64294806,34.90398118
"2014","2014041407","50","주간","월",1,1,0,0,0,"경북","칠곡군","차대사람","횡단중","횡단중","운전자법규위반","보행자 보호의무 위반","교차로","교차로부근","승용차","소형","보행자","보행자","1083114 ","1775238 ",128.42182387,35.97035398
"2014","2014041418","30","야간","월",1,1,0,0,0,"강원","정선군","차량단독","공작물충돌","공작물충돌","운전자법규위반","안전운전 의무 불이행","단일로","기타단일로","이륜차","소형","00","00","1119280 ","1908702 ",128.84353929,37.1694654
"2014","2014041323","05","야간","일",1,1,0,0,0,"충북","충주시","차대차","추돌","주정차중 추돌","운전자법규위반","안전운전 의무 불이행","단일로","기타단일로","원동기장치자전거","원동기장치자전거","자전거","자전거","1038895 ","1886046 ",127.93697895,36.9720502
"2014","2014042323","03","야간","수",1,1,0,0,0,"제주","제주시","차대사람","기타","기타","운전자법규위반","안전운전 의무 불이행","단일로","기타단일로","승용차","소형","보행자","보행자","907550  ","1500595 ",126.5047846,33.49321444
"2014","2014042120","15","야간","월",1,1,0,0,0,"경남","밀양시","차대사람","횡단중","횡단중","운전자법규위반","안전운전 의무 불이행","단일로","횡단보도상","화물차","소형","보행자","보행자","1112133 ","1723993 ",128.73645361,35.50551639
"2014","2014042207","30","주간","화",1,1,0,0,0,"전남","여수시","차량단독","전도전복","전도전복","운전자법규위반","안전운전 의무 불이행","단일로","기타단일로","원동기장치자전거","원동기장치자전거","00","00","1005080 ","1652640 ",127.55957887,34.87387477
"2014","2014051208","00","주간","월",1,1,0,0,0,"경남","함양군","차량단독","전도전복","전도전복","운전자법규위반","안전거리 미확보","단일로","기타단일로","화물차","소형","00","00","1023173 ","1718590 ",127.7553923,35.46286552
"2014","2014051319","57","야간","화",1,1,0,0,0,"전북","익산시","차대사람","횡단중","횡단중","운전자법규위반","안전운전 의무 불이행","단일로","기타단일로","화물차","소형","보행자","보행자","950708  ","1774009 ",126.95335435,35.96156922
"2014","2014050116","35","주간","목",1,1,0,0,0,"인천","서구","차대사람","횡단중","횡단중","운전자법규위반","안전운전 의무 불이행","단일로","기타단일로","승용차","중형","보행자","보행자","926524  ","1946226 ",126.66860037,37.51239421
"2014","2014043016","15","주간","수",1,5,0,4,0,"경기","남양주시","차대차","정면충돌","정면충돌","운전자법규위반","중앙선 침범","교차로","교차로부근","승용차","경형","승용차","경형","971963  ","1956717 ",127.18233991,37.60945416
"2014","2014043014","00","주간","수",1,1,0,0,0,"경남","창원시(통합)","차대차","측면직각충돌","측면직각충돌","운전자법규위반","교차로 통행방법 위반","교차로","교차로내","건설기계","건설기계","이륜차","중형","1078798 ","1682109 ",128.36489463,35.13110045
"2014","2014042916","00","주간","화",1,1,0,0,0,"경기","가평군","차량단독","기타","기타","운전자법규위반","기타(운전자법규위반)","기타/불명","기타/불명","자전거","자전거","00","00","997777  ","1978816 ",127.47474566,37.80906491
"2014","2014042919","30","야간","화",1,2,0,1,0,"전남","목포시","차대차","기타","기타","운전자법규위반","중앙선 침범","기타/불명","기타/불명","원동기장치자전거","원동기장치자전거","승용차","중형","900652  ","1644756 ",126.41403162,34.79251132
"2014","2014050303","40","야간","토",1,1,0,0,0,"서울","노원구","차량단독","기타","기타","운전자법규위반","안전운전 의무 불이행","단일로","기타단일로","이륜차","소형","00","00","961126  ","1962498 ",127.05844999,37.66269523
"2014","2014050314","14","주간","토",1,1,0,0,0,"대전","서구","차대차","측면직각충돌","측면직각충돌","운전자법규위반","안전운전 의무 불이행","교차로","교차로내","이륜차","중형","승용차","중형","989867  ","1815835 ",127.3870841,36.33985222
"2014","2014050313","55","주간","토",1,1,0,0,0,"전북","순창군","차대차","측면직각충돌","측면직각충돌","운전자법규위반","안전운전 의무 불이행","단일로","기타단일로","화물차","소형","원동기장치자전거","원동기장치자전거","968808  ","1709223 ",127.15658923,35.37818721
"2014","2014050301","13","야간","토",1,1,0,0,0,"경기","이천시","차대사람","기타","기타","운전자법규위반","안전운전 의무 불이행","단일로","기타단일로","화물차","경형","보행자","보행자","995685  ","1912794 ",127.45136721,37.21395851
"2014","2014041818","50","야간","금",1,2,1,0,0,"대구","달성군","차대차","추돌","주정차중 추돌","운전자법규위반","안전운전 의무 불이행","단일로","기타단일로","이륜차","소형","화물차","중형","1086381 ","1754838 ",128.4558419,35.78616689
"2014","2014051212","50","주간","월",1,1,0,0,0,"충남","계룡시","차대차","측면직각충돌","측면직각충돌","운전자법규위반","중앙선 침범","단일로","기타단일로","이륜차","소형","승용차","중형","976566  ","1811039 ",127.23901113,36.29638255
"2014","2014051317","50","주간","화",1,1,0,0,0,"충남","부여군","차량단독","도로이탈","도로이탈 추락","운전자법규위반","안전운전 의무 불이행","단일로","기타단일로","이륜차","소형","00","00","949852  ","1812366 ",126.94141634,36.307326
"2014","2014051316","45","주간","화",1,1,0,0,0,"부산","남구","차대차","측면직각충돌","측면직각충돌","운전자법규위반","안전운전 의무 불이행","단일로","기타단일로","자전거","자전거","승용차","중형","1143937 ","1682337 ",129.07971942,35.12594608
"2014","2014051313","45","주간","화",1,1,0,0,0,"강원","원주시","차량단독","공작물충돌","공작물충돌","운전자법규위반","안전운전 의무 불이행","단일로","기타단일로","승용차","경형","00","00","1044763 ","1920193 ",127.99436498,37.28962579
"2014","2014051414","20","주간","수",1,1,0,0,0,"광주","광산구","차대차","측면직각충돌","측면직각충돌","운전자법규위반","안전운전 의무 불이행","교차로","교차로내","특수차","중형","자전거","자전거","941565  ","1688396 ",126.85815186,35.18917695
"2014","2014051211","40","주간","월",1,1,0,0,0,"강원","평창군","차량단독","도로이탈","도로이탈 추락","운전자법규위반","안전운전 의무 불이행","단일로","기타단일로","농기계","농기계","00","00","1076325 ","1923170 ",128.361938,37.30313693
"2014","2014051215","00","주간","월",1,2,0,1,0,"전남","화순군","차대차","추돌","주정차중 추돌","운전자법규위반","안전운전 의무 불이행","교차로","교차로부근","특수차","대형","화물차","대형","956921  ","1652338 ",127.02564345,34.86569504
"2014","2014042908","00","주간","화",1,1,0,0,0,"부산","진구","차량단독","공작물충돌","공작물충돌","운전자법규위반","안전운전 의무 불이행","단일로","기타단일로","특수차","대형","00","00","1139396 ","1686342 ",129.03057353,35.16268642
"2014","2014042708","50","주간","일",1,1,0,0,0,"경기","안양시","차대차","정면충돌","정면충돌","운전자법규위반","신호위반","교차로","교차로내","승합차","대형","승용차","중형","946514  ","1933952 ",126.89566952,37.40314139
"2014","2014033117","09","주간","월",1,1,0,0,0,"서울","광진구","차대차","측면직각충돌","측면직각충돌","운전자법규위반","신호위반","단일로","횡단보도상","승용차","중형","원동기장치자전거","원동기장치자전거","963644  ","1949585 ",127.08844132,37.54487985
"2014","2014033108","35","주간","월",1,1,0,0,0,"서울","종로구","차대차","측면직각충돌","측면직각충돌","운전자법규위반","부당한 회전","단일로","횡단보도상","자전거","자전거","승용차","중형","953832  ","1952689 ",126.97717545,37.57241747
"2014","2014041203","40","야간","토",1,1,0,0,0,"경기","안산시","차대사람","기타","기타","운전자법규위반","안전운전 의무 불이행","단일로","기타단일로","승용차","중형","보행자","보행자","939629  ","1927238 ",126.81842941,37.34220343
"2014","2014032518","35","야간","화",1,1,0,0,0,"경기","김포시","차대차","정면충돌","정면충돌","운전자법규위반","중앙선 침범","단일로","기타단일로","승용차","중형","승용차","대형","935563  ","1957683 ",126.76986368,37.61632987
"2014","2014032512","20","주간","화",1,2,1,0,0,"강원","춘천시","차대차","정면충돌","정면충돌","운전자법규위반","중앙선 침범","단일로","기타단일로","승용차","중형","특수차","대형","1023761 ","1978902 ",127.76993775,37.80953348
"2014","2014040416","10","주간","금",1,1,0,0,0,"경남","함안군","차대사람","횡단중","횡단중","운전자법규위반","안전운전 의무 불이행","단일로","기타단일로","승용차","대형","보행자","보행자","1077126 ","1697794 ",128.34801323,35.27264836
"2014","2014040121","50","야간","화",1,1,0,0,0,"경북","안동시","차대사람","기타","기타","운전자법규위반","안전운전 의무 불이행","기타/불명","기타/불명","승용차","중형","보행자","보행자","1110607 ","1841369 ",128.73605482,36.56369323
"2014","2014040618","33","야간","일",1,1,0,0,0,"서울","영등포구","차대사람","차도통행중","차도통행중","운전자법규위반","안전운전 의무 불이행","교차로","교차로내","승합차","대형","보행자","보행자","945582  ","1946560 ",126.88420835,37.51672561
"2014","2014040707","48","주간","월",1,2,1,0,0,"경북","김천시","차대차","측면직각충돌","측면직각충돌","운전자법규위반","교차로 통행방법 위반","교차로","교차로내","승합차","경형","이륜차","소형","1053013 ","1793902 ",128.08924466,36.14071733
"2014","2014041807","50","주간","금",1,3,2,0,0,"서울","동대문구","차대차","기타","기타","운전자법규위반","안전운전 의무 불이행","교차로","교차로내","승용차","대형","승합차","소형","959125  ","1954226 ",127.03702778,37.58652107
"2014","2014042219","50","야간","화",1,1,0,0,0,"대전","대덕구","차대사람","기타","기타","운전자법규위반","안전운전 의무 불이행","단일로","기타단일로","화물차","소형","보행자","보행자","993615  ","1828399 ",127.42874615,36.45315309
"2014","2014050214","40","주간","금",1,2,0,1,0,"서울","은평구","차대사람","횡단중","횡단중","운전자법규위반","보행자 보호의무 위반","단일로","횡단보도상","이륜차","소형","보행자","보행자","949243  ","1958058 ",126.92483774,37.62056703
"2014","2014050114","35","주간","목",1,1,0,0,0,"경북","안동시","차량단독","공작물충돌","공작물충돌","운전자법규위반","안전운전 의무 불이행","단일로","기타단일로","승합차","소형","00","00","1105784 ","1828684 ",128.68043005,36.44990663
"2014","2014042921","00","야간","화",1,1,0,0,0,"대구","달서구","차대사람","길가장자리구역통행중","길가장자리구역통행중","운전자법규위반","안전운전 의무 불이행","교차로","교차로내","승용차","중형","보행자","보행자","1095105 ","1759295 ",128.55289287,35.82553943
"2014","2014051202","20","야간","월",1,1,0,0,0,"충남","아산시","차대사람","기타","기타","운전자법규위반","안전운전 의무 불이행","기타/불명","기타/불명","승용차","소형","보행자","보행자","958536  ","1877884 ",127.03460718,36.89836632
"2014","2014051312","20","주간","화",1,2,1,0,0,"대전","서구","차대차","기타","기타","운전자법규위반","안전운전 의무 불이행","단일로","교량위","화물차","소형","승용차","중형","989729  ","1816137 ",127.38554233,36.34257341
"2014","2014051307","00","주간","화",1,4,0,3,0,"대구","북구","차대차","기타","기타","운전자법규위반","안전운전 의무 불이행","교차로","교차로부근","승용차","중형","원동기장치자전거","원동기장치자전거","1097420 ","1766029 ",128.57838342,35.88652069
"2014","2014051307","35","주간","화",1,9,1,6,1,"인천","남동구","차대차","추돌","주정차중 추돌","운전자법규위반","안전운전 의무 불이행","단일로","교량위","화물차","대형","화물차","중형","931136  ","1931596 ",126.72214821,37.38089106
"2014","2014042907","35","주간","화",1,1,0,0,0,"광주","서구","차대사람","횡단중","횡단중","운전자법규위반","안전운전 의무 불이행","단일로","횡단보도상","승합차","대형","보행자","보행자","943290  ","1685330 ",126.87716643,35.16161298
"2014","2014042923","55","야간","화",1,2,0,1,0,"전북","전주시","차대차","기타","기타","운전자법규위반","신호위반","교차로","교차로내","원동기장치자전거","원동기장치자전거","승용차","중형","968290  ","1756502 ",127.14903067,35.80445674
"2014","2014042918","55","야간","화",1,2,0,1,0,"강원","홍천군","차량단독","공작물충돌","공작물충돌","운전자법규위반","안전운전 의무 불이행","단일로","기타단일로","승용차","중형","00","00","1039128 ","1964145 ",127.94371655,37.6759989
"2014","2014042719","38","야간","일",1,1,0,0,0,"서울","노원구","차대사람","횡단중","횡단중","운전자법규위반","보행자 보호의무 위반","교차로","교차로부근","승용차","중형","보행자","보행자","962179  ","1958897 ",127.07137657,37.62875256
"2014","2014042608","10","주간","토",1,2,0,0,1,"경기","수원시","차량단독","공작물충돌","공작물충돌","운전자법규위반","안전운전 의무 불이행","단일로","기타단일로","이륜차","소형","00","00","958634  ","1917252 ",127.03353837,37.25323441
"2014","2014042700","30","야간","일",1,2,0,0,1,"충남","아산시","차대차","정면충돌","정면충돌","운전자법규위반","중앙선 침범","단일로","기타단일로","승용차","중형","승합차","대형","957767  ","1861843 ",127.0268673,36.75373244
"2014","2014042605","20","야간","토",1,1,0,0,0,"제주","서귀포시","차대차","추돌","주정차중 추돌","운전자법규위반","안전운전 의무 불이행","단일로","기타단일로","승용차","중형","농기계","농기계","937228  ","1484148 ",126.82538969,33.34703069
"2014","2014033000","29","야간","일",2,2,0,0,0,"서울","강서구","차대사람","횡단중","횡단중","운전자법규위반","안전운전 의무 불이행","단일로","기타단일로","승합차","대형","보행자","보행자","939249  ","1951535 ",126.81213709,37.56116971
"2013","2013062420","45","야간","월",1,1,0,0,0,"경북","김천시","차대사람","기타","기타","운전자법규위반","안전운전 의무 불이행","단일로","횡단보도상","승용차","대형","보행자","보행자","1053142 ","1793477 ",128.09064972,36.13687878
"2013","2013062501","34","야간","화",1,2,1,0,0,"충남","서산시","차대차","측면직각충돌","측면직각충돌","운전자법규위반","직진 및 우회전차의 통행방해","교차로","교차로내","승용차","소형","승용차","경형","907147  ","1865566 ",126.45938406,36.78368318
"2014","2014053114","10","주간","토",1,3,2,0,0,"충남","예산군","차량단독","전도전복","전도전복","운전자법규위반","안전운전 의무 불이행","단일로","기타단일로","승용차","중형","00","00","923023  ","1852667 ",126.63858801,36.66883728
"2014","2014061317","09","주간","금",2,5,2,1,0,"서울","노원구","차대차","정면충돌","정면충돌","운전자법규위반","중앙선 침범","단일로","기타단일로","승용차","중형","승용차","경형","963933  ","1963867 ",127.09100849,37.67361872
"2014","2014071108","35","주간","금",1,2,0,1,0,"충남","보령시","차량단독","공작물충돌","공작물충돌","운전자법규위반","안전운전 의무 불이행","단일로","횡단보도부근","화물차","소형","00","00","911635  ","1813653 ",126.51562713,36.31618065
"2014","2014070309","13","주간","목",1,1,0,0,0,"경기","양평군","차대차","추돌","주정차중 추돌","운전자법규위반","안전운전 의무 불이행","단일로","기타단일로","이륜차","소형","화물차","경형","1021957 ","1952332 ",127.74864266,37.57009552
"2014","2014022523","20","야간","화",1,1,0,0,0,"경기","화성시","차대사람","횡단중","횡단중","운전자법규위반","안전운전 의무 불이행","단일로","기타단일로","승합차","소형","보행자","보행자","951019  ","1913524 ",126.94791666,37.21926211
"2014","2014041605","08","야간","수",1,3,2,0,0,"경기","성남시","차대차","추돌","진행중 추돌","운전자법규위반","안전운전 의무 불이행","지하도로내","지하도로내","승용차","중형","승용차","경형","966253  ","1934430 ",127.11866991,37.40837947
"2014","2014081707","53","주간","일",2,9,6,1,0,"경북","경주시","차량단독","전도전복","전도전복","운전자법규위반","안전운전 의무 불이행","단일로","기타단일로","승합차","중형","00","00","1159659 ","1777742 ",129.27101763,35.98339706
"2014","2014091722","05","야간","수",1,1,0,0,0,"경기","평택시","차량단독","도로이탈","도로이탈 기타","운전자법규위반","안전운전 의무 불이행","단일로","기타단일로","승용차","대형","00","00","957637  ","1893331 ",127.02365027,37.0375682
"2014","2014012921","40","야간","수",1,2,0,1,0,"경북","포항시","차대차","측면직각충돌","측면직각충돌","운전자법규위반","안전운전 의무 불이행","교차로","교차로내","승용차","중형","원동기장치자전거","원동기장치자전거","1165853 ","1783279 ",129.34085329,36.03225877
"2014","2014012706","40","주간","월",1,1,0,0,0,"경기","남양주시","차대사람","횡단중","횡단중","운전자법규위반","신호위반","교차로","교차로부근","승용차","대형","보행자","보행자","973558  ","1959250 ",127.20031945,37.63233225