"발생년","발생년월일시","발생분","주야","요일","사망자수","사상자수","중상자수","경상자수","부상신고자수","발생지시도","발생지시군구","사고유형_대분류","사고유형_중분류","사고유형","법규위반_대분류","법규위반","도로형태_대분류","도로형태","당사자종별_1당_대분류","당사자종별_1당","당사자종별_2당_대분류","당사자종별_2당","발생위치X_UTMK","발생위치Y_UTMK","경도","위도"
"2013","2013013021","35","야간","수",1,1,0,0,0,"충북","청원군","차대사람","횡단중","횡단중","운전자법규위반","안전운전 의무 불이행","단일로","기타단일로","승합차","대형","보행자","보행자","1011429 ","1845886 ",127.62780174,36.61075359
"2013","2013010719","25","야간","월",1,1,0,0,0,"충북","옥천군","차대사람","횡단중","횡단중","운전자법규위반","안전운전 의무 불이행","단일로","기타단일로","화물차","소형","보행자","보행자","1003179 ","1814753 ",127.53542043,36.3301456
"2013","2013021118","30","야간","월",1,1,0,0,0,"경북","김천시","차대차","기타","기타","운전자법규위반","안전운전 의무 불이행","단일로","교량위","승용차","중형","승용차","경형","1065266 ","1795797 ",128.22558638,36.1570533
"2013","2013021223","20","야간","화",1,1,0,0,0,"인천","서구","차대사람","횡단중","횡단중","운전자법규위반","안전운전 의무 불이행","교차로","교차로부근","승합차","대형","보행자","보행자","926809  ","1944938 ",126.67187611,37.50071511
"2013","2013021820","30","야간","월",1,1,0,0,0,"제주","서귀포시","차량단독","공작물충돌","공작물충돌","운전자법규위반","안전운전 의무 불이행","교차로","교차로부근","승용차","경형","00","00","911544  ","1473917 ",126.55039257,33.25295432
"2013","2013050319","07","야간","금",1,3,0,2,0,"인천","남구","차대차","기타","기타","운전자법규위반","중앙선 침범","단일로","기타단일로","이륜차","대형","승용차","중형","924767  ","1940037 ",126.64935414,37.45647304
"2013","2013111010","00","주간","일",1,1,0,0,0,"경기","고양시","차대사람","횡단중","횡단중","운전자법규위반","보행자 보호의무 위반","교차로","교차로내","승용차","대형","보행자","보행자","935698  ","1965441 ",126.77071039,37.68619679
"2013","2013110719","50","야간","목",1,3,0,2,0,"충남","논산시","차대사람","횡단중","횡단중","운전자법규위반","안전운전 의무 불이행","단일로","기타단일로","승용차","소형","보행자","보행자","964762  ","1805234 ",127.10781187,36.24368937
"2014","2014102216","30","주간","수",2,3,1,0,0,"경북","예천군","차량단독","도로이탈","도로이탈 기타","운전자법규위반","안전운전 의무 불이행","단일로","기타단일로","승용차","대형","00","00","1091899 ","1858915 ",128.52912481,36.72382846
"2014","2014102211","18","주간","수",1,1,0,0,0,"경남","창원시(통합)","차대사람","횡단중","횡단중","운전자법규위반","안전운전 의무 불이행","교차로","교차로내","화물차","소형","보행자","보행자","1103920 ","1695297 ",128.64056099,35.24987578
"2014","2014103104","12","야간","금",1,1,0,0,0,"경기","평택시","차량단독","공작물충돌","공작물충돌","운전자법규위반","안전운전 의무 불이행","단일로","기타단일로","승합차","경형","00","00","947092  ","1888194 ",126.90544334,36.99072843
"2014","2014102808","55","주간","화",1,1,0,0,0,"서울","성동구","차대사람","기타","기타","운전자법규위반","안전운전 의무 불이행","단일로","기타단일로","자전거","자전거","보행자","보행자","960662  ","1949460 ",127.05469196,37.54363071
"2014","2014090320","40","야간","수",1,1,0,0,0,"서울","양천구","차대사람","횡단중","횡단중","운전자법규위반","안전운전 의무 불이행","단일로","기타단일로","화물차","소형","보행자","보행자","940862  ","1949116 ",126.8305944,37.53947232
"2014","2014090223","10","야간","화",1,1,0,0,0,"서울","광진구","차대사람","횡단중","횡단중","운전자법규위반","과속","단일로","기타단일로","승용차","중형","보행자","보행자","963445  ","1950663 ",127.08613492,37.55458837
"2014","2014091513","05","주간","월",1,1,0,0,0,"전남","화순군","차대차","정면충돌","정면충돌","운전자법규위반","중앙선 침범","단일로","기타단일로","승용차","대형","원동기장치자전거","원동기장치자전거","948433  ","1668609 ",126.9389609,35.01128227
"2014","2014091402","12","야간","일",1,1,0,0,0,"경기","안산시","차대사람","기타","기타","운전자법규위반","안전운전 의무 불이행","교차로","교차로부근","승용차","중형","보행자","보행자","942193  ","1926211 ",126.84805722,37.3339065
"2014","2014092123","59","야간","일",1,2,1,0,0,"전북","전주시","차대차","기타","기타","운전자법규위반","신호위반","교차로","교차로내","승용차","중형","이륜차","중형","968817  ","1761882 ",127.15465337,35.85297991
"2014","2014092106","15","주간","일",1,1,0,0,0,"경남","진주시","차대사람","기타","기타","운전자법규위반","안전운전 의무 불이행","교차로","교차로부근","승용차","중형","보행자","보행자","1055339 ","1685028 ",128.10761753,35.15898424
"2014","2014092119","20","야간","일",1,1,0,0,0,"전북","완주군","차대차","기타","기타","운전자법규위반","안전운전 의무 불이행","교차로","교차로내","승용차","소형","자전거","자전거","967151  ","1770292 ",127.13585599,35.92874941
"2014","2014092306","20","주간","화",2,3,1,0,0,"충남","천안시","차대차","정면충돌","정면충돌","운전자법규위반","신호위반","교차로","교차로내","승합차","대형","승합차","소형","970385  ","1862989 ",127.16817858,36.76454132
"2014","2014092317","25","주간","화",1,1,0,0,0,"경북","의성군","차대차","추돌","진행중 추돌","운전자법규위반","안전운전 의무 불이행","단일로","기타단일로","화물차","소형","자전거","자전거","1113212 ","1815389 ",128.76136302,36.32922826
"2014","2014092320","35","야간","화",1,1,0,0,0,"충북","청주시","차대사람","기타","기타","운전자법규위반","보행자 보호의무 위반","교차로","교차로내","승용차","중형","보행자","보행자","997283  ","1850859 ",127.46960024,36.65564977
"2014","2014092313","30","주간","화",1,1,0,0,0,"경남","밀양시","차대사람","길가장자리구역통행중","길가장자리구역통행중","운전자법규위반","안전운전 의무 불이행","단일로","기타단일로","화물차","소형","보행자","보행자","1117282 ","1723826 ",128.79319316,35.50341579
"2014","2014092221","30","야간","월",1,1,0,0,0,"경기","화성시","차대사람","길가장자리구역통행중","길가장자리구역통행중","운전자법규위반","안전운전 의무 불이행","단일로","기타단일로","승용차","중형","보행자","보행자","931345  ","1909976 ",126.7265058,37.18604179
"2014","2014091621","38","야간","화",1,1,0,0,0,"경북","안동시","차대사람","횡단중","횡단중","운전자법규위반","안전운전 의무 불이행","단일로","기타단일로","승용차","소형","보행자","보행자","1108647 ","1841399 ",128.71416016,36.56418867
"2014","2014091807","50","주간","목",1,1,0,0,0,"경북","문경시","차량단독","도로이탈","도로이탈 추락","운전자법규위반","안전운전 의무 불이행","단일로","기타단일로","원동기장치자전거","원동기장치자전거","00","00","1040418 ","1845756 ",127.96195934,36.60705096
"2014","2014081703","52","야간","일",1,2,0,1,0,"서울","도봉구","차대사람","횡단중","횡단중","운전자법규위반","과속","교차로","교차로부근","승용차","중형","보행자","보행자","959916  ","1964649 ",127.04541488,37.68050023
"2014","2014081523","20","야간","금",1,1,0,0,0,"경북","상주시","차대사람","횡단중","횡단중","운전자법규위반","안전운전 의무 불이행","단일로","기타단일로","화물차","소형","보행자","보행자","1058758 ","1842194 ",128.15674474,36.57572951
"2014","2014081811","25","주간","월",1,1,0,0,0,"강원","춘천시","차대차","정면충돌","정면충돌","운전자법규위반","중앙선 침범","교차로","교차로부근","화물차","소형","원동기장치자전거","원동기장치자전거","1017840 ","1998698 ",127.70316229,37.98808973
"2014","2014082519","05","야간","월",1,1,0,0,0,"경남","김해시","차대사람","횡단중","횡단중","운전자법규위반","안전운전 의무 불이행","단일로","기타단일로","화물차","소형","보행자","보행자","1124346 ","1698038 ",128.86713528,35.27009551
"2014","2014082610","15","주간","화",1,1,0,0,0,"경남","합천군","차대사람","횡단중","횡단중","운전자법규위반","보행자 보호의무 위반","단일로","횡단보도상","화물차","소형","보행자","보행자","1060102 ","1730386 ",128.16324842,35.56767187
"2014","2014082615","30","주간","화",1,2,1,0,0,"충북","영동군","차량단독","도로이탈","도로이탈 추락","운전자법규위반","안전운전 의무 불이행","단일로","기타단일로","원동기장치자전거","원동기장치자전거","00","00","1037414 ","1794893 ",127.92103825,36.14852208
"2014","2014082500","13","야간","월",1,4,2,1,0,"강원","고성군","차대차","추돌","주정차중 추돌","운전자법규위반","안전운전 의무 불이행","단일로","기타단일로","승용차","중형","승용차","중형","1089436 ","2037405 ",128.52329128,38.33265331
"2014","2014090211","30","주간","화",1,3,2,0,0,"제주","제주시","차대차","기타","기타","운전자법규위반","안전운전 의무 불이행","단일로","기타단일로","승용차","경형","화물차","중형","898376  ","1498956 ",126.40622817,33.47760145
"2014","2014083105","00","야간","일",1,1,0,0,0,"부산","진구","차대사람","기타","기타","운전자법규위반","안전운전 의무 불이행","교차로","교차로내","승용차","중형","보행자","보행자","1138465 ","1685061 ",129.02013946,35.15126816
"2014","2014090605","40","야간","토",1,1,0,0,0,"경남","김해시","차대사람","보도통행중","보도통행중","운전자법규위반","보행자 보호의무 위반","단일로","기타단일로","승용차","중형","보행자","보행자","1117847 ","1687923 ",128.79424915,35.17969711
"2014","2014090619","16","야간","토",1,1,0,0,0,"충북","괴산군","차대차","추돌","진행중 추돌","운전자법규위반","과속","단일로","기타단일로","화물차","소형","자전거","자전거","1044223 ","1863321 ",127.99613949,36.76705261
"2014","2014090314","00","주간","수",1,1,0,0,0,"경남","김해시","차량단독","공작물충돌","공작물충돌","운전자법규위반","안전운전 의무 불이행","단일로","기타단일로","승용차","중형","00","00","1124940 ","1701412 ",128.87417831,35.30043619
"2014","2014091504","15","야간","월",1,1,0,0,0,"서울","광진구","차량단독","전도전복","전도전복","운전자법규위반","기타(운전자법규위반)","단일로","기타단일로","원동기장치자전거","원동기장치자전거","00","00","963227  ","1949151 ",127.08367682,37.54098192
"2014","2014091419","10","야간","일",1,1,0,0,0,"경기","안산시","차대사람","횡단중","횡단중","운전자법규위반","안전운전 의무 불이행","교차로","교차로부근","승용차","중형","보행자","보행자","917494  ","1920037 ",126.56931317,37.27559865
"2014","2014091510","30","주간","월",1,1,0,0,0,"광주","서구","차대사람","기타","기타","운전자법규위반","안전운전 의무 불이행","단일로","기타단일로","화물차","소형","보행자","보행자","942490  ","1681168 ",126.86881508,35.12405795
"2014","2014091906","00","주간","금",1,2,1,0,0,"경기","포천시","차대차","추돌","진행중 추돌","운전자법규위반","신호위반","교차로","교차로내","승용차","소형","승용차","중형","971121  ","1984682 ",127.17168902,37.86148106
"2014","2014092122","10","야간","일",1,1,0,0,0,"대구","동구","차대사람","횡단중","횡단중","운전자법규위반","안전운전 의무 불이행","교차로","교차로부근","승용차","소형","보행자","보행자","1106358 ","1764939 ",128.67820322,35.87526014
"2014","2014092212","00","주간","월",1,1,0,0,0,"경북","김천시","차량단독","공작물충돌","공작물충돌","운전자법규위반","안전운전 의무 불이행","단일로","기타단일로","이륜차","중형","00","00","1053764 ","1793067 ",128.09753462,36.13314824
"2014","2014092104","55","야간","일",1,1,0,0,0,"울산","중구","차대차","측면직각충돌","측면직각충돌","운전자법규위반","신호위반","교차로","교차로내","이륜차","소형","승용차","중형","1166826 ","1729916 ",129.34052188,35.55120841
"2014","2014092421","39","야간","수",1,4,2,1,0,"인천","남동구","차대사람","기타","기타","운전자법규위반","안전운전 의무 불이행","단일로","기타단일로","승합차","중형","보행자","보행자","931118  ","1939816 ",126.72117805,37.45497624
"2014","2014100321","15","야간","금",2,4,1,1,0,"경기","시흥시","차대차","기타","기타","운전자법규위반","안전거리 미확보","교차로","교차로부근","특수차","대형","승용차","소형","931020  ","1929336 ",126.7210487,37.36051299
"2014","2014091716","18","주간","수",1,1,0,0,0,"인천","부평구","차대사람","횡단중","횡단중","운전자법규위반","보행자 보호의무 위반","교차로","교차로내","화물차","대형","보행자","보행자","929850  ","1946244 ",126.7062298,37.51281533
"2014","2014091802","20","야간","목",1,1,0,0,0,"경기","남양주시","차량단독","공작물충돌","공작물충돌","운전자법규위반","안전운전 의무 불이행","단일로","기타단일로","이륜차","중형","00","00","970988  ","1954645 ",127.17137545,37.59074821
"2014","2014091619","55","야간","화",1,1,0,0,0,"경기","안양시","차대사람","횡단중","횡단중","운전자법규위반","안전운전 의무 불이행","교차로","교차로부근","원동기장치자전거","원동기장치자전거","보행자","보행자","948684  ","1933169 ",126.92024123,37.3962067
"2013","2013061209","20","주간","수",1,2,0,1,0,"제주","제주시","차대차","측면직각충돌","측면직각충돌","운전자법규위반","안전거리 미확보","교차로","교차로부근","이륜차","소형","승합차","대형","915750  ","1500309 ",126.59307359,33.49131262
"2013","2013062722","28","야간","목",1,2,1,0,0,"경기","고양시","차대사람","보도통행중","보도통행중","운전자법규위반","안전운전 의무 불이행","단일로","기타단일로","원동기장치자전거","원동기장치자전거","보행자","보행자","940809  ","1957958 ",126.82927999,37.61916122
"2013","2013060207","50","주간","일",1,1,0,0,0,"충북","충주시","차대사람","길가장자리구역통행중","길가장자리구역통행중","운전자법규위반","안전운전 의무 불이행","교차로","교차로내","승용차","중형","보행자","보행자","1035638 ","1882830 ",127.90023619,36.94318933
"2013","2013060120","00","야간","토",1,1,0,0,0,"광주","서구","차대사람","횡단중","횡단중","운전자법규위반","보행자 보호의무 위반","단일로","횡단보도상","승용차","중형","보행자","보행자","941011  ","1681292 ",126.85257479,35.12509041
"2013","2013053018","40","야간","목",1,1,0,0,0,"대구","달성군","차대차","측면직각충돌","측면직각충돌","운전자법규위반","안전운전 의무 불이행","단일로","기타단일로","특수차","대형","자전거","자전거","1084723 ","1746414 ",128.43660746,35.710368
"2013","2013061005","08","야간","월",1,2,0,1,0,"경기","의정부시","차대차","추돌","진행중 추돌","운전자법규위반","교차로 통행방법 위반","교차로","교차로내","원동기장치자전거","원동기장치자전거","승용차","경형","959294  ","1972878 ",127.03790065,37.75464113
"2012","2012090803","30","야간","토",1,2,1,0,0,"경기","김포시","차량단독","공작물충돌","공작물충돌","운전자법규위반","안전운전 의무 불이행","단일로","기타단일로","승용차","중형","00","00","935689  ","1955355 ",126.77149594,37.59535696
"2012","2012010118","15","야간","일",1,1,0,0,0,"서울","영등포구","차대사람","횡단중","횡단중","운전자법규위반","안전운전 의무 불이행","단일로","기타단일로","승합차","대형","보행자","보행자","947288  ","1946929 ",126.90348592,37.52015053
"2013","2013050405","40","야간","토",1,2,1,0,0,"강원","원주시","차대차","측면직각충돌","측면직각충돌","운전자법규위반","중앙선 침범","단일로","기타단일로","승용차","소형","승용차","소형","1027948 ","1921903 ",127.81533163,37.29565734
"2013","2013092907","40","주간","일",3,5,2,0,0,"제주","서귀포시","차대차","측면직각충돌","측면직각충돌","운전자법규위반","안전운전 의무 불이행","교차로","교차로내","건설기계","건설기계","승용차","중형","903252  ","1478171 ",126.46093276,33.29060746
"2013","2013101010","40","주간","목",1,2,1,0,0,"경기","고양시","차대차","기타","기타","운전자법규위반","신호위반","단일로","횡단보도상","이륜차","소형","자전거","자전거","936344  ","1960980 ",126.77842529,37.64609933
"2013","2013101813","35","주간","금",1,1,0,0,0,"강원","정선군","차대차","추돌","진행중 추돌","운전자법규위반","안전운전 의무 불이행","단일로","기타단일로","건설기계","건설기계","농기계","농기계","1103160 ","1917692 ",128.66324774,37.25240495
"2013","2013090111","30","주간","일",1,2,1,0,0,"충북","영동군","차량단독","도로이탈","도로이탈 추락","운전자법규위반","안전운전 의무 불이행","교차로","교차로내","이륜차","소형","00","00","1037063 ","1807168 ",127.91259101,36.26105671
"2013","2013090206","40","주간","월",1,1,0,0,0,"충북","충주시","차대차","추돌","진행중 추돌","운전자법규위반","신호위반","교차로","교차로내","화물차","중형","승용차","경형","1016050 ","1889570 ",127.6803961,37.00448415
"2013","2013051906","54","주간","일",1,1,0,0,0,"경남","양산시","차대사람","횡단중","횡단중","운전자법규위반","안전운전 의무 불이행","단일로","기타단일로","승용차","경형","보행자","보행자","1140783 ","1710624 ",129.04996251,35.38136462
"2013","2013051905","07","야간","일",1,1,0,0,0,"경북","울진군","차량단독","공작물충돌","공작물충돌","운전자법규위반","안전운전 의무 불이행","단일로","기타단일로","화물차","소형","00","00","1173973 ","1867829 ",129.44988902,36.79264877
"2013","2013060310","20","주간","월",1,4,1,2,0,"경북","경주시","차대차","기타","기타","운전자법규위반","안전운전 의무 불이행","기타/불명","기타/불명","화물차","대형","화물차","대형","1157432 ","1772668 ",129.24531832,35.93803322
"2013","2013061301","55","야간","목",1,4,2,1,0,"경기","구리시","차대차","측면직각충돌","측면직각충돌","운전자법규위반","안전운전 의무 불이행","교차로","교차로내","승용차","대형","승용차","중형","968143  ","1954833 ",127.13914196,37.5923486
"2013","2013071302","15","야간","토",1,1,0,0,0,"경기","용인시","차량단독","공작물충돌","공작물충돌","운전자법규위반","안전운전 의무 불이행","교차로","교차로부근","승용차","중형","00","00","972456  ","1916118 ",127.18958567,37.24393909
"2013","2013062602","39","야간","수",1,19,5,13,0,"서울","구로구","차대차","추돌","주정차중 추돌","운전자법규위반","안전운전 의무 불이행","단일로","기타단일로","승합차","대형","화물차","대형","944741  ","1945479 ",126.87477343,37.50693244
"2014","2014062700","18","야간","금",1,1,0,0,0,"경남","김해시","차대사람","횡단중","횡단중","운전자법규위반","안전운전 의무 불이행","교차로","교차로내","승용차","중형","보행자","보행자","1123566 ","1694386 ",128.85801237,35.23727107
"2012","2012051105","45","야간","금",1,1,0,0,0,"서울","은평구","차대사람","횡단중","횡단중","운전자법규위반","안전운전 의무 불이행","단일로","횡단보도상","화물차","소형","보행자","보행자","948821  ","1958511 ",126.92002427,37.62462652
"2012","2012011916","30","주간","목",1,1,0,0,0,"경기","양주시","차량단독","공작물충돌","공작물충돌","운전자법규위반","안전운전 의무 불이행","단일로","교량위","승용차","중형","00","00","958658  ","1976072 ",127.02711571,37.78502684
"2012","2012012518","35","야간","수",1,1,0,0,0,"전남","나주시","차대사람","기타","기타","운전자법규위반","안전운전 의무 불이행","교차로","교차로내","승용차","중형","보행자","보행자","932650  ","1669284 ",126.76179186,35.01629437
"2012","2012122108","40","주간","금",1,1,0,0,0,"경남","고성군","차대차","측면직각충돌","측면직각충돌","운전자법규위반","중앙선 침범","단일로","기타단일로","화물차","소형","자전거","자전거","1063575 ","1677658 ",128.19747575,35.09204475
"2012","2012122516","18","주간","화",1,2,0,1,0,"전북","남원시","차대차","정면충돌","정면충돌","운전자법규위반","중앙선 침범","단일로","기타단일로","승용차","경형","승합차","대형","1007700 ","1718156 ",127.58485881,35.4591926
"2012","2012051215","30","주간","토",1,1,0,0,0,"경기","고양시","차대차","측면직각충돌","측면직각충돌","운전자법규위반","교차로 통행방법 위반","교차로","교차로내","승용차","경형","자전거","자전거","939264  ","1958520 ",126.81172734,37.62412562
"2012","2012081903","10","야간","일",1,1,0,0,0,"경기","의정부시","차량단독","전도전복","전도전복","운전자법규위반","안전운전 의무 불이행","교차로","교차로부근","승용차","소형","00","00","958628  ","1972171 ",127.03038064,37.74823907
"2012","2012082708","55","주간","월",1,1,0,0,0,"전북","정읍시","차대차","측면직각충돌","측면직각충돌","운전자법규위반","부당한 회전","단일로","기타단일로","자전거","자전거","화물차","소형","940782  ","1731477 ",126.84642639,35.5775616
"2012","2012090105","15","야간","토",1,1,0,0,0,"경남","진주시","차대차","추돌","진행중 추돌","운전자법규위반","안전운전 의무 불이행","단일로","기타단일로","승용차","중형","이륜차","소형","1074185 ","1684644 ",128.31449426,35.15430755
"2014","2014040709","00","주간","월",1,1,0,0,0,"경기","광명시","차대차","측면직각충돌","측면직각충돌","운전자법규위반","부당한 회전","교차로","교차로부근","자전거","자전거","화물차","소형","946496  ","1938214 ",126.89515723,37.44155495
"2014","2014110117","45","주간","토",1,1,0,0,0,"부산","남구","차대사람","기타","기타","운전자법규위반","안전운전 의무 불이행","단일로","기타단일로","승합차","소형","보행자","보행자","1144528 ","1682060 ",129.08615506,35.12336456
"2014","2014092504","00","야간","목",1,1,0,0,0,"전남","순천시","차대사람","차도통행중","차도통행중","운전자법규위반","안전운전 의무 불이행","단일로","기타단일로","승용차","중형","보행자","보행자","994447  ","1651814 ",127.43924888,34.86098798
"2014","2014092017","00","주간","토",1,1,0,0,0,"서울","강북구","차대차","기타","기타","운전자법규위반","안전운전 의무 불이행","단일로","횡단보도상","원동기장치자전거","원동기장치자전거","자전거","자전거","958949  ","1957006 ",127.03487841,37.61156998
"2014","2014090301","25","야간","수",1,2,1,0,0,"충북","진천군","차량단독","공작물충돌","공작물충돌","운전자법규위반","안전운전 의무 불이행","단일로","기타단일로","화물차","중형","00","00","997760  ","1874569 ",127.47486761,36.86939169
"2014","2014123115","00","주간","수",1,2,0,1,0,"경북","영천시","차대차","추돌","진행중 추돌","운전자법규위반","안전운전 의무 불이행","단일로","터널안","화물차","소형","화물차","대형","1147708 ","1786059 ",129.1400548,36.06023504
"2014","2014010816","40","주간","수",1,1,0,0,0,"경남","창녕군","차량단독","기타","기타","운전자법규위반","안전운전 의무 불이행","교차로","교차로부근","원동기장치자전거","원동기장치자전거","00","00","1083558 ","1723839 ",128.42139327,35.50694578
"2014","2014052520","14","야간","일",1,1,0,0,0,"전북","정읍시","차대사람","횡단중","횡단중","운전자법규위반","보행자 보호의무 위반","교차로","교차로내","승용차","소형","보행자","보행자","941988  ","1731991 ",126.85969906,35.58226726
"2014","2014061013","10","주간","화",1,1,0,0,0,"인천","서구","차대차","기타","기타","운전자법규위반","안전운전 의무 불이행","단일로","기타단일로","건설기계","건설기계","자전거","자전거","926600  ","1943524 ",126.66972995,37.48804789
"2014","2014051920","05","야간","월",1,3,2,0,0,"서울","서대문구","차대차","정면충돌","정면충돌","운전자법규위반","중앙선 침범","단일로","기타단일로","원동기장치자전거","원동기장치자전거","승합차","대형","950465  ","1955424 ",126.93886283,37.59689329
"2014","2014081002","54","야간","일",1,1,0,0,0,"경기","화성시","차대사람","차도통행중","차도통행중","운전자법규위반","과속","단일로","기타단일로","승용차","중형","보행자","보행자","958099  ","1913683 ",127.0277064,37.22104037
"2014","2014041217","48","주간","토",1,1,0,0,0,"경남","의령군","차량단독","기타","기타","운전자법규위반","안전운전 의무 불이행","단일로","기타단일로","이륜차","사발이","00","00","1067935 ","1717120 ",128.24857146,35.44756027
"2014","2014102118","10","야간","화",1,1,0,0,0,"전남","나주시","차대사람","차도통행중","차도통행중","운전자법규위반","안전운전 의무 불이행","단일로","기타단일로","화물차","중형","보행자","보행자","940478  ","1672971 ",126.84673896,35.05001419
"2014","2014101608","25","주간","목",1,1,0,0,0,"경남","김해시","차대사람","횡단중","횡단중","운전자법규위반","안전운전 의무 불이행","단일로","기타단일로","승용차","경형","보행자","보행자","1124415 ","1693585 ",128.86721949,35.2299454
"2014","2014090921","10","야간","화",1,1,0,0,0,"서울","강동구","차대사람","횡단중","횡단중","운전자법규위반","안전운전 의무 불이행","단일로","교량위","승용차","소형","보행자","보행자","966369  ","1949114 ",127.11930991,37.54073802
"2014","2014092006","40","주간","토",1,1,0,0,0,"대구","동구","차대차","측면직각충돌","측면직각충돌","운전자법규위반","안전운전 의무 불이행","단일로","기타단일로","화물차","소형","자전거","자전거","1103779 ","1766135 ",128.64979486,35.88631804
"2014","2014090417","40","주간","목",1,1,0,0,0,"부산","강서구","차대차","측면직각충돌","측면직각충돌","운전자법규위반","안전운전 의무 불이행","교차로","교차로내","승용차","중형","이륜차","소형","1128583 ","1684734 ",128.91162932,35.14963289
"2014","2014091508","10","주간","월",1,1,0,0,0,"경남","거제시","차대사람","기타","기타","운전자법규위반","안전운전 의무 불이행","단일로","기타단일로","승용차","경형","보행자","보행자","1089534 ","1652175 ",128.47949837,34.86031366
"2014","2014091912","00","주간","금",1,2,0,1,0,"인천","남구","차대차","추돌","주정차중 추돌","운전자법규위반","안전운전 의무 불이행","지하도로내","지하도로내","이륜차","소형","화물차","중형","923464  ","1939978 ",126.63462901,37.45583433
"2014","2014090519","45","야간","금",1,1,0,0,0,"경남","양산시","차대사람","횡단중","횡단중","운전자법규위반","과속","교차로","교차로부근","승용차","경형","보행자","보행자","1138358 ","1704142 ",129.02217585,35.32327718
"2014","2014091320","45","야간","토",1,1,0,0,0,"울산","울주군","차량단독","전도전복","전도전복","운전자법규위반","안전운전 의무 불이행","기타/불명","기타/불명","농기계","농기계","00","00","1160949 ","1716752 ",129.27310248,35.43354173
"2014","2014022323","25","야간","일",2,2,0,0,0,"경남","김해시","차대차","추돌","진행중 추돌","운전자법규위반","안전운전 의무 불이행","단일로","기타단일로","화물차","소형","화물차","소형","1120065 ","1689038 ",128.81876494,35.18948587
"2014","2014033111","20","주간","월",2,2,0,0,0,"전북","순창군","차량단독","기타","기타","운전자법규위반","안전운전 의무 불이행","단일로","기타단일로","화물차","대형","00","00","961461  ","1713735 ",127.07549045,35.41861315
"2014","2014041119","23","야간","금",1,1,0,0,0,"제주","서귀포시","차대사람","기타","기타","운전자법규위반","안전운전 의무 불이행","단일로","기타단일로","승용차","중형","보행자","보행자","943932  ","1490708 ",126.89702569,33.40656798
"2014","2014031719","25","야간","월",1,3,1,1,0,"서울","강서구","차대차","기타","기타","운전자법규위반","중앙선 침범","단일로","기타단일로","승용차","중형","화물차","소형","939877  ","1951517 ",126.81904908,37.56059237
"2014","2014032905","20","야간","토",1,1,0,0,0,"경기","구리시","차대사람","횡단중","횡단중","운전자법규위반","안전운전 의무 불이행","교차로","교차로내","승용차","대형","보행자","보행자","968240  ","1956133 ",127.14018428,37.6040693
"2013","2013111419","10","야간","목",1,1,0,0,0,"경북","구미시","차량단독","도로이탈","도로이탈 추락","운전자법규위반","안전운전 의무 불이행","교차로","교차로부근","이륜차","소형","00","00","1068972 ","1805569 ",128.26764377,36.2448895
"2013","2013111310","00","주간","수",1,1,0,0,0,"경북","영덕군","차대사람","기타","기타","운전자법규위반","안전운전 의무 불이행","단일로","기타단일로","화물차","소형","보행자","보행자","1156774 ","1820309 ",129.24752889,36.36745741
"2013","2013111306","15","주간","수",1,1,0,0,0,"경남","거제시","차대사람","기타","기타","운전자법규위반","보행자 보호의무 위반","단일로","횡단보도상","승용차","중형","보행자","보행자","1109651 ","1650070 ",128.6992633,34.83936409
"2013","2013110414","00","주간","월",1,1,0,0,0,"대구","서구","차대차","기타","기타","운전자법규위반","신호위반","단일로","횡단보도상","화물차","소형","이륜차","중형","1094131 ","1765179 ",128.54280585,35.87867572
"2013","2013110915","40","주간","토",1,1,0,0,0,"광주","광산구","차량단독","공작물충돌","공작물충돌","운전자법규위반","안전운전 의무 불이행","단일로","기타단일로","화물차","소형","00","00","934238  ","1683735 ",126.77804926,35.14669792
"2013","2013120613","30","주간","금",1,1,0,0,0,"전북","정읍시","차대차","추돌","진행중 추돌","운전자법규위반","안전운전 의무 불이행","단일로","기타단일로","건설기계","건설기계","원동기장치자전거","원동기장치자전거","948134  ","1737237 ",126.91874674,35.64202045
"2013","2013030520","43","야간","화",1,1,0,0,0,"서울","양천구","차대차","측면직각충돌","측면직각충돌","운전자법규위반","안전운전 의무 불이행","단일로","기타단일로","자전거","자전거","승합차","대형","943492  ","1945495 ",126.86064121,37.507001
"2013","2013031919","05","야간","화",1,1,0,0,0,"서울","강남구","차대차","측면직각충돌","측면직각충돌","운전자법규위반","신호위반","교차로","교차로내","승용차","중형","이륜차","중형","961971  ","1944221 ",127.06978072,37.49646455
"2013","2013071920","43","야간","금",1,1,0,0,0,"전북","완주군","차대차","기타","기타","운전자법규위반","안전운전 의무 불이행","단일로","기타단일로","승용차","소형","자전거","자전거","969301  ","1768307 ",127.15976585,35.91092276
"2013","2013071010","30","주간","수",1,1,0,0,0,"대구","북구","차대차","측면직각충돌","측면직각충돌","운전자법규위반","안전운전 의무 불이행","단일로","횡단보도부근","승용차","중형","자전거","자전거","1095976 ","1768085 ",128.56359241,35.90469283
"2013","2013081612","00","주간","금",1,1,0,0,0,"경기","동두천시","차대차","추돌","진행중 추돌","운전자법규위반","안전운전 의무 불이행","단일로","기타단일로","화물차","소형","원동기장치자전거","원동기장치자전거","959595  ","1989716 ",127.03543005,37.90802511
"2014","2014062813","50","주간","토",1,1,0,0,0,"충북","영동군","차대사람","기타","기타","운전자법규위반","직진 및 우회전차의 통행방해","교차로","교차로내","승용차","소형","보행자","보행자","1044770 ","1802252 ",127.9981026,36.21641107