"발생년","발생년월일시","발생분","주야","요일","사망자수","사상자수","중상자수","경상자수","부상신고자수","발생지시도","발생지시군구","사고유형_대분류","사고유형_중분류","사고유형","법규위반_대분류","법규위반","도로형태_대분류","도로형태","당사자종별_1당_대분류","당사자종별_1당","당사자종별_2당_대분류","당사자종별_2당","발생위치X_UTMK","발생위치Y_UTMK","경도","위도"
"2014","2014063008","50","주간","월",1,1,0,0,0,"충남","공주시","차량단독","도로이탈","도로이탈 추락","운전자법규위반","안전운전 의무 불이행","단일로","기타단일로","화물차","소형","00","00","958435  ","1828999 ",127.03612698,36.45768213
"2014","2014063012","45","주간","월",1,2,0,1,0,"경기","수원시","차대차","기타","기타","운전자법규위반","중앙선 침범","단일로","기타단일로","승용차","중형","승용차","경형","954884  ","1916361 ",126.98931943,37.2421721
"2014","2014070118","00","야간","화",1,1,0,0,0,"충남","서산시","차대차","정면충돌","정면충돌","운전자법규위반","중앙선 침범","단일로","기타단일로","화물차","소형","이륜차","소형","911924  ","1850644 ",126.51463256,36.64963968
"2014","2014070122","06","야간","화",1,1,0,0,0,"세종","세종","차대차","추돌","진행중 추돌","운전자법규위반","안전운전 의무 불이행","단일로","기타단일로","화물차","소형","자전거","자전거","972241  ","1851455 ",127.18939266,36.66062156
"2014","2014070118","05","야간","화",1,1,0,0,0,"강원","원주시","차대사람","횡단중","횡단중","운전자법규위반","보행자 보호의무 위반","단일로","기타단일로","승용차","소형","보행자","보행자","1039149 ","1927908 ",127.94091669,37.34901032
"2014","2014070211","50","주간","수",1,1,0,0,0,"부산","사상구","차대사람","기타","기타","운전자법규위반","안전운전 의무 불이행","교차로","교차로내","승용차","중형","보행자","보행자","1137268 ","1685243 ",129.0070325,35.15307287
"2014","2014031501","30","야간","토",1,1,0,0,0,"충남","예산군","차량단독","공작물충돌","공작물충돌","운전자법규위반","안전운전 의무 불이행","교차로","교차로내","승용차","경형","00","00","939984  ","1855315 ",126.82816922,36.69392869
"2014","2014041419","25","야간","월",1,1,0,0,0,"전북","군산시","차대사람","횡단중","횡단중","운전자법규위반","안전운전 의무 불이행","교차로","교차로내","승용차","중형","보행자","보행자","940459  ","1771647 ",126.83987686,35.93970328
"2014","2014042108","50","주간","월",2,2,0,0,0,"인천","강화군","차대사람","길가장자리구역통행중","길가장자리구역통행중","운전자법규위반","안전운전 의무 불이행","단일로","기타단일로","승합차","소형","보행자","보행자","903948  ","1955752 ",126.4119368,37.596168
"2014","2014102617","32","주간","일",1,1,0,0,0,"충남","당진시","차대차","기타","기타","운전자법규위반","안전운전 의무 불이행","교차로","교차로내","원동기장치자전거","원동기장치자전거","승용차","중형","936064  ","1868394 ",126.77345507,36.81130198
"2014","2014102702","00","야간","월",1,1,0,0,0,"인천","남구","차대차","측면직각충돌","측면직각충돌","운전자법규위반","안전운전 의무 불이행","교차로","교차로내","승합차","대형","이륜차","소형","926367  ","1939188 ",126.6675281,37.44895001
"2014","2014090421","20","야간","목",1,1,0,0,0,"경북","영덕군","차대차","기타","기타","운전자법규위반","안전운전 의무 불이행","단일로","기타단일로","승용차","중형","승합차","중형","1170647 ","1837343 ",129.40214305,36.51923112
"2014","2014092803","50","야간","일",1,1,0,0,0,"서울","동대문구","차량단독","공작물충돌","공작물충돌","운전자법규위반","안전운전 의무 불이행","단일로","기타단일로","이륜차","중형","00","00","958894  ","1952798 ",127.03449157,37.57363986
"2014","2014012406","13","주간","금",1,1,0,0,0,"대구","남구","차대차","측면직각충돌","측면직각충돌","운전자법규위반","안전운전 의무 불이행","단일로","기타단일로","승용차","대형","자전거","자전거","1098485 ","1761908 ",128.59062874,35.84876086
"2014","2014012320","00","야간","목",1,2,0,0,1,"전남","화순군","차량단독","전도전복","전도전복","운전자법규위반","안전운전 의무 불이행","단일로","기타단일로","승용차","소형","00","00","950846  ","1663097 ",126.96159024,34.96155503
"2014","2014012714","50","주간","월",1,2,1,0,0,"경기","파주시","차대차","정면충돌","정면충돌","운전자법규위반","중앙선 침범","단일로","기타단일로","화물차","중형","화물차","소형","931836  ","1971639 ",126.72633127,37.74184046
"2014","2014091622","20","야간","화",1,1,0,0,0,"경남","사천시","차대사람","횡단중","횡단중","운전자법규위반","안전운전 의무 불이행","단일로","기타단일로","승용차","소형","보행자","보행자","1052157 ","1662881 ",128.07128828,34.95945708
"2014","2014091711","45","주간","수",1,1,0,0,0,"충남","예산군","차량단독","기타","기타","운전자법규위반","안전운전 의무 불이행","단일로","기타단일로","원동기장치자전거","원동기장치자전거","00","00","934324  ","1851279 ",126.76516068,36.65717311
"2014","2014091623","15","야간","화",1,1,0,0,0,"부산","남구","차대사람","기타","기타","운전자법규위반","안전운전 의무 불이행","교차로","교차로내","승용차","중형","보행자","보행자","1143859 ","1682157 ",129.0709922,35.12523006
"2014","2014121512","00","주간","월",1,1,0,0,0,"경기","하남시","차대사람","기타","기타","운전자법규위반","안전운전 의무 불이행","기타/불명","기타/불명","화물차","중형","보행자","보행자","969342  ","1945226 ",127.15312483,37.50579736
"2014","2014121509","10","주간","월",1,1,0,0,0,"강원","영월군","차량단독","전도전복","전도전복","운전자법규위반","안전운전 의무 불이행","단일로","기타단일로","승용차","중형","00","00","1098686 ","1903148 ",128.61088529,37.12181284
"2014","2014121607","00","주간","화",1,1,0,0,0,"충남","당진시","차대사람","기타","기타","운전자법규위반","안전운전 의무 불이행","단일로","기타단일로","승합차","대형","보행자","보행자","926389  ","1878583 ",126.67374728,36.90270587
"2014","2014121608","00","주간","화",1,1,0,0,0,"경북","김천시","차량단독","전도전복","전도전복","운전자법규위반","안전운전 의무 불이행","단일로","기타단일로","승용차","중형","00","00","1051849 ","1784708 ",128.06145799,36.04556419
"2014","2014122518","55","야간","목",2,2,0,0,0,"경기","평택시","차대사람","횡단중","횡단중","운전자법규위반","안전운전 의무 불이행","교차로","교차로내","화물차","소형","보행자","보행자","942649  ","1884842 ",126.85577238,36.9602533
"2014","2014122716","30","주간","토",1,1,0,0,0,"경기","하남시","차대차","측면직각충돌","측면직각충돌","운전자법규위반","부당한 회전","단일로","횡단보도상","자전거","자전거","승합차","대형","973097  ","1949775 ",127.19544296,37.54691689
"2014","2014120413","30","주간","목",1,3,2,0,0,"충남","아산시","차량단독","전도전복","전도전복","운전자법규위반","안전운전 의무 불이행","단일로","기타단일로","승용차","대형","00","00","948297  ","1873441 ",126.91999219,36.85781075
"2014","2014120406","10","주간","목",1,1,0,0,0,"전북","전주시","차대차","기타","기타","운전자법규위반","안전운전 의무 불이행","단일로","기타단일로","승용차","중형","승합차","대형","965097  ","1761672 ",127.11322067,35.85109555
"2014","2014121009","25","주간","수",1,1,0,0,0,"전남","보성군","차대차","측면직각충돌","측면직각충돌","운전자법규위반","안전거리 미확보","교차로","교차로내","이륜차","소형","화물차","소형","983127  ","1649277 ",127.31545688,34.83798536
"2014","2014123015","20","주간","화",1,1,0,0,0,"경남","김해시","차대사람","기타","기타","운전자법규위반","안전운전 의무 불이행","단일로","기타단일로","화물차","소형","보행자","보행자","1125006 ","1693072 ",128.87363448,35.22524744
"2014","2014122916","25","주간","월",1,20,2,17,0,"전북","고창군","차대차","정면충돌","정면충돌","운전자법규위반","중앙선 침범","교차로","교차로부근","승용차","중형","승합차","대형","925918  ","1713690 ",126.68401306,35.41619685
"2014","2014111508","38","주간","토",1,1,0,0,0,"경남","양산시","차량단독","전도전복","전도전복","운전자법규위반","안전운전 의무 불이행","단일로","기타단일로","건설기계","건설기계","00","00","1143772 ","1722432 ",129.08494382,35.48736754
"2014","2014111620","20","야간","일",1,1,0,0,0,"경남","통영시","차대사람","횡단중","횡단중","운전자법규위반","안전운전 의무 불이행","단일로","기타단일로","화물차","소형","보행자","보행자","1083500 ","1654678 ",128.41374403,34.88339567
"2014","2014111410","00","주간","금",1,1,0,0,0,"전남","나주시","차대차","측면직각충돌","측면직각충돌","운전자법규위반","직진 및 우회전차의 통행방해","교차로","교차로내","이륜차","소형","화물차","중형","928802  ","1671139 ",126.71945921,35.03275625
"2014","2014111406","04","주간","금",1,1,0,0,0,"전북","전주시","차대차","기타","기타","운전자법규위반","부당한 회전","단일로","기타단일로","자전거","자전거","승용차","소형","968080  ","1758157 ",127.14664031,35.81937151
"2014","2014112317","55","주간","일",1,1,0,0,0,"경기","가평군","차대사람","보도통행중","보도통행중","운전자법규위반","안전운전 의무 불이행","단일로","기타단일로","승용차","중형","보행자","보행자","1002821 ","1982685 ",127.53206299,37.84393519
"2014","2014112603","40","야간","수",1,1,0,0,0,"전남","목포시","차대차","정면충돌","정면충돌","운전자법규위반","중앙선 침범","기타/불명","기타/불명","승용차","소형","이륜차","중형","900853  ","1645559 ",126.41613365,34.79977085
"2014","2014112518","24","야간","화",1,1,0,0,0,"경기","안성시","차대사람","차도통행중","차도통행중","운전자법규위반","안전운전 의무 불이행","단일로","기타단일로","승용차","대형","보행자","보행자","983411  ","1889350 ",127.31355061,37.00249163
"2014","2014112315","30","주간","일",1,4,3,0,0,"경북","상주시","차대차","정면충돌","정면충돌","운전자법규위반","중앙선 침범","단일로","기타단일로","화물차","소형","승용차","중형","1054671 ","1823581 ",128.10974965,36.40818202
"2014","2014120118","40","야간","월",1,1,0,0,0,"대구","달성군","차대사람","횡단중","횡단중","운전자법규위반","과속","단일로","기타단일로","승용차","중형","보행자","보행자","1083236 ","1753472 ",128.42090323,35.77412383
"2014","2014120204","00","야간","화",1,1,0,0,0,"경기","용인시","차량단독","기타","기타","운전자법규위반","안전운전 의무 불이행","기타/불명","기타/불명","승용차","대형","00","00","976354  ","1916986 ",127.2333628,37.25145528
"2014","2014113013","30","주간","일",1,1,0,0,0,"충북","단양군","차량단독","도로이탈","도로이탈 기타","운전자법규위반","안전운전 의무 불이행","단일로","기타단일로","원동기장치자전거","원동기장치자전거","00","00","1077088 ","1886793 ",128.36611379,36.97642881
"2014","2014120114","50","주간","월",1,2,0,1,0,"경남","창원시(통합)","차대차","추돌","주정차중 추돌","운전자법규위반","안전운전 의무 불이행","단일로","기타단일로","화물차","소형","화물차","소형","1091440 ","1694497 ",128.50501112,35.24171827
"2014","2014120117","50","주간","월",1,1,0,0,0,"경남","의령군","차대사람","차도통행중","차도통행중","운전자법규위반","안전운전 의무 불이행","단일로","기타단일로","승합차","중형","보행자","보행자","1067081 ","1703669 ",128.23805638,35.32634252
"2014","2014113007","30","주간","일",1,5,3,1,0,"서울","관악구","차대차","기타","기타","운전자법규위반","중앙선 침범","단일로","기타단일로","승용차","중형","승용차","중형","949387  ","1940110 ",126.9277072,37.45880688
"2014","2014112808","10","주간","금",1,1,0,0,0,"경기","광주시","차량단독","공작물충돌","공작물충돌","운전자법규위반","안전운전 의무 불이행","단일로","기타단일로","승용차","소형","00","00","984260  ","1921134 ",127.32245808,37.28900347
"2014","2014112915","00","주간","토",1,2,1,0,0,"경기","김포시","차대차","기타","기타","운전자법규위반","중앙선 침범","단일로","기타단일로","승용차","중형","자전거","자전거","930491  ","1959449 ",126.71222963,37.63187659
"2014","2014112710","45","주간","목",1,2,1,0,0,"경기","시흥시","차대차","기타","기타","운전자법규위반","신호위반","교차로","교차로내","화물차","중형","화물차","중형","932196  ","1925531 ",126.73467563,37.32630485
"2014","2014120606","50","주간","토",1,1,0,0,0,"경기","고양시","차대사람","횡단중","횡단중","운전자법규위반","안전운전 의무 불이행","단일로","횡단보도상","승합차","대형","보행자","보행자","941985  ","1961694 ",126.84230823,37.65290827
"2014","2014120819","20","야간","월",1,1,0,0,0,"울산","남구","차대사람","기타","기타","운전자법규위반","안전운전 의무 불이행","단일로","기타단일로","승용차","중형","보행자","보행자","1166916 ","1726165 ",129.34074174,35.51738934
"2014","2014120222","40","야간","화",1,1,0,0,0,"경남","거제시","차대사람","기타","기타","운전자법규위반","안전운전 의무 불이행","단일로","기타단일로","승용차","중형","보행자","보행자","1105185 ","1658028 ",128.65519024,34.95513557
"2014","2014120217","40","주간","화",1,1,0,0,0,"충남","당진시","차대사람","횡단중","횡단중","운전자법규위반","안전운전 의무 불이행","교차로","교차로내","승용차","중형","보행자","보행자","925152  ","1878742 ",126.6598481,36.90404166
"2014","2014120309","25","주간","수",1,1,0,0,0,"경북","청송군","차대차","측면직각충돌","측면직각충돌","운전자법규위반","교차로 통행방법 위반","교차로","교차로내","화물차","소형","이륜차","사발이","1139439 ","1826874 ",129.05554618,36.4292912
"2014","2014121403","29","야간","일",2,3,1,0,0,"서울","강서구","차대사람","기타","기타","운전자법규위반","안전운전 의무 불이행","단일로","기타단일로","승용차","소형","보행자","보행자","942877  ","1947905 ",126.85349583,37.52868462
"2014","2014121117","50","주간","목",1,1,0,0,0,"경기","파주시","차대사람","횡단중","횡단중","운전자법규위반","안전운전 의무 불이행","단일로","기타단일로","승합차","소형","보행자","보행자","937533  ","1983081 ",126.79000188,37.84536843
"2014","2014120906","30","주간","화",1,1,0,0,0,"서울","관악구","차대차","기타","기타","운전자법규위반","안전운전 의무 불이행","단일로","기타단일로","승용차","중형","승용차","대형","950346  ","1942872 ",126.93836411,37.48375356
"2014","2014120902","45","야간","화",1,2,1,0,0,"울산","남구","차대사람","횡단중","횡단중","운전자법규위반","보행자 보호의무 위반","단일로","횡단보도상","승용차","중형","보행자","보행자","1164037 ","1729345 ",129.30963015,35.54661864
"2014","2014121905","40","야간","금",1,1,0,0,0,"전남","영광군","차대사람","차도통행중","차도통행중","운전자법규위반","안전운전 의무 불이행","단일로","기타단일로","승용차","중형","보행자","보행자","905411  ","1706739 ",126.4589709,35.3517938
"2014","2014121904","36","야간","금",1,2,1,0,0,"서울","강서구","차량단독","공작물충돌","공작물충돌","운전자법규위반","안전운전 의무 불이행","단일로","기타단일로","승용차","대형","00","00","945014  ","1949943 ",126.87752787,37.54718319
"2014","2014012006","50","주간","월",1,1,0,0,0,"울산","울주군","차대사람","횡단중","횡단중","운전자법규위반","안전운전 의무 불이행","단일로","기타단일로","승용차","중형","보행자","보행자","1165324 ","1707182 ",129.31933989,35.3465768
"2014","2014043012","20","주간","수",1,1,0,0,0,"서울","양천구","차대사람","횡단중","횡단중","운전자법규위반","안전운전 의무 불이행","기타/불명","기타/불명","승용차","경형","보행자","보행자","944531  ","1949908 ",126.87206298,37.54683878
"2014","2014043022","20","야간","수",1,1,0,0,0,"충북","옥천군","차대사람","횡단중","횡단중","운전자법규위반","안전운전 의무 불이행","교차로","교차로내","승용차","중형","보행자","보행자","1003093 ","1814831 ",127.53446252,36.33084909
"2014","2014050103","20","야간","목",1,1,0,0,0,"경남","밀양시","차량단독","공작물충돌","공작물충돌","운전자법규위반","안전운전 의무 불이행","교차로","교차로부근","화물차","소형","00","00","1114332 ","1729566 ",128.76148228,35.55550304
"2014","2014043023","55","야간","수",1,2,1,0,0,"서울","동대문구","차대사람","횡단중","횡단중","운전자법규위반","안전운전 의무 불이행","교차로","교차로내","원동기장치자전거","원동기장치자전거","보행자","보행자","960903  ","1952489 ",127.05725851,37.57094228
"2014","2014042910","14","주간","화",1,1,0,0,0,"서울","강서구","차대사람","횡단중","횡단중","운전자법규위반","안전운전 의무 불이행","단일로","기타단일로","승합차","대형","보행자","보행자","945002  ","1949939 ",126.8773927,37.54710136
"2014","2014042514","20","주간","금",1,1,0,0,0,"경남","남해군","차량단독","전도전복","전도전복","운전자법규위반","안전운전 의무 불이행","교차로","교차로부근","이륜차","사발이","00","00","1035384 ","1642169 ",127.89114314,34.77495905
"2014","2014042723","55","야간","일",1,2,0,1,0,"전남","완도군","차대사람","횡단중","횡단중","운전자법규위반","과속","단일로","횡단보도상","승용차","소형","보행자","보행자","930793  ","1591850 ",126.74777723,34.3179349
"2014","2014042722","25","야간","일",1,2,1,0,0,"경남","창원시(통합)","차대사람","기타","기타","운전자법규위반","안전운전 의무 불이행","단일로","기타단일로","화물차","소형","보행자","보행자","1098441 ","1681105 ",128.5803479,35.12031849
"2014","2014042717","50","주간","일",1,1,0,0,0,"전남","해남군","차량단독","전도전복","전도전복","운전자법규위반","안전운전 의무 불이행","단일로","기타단일로","승용차","중형","00","00","918180  ","1615788 ",126.60840898,34.53287006
"2014","2014042521","30","야간","금",1,1,0,0,0,"대전","서구","차대차","추돌","주정차중 추돌","운전자법규위반","안전운전 의무 불이행","단일로","기타단일로","이륜차","소형","승용차","중형","985915  ","1811757 ",127.34311927,36.30303759
"2014","2014042803","20","야간","월",1,7,2,4,0,"경기","성남시","차대차","기타","기타","운전자법규위반","신호위반","교차로","교차로내","승용차","경형","승합차","대형","966259  ","1929442 ",127.1189653,37.36341965
"2014","2014042605","28","야간","토",1,3,2,0,0,"서울","동대문구","차대차","추돌","주정차중 추돌","운전자법규위반","안전운전 의무 불이행","단일로","기타단일로","승용차","중형","화물차","대형","962035  ","1954598 ",127.06996783,37.58999868
"2014","2014050600","43","야간","화",1,1,0,0,0,"경남","진주시","차대차","기타","기타","운전자법규위반","안전운전 의무 불이행","단일로","기타단일로","승용차","소형","승용차","중형","1063137 ","1694277 ",128.19394265,35.24191802
"2014","2014032914","50","주간","토",1,1,0,0,0,"서울","금천구","차대차","정면충돌","정면충돌","운전자법규위반","중앙선 침범","단일로","교량위","이륜차","소형","승용차","중형","946389  ","1939382 ",126.89386277,37.45207623
"2014","2014032511","00","주간","화",1,3,0,2,0,"전북","군산시","차량단독","전도전복","전도전복","운전자법규위반","안전운전 의무 불이행","단일로","기타단일로","화물차","소형","00","00","924014  ","1773948 ",126.65734887,35.95930586
"2014","2014040412","05","주간","금",1,1,0,0,0,"경북","영주시","차대차","기타","기타","운전자법규위반","안전운전 의무 불이행","단일로","횡단보도상","화물차","소형","자전거","자전거","1100049 ","1869669 ",128.62178824,36.81993074
"2014","2014040302","05","야간","목",1,1,0,0,0,"광주","남구","차대사람","횡단중","횡단중","운전자법규위반","보행자 보호의무 위반","단일로","기타단일로","승합차","소형","보행자","보행자","944901  ","1682875 ",126.89516119,35.13958444
"2014","2014040100","34","야간","화",1,1,0,0,0,"경기","안성시","차량단독","공작물충돌","공작물충돌","운전자법규위반","안전운전 의무 불이행","교차로","교차로부근","이륜차","소형","00","00","974469  ","1890077 ",127.21302476,37.00884461
"2014","2014032923","05","야간","토",1,1,0,0,0,"부산","영도구","차대사람","횡단중","횡단중","운전자법규위반","안전운전 의무 불이행","단일로","횡단보도부근","승용차","중형","보행자","보행자","1142616 ","1678780 ",129.06424198,35.09474368
"2014","2014040721","05","야간","월",1,1,0,0,0,"인천","남구","차대차","측면직각충돌","측면직각충돌","운전자법규위반","신호위반","교차로","교차로내","화물차","대형","승용차","중형","923259  ","1938917 ",126.63242183,37.44625486
"2014","2014040705","05","야간","월",1,1,0,0,0,"서울","마포구","차대사람","횡단중","횡단중","운전자법규위반","안전운전 의무 불이행","단일로","횡단보도부근","화물차","대형","보행자","보행자","948582  ","1950513 ",126.91787768,37.55252669
"2014","2014041415","25","주간","월",1,1,0,0,0,"경남","밀양시","차대차","측면직각충돌","측면직각충돌","운전자법규위반","안전운전 의무 불이행","단일로","기타단일로","이륜차","소형","승용차","중형","1113162 ","1722184 ",128.74754547,35.48909225
"2014","2014041421","50","야간","월",1,1,0,0,0,"충남","천안시","차대사람","길가장자리구역통행중","길가장자리구역통행중","운전자법규위반","안전운전 의무 불이행","단일로","기타단일로","승합차","소형","보행자","보행자","979309  ","1873257 ",127.27091577,36.87630412
"2014","2014041507","30","주간","화",1,1,0,0,0,"경남","창원시(통합)","차대사람","차도통행중","차도통행중","운전자법규위반","안전운전 의무 불이행","교차로","교차로부근","승용차","경형","보행자","보행자","1096801 ","1691051 ",128.56351924,35.21014711
"2014","2014041219","50","야간","토",1,1,0,0,0,"충남","당진시","차대사람","횡단중","횡단중","운전자법규위반","안전운전 의무 불이행","기타/불명","기타/불명","승합차","중형","보행자","보행자","936358  ","1866424 ",126.78665562,36.7938306
"2014","2014042223","40","야간","화",1,1,0,0,0,"전북","익산시","차대사람","횡단중","횡단중","운전자법규위반","안전운전 의무 불이행","단일로","기타단일로","승용차","중형","보행자","보행자","951777  ","1788839 ",126.95680664,36.09527082
"2014","2014042223","35","야간","화",1,1,0,0,0,"경남","고성군","차대차","정면충돌","정면충돌","운전자법규위반","중앙선 침범","교차로","교차로부근","승용차","경형","특수차","대형","1071029 ","1665258 ",128.27818587,34.97974154
"2014","2014042001","08","야간","일",1,1,0,0,0,"인천","남구","차대사람","기타","기타","운전자법규위반","안전운전 의무 불이행","단일로","기타단일로","화물차","소형","보행자","보행자","928115  ","1939402 ",126.68726773,37.4510163
"2014","2014042016","17","주간","일",1,2,1,0,0,"인천","부평구","차대차","정면충돌","정면충돌","운전자법규위반","중앙선 침범","단일로","기타단일로","이륜차","중형","승용차","소형","930359  ","1943810 ",126.71221933,37.49091672
"2014","2014042016","50","주간","일",1,1,0,0,0,"경기","양평군","차량단독","전도전복","전도전복","운전자법규위반","안전운전 의무 불이행","교차로","교차로내","이륜차","사발이","00","00","1011660 ","1941195 ",127.63186232,37.46989893
"2014","2014042620","03","야간","토",1,1,0,0,0,"충북","청주시","차대차","정면충돌","정면충돌","운전자법규위반","신호위반","교차로","교차로내","이륜차","소형","화물차","중형","998637  ","1845945 ",127.48475849,36.61135303
"2014","2014032702","00","야간","목",1,1,0,0,0,"경기","화성시","차량단독","전도전복","전도전복","운전자법규위반","안전운전 의무 불이행","교차로","교차로부근","자전거","자전거","00","00","953550  ","1912827 ",126.97648682,37.21310908
"2014","2014040400","40","야간","금",1,1,0,0,0,"충북","청원군","차대사람","기타","기타","운전자법규위반","안전운전 의무 불이행","단일로","기타단일로","승용차","중형","보행자","보행자","995900  ","1841909 ",127.454174,36.57496047
"2014","2014040323","55","야간","목",1,4,2,1,0,"충남","당진시","차량단독","전도전복","전도전복","운전자법규위반","안전운전 의무 불이행","기타/불명","기타/불명","승용차","중형","00","00","936409  ","1876471 ",126.78638629,36.88439743
"2014","2014040207","30","주간","수",1,1,0,0,0,"충남","아산시","차대사람","기타","기타","운전자법규위반","안전운전 의무 불이행","교차로","교차로내","승용차","중형","보행자","보행자","955556  ","1864905 ",127.00191999,36.7812336
"2014","2014040120","20","야간","화",1,2,1,0,0,"서울","관악구","차대차","기타","기타","운전자법규위반","안전운전 의무 불이행","단일로","기타단일로","이륜차","중형","이륜차","대형","948854  ","1942809 ",126.92149327,37.4831043
"2014","2014033022","50","야간","일",1,1,0,0,0,"대구","달서구","차대차","정면충돌","정면충돌","운전자법규위반","신호위반","교차로","교차로내","승용차","중형","이륜차","중형","1096350 ","1761700 ",128.56696422,35.84709807
"2014","2014041609","15","주간","수",1,1,0,0,0,"경남","남해군","차대사람","기타","기타","운전자법규위반","안전운전 의무 불이행","기타/불명","기타/불명","승용차","경형","보행자","보행자","1048888 ","1646014 ",128.0344979,34.80752676
"2014","2014042222","05","야간","화",1,1,0,0,0,"경기","평택시","차대사람","기타","기타","운전자법규위반","안전운전 의무 불이행","단일로","기타단일로","승용차","경형","보행자","보행자","957272  ","1902722 ",127.01901169,37.12220204
"2014","2014042113","45","주간","월",1,1,0,0,0,"전남","고흥군","차량단독","전도전복","전도전복","운전자법규위반","안전운전 의무 불이행","단일로","기타단일로","건설기계","건설기계","00","00","987724  ","1639824 ",127.36587309,34.75280673
"2014","2014041817","20","주간","금",1,1,0,0,0,"경북","영덕군","차대사람","기타","기타","운전자법규위반","안전운전 의무 불이행","단일로","기타단일로","승용차","중형","보행자","보행자","1168825 ","1822494 ",129.38227038,36.38510538
"2014","2014043019","45","야간","수",1,1,0,0,0,"경기","안성시","차대사람","차도통행중","차도통행중","운전자법규위반","안전운전 의무 불이행","단일로","기타단일로","승용차","소형","보행자","보행자","976614  ","1885675 ",127.2372714,36.96921929
"2014","2014042921","55","야간","화",1,1,0,0,0,"강원","춘천시","차량단독","공작물충돌","공작물충돌","운전자법규위반","안전운전 의무 불이행","단일로","기타단일로","승용차","중형","00","00","1012627 ","1998962 ",127.64389994,37.99086572
"2014","2014042522","55","야간","금",1,1,0,0,0,"경기","고양시","차대사람","횡단중","횡단중","운전자법규위반","신호위반","교차로","교차로부근","승합차","대형","보행자","보행자","933821  ","1964224 ",126.74953367,37.67515797
"2014","2014042705","15","야간","일",1,1,0,0,0,"경기","수원시","차대사람","횡단중","횡단중","운전자법규위반","안전운전 의무 불이행","단일로","기타단일로","승용차","중형","보행자","보행자","955784  ","1918623 ",127.00132009,37.26546121
"2014","2014050608","50","주간","화",1,2,1,0,0,"전북","순창군","차대차","측면직각충돌","측면직각충돌","운전자법규위반","안전운전 의무 불이행","단일로","기타단일로","승용차","대형","원동기장치자전거","원동기장치자전거","967673  ","1709346 ",127.14408869,35.3792601
"2014","2014050722","30","야간","수",1,1,0,0,0,"경기","의왕시","차대사람","기타","기타","운전자법규위반","안전운전 의무 불이행","단일로","기타단일로","승용차","중형","보행자","보행자","951635  ","1924289 ",126.95415958,37.3163258
"2014","2014050805","26","야간","목",1,1,0,0,0,"충남","당진시","차대차","측면직각충돌","측면직각충돌","운전자법규위반","신호위반","교차로","교차로내","화물차","중형","이륜차","소형","924044  ","1876800 ",126.64760698,36.88644868
"2014","2014050513","53","주간","월",1,1,0,0,0,"전남","장성군","차대차","기타","기타","운전자법규위반","안전운전 의무 불이행","교차로","교차로내","자전거","자전거","화물차","소형","933355  ","1700911 ",126.76696476,35.30150493
"2014","2014050607","32","주간","화",1,1,0,0,0,"전북","무주군","차대사람","횡단중","횡단중","운전자법규위반","안전운전 의무 불이행","교차로","교차로내","건설기계","건설기계","보행자","보행자","1014097 ","1769661 ",127.65626072,35.92351084
"2014","2014050514","50","주간","월",1,1,0,0,0,"전북","정읍시","차대차","측면직각충돌","측면직각충돌","운전자법규위반","차로위반(진로변경 위반)","단일로","기타단일로","이륜차","소형","승용차","중형","939850  ","1731250 ",126.83615765,35.57545876
"2014","2014050615","46","주간","화",1,1,0,0,0,"인천","서구","차대차","기타","기타","운전자법규위반","안전운전 의무 불이행","단일로","기타단일로","자전거","자전거","자전거","자전거","924048  ","1952635 ",126.65162301,37.56775965
"2014","2014032922","25","야간","토",2,3,1,0,0,"울산","남구","차량단독","기타","기타","운전자법규위반","안전운전 의무 불이행","단일로","기타단일로","승용차","중형","00","00","1159686 ","1728327 ",129.26146997,35.53806431
"2014","2014033114","50","주간","월",1,1,0,0,0,"울산","울주군","차대차","정면충돌","정면충돌","운전자법규위반","중앙선 침범","단일로","기타단일로","건설기계","건설기계","화물차","소형","1152168 ","1726309 ",129.17819388,35.5210592
"2014","2014040907","59","주간","수",1,1,0,0,0,"제주","제주시","차대사람","횡단중","횡단중","운전자법규위반","보행자 보호의무 위반","교차로","교차로내","화물차","소형","보행자","보행자","909927  ","1501794 ",126.53024897,33.5042303
"2014","2014032505","50","야간","화",1,1,0,0,0,"경남","창원시(통합)","차량단독","전도전복","전도전복","운전자법규위반","안전운전 의무 불이행","단일로","기타단일로","화물차","대형","00","00","1109975 ","1689667 ",128.7080457,35.19631243
"2014","2014032509","35","주간","화",1,1,0,0,0,"전남","순천시","차대차","측면직각충돌","측면직각충돌","운전자법규위반","안전운전 의무 불이행","교차로","교차로내","원동기장치자전거","원동기장치자전거","승합차","중형","1005899 ","1655133 ",127.56455984,34.89091552
"2014","2014032704","00","야간","목",1,1,0,0,0,"대구","동구","차대사람","차도통행중","차도통행중","운전자법규위반","안전운전 의무 불이행","단일로","기타단일로","화물차","소형","보행자","보행자","1101818 ","1766436 ",128.63018482,35.88783849
"2014","2014032504","37","야간","화",1,1,0,0,0,"강원","원주시","차대사람","기타","기타","운전자법규위반","안전운전 의무 불이행","교차로","교차로내","승용차","소형","보행자","보행자","1040798 ","1929208 ",127.96071385,37.3610269