"발생년","발생년월일시","발생분","주야","요일","사망자수","사상자수","중상자수","경상자수","부상신고자수","발생지시도","발생지시군구","사고유형_대분류","사고유형_중분류","사고유형","법규위반_대분류","법규위반","도로형태_대분류","도로형태","당사자종별_1당_대분류","당사자종별_1당","당사자종별_2당_대분류","당사자종별_2당","발생위치X_UTMK","발생위치Y_UTMK","경도","위도"
"2014","2014032511","55","주간","화",1,1,0,0,0,"충남","당진시","차대사람","기타","기타","운전자법규위반","안전운전 의무 불이행","기타/불명","기타/불명","승용차","중형","보행자","보행자","936318  ","1883039 ",126.7848126,36.94359431
"2014","2014040608","20","주간","일",1,5,4,0,0,"인천","계양구","차대차","측면직각충돌","측면직각충돌","운전자법규위반","안전거리 미확보","단일로","기타단일로","승용차","중형","승용차","중형","933084  ","1948191 ",126.74264321,37.53060358
"2014","2014040210","40","주간","수",1,1,0,0,0,"강원","태백시","차대사람","기타","기타","운전자법규위반","안전운전 의무 불이행","단일로","기타단일로","화물차","소형","보행자","보행자","1132390 ","1907972 ",128.99103437,37.16112127
"2014","2014040210","40","주간","수",1,4,1,2,0,"경남","밀양시","차대사람","길가장자리구역통행중","길가장자리구역통행중","운전자법규위반","안전운전 의무 불이행","단일로","기타단일로","승용차","대형","보행자","보행자","1110419 ","1711578 ",128.71587291,35.3937907
"2014","2014042910","23","주간","화",1,1,0,0,0,"충남","예산군","차대차","기타","기타","운전자법규위반","안전운전 의무 불이행","교차로","교차로내","승합차","대형","이륜차","사발이","944297  ","1853286 ",126.87659472,36.67590116
"2014","2014042519","40","야간","금",1,7,1,2,3,"부산","사상구","차대사람","보도통행중","보도통행중","운전자법규위반","기타(운전자법규위반)","단일로","기타단일로","승용차","중형","보행자","보행자","1135108 ","1686468 ",128.98352602,35.16440784
"2014","2014042702","40","야간","일",1,1,0,0,0,"경북","상주시","차량단독","공작물충돌","공작물충돌","운전자법규위반","안전운전 의무 불이행","단일로","기타단일로","원동기장치자전거","원동기장치자전거","00","00","1058928 ","1822294 ",128.15712786,36.3963282
"2014","2014042712","55","주간","일",1,2,1,0,0,"전남","영광군","차대차","정면충돌","정면충돌","운전자법규위반","중앙선 침범","단일로","기타단일로","화물차","경형","승용차","경형","908043  ","1696765 ",126.48905351,35.26211847
"2014","2014042603","46","야간","토",1,1,0,0,0,"서울","강동구","차대차","기타","기타","운전자법규위반","신호위반","교차로","교차로내","승용차","중형","원동기장치자전거","원동기장치자전거","967408  ","1950666 ",127.13100182,37.55476416
"2014","2014042722","19","야간","일",1,2,1,0,0,"경기","평택시","차대차","기타","기타","운전자법규위반","신호위반","교차로","교차로내","승용차","대형","승용차","중형","961987  ","1890369 ",127.07271199,37.0110546
"2014","2014042805","47","야간","월",1,1,0,0,0,"충남","아산시","차대차","기타","기타","운전자법규위반","과속","교차로","교차로내","승용차","중형","이륜차","사발이","957774  ","1872271 ",127.02636723,36.84773517
"2013","2013102803","16","야간","월",2,2,0,0,0,"경남","김해시","차량단독","기타","기타","운전자법규위반","안전운전 의무 불이행","단일로","기타단일로","승용차","중형","00","00","1119210 ","1689769 ",128.80948177,35.19617757
"2014","2014021920","20","야간","수",1,1,0,0,0,"울산","남구","차량단독","기타","기타","운전자법규위반","안전운전 의무 불이행","교차로","교차로내","승용차","소형","00","00","1167980 ","1723741 ",129.35196824,35.49536474
"2014","2014100612","20","주간","월",1,1,0,0,0,"전남","순천시","차량단독","기타","기타","운전자법규위반","안전운전 의무 불이행","단일로","기타단일로","농기계","농기계","00","00","984035  ","1672096 ",127.3249511,35.04377007
"2014","2014101418","30","야간","화",1,1,0,0,0,"전북","정읍시","차대사람","횡단중","횡단중","운전자법규위반","안전운전 의무 불이행","교차로","교차로내","화물차","소형","보행자","보행자","942066  ","1730030 ",126.86070042,35.56459141
"2014","2014081700","30","야간","일",1,1,0,0,0,"경기","안양시","차대차","측면직각충돌","측면직각충돌","운전자법규위반","중앙선 침범","단일로","횡단보도부근","이륜차","중형","승용차","대형","953691  ","1933481 ",126.97678757,37.39928271
"2014","2014082410","00","주간","일",1,2,1,0,0,"대구","서구","차대차","정면충돌","정면충돌","운전자법규위반","중앙선 침범","단일로","기타단일로","화물차","소형","화물차","중형","1092923 ","1763911 ",128.52927741,35.86736053
"2014","2014100102","15","야간","수",1,1,0,0,0,"대전","동구","차대차","추돌","주정차중 추돌","운전자법규위반","안전운전 의무 불이행","단일로","기타단일로","승용차","중형","특수차","대형","999697  ","1817125 ",127.49662305,36.3515354
"2014","2014093022","20","야간","화",1,4,0,3,0,"서울","강동구","차대차","기타","기타","운전자법규위반","안전운전 의무 불이행","단일로","기타단일로","화물차","중형","승용차","중형","969675  ","1952276 ",127.15660117,37.56935317
"2014","2014010905","25","야간","목",1,1,0,0,0,"대전","대덕구","차대사람","횡단중","횡단중","운전자법규위반","안전운전 의무 불이행","단일로","기타단일로","승합차","대형","보행자","보행자","993570  ","1819473 ",127.42816127,36.37333111
"2014","2014010817","30","주간","수",1,1,0,0,0,"전남","장흥군","차량단독","도로이탈","도로이탈 추락","운전자법규위반","안전운전 의무 불이행","단일로","기타단일로","화물차","소형","00","00","947563  ","1633893 ",126.92745701,34.69805077
"2013","2013061105","14","야간","화",1,4,2,1,0,"경북","포항시","차대차","기타","기타","운전자법규위반","안전운전 의무 불이행","단일로","기타단일로","승용차","중형","화물차","중형","1165779 ","1791962 ",129.34185626,36.11051536
"2013","2013061508","45","주간","토",1,1,0,0,0,"울산","남구","차대사람","기타","기타","운전자법규위반","보행자 보호의무 위반","단일로","횡단보도상","승용차","소형","보행자","보행자","1159002 ","1729574 ",129.25417284,35.54941272
"2013","2013061318","05","야간","목",1,1,0,0,0,"전남","나주시","차대차","기타","기타","운전자법규위반","직진 및 우회전차의 통행방해","교차로","교차로내","원동기장치자전거","원동기장치자전거","승용차","중형","928728  ","1672583 ",126.71852406,35.04577092
"2013","2013062212","00","주간","토",1,1,0,0,0,"충북","충주시","차량단독","도로이탈","도로이탈 기타","운전자법규위반","안전운전 의무 불이행","단일로","기타단일로","원동기장치자전거","원동기장치자전거","00","00","1038420 ","1899914 ",127.93235065,37.09707754
"2013","2013062100","36","야간","금",1,3,1,1,0,"인천","연수구","차대차","측면직각충돌","측면직각충돌","운전자법규위반","신호위반","교차로","교차로부근","승용차","중형","승합차","대형","926620  ","1934769 ",126.67082758,37.40914244
"2013","2013062100","45","야간","금",1,1,0,0,0,"충북","제천시","차량단독","전도전복","전도전복","운전자법규위반","안전운전 의무 불이행","단일로","기타단일로","승용차","소형","00","00","1065029 ","1903970 ",128.23212313,37.13216666
"2013","2013062022","15","야간","목",1,1,0,0,0,"전북","부안군","차량단독","도로이탈","도로이탈 기타","운전자법규위반","안전운전 의무 불이행","단일로","기타단일로","화물차","소형","00","00","891495  ","1736423 ",126.30187641,35.61797155
"2013","2013062222","30","야간","토",2,2,0,0,0,"경기","시흥시","차량단독","공작물충돌","공작물충돌","운전자법규위반","안전운전 의무 불이행","단일로","기타단일로","승용차","중형","00","00","940230  ","1934536 ",126.82462455,37.40802088
"2013","2013062007","15","주간","목",1,1,0,0,0,"대전","중구","차대사람","보도통행중","보도통행중","운전자법규위반","보행자 보호의무 위반","단일로","기타단일로","승용차","중형","보행자","보행자","992103  ","1816258 ",127.41199638,36.34368668
"2013","2013062015","44","주간","목",1,1,0,0,0,"경남","함양군","차대차","기타","기타","운전자법규위반","안전운전 의무 불이행","단일로","기타단일로","농기계","농기계","화물차","소형","1016666 ","1737164 ",127.68406061,35.63046988
"2013","2013062804","20","야간","금",1,1,0,0,0,"인천","연수구","차대차","측면직각충돌","측면직각충돌","운전자법규위반","안전운전 의무 불이행","교차로","교차로내","특수차","대형","화물차","대형","925233  ","1933876 ",126.6552468,37.40098303
"2013","2013062320","40","야간","일",1,1,0,0,0,"강원","양양군","차대차","추돌","진행중 추돌","운전자법규위반","안전운전 의무 불이행","단일로","기타단일로","화물차","중형","자전거","자전거","1096840 ","2008861 ",128.60409887,38.07467638
"2013","2013062412","00","주간","월",1,1,0,0,0,"경남","창원시(통합)","차량단독","전도전복","전도전복","운전자법규위반","안전운전 의무 불이행","교차로","교차로부근","건설기계","건설기계","00","00","1118126 ","1681202 ",128.79635114,35.11907518
"2013","2013062501","35","야간","화",1,1,0,0,0,"서울","송파구","차대사람","횡단중","횡단중","운전자법규위반","보행자 보호의무 위반","단일로","횡단보도상","불명","불명","보행자","보행자","965660  ","1943538 ",127.11154507,37.49045296
"2013","2013062515","40","주간","화",1,1,0,0,0,"경기","안산시","차대사람","차도통행중","차도통행중","운전자법규위반","안전운전 의무 불이행","교차로","교차로내","자전거","자전거","보행자","보행자","938294  ","1926424 ",126.80342642,37.33477886
"2013","2013062310","00","주간","일",1,1,0,0,0,"경남","통영시","차대사람","횡단중","횡단중","운전자법규위반","안전운전 의무 불이행","교차로","교차로내","승용차","대형","보행자","보행자","1083946 ","1650023 ",128.41815748,34.84138715
"2013","2013062404","30","야간","월",1,1,0,0,0,"충북","음성군","차대차","정면충돌","정면충돌","운전자법규위반","중앙선 침범","교차로","교차로부근","이륜차","소형","승합차","중형","1002054 ","1882339 ",127.52306658,36.93943535
"2013","2013062418","45","야간","월",1,1,0,0,0,"경기","화성시","차대차","추돌","진행중 추돌","운전자법규위반","안전운전 의무 불이행","단일로","기타단일로","승용차","중형","자전거","자전거","942436  ","1918454 ",126.87390962,37.23561488
"2013","2013070220","20","야간","화",1,1,0,0,0,"전북","군산시","차대차","측면직각충돌","측면직각충돌","운전자법규위반","중앙선 침범","단일로","기타단일로","화물차","대형","화물차","대형","921143  ","1774758 ",126.62421616,35.96614594
"2013","2013070315","20","주간","수",1,2,0,1,0,"전남","고흥군","차대차","측면직각충돌","측면직각충돌","운전자법규위반","중앙선 침범","단일로","기타단일로","화물차","소형","농기계","농기계","986494  ","1637317 ",127.3524744,34.73018357
"2013","2013070315","30","주간","수",1,1,0,0,0,"경북","구미시","차량단독","전도전복","전도전복","운전자법규위반","안전운전 의무 불이행","기타/불명","기타/불명","농기계","농기계","00","00","1077770 ","1806758 ",128.36567237,36.25493943
"2013","2013051901","25","야간","일",1,3,2,0,0,"경기","의정부시","차대차","정면충돌","정면충돌","운전자법규위반","중앙선 침범","기타/불명","기타/불명","승용차","중형","승합차","중형","965881  ","1975208 ",127.11538815,37.77839104
"2013","2013051905","18","야간","일",1,1,0,0,0,"전북","군산시","차량단독","공작물충돌","공작물충돌","운전자법규위반","안전운전 의무 불이행","교차로","교차로내","승용차","소형","00","00","929166  ","1772168 ",126.71458053,35.94478203
"2014","2014121921","20","야간","금",1,1,0,0,0,"경기","평택시","차대사람","기타","기타","운전자법규위반","중앙선 침범","교차로","교차로부근","승용차","중형","보행자","보행자","957964  ","1903946 ",127.0270146,37.13317741
"2014","2014121509","15","주간","월",1,2,0,1,0,"인천","강화군","차대차","기타","기타","운전자법규위반","중앙선 침범","단일로","기타단일로","승용차","경형","승용차","중형","913598  ","1961418 ",126.52056541,37.64818798
"2014","2014110923","50","야간","일",1,1,0,0,0,"경북","상주시","차대차","추돌","진행중 추돌","운전자법규위반","안전운전 의무 불이행","단일로","기타단일로","승용차","경형","화물차","대형","1064032 ","1824949 ",128.21425968,36.41993534
"2014","2014111005","00","야간","월",2,2,0,0,0,"경북","상주시","차량단독","도로이탈","도로이탈 추락","운전자법규위반","안전운전 의무 불이행","단일로","기타단일로","승용차","중형","00","00","1066177 ","1822582 ",128.23798296,36.39845232
"2014","2014010517","10","주간","일",1,2,0,1,0,"충북","옥천군","차대차","측면직각충돌","측면직각충돌","운전자법규위반","중앙선 침범","단일로","기타단일로","화물차","소형","화물차","대형","1007543 ","1812527 ",127.58402255,36.31005291
"2014","2014010606","58","주간","월",1,1,0,0,0,"경남","거제시","차대차","추돌","진행중 추돌","운전자법규위반","안전운전 의무 불이행","교차로","교차로부근","승용차","중형","승용차","중형","1102146 ","1655693 ",128.61788065,34.89084214
"2014","2014010912","15","주간","목",1,1,0,0,0,"경북","경산시","차대차","기타","기타","운전자법규위반","직진 및 우회전차의 통행방해","교차로","교차로내","화물차","소형","이륜차","소형","1119946 ","1759271 ",128.82784078,35.82259977
"2014","2014010306","28","주간","금",1,1,0,0,0,"경기","화성시","차대차","측면직각충돌","측면직각충돌","운전자법규위반","안전운전 의무 불이행","단일로","기타단일로","원동기장치자전거","원동기장치자전거","건설기계","건설기계","962989  ","1913240 ",127.08284536,37.2172542
"2014","2014010408","17","주간","토",1,2,1,0,0,"경북","영덕군","차대차","추돌","주정차중 추돌","운전자법규위반","안전운전 의무 불이행","단일로","기타단일로","승용차","소형","화물차","대형","1168333 ","1811221 ",129.37435179,36.28361523
"2014","2014010102","10","야간","수",1,1,0,0,0,"경기","부천시","차대사람","기타","기타","운전자법규위반","안전운전 의무 불이행","교차로","교차로내","승용차","중형","보행자","보행자","936503  ","1943974 ",126.78170101,37.49283783
"2014","2014011619","50","야간","목",1,1,0,0,0,"부산","강서구","차량단독","기타","기타","운전자법규위반","안전운전 의무 불이행","교차로","교차로내","자전거","자전거","00","00","1130899 ","1682201 ",128.93664685,35.12650058
"2014","2014011308","45","주간","월",2,2,0,0,0,"전남","진도군","차대사람","차도통행중","차도통행중","운전자법규위반","안전운전 의무 불이행","단일로","기타단일로","화물차","소형","보행자","보행자","888457  ","1616469 ",126.28448454,34.53621634
"2014","2014011118","25","야간","토",1,1,0,0,0,"경남","고성군","차대차","추돌","진행중 추돌","운전자법규위반","안전운전 의무 불이행","단일로","기타단일로","화물차","소형","건설기계","건설기계","1072929 ","1665064 ",128.2989833,34.97785714
"2014","2014011018","10","야간","금",1,1,0,0,0,"충남","천안시","차대차","추돌","진행중 추돌","운전자법규위반","안전운전 의무 불이행","단일로","기타단일로","승용차","소형","농기계","농기계","967447  ","1881931 ",127.13444825,36.93519714
"2014","2014012109","20","주간","화",1,1,0,0,0,"강원","영월군","차대사람","길가장자리구역통행중","길가장자리구역통행중","운전자법규위반","안전운전 의무 불이행","단일로","기타단일로","승합차","중형","보행자","보행자","1086095 ","1910436 ",128.47001004,37.18874215
"2014","2014011906","20","주간","일",1,1,0,0,0,"울산","남구","차대사람","횡단중","횡단중","운전자법규위반","과속","단일로","기타단일로","승용차","중형","보행자","보행자","1161702 ","1729263 ",129.28388541,35.54617296
"2014","2014011920","20","야간","일",1,1,0,0,0,"충북","청원군","차대사람","기타","기타","운전자법규위반","안전운전 의무 불이행","단일로","횡단보도부근","승용차","소형","보행자","보행자","986755  ","1845730 ",127.35189407,36.60932374
"2014","2014012005","25","야간","월",1,1,0,0,0,"서울","구로구","차대사람","길가장자리구역통행중","길가장자리구역통행중","운전자법규위반","안전운전 의무 불이행","단일로","기타단일로","화물차","소형","보행자","보행자","945451  ","1943659 ",126.88294128,37.49057076
"2014","2014012014","35","주간","월",1,1,0,0,0,"충남","서천군","차대차","기타","기타","운전자법규위반","직진 및 우회전차의 통행방해","교차로","교차로내","승용차","중형","원동기장치자전거","원동기장치자전거","926945  ","1786766 ",126.68866579,36.07508411
"2014","2014013117","10","주간","금",1,3,0,2,0,"전북","정읍시","차대차","측면직각충돌","측면직각충돌","운전자법규위반","교차로 통행방법 위반","교차로","교차로내","화물차","중형","이륜차","중형","934183  ","1736141 ",126.76716838,35.61922999
"2014","2014013104","14","야간","금",1,1,0,0,0,"울산","울주군","차량단독","기타","기타","운전자법규위반","안전운전 의무 불이행","단일로","기타단일로","이륜차","대형","00","00","1141744 ","1736646 ",129.0599988,35.61775964
"2014","2014012817","20","주간","화",1,1,0,0,0,"경남","의령군","차대차","측면직각충돌","측면직각충돌","운전자법규위반","안전운전 의무 불이행","교차로","교차로부근","특수차","소형","이륜차","사발이","1066473 ","1715931 ",128.23236585,35.43693901
"2014","2014012905","35","야간","수",1,1,0,0,0,"충북","제천시","차대차","기타","기타","운전자법규위반","안전운전 의무 불이행","단일로","기타단일로","승합차","소형","승용차","대형","1062932 ","1905769 ",128.20866717,37.14852545
"2014","2014012822","30","야간","화",1,1,0,0,0,"울산","남구","차대사람","횡단중","횡단중","운전자법규위반","안전운전 의무 불이행","단일로","횡단보도상","승용차","중형","보행자","보행자","1167023 ","1728662 ",129.34243569,35.53987424
"2014","2014012822","00","야간","화",1,1,0,0,0,"경기","시흥시","차대차","기타","기타","운전자법규위반","신호위반","교차로","교차로내","이륜차","중형","승합차","중형","932611  ","1927618 ",126.73916977,37.34514544
"2014","2014042704","15","야간","일",1,1,0,0,0,"경기","안산시","차대사람","기타","기타","운전자법규위반","안전운전 의무 불이행","단일로","기타단일로","승용차","중형","보행자","보행자","944078  ","1923240 ",126.86895581,37.30644661
"2014","2014042721","38","야간","일",1,1,0,0,0,"경기","부천시","차대사람","횡단중","횡단중","운전자법규위반","안전운전 의무 불이행","단일로","기타단일로","승용차","중형","보행자","보행자","934794  ","1944380 ",126.76233369,37.49637796
"2014","2014042616","57","주간","토",1,1,0,0,0,"서울","금천구","차대사람","기타","기타","운전자법규위반","안전운전 의무 불이행","교차로","교차로내","승합차","대형","보행자","보행자","946981  ","1939663 ",126.90053549,37.45464309
"2014","2014042617","09","주간","토",1,1,0,0,0,"경기","광명시","차대차","측면직각충돌","측면직각충돌","운전자법규위반","신호위반","교차로","교차로내","승합차","대형","원동기장치자전거","원동기장치자전거","945017  ","1935328 ",126.8786536,37.41545599
"2014","2014042609","30","주간","토",1,1,0,0,0,"경기","의정부시","차량단독","공작물충돌","공작물충돌","운전자법규위반","안전운전 의무 불이행","단일로","기타단일로","화물차","소형","00","00","958973  ","1969977 ",127.03438067,37.72759663
"2014","2014042723","20","야간","일",1,1,0,0,0,"전북","완주군","차량단독","공작물충돌","공작물충돌","운전자법규위반","안전운전 의무 불이행","단일로","기타단일로","승용차","소형","00","00","966144  ","1775214 ",127.12448327,35.97309091
"2014","2014042622","50","야간","토",1,1,0,0,0,"서울","중랑구","차대차","기타","기타","운전자법규위반","안전운전 의무 불이행","단일로","기타단일로","원동기장치자전거","원동기장치자전거","승용차","중형","964096  ","1954863 ",127.09329937,37.59246995
"2014","2014050619","45","야간","화",1,1,0,0,0,"전북","완주군","차대사람","횡단중","횡단중","운전자법규위반","안전운전 의무 불이행","교차로","교차로내","승용차","중형","보행자","보행자","970579  ","1771271 ",127.17381987,35.93768522
"2014","2014050712","40","주간","수",1,1,0,0,0,"전남","장흥군","차량단독","기타","기타","운전자법규위반","안전운전 의무 불이행","단일로","기타단일로","승용차","대형","00","00","942316  ","1612220 ",126.87164325,34.50233209
"2013","2013052015","50","주간","월",1,9,3,5,0,"부산","기장군","차대차","측면직각충돌","측면직각충돌","운전자법규위반","안전운전 의무 불이행","교차로","교차로내","승용차","중형","승용차","중형","1156088 ","1695543 ",129.21552679,35.24316211
"2013","2013051917","27","주간","일",1,1,0,0,0,"제주","제주시","차대사람","횡단중","횡단중","운전자법규위반","안전운전 의무 불이행","단일로","기타단일로","승합차","대형","보행자","보행자","910792  ","1502869 ",126.53945354,33.51399759
"2013","2013052000","02","야간","월",1,1,0,0,0,"경남","창원시(통합)","차대사람","횡단중","횡단중","운전자법규위반","안전운전 의무 불이행","단일로","기타단일로","승용차","소형","보행자","보행자","1097985 ","1690072 ",128.57640891,35.20120594
"2013","2013052606","35","주간","일",1,2,0,1,0,"전북","군산시","차대차","측면직각충돌","측면직각충돌","운전자법규위반","신호위반","교차로","교차로내","이륜차","소형","승용차","중형","915917  ","1774187 ",126.56754156,35.96079638
"2013","2013052715","50","주간","월",1,1,0,0,0,"인천","부평구","차대사람","횡단중","횡단중","운전자법규위반","안전운전 의무 불이행","단일로","횡단보도부근","승용차","중형","보행자","보행자","931506  ","1944650 ",126.72511491,37.49857331
"2013","2013052601","52","야간","일",1,2,0,1,0,"경기","양평군","차대차","정면충돌","정면충돌","운전자법규위반","중앙선 침범","단일로","기타단일로","승용차","중형","이륜차","중형","1004221 ","1942478 ",127.54774247,37.48152743
"2013","2013052523","35","야간","토",1,2,1,0,0,"전남","순천시","차대사람","길가장자리구역통행중","길가장자리구역통행중","운전자법규위반","안전운전 의무 불이행","단일로","기타단일로","승용차","중형","보행자","보행자","998558  ","1662506 ",127.48420572,34.95741806
"2013","2013052422","30","야간","금",2,7,4,1,0,"충남","공주시","차량단독","공작물충돌","공작물충돌","운전자법규위반","안전운전 의무 불이행","단일로","기타단일로","승용차","소형","00","00","956904  ","1838749 ",127.01849733,36.54550946
"2013","2013052510","25","주간","토",1,1,0,0,0,"광주","서구","차대사람","횡단중","횡단중","운전자법규위반","안전운전 의무 불이행","교차로","교차로부근","화물차","소형","보행자","보행자","942634  ","1681356 ",126.86934091,35.12560802
"2013","2013052507","25","주간","토",1,1,0,0,0,"경기","시흥시","차대차","측면직각충돌","측면직각충돌","운전자법규위반","과속","단일로","기타단일로","화물차","소형","자전거","자전거","933740  ","1929704 ",126.75172871,37.36402809
"2013","2013053120","00","야간","금",1,3,0,2,0,"전남","광양시","차량단독","공작물충돌","공작물충돌","운전자법규위반","안전운전 의무 불이행","단일로","기타단일로","화물차","소형","00","00","1008830 ","1677730 ",127.59687705,35.09466133
"2013","2013053120","25","야간","금",1,1,0,0,0,"광주","광산구","차대사람","횡단중","횡단중","운전자법규위반","안전운전 의무 불이행","단일로","기타단일로","승용차","중형","보행자","보행자","939317  ","1691694 ",126.83321834,35.21878007
"2013","2013053100","30","야간","금",1,1,0,0,0,"경기","부천시","차대사람","횡단중","횡단중","운전자법규위반","안전운전 의무 불이행","교차로","교차로부근","승용차","중형","보행자","보행자","935258  ","1945246 ",126.74270574,37.50650206
"2013","2013053114","33","주간","금",1,1,0,0,0,"경기","성남시","차대사람","기타","기타","운전자법규위반","안전운전 의무 불이행","교차로","교차로내","화물차","소형","보행자","보행자","966090  ","1930564 ",127.11751577,37.37311384
"2013","2013060108","50","주간","토",1,1,0,0,0,"경기","파주시","차대사람","횡단중","횡단중","운전자법규위반","안전운전 의무 불이행","단일로","횡단보도부근","화물차","중형","보행자","보행자","941782  ","1970130 ",126.83933283,37.72892718
"2013","2013052820","45","야간","화",1,1,0,0,0,"경북","김천시","차대사람","기타","기타","운전자법규위반","안전운전 의무 불이행","단일로","기타단일로","승합차","대형","보행자","보행자","1070163 ","1795283 ",128.27997788,36.15207742
"2013","2013060518","40","야간","수",1,1,0,0,0,"전북","진안군","차량단독","전도전복","전도전복","운전자법규위반","안전운전 의무 불이행","단일로","기타단일로","농기계","농기계","00","00","1009931 ","1761202 ",127.60997654,35.84729487
"2013","2013061101","43","야간","화",1,1,0,0,0,"전북","군산시","차량단독","공작물충돌","공작물충돌","운전자법규위반","안전운전 의무 불이행","단일로","기타단일로","이륜차","중형","00","00","933835  ","1772180 ",126.75847887,35.9444031
"2013","2013062022","00","야간","목",1,1,0,0,0,"경기","의왕시","차대차","추돌","진행중 추돌","운전자법규위반","안전운전 의무 불이행","단일로","기타단일로","승용차","대형","이륜차","중형","954037  ","1932275 ",126.98077162,37.38842972
"2013","2013062118","40","야간","금",1,1,0,0,0,"경남","의령군","차대사람","기타","기타","운전자법규위반","안전운전 의무 불이행","단일로","기타단일로","농기계","농기계","보행자","보행자","1077302 ","1717232 ",128.35178691,35.44788598
"2013","2013070420","05","야간","목",1,1,0,0,0,"충남","청양군","차대차","정면충돌","정면충돌","운전자법규위반","중앙선 침범","단일로","기타단일로","화물차","중형","승용차","대형","939331  ","1828238 ",126.82299379,36.44980304
"2013","2013071312","20","주간","토",1,2,1,0,0,"제주","제주시","차대차","정면충돌","정면충돌","운전자법규위반","중앙선 침범","단일로","기타단일로","승용차","소형","화물차","소형","907684  ","1500592 ",126.50622721,33.49319896
"2013","2013071313","45","주간","토",1,1,0,0,0,"경남","남해군","차량단독","전도전복","전도전복","운전자법규위반","안전운전 의무 불이행","교차로","교차로내","농기계","농기계","00","00","1046247 ","1652828 ",128.00600042,34.86909423
"2013","2013071310","55","주간","토",1,1,0,0,0,"전남","담양군","차대차","기타","기타","운전자법규위반","안전운전 의무 불이행","교차로","교차로내","승합차","대형","자전거","자전거","953133  ","1702817 ",126.98438647,35.31981346
"2013","2013071322","08","야간","토",1,1,0,0,0,"전북","전주시","차대사람","횡단중","횡단중","운전자법규위반","안전운전 의무 불이행","단일로","기타단일로","승용차","중형","보행자","보행자","966169  ","1766963 ",127.12511197,35.89870203
"2013","2013061721","18","야간","월",1,2,0,1,0,"서울","강서구","차대사람","기타","기타","운전자법규위반","안전운전 의무 불이행","기타/불명","기타/불명","승용차","중형","보행자","보행자","942693  ","1950212 ",126.85123335,37.54946626
"2013","2013062703","30","야간","목",1,1,0,0,0,"부산","동래구","차대사람","기타","기타","운전자법규위반","안전운전 의무 불이행","단일로","기타단일로","승용차","소형","보행자","보행자","1143644 ","1690742 ",129.07796781,35.20174869
"2013","2013062619","25","야간","수",1,1,0,0,0,"제주","서귀포시","차대사람","횡단중","횡단중","운전자법규위반","보행자 보호의무 위반","교차로","교차로내","승용차","소형","보행자","보행자","944132  ","1491266 ",126.8991418,33.41161117
"2013","2013062718","50","야간","목",1,1,0,0,0,"서울","도봉구","차대차","측면직각충돌","측면직각충돌","운전자법규위반","기타(운전자법규위반)","단일로","기타단일로","승용차","중형","원동기장치자전거","원동기장치자전거","958826  ","1963216 ",127.0331347,37.66753616
"2013","2013062523","40","야간","화",1,1,0,0,0,"충남","천안시","차대사람","횡단중","횡단중","운전자법규위반","안전운전 의무 불이행","단일로","기타단일로","승용차","중형","보행자","보행자","966833  ","1864825 ",127.128301,36.78097445
"2013","2013062704","18","야간","목",1,1,0,0,0,"인천","연수구","차대사람","횡단중","횡단중","운전자법규위반","안전운전 의무 불이행","교차로","교차로내","승용차","중형","보행자","보행자","925968  ","1936766 ",126.6632298,37.42711959
"2013","2013062621","02","야간","수",1,2,1,0,0,"충남","천안시","차대사람","기타","기타","운전자법규위반","안전운전 의무 불이행","단일로","기타단일로","이륜차","소형","보행자","보행자","975610  ","1860639 ",127.22679658,36.74350564
"2013","2013062801","30","야간","금",1,2,0,1,0,"충북","음성군","차대차","정면충돌","정면충돌","운전자법규위반","중앙선 침범","교차로","교차로부근","승용차","중형","승용차","중형","999546  ","1885340 ",127.49489974,36.96649
"2013","2013070313","55","주간","수",1,1,0,0,0,"인천","서구","차량단독","공작물충돌","공작물충돌","운전자법규위반","안전운전 의무 불이행","단일로","교량위","승용차","중형","00","00","921907  ","1951002 ",126.61585532,37.55505884
"2013","2013121202","56","야간","목",1,1,0,0,0,"경기","군포시","차대차","추돌","진행중 추돌","운전자법규위반","안전운전 의무 불이행","단일로","기타단일로","승합차","소형","건설기계","건설기계","947932  ","1925079 ",126.91231455,37.32324629
"2013","2013050400","08","야간","토",1,2,0,1,0,"충남","예산군","차량단독","공작물충돌","공작물충돌","운전자법규위반","안전운전 의무 불이행","단일로","기타단일로","승용차","경형","00","00","944824  ","1850191 ",126.8827152,36.64803226
"2013","2013051008","23","주간","금",1,1,0,0,0,"경남","창녕군","차대차","정면충돌","정면충돌","운전자법규위반","중앙선 침범","단일로","기타단일로","원동기장치자전거","원동기장치자전거","화물차","중형","1083190 ","1715090 ",128.41644046,35.42809934
"2013","2013102408","50","주간","목",1,1,0,0,0,"경남","의령군","차대차","측면직각충돌","측면직각충돌","운전자법규위반","교차로 통행방법 위반","교차로","교차로내","원동기장치자전거","원동기장치자전거","화물차","대형","1074060 ","1718714 ",128.31620172,35.46149421
"2013","2013120210","20","주간","월",1,1,0,0,0,"경기","안양시","차대차","측면직각충돌","측면직각충돌","운전자법규위반","안전거리 미확보","단일로","횡단보도부근","화물차","소형","이륜차","대형","952319  ","1931477 ",126.97614379,37.40249776
"2013","2013123100","25","야간","화",1,1,0,0,0,"경남","거제시","차대사람","보도통행중","보도통행중","운전자법규위반","보행자 보호의무 위반","교차로","교차로부근","화물차","소형","보행자","보행자","1108782 ","1655657 ",128.69048654,34.88982809