"발생년","발생년월일시","발생분","주야","요일","사망자수","사상자수","중상자수","경상자수","부상신고자수","발생지시도","발생지시군구","사고유형_대분류","사고유형_중분류","사고유형","법규위반_대분류","법규위반","도로형태_대분류","도로형태","당사자종별_1당_대분류","당사자종별_1당","당사자종별_2당_대분류","당사자종별_2당","발생위치X_UTMK","발생위치Y_UTMK","경도","위도"
"2013","2013092708","20","주간","금",1,1,0,0,0,"경북","청도군","차대사람","횡단중","횡단중","운전자법규위반","보행자 보호의무 위반","교차로","교차로내","승용차","소형","보행자","보행자","1113255 ","1739511 ",128.75089793,35.64533903
"2014","2014062811","05","주간","토",1,2,1,0,0,"강원","횡성군","차대차","정면충돌","정면충돌","운전자법규위반","중앙선 침범","단일로","기타단일로","승합차","소형","화물차","중형","1027348 ","1947392 ",127.80950584,37.52542466
"2014","2014062815","40","주간","토",1,1,0,0,0,"전남","고흥군","차량단독","전도전복","전도전복","운전자법규위반","안전운전 의무 불이행","단일로","기타단일로","이륜차","중형","00","00","974413  ","1608338 ",127.22138911,34.46862172
"2014","2014062520","10","야간","수",1,1,0,0,0,"경남","창원시(통합)","차대차","추돌","진행중 추돌","운전자법규위반","안전운전 의무 불이행","단일로","기타단일로","화물차","소형","자전거","자전거","1107962 ","1708677 ",128.68843941,35.36790765
"2014","2014062621","55","야간","목",1,1,0,0,0,"경북","고령군","차대차","추돌","진행중 추돌","운전자법규위반","안전운전 의무 불이행","단일로","기타단일로","승용차","소형","농기계","농기계","1070113 ","1750282 ",128.27544739,35.74638855
"2014","2014062815","08","주간","토",1,1,0,0,0,"충남","홍성군","차량단독","기타","기타","운전자법규위반","안전운전 의무 불이행","단일로","기타단일로","자전거","자전거","00","00","923750  ","1845468 ",126.64735967,36.60299398
"2014","2014062707","30","주간","금",1,2,1,0,0,"부산","사하구","차대차","정면충돌","정면충돌","운전자법규위반","중앙선 침범","단일로","기타단일로","승용차","중형","승용차","중형","1134004 ","1678317 ",128.97008609,35.09108034
"2014","2014062523","40","야간","수",1,1,0,0,0,"경북","영양군","차대사람","횡단중","횡단중","운전자법규위반","안전운전 의무 불이행","단일로","기타단일로","승용차","대형","보행자","보행자","1143756 ","1851878 ",129.10835031,36.65397954
"2012","2012061007","20","주간","토",1,1,0,0,0,"대전","중구","차대사람","보도통행중","보도통행중","운전자법규위반","보행자 보호의무 위반","단일로","횡단보도상","승용차","경형","보행자","보행자","994517  ","1813034 ",127.4389205,36.31463768
"2012","2012031514","55","주간","목",1,1,0,0,0,"대구","달서구","차대차","측면직각충돌","측면직각충돌","운전자법규위반","안전운전 의무 불이행","교차로","교차로내","승합차","대형","자전거","자전거","1093683 ","1761278 ",128.53738516,35.84355247
"2012","2012031207","55","주간","월",1,5,1,1,2,"대구","달서구","차대차","측면직각충돌","측면직각충돌","운전자법규위반","교차로 통행방법 위반","교차로","교차로내","이륜차","중형","승용차","소형","1094986 ","1761732 ",128.55327804,35.85049152
"2012","2012022921","41","야간","수",1,1,0,0,0,"경북","문경시","차대사람","기타","기타","운전자법규위반","안전운전 의무 불이행","단일로","기타단일로","승용차","대형","보행자","보행자","1066035 ","1847075 ",128.23840542,36.61934315
"2012","2012012611","30","주간","목",1,1,0,0,0,"제주","제주시","차대차","측면직각충돌","측면직각충돌","운전자법규위반","교차로 통행방법 위반","교차로","교차로내","화물차","소형","원동기장치자전거","원동기장치자전거","938140  ","1504869 ",126.83376343,33.5339689
"2012","2012081018","30","야간","금",1,2,1,0,0,"인천","부평구","차대차","추돌","진행중 추돌","운전자법규위반","안전운전 의무 불이행","고가도로위","고가도로위","이륜차","소형","승용차","중형","932232  ","1947484 ",126.73306628,37.52416929
"2012","2012012106","35","주간","토",1,1,0,0,0,"전북","장수군","차대사람","기타","기타","운전자법규위반","안전운전 의무 불이행","단일로","기타단일로","화물차","소형","보행자","보행자","1002560 ","1723260 ",127.5282289,35.50524048
"2012","2012111418","00","야간","수",1,1,0,0,0,"경북","울진군","차대차","추돌","진행중 추돌","운전자법규위반","안전운전 의무 불이행","단일로","기타단일로","승용차","중형","건설기계","건설기계","1170180 ","1890566 ",129.41250494,36.9981885
"2012","2012111823","30","야간","일",1,3,2,0,0,"경기","의정부시","차대차","정면충돌","정면충돌","운전자법규위반","중앙선 침범","단일로","기타단일로","승용차","소형","승용차","소형","956520  ","1970874 ",127.00653085,37.7364515
"2012","2012082514","45","주간","토",1,1,0,0,0,"인천","동구","차대사람","기타","기타","운전자법규위반","보행자 보호의무 위반","교차로","교차로내","건설기계","건설기계","보행자","보행자","924374  ","1942199 ",126.64468904,37.47592646
"2012","2012090522","25","야간","수",1,1,0,0,0,"충북","청원군","차대차","추돌","진행중 추돌","운전자법규위반","안전운전 의무 불이행","단일로","교량위","화물차","소형","화물차","중형","986573  ","1847248 ",127.34983241,36.62300594
"2012","2012090921","30","야간","일",1,1,0,0,0,"광주","광산구","차대사람","기타","기타","운전자법규위반","안전운전 의무 불이행","단일로","기타단일로","승용차","중형","보행자","보행자","925306  ","1685561 ",126.67983484,35.16253778
"2012","2012101905","18","야간","금",1,1,0,0,0,"인천","남구","차대차","측면직각충돌","측면직각충돌","운전자법규위반","안전운전 의무 불이행","단일로","터널안","승용차","중형","이륜차","소형","925649  ","1939851 ",126.65934453,37.45486803
"2013","2013032716","50","주간","수",1,1,0,0,0,"경기","용인시","차대사람","차도통행중","차도통행중","운전자법규위반","안전운전 의무 불이행","단일로","기타단일로","승용차","중형","보행자","보행자","969297  ","1920342 ",127.15364926,37.28149986
"2013","2013031013","40","주간","일",1,1,0,0,0,"경기","수원시","차대사람","기타","기타","운전자법규위반","안전운전 의무 불이행","교차로","교차로부근","승합차","중형","보행자","보행자","954950  ","1922304 ",126.99169126,37.29860045
"2013","2013041508","45","주간","월",1,2,1,0,0,"강원","횡성군","차량단독","도로이탈","도로이탈 추락","운전자법규위반","안전운전 의무 불이행","단일로","기타단일로","화물차","중형","00","00","1043331 ","1956499 ",127.99092387,37.60689566
"2013","2013030923","01","야간","토",2,4,2,0,0,"부산","기장군","차량단독","공작물충돌","공작물충돌","운전자법규위반","안전운전 의무 불이행","단일로","기타단일로","승용차","중형","00","00","1151402 ","1694710 ",129.16389184,35.23623329
"2013","2013033120","00","야간","일",1,2,0,1,0,"강원","영월군","차대차","기타","기타","운전자법규위반","중앙선 침범","단일로","기타단일로","화물차","소형","화물차","중형","1066020 ","1919372 ",128.24460273,37.27095011
"2013","2013030507","25","주간","화",1,2,0,1,0,"경북","경산시","차대차","기타","기타","운전자법규위반","중앙선 침범","단일로","기타단일로","승용차","중형","건설기계","건설기계","1111410 ","1749167 ",128.7322771,35.73237062
"2013","2013040423","32","야간","목",1,1,0,0,0,"울산","동구","차량단독","기타","기타","운전자법규위반","안전운전 의무 불이행","단일로","기타단일로","이륜차","중형","00","00","1173476 ","1728085 ",129.41346057,35.5335662
"2013","2013081304","36","야간","화",1,1,0,0,0,"부산","동래구","차대사람","차도통행중","차도통행중","운전자법규위반","안전운전 의무 불이행","단일로","횡단보도부근","승용차","중형","보행자","보행자","1142994 ","1691358 ",129.07093673,35.20739398
"2013","2013072014","45","주간","토",1,6,2,3,0,"전남","보성군","차대차","측면직각충돌","측면직각충돌","운전자법규위반","교차로 통행방법 위반","교차로","교차로내","승용차","소형","화물차","소형","959895  ","1630364 ",127.06226971,34.6667857
"2014","2014062811","55","주간","토",1,1,0,0,0,"경남","거창군","차대사람","차도통행중","차도통행중","운전자법규위반","안전운전 의무 불이행","교차로","교차로내","승용차","소형","보행자","보행자","1047296 ","1743093 ",128.05294267,35.7043572
"2014","2014062814","00","주간","토",1,1,0,0,0,"전남","해남군","차량단독","전도전복","전도전복","운전자법규위반","안전운전 의무 불이행","단일로","기타단일로","농기계","농기계","00","00","909001  ","1626746 ",126.50722387,34.63090401
"2012","2012053121","40","야간","목",1,1,0,0,0,"충남","당진시","차대차","추돌","진행중 추돌","운전자법규위반","안전운전 의무 불이행","단일로","기타단일로","화물차","중형","화물차","대형","935588  ","1881845 ",126.77671657,36.93278217
"2012","2012062419","55","야간","일",2,8,5,1,0,"경기","화성시","차량단독","전도전복","전도전복","운전자법규위반","안전운전 의무 불이행","단일로","기타단일로","승합차","중형","00","00","964038  ","1908343 ",127.09490438,37.17315415
"2012","2012081703","40","야간","금",1,1,0,0,0,"경남","창녕군","차대차","기타","기타","운전자법규위반","안전운전 의무 불이행","단일로","기타단일로","화물차","중형","화물차","소형","1091844 ","1718998 ",128.51220334,35.46257031
"2012","2012042410","18","주간","화",1,3,1,1,0,"충남","연기군","차대차","측면직각충돌","측면직각충돌","운전자법규위반","신호위반","교차로","교차로내","승용차","소형","특수차","대형","969024  ","1858126 ",127.15312683,36.72065954
"2012","2012042800","50","야간","토",1,2,1,0,0,"경기","여주시","차대차","기타","기타","운전자법규위반","안전운전 의무 불이행","단일로","기타단일로","승용차","대형","화물차","중형","1013149 ","1907604 ",127.64786892,37.16682243
"2012","2012032913","45","주간","목",1,2,0,1,0,"전북","군산시","차대차","측면직각충돌","측면직각충돌","운전자법규위반","안전운전 의무 불이행","단일로","횡단보도상","승용차","중형","자전거","자전거","931274  ","1775319 ",126.73773352,35.97220396
"2014","2014091805","45","야간","목",1,1,0,0,0,"충북","진천군","차대사람","길가장자리구역통행중","길가장자리구역통행중","운전자법규위반","안전운전 의무 불이행","단일로","기타단일로","승용차","대형","보행자","보행자","994116  ","1866787 ",127.43404288,36.7992238
"2014","2014100117","00","주간","수",2,2,0,0,0,"경북","구미시","차대차","측면직각충돌","측면직각충돌","운전자법규위반","교차로 통행방법 위반","교차로","교차로내","이륜차","소형","화물차","중형","1072403 ","1804240 ",128.3057038,36.23265787
"2014","2014100205","45","야간","목",1,1,0,0,0,"충남","보령시","차대사람","횡단중","횡단중","운전자법규위반","보행자 보호의무 위반","교차로","교차로부근","승용차","중형","보행자","보행자","918887  ","1816665 ",126.59609025,36.34396971
"2014","2014100118","55","야간","수",1,1,0,0,0,"전남","여수시","차대사람","기타","기타","운전자법규위반","안전운전 의무 불이행","교차로","교차로부근","승용차","소형","보행자","보행자","1010795 ","1647786 ",127.61804788,34.82462269
"2014","2014081618","30","야간","토",1,4,3,0,0,"전남","곡성군","차대차","정면충돌","정면충돌","운전자법규위반","과속","단일로","기타단일로","승용차","소형","승용차","중형","978129  ","1694674 ",127.24909182,35.23913886
"2014","2014082600","15","야간","화",2,2,0,0,0,"충남","천안시","차대사람","기타","기타","운전자법규위반","안전운전 의무 불이행","교차로","교차로부근","승용차","대형","보행자","보행자","969273  ","1872465 ",127.15533671,36.84992789
"2014","2014082603","18","야간","화",1,1,0,0,0,"경남","진주시","차량단독","도로이탈","도로이탈 추락","운전자법규위반","안전운전 의무 불이행","단일로","교량위","승용차","대형","00","00","1057075 ","1690991 ",128.12709057,35.21265327
"2014","2014082604","45","야간","화",1,1,0,0,0,"전남","화순군","차대사람","횡단중","횡단중","운전자법규위반","안전운전 의무 불이행","단일로","기타단일로","승용차","중형","보행자","보행자","952556  ","1673658 ",126.97971743,35.05686574
"2014","2014082714","20","주간","수",1,2,1,0,0,"경북","영양군","차대차","정면충돌","정면충돌","운전자법규위반","중앙선 침범","단일로","기타단일로","승용차","중형","승합차","소형","1145186 ","1854058 ",129.12542513,36.67434444
"2014","2014082210","25","주간","금",1,1,0,0,0,"전북","군산시","차대차","추돌","진행중 추돌","운전자법규위반","안전운전 의무 불이행","단일로","기타단일로","승용차","소형","승용차","중형","930624  ","1775081 ",126.72985184,35.96949399
"2014","2014082211","30","주간","금",1,1,0,0,0,"강원","강릉시","차대차","측면직각충돌","측면직각충돌","운전자법규위반","안전운전 의무 불이행","교차로","교차로내","화물차","소형","농기계","농기계","1133174 ","1958827 ",129.00913246,37.61923324
"2014","2014082219","20","야간","금",1,1,0,0,0,"경기","화성시","차대차","측면직각충돌","측면직각충돌","운전자법규위반","안전운전 의무 불이행","교차로","교차로내","이륜차","중형","승용차","중형","937126  ","1896250 ",126.79278411,37.06272909
"2014","2014083103","50","야간","일",1,3,2,0,0,"제주","제주시","차대차","추돌","주정차중 추돌","운전자법규위반","안전운전 의무 불이행","단일로","기타단일로","승용차","소형","승합차","대형","903904  ","1499124 ",126.46530895,33.47938769
"2014","2014090300","40","야간","수",1,1,0,0,0,"충북","청주시","차대사람","기타","기타","운전자법규위반","안전운전 의무 불이행","단일로","기타단일로","승용차","중형","보행자","보행자","996601  ","1851918 ",127.46196483,36.66519441
"2014","2014082903","41","야간","금",1,1,0,0,0,"인천","남동구","차량단독","공작물충돌","공작물충돌","운전자법규위반","안전운전 의무 불이행","교차로","교차로부근","원동기장치자전거","원동기장치자전거","00","00","932078  ","1939059 ",126.73210125,37.44822448
"2014","2014082919","05","야간","금",1,1,0,0,0,"제주","제주시","차대사람","횡단중","횡단중","운전자법규위반","보행자 보호의무 위반","단일로","기타단일로","화물차","소형","보행자","보행자","909348  ","1501812 ",126.52401426,33.50434369
"2014","2014090717","30","주간","일",1,1,0,0,0,"강원","삼척시","차량단독","기타","기타","운전자법규위반","안전운전 의무 불이행","단일로","기타단일로","화물차","중형","00","00","1152270 ","1926919 ",129.21871956,37.32880584
"2014","2014090717","00","주간","일",1,1,0,0,0,"경북","포항시","차량단독","전도전복","전도전복","운전자법규위반","안전운전 의무 불이행","단일로","기타단일로","이륜차","사발이","00","00","1166932 ","1792992 ",129.35487876,36.11959914
"2014","2014091522","25","야간","월",1,2,1,0,0,"경남","김해시","차대차","추돌","주정차중 추돌","운전자법규위반","안전운전 의무 불이행","교차로","교차로부근","승용차","중형","승용차","중형","1113785 ","1695962 ",128.75075941,35.25263687
"2014","2014092101","06","야간","일",2,3,1,0,0,"전남","영암군","차대차","기타","기타","운전자법규위반","신호위반","교차로","교차로내","승용차","중형","승용차","중형","903314  ","1643049 ",126.44332169,34.77737675
"2014","2014092021","20","야간","토",1,1,0,0,0,"전남","순천시","차대사람","차도통행중","차도통행중","운전자법규위반","안전운전 의무 불이행","단일로","기타단일로","승용차","중형","보행자","보행자","978964  ","1672623 ",127.2693369,35.04842923
"2014","2014091919","00","야간","금",1,1,0,0,0,"경남","거창군","차대차","추돌","주정차중 추돌","운전자법규위반","안전운전 의무 불이행","단일로","기타단일로","화물차","소형","이륜차","소형","1040901 ","1739484 ",127.95182635,35.65068122
"2014","2014092102","54","야간","일",2,4,0,0,2,"경기","성남시","차량단독","공작물충돌","공작물충돌","운전자법규위반","안전운전 의무 불이행","단일로","기타단일로","승용차","중형","00","00","966469  ","1934908 ",127.12108889,37.41269582
"2014","2014100211","35","주간","목",1,3,2,0,0,"충북","청주시","차대차","기타","기타","운전자법규위반","중앙선 침범","단일로","기타단일로","승용차","경형","건설기계","건설기계","1000593 ","1859706 ",127.50664177,36.73540822
"2014","2014100207","30","주간","목",1,5,2,2,0,"전남","나주시","차대차","정면충돌","정면충돌","운전자법규위반","중앙선 침범","교차로","교차로부근","화물차","소형","화물차","소형","929153  ","1666356 ",126.72371449,34.98965457
"2014","2014100200","48","야간","목",1,1,0,0,0,"서울","강서구","차대차","기타","기타","운전자법규위반","신호위반","교차로","교차로내","이륜차","대형","승용차","중형","940529  ","1951352 ",126.82664401,37.55960389
"2014","2014100202","10","야간","목",1,1,0,0,0,"충남","금산군","차량단독","공작물충돌","공작물충돌","운전자법규위반","안전운전 의무 불이행","단일로","기타단일로","승용차","중형","00","00","999904  ","1792676 ",127.4988886,36.13216837
"2014","2014091713","30","주간","수",1,1,0,0,0,"전북","군산시","차대차","측면직각충돌","측면직각충돌","운전자법규위반","안전운전 의무 불이행","단일로","기타단일로","화물차","소형","자전거","자전거","925514  ","1773497 ",126.67402397,35.9553557
"2014","2014091804","35","야간","목",1,1,0,0,0,"서울","도봉구","차대사람","횡단중","횡단중","운전자법규위반","안전운전 의무 불이행","교차로","교차로내","화물차","소형","보행자","보행자","959964  ","1965033 ",127.04593813,37.68396336
"2014","2014091723","10","야간","수",1,1,0,0,0,"대전","서구","차대사람","횡단중","횡단중","운전자법규위반","안전운전 의무 불이행","교차로","교차로내","승용차","중형","보행자","보행자","989575  ","1813358 ",127.38386338,36.31751788
"2014","2014091803","00","야간","목",1,1,0,0,0,"충남","태안군","차량단독","도로이탈","도로이탈 기타","운전자법규위반","안전운전 의무 불이행","단일로","기타단일로","화물차","소형","00","00","894349  ","1863322 ",126.31629229,36.76211729
"2014","2014100115","40","주간","수",1,2,1,0,0,"경기","화성시","차대차","기타","기타","운전자법규위반","신호위반","교차로","교차로내","화물차","소형","건설기계","건설기계","927972  ","1910217 ",126.68842765,37.18799998
"2014","2014100109","05","주간","수",1,1,0,0,0,"전북","군산시","차대차","기타","기타","운전자법규위반","안전운전 의무 불이행","교차로","교차로부근","화물차","대형","자전거","자전거","929436  ","1776181 ",126.71727252,35.97984378
"2014","2014093013","00","주간","화",1,3,1,1,0,"전북","완주군","차대차","기타","기타","운전자법규위반","안전운전 의무 불이행","단일로","기타단일로","이륜차","사발이","화물차","소형","963581  ","1767338 ",127.09641728,35.90199004
"2014","2014093012","56","주간","화",1,1,0,0,0,"전북","남원시","차량단독","전도전복","전도전복","운전자법규위반","안전운전 의무 불이행","단일로","기타단일로","이륜차","사발이","00","00","992352  ","1714572 ",127.41438144,35.42733579
"2014","2014093019","35","야간","화",1,1,0,0,0,"전북","김제시","차대사람","길가장자리구역통행중","길가장자리구역통행중","운전자법규위반","안전운전 의무 불이행","단일로","기타단일로","화물차","소형","보행자","보행자","940534  ","1748549 ",126.84242898,35.73146565
"2014","2014092809","15","주간","일",1,1,0,0,0,"인천","동구","차대차","기타","기타","운전자법규위반","안전운전 의무 불이행","단일로","기타단일로","화물차","대형","자전거","자전거","922243  ","1943383 ",126.62046545,37.4864205
"2014","2014092817","55","주간","일",1,2,1,0,0,"경기","구리시","차대사람","기타","기타","운전자법규위반","안전운전 의무 불이행","단일로","기타단일로","이륜차","소형","보행자","보행자","968007  ","1955742 ",127.13756172,37.60053701
"2014","2014093010","22","주간","화",1,1,0,0,0,"전북","남원시","차대차","기타","기타","운전자법규위반","안전운전 의무 불이행","교차로","교차로내","원동기장치자전거","원동기장치자전거","건설기계","건설기계","989734  ","1710650 ",127.38695691,35.39148939
"2014","2014093019","50","야간","화",1,1,0,0,0,"경기","평택시","차대차","측면직각충돌","측면직각충돌","운전자법규위반","신호위반","교차로","교차로내","이륜차","소형","승용차","소형","951355  ","1888834 ",126.95330569,36.99672768
"2014","2014081513","45","주간","금",1,1,0,0,0,"전북","익산시","차량단독","기타","기타","운전자법규위반","기타(운전자법규위반)","단일로","기타단일로","승합차","대형","00","00","950955  ","1770529 ",126.95630843,35.93020732
"2014","2014081807","30","주간","월",1,1,0,0,0,"충북","청주시","차대사람","횡단중","횡단중","운전자법규위반","보행자 보호의무 위반","단일로","횡단보도상","화물차","소형","보행자","보행자","999386  ","1847980 ",127.49313243,36.62969935
"2014","2014123020","56","야간","화",1,1,0,0,0,"전북","전주시","차대사람","횡단중","횡단중","운전자법규위반","보행자 보호의무 위반","단일로","횡단보도상","승용차","대형","보행자","보행자","968868  ","1760081 ",127.15528844,35.83674369
"2013","2013050509","01","주간","일",1,1,0,0,0,"부산","사하구","차량단독","공작물충돌","공작물충돌","운전자법규위반","안전운전 의무 불이행","단일로","기타단일로","원동기장치자전거","원동기장치자전거","00","00","1136364 ","1677800 ",128.99588349,35.08610336
"2013","2013112023","05","야간","수",2,2,0,0,0,"경기","이천시","차대차","추돌","진행중 추돌","운전자법규위반","차로위반(진로변경 위반)","단일로","기타단일로","승용차","경형","이륜차","소형","997436  ","1918303 ",127.46950327,37.26396144
"2013","2013070211","30","주간","화",1,1,0,0,0,"전남","나주시","차대사람","길가장자리구역통행중","길가장자리구역통행중","운전자법규위반","안전운전 의무 불이행","단일로","기타단일로","화물차","대형","보행자","보행자","939223  ","1670974 ",126.8290092,35.02080547
"2013","2013081108","35","주간","일",1,1,0,0,0,"부산","동래구","차대차","추돌","진행중 추돌","운전자법규위반","안전거리 미확보","교차로","교차로부근","원동기장치자전거","원동기장치자전거","승용차","중형","1144223 ","1692578 ",129.08464771,35.21821474
"2013","2013072405","30","야간","수",1,1,0,0,0,"충북","음성군","차대사람","기타","기타","운전자법규위반","안전운전 의무 불이행","교차로","교차로내","승용차","중형","보행자","보행자","1015798 ","1884715 ",127.67746205,36.96072345
"2013","2013060421","00","야간","화",1,1,0,0,0,"경남","거창군","차대차","추돌","진행중 추돌","운전자법규위반","과속","단일로","기타단일로","승용차","대형","이륜차","중형","1032052 ","1745293 ",127.85430629,35.70338371
"2013","2013061905","30","야간","수",1,2,0,0,1,"경북","구미시","차량단독","공작물충돌","공작물충돌","운전자법규위반","안전운전 의무 불이행","단일로","기타단일로","승용차","중형","00","00","1081928 ","1792554 ",128.41046722,36.1265534
"2014","2014121018","05","야간","수",1,2,0,1,0,"강원","평창군","차대차","추돌","진행중 추돌","운전자법규위반","안전운전 의무 불이행","기타/불명","기타/불명","승용차","중형","화물차","대형","1076336 ","1951692 ",128.3643264,37.56142478
"2014","2014013010","30","주간","목",1,2,1,0,0,"충북","단양군","차량단독","기타","기타","운전자법규위반","안전운전 의무 불이행","단일로","기타단일로","승용차","중형","00","00","1071565 ","1880496 ",128.30347015,36.92010651
"2014","2014012604","47","야간","일",1,1,0,0,0,"경북","포항시","차량단독","기타","기타","운전자법규위반","안전운전 의무 불이행","단일로","교량위","원동기장치자전거","원동기장치자전거","00","00","1163392 ","1784612 ",129.31382583,36.04468708
"2014","2014021414","30","주간","금",1,1,0,0,0,"경남","밀양시","차량단독","전도전복","전도전복","운전자법규위반","안전운전 의무 불이행","단일로","기타단일로","승용차","중형","00","00","1124639 ","1724969 ",128.87446941,35.5128222
"2014","2014010109","30","주간","수",2,4,2,0,0,"충북","보은군","차량단독","공작물충돌","공작물충돌","운전자법규위반","안전운전 의무 불이행","단일로","기타단일로","승용차","중형","00","00","1013559 ","1830699 ",127.65135272,36.47381345
"2013","2013042208","15","주간","월",1,1,0,0,0,"경기","포천시","차대사람","횡단중","횡단중","운전자법규위반","안전운전 의무 불이행","단일로","기타단일로","승용차","소형","보행자","보행자","973125  ","1983303 ",127.19452249,37.84911347
"2013","2013031004","15","야간","일",1,1,0,0,0,"서울","광진구","차량단독","공작물충돌","공작물충돌","운전자법규위반","안전운전 의무 불이행","단일로","교량위","승용차","경형","00","00","961013  ","1948230 ",127.07712382,37.53037312
"2014","2014022723","56","야간","목",1,1,0,0,0,"대전","서구","차대차","기타","기타","운전자법규위반","안전운전 의무 불이행","지하도로내","지하도로내","승용차","중형","승용차","중형","989125  ","1816493 ",127.37880653,36.34577626
"2014","2014032623","30","야간","수",1,2,1,0,0,"대구","북구","차대차","추돌","진행중 추돌","운전자법규위반","안전거리 미확보","단일로","터널안","승합차","소형","이륜차","소형","1099496 ","1767929 ",128.60257467,35.90293478
"2014","2014041815","40","주간","금",1,2,0,1,0,"경기","용인시","차대차","추돌","진행중 추돌","운전자법규위반","안전운전 의무 불이행","단일로","기타단일로","화물차","중형","승용차","중형","968607  ","1925844 ",127.14563307,37.3310707
"2014","2014041507","50","주간","화",1,1,0,0,0,"서울","동대문구","차대사람","횡단중","횡단중","운전자법규위반","안전운전 의무 불이행","단일로","횡단보도상","승용차","중형","보행자","보행자","962624  ","1952568 ",127.0767429,37.57172581
"2014","2014100617","25","주간","월",1,4,1,2,0,"경북","안동시","차대차","정면충돌","정면충돌","운전자법규위반","중앙선 침범","단일로","기타단일로","화물차","소형","승합차","대형","1125920 ","1812200 ",128.90239915,36.29890867
"2014","2014082321","00","야간","토",1,2,0,1,0,"경기","파주시","차대차","추돌","진행중 추돌","운전자법규위반","안전운전 의무 불이행","단일로","기타단일로","승용차","중형","건설기계","건설기계","937986  ","1972317 ",126.79607148,37.74838849
"2014","2014012423","50","야간","금",1,1,0,0,0,"경기","평택시","차대사람","기타","기타","운전자법규위반","안전운전 의무 불이행","교차로","교차로부근","화물차","대형","보행자","보행자","944162  ","1886248 ",126.87266309,36.97301788
"2014","2014032415","40","주간","월",1,1,0,0,0,"전남","광양시","차대사람","기타","기타","운전자법규위반","안전운전 의무 불이행","단일로","교량위","화물차","소형","보행자","보행자","1020103 ","1665936 ",127.72027091,34.98814924
"2014","2014010223","00","야간","목",1,1,0,0,0,"전남","강진군","차대사람","차도통행중","차도통행중","운전자법규위반","안전운전 의무 불이행","단일로","기타단일로","승용차","대형","보행자","보행자","933885  ","1627421 ",126.77862673,34.63889821
"2014","2014012318","03","야간","목",1,1,0,0,0,"서울","성동구","차대사람","기타","기타","운전자법규위반","안전운전 의무 불이행","단일로","기타단일로","승용차","중형","보행자","보행자","958562  ","1951052 ",127.03083063,37.55788782
"2014","2014011412","10","주간","화",1,1,0,0,0,"충남","부여군","차량단독","전도전복","전도전복","운전자법규위반","안전운전 의무 불이행","기타/불명","기타/불명","특수차","대형","00","00","942216  ","1806878 ",126.85677183,36.25742432
"2014","2014052213","20","주간","목",1,22,10,8,3,"전남","보성군","차대차","추돌","진행중 추돌","운전자법규위반","안전운전 의무 불이행","교차로","교차로부근","승합차","대형","승용차","중형","985495  ","1649484 ",127.34135246,34.83988855
"2014","2014052809","25","주간","수",1,1,0,0,0,"전남","무안군","차대차","측면직각충돌","측면직각충돌","운전자법규위반","안전운전 의무 불이행","교차로","교차로내","원동기장치자전거","원동기장치자전거","화물차","대형","893685  ","1662570 ",126.33503809,34.95144451
"2014","2014051613","33","주간","금",1,1,0,0,0,"경북","상주시","차대차","기타","기타","운전자법규위반","교차로 통행방법 위반","교차로","교차로내","승용차","경형","이륜차","소형","1059496 ","1825057 ",128.16367329,36.42120086
"2014","2014061400","05","야간","토",1,1,0,0,0,"대구","북구","차대사람","기타","기타","운전자법규위반","안전운전 의무 불이행","교차로","교차로부근","승용차","중형","보행자","보행자","1095968 ","1766397 ",128.56330023,35.88947707
"2014","2014061404","30","야간","토",1,1,0,0,0,"전북","무주군","차량단독","기타","기타","운전자법규위반","안전운전 의무 불이행","단일로","기타단일로","이륜차","사발이","00","00","1005283 ","1775294 ",127.55859793,35.97438546
"2014","2014051617","38","주간","금",1,3,0,2,0,"전북","완주군","차대차","기타","기타","운전자법규위반","안전운전 의무 불이행","단일로","기타단일로","화물차","소형","이륜차","소형","963339  ","1767853 ",127.09131906,35.91074537
"2014","2014053104","33","야간","토",1,1,0,0,0,"서울","서초구","차량단독","공작물충돌","공작물충돌","운전자법규위반","안전운전 의무 불이행","교차로","교차로부근","승용차","소형","00","00","955166  ","1941762 ",126.99273215,37.4740638
"2014","2014080117","10","주간","금",2,2,0,0,0,"전북","부안군","차대차","정면충돌","정면충돌","운전자법규위반","안전운전 의무 불이행","단일로","기타단일로","승용차","소형","원동기장치자전거","원동기장치자전거","924502  ","1745927 ",126.66540983,35.70672789
"2014","2014081919","25","야간","화",1,1,0,0,0,"제주","제주시","차대사람","기타","기타","운전자법규위반","안전운전 의무 불이행","단일로","기타단일로","승용차","중형","보행자","보행자","910690  ","1502843 ",126.53835798,33.51375459
"2014","2014042613","45","주간","토",1,1,0,0,0,"강원","속초시","차대차","추돌","주정차중 추돌","운전자법규위반","안전운전 의무 불이행","단일로","기타단일로","이륜차","중형","승용차","중형","1095839 ","2024043 ",128.59473069,38.21158855
"2014","2014110713","57","주간","금",1,1,0,0,0,"경남","밀양시","차대사람","차도통행중","차도통행중","운전자법규위반","안전운전 의무 불이행","단일로","기타단일로","화물차","소형","보행자","보행자","1115025 ","1731064 ",128.75435332,35.5610591
"2014","2014090114","07","주간","월",1,1,0,0,0,"울산","북구","차대차","기타","기타","운전자법규위반","부당한 회전","교차로","교차로부근","자전거","자전거","승용차","소형","1167738 ","1738237 ",129.35230589,35.62604197