"발생년","발생년월일시","발생분","주야","요일","사망자수","사상자수","중상자수","경상자수","부상신고자수","발생지시도","발생지시군구","사고유형_대분류","사고유형_중분류","사고유형","법규위반_대분류","법규위반","도로형태_대분류","도로형태","당사자종별_1당_대분류","당사자종별_1당","당사자종별_2당_대분류","당사자종별_2당","발생위치X_UTMK","발생위치Y_UTMK","경도","위도"
"2014","2014090717","22","주간","일",1,1,0,0,0,"강원","속초시","차량단독","공작물충돌","공작물충돌","운전자법규위반","안전운전 의무 불이행","단일로","기타단일로","원동기장치자전거","원동기장치자전거","00","00","1095451 ","2021012 ",128.58989222,38.18431757
"2014","2014012318","30","야간","목",1,1,0,0,0,"충북","보은군","차량단독","기타","기타","운전자법규위반","안전운전 의무 불이행","교차로","교차로부근","농기계","농기계","00","00","1016834 ","1826847 ",127.68782608,36.43903491
"2014","2014010811","50","주간","수",1,1,0,0,0,"서울","성북구","차대사람","횡단중","횡단중","운전자법규위반","안전운전 의무 불이행","단일로","횡단보도상","승용차","중형","보행자","보행자","956628  ","1954573 ",127.00872578,37.58953433
"2014","2014081901","06","야간","화",1,1,0,0,0,"광주","북구","차대사람","횡단중","횡단중","운전자법규위반","안전운전 의무 불이행","단일로","기타단일로","승용차","중형","보행자","보행자","943349  ","1690774 ",126.87758266,35.21072071
"2014","2014071223","50","야간","토",1,1,0,0,0,"경기","수원시","차대차","측면직각충돌","측면직각충돌","운전자법규위반","안전운전 의무 불이행","교차로","교차로부근","승용차","중형","원동기장치자전거","원동기장치자전거","954314  ","1917130 ",126.9848333,37.25193281
"2014","2014030102","26","야간","토",2,3,1,0,0,"인천","강화군","차량단독","공작물충돌","공작물충돌","운전자법규위반","안전운전 의무 불이행","단일로","기타단일로","승용차","중형","00","00","910516  ","1972433 ",126.48427994,37.74715936
"2014","2014032300","20","야간","일",1,1,0,0,0,"대구","달성군","차량단독","공작물충돌","공작물충돌","운전자법규위반","안전운전 의무 불이행","단일로","기타단일로","원동기장치자전거","원동기장치자전거","00","00","1087946 ","1748845 ",128.47249932,35.73200108
"2014","2014032416","20","주간","월",1,1,0,0,0,"경북","고령군","차대차","측면직각충돌","측면직각충돌","운전자법규위반","안전운전 의무 불이행","단일로","기타단일로","원동기장치자전거","원동기장치자전거","승용차","대형","1071761 ","1743549 ",128.29307096,35.6855683
"2014","2014040908","40","주간","수",1,1,0,0,0,"경남","양산시","차대차","기타","기타","운전자법규위반","안전운전 의무 불이행","단일로","기타단일로","건설기계","건설기계","원동기장치자전거","원동기장치자전거","1138717 ","1709802 ",129.02708433,35.374245
"2014","2014041310","15","주간","일",1,1,0,0,0,"경남","진주시","차대사람","기타","기타","운전자법규위반","안전운전 의무 불이행","단일로","기타단일로","화물차","소형","보행자","보행자","1055656 ","1687773 ",128.11128321,35.1837175
"2014","2014033010","00","주간","일",1,1,0,0,0,"강원","영월군","차대사람","차도통행중","차도통행중","운전자법규위반","안전운전 의무 불이행","단일로","기타단일로","화물차","소형","보행자","보행자","1066850 ","1915369 ",128.25364329,37.23478168
"2014","2014103104","06","야간","금",1,2,1,0,0,"대전","서구","차량단독","공작물충돌","공작물충돌","운전자법규위반","안전운전 의무 불이행","단일로","기타단일로","이륜차","소형","00","00","986923  ","1809397 ",127.35438603,36.28177528
"2014","2014102507","35","주간","토",1,2,1,0,0,"전북","진안군","차량단독","공작물충돌","공작물충돌","운전자법규위반","안전운전 의무 불이행","교차로","교차로내","화물차","소형","00","00","999542  ","1771852 ",127.49492195,35.94336657
"2014","2014110401","21","야간","화",2,2,0,0,0,"충북","진천군","차대사람","차도통행중","차도통행중","운전자법규위반","안전운전 의무 불이행","단일로","기타단일로","승용차","중형","보행자","보행자","994845  ","1874264 ",127.45300342,36.86412051
"2014","2014082815","50","주간","목",1,1,0,0,0,"충북","청주시","차대사람","횡단중","횡단중","운전자법규위반","신호위반","교차로","교차로내","승합차","중형","보행자","보행자","992656  ","1856787 ",127.41839963,36.70958895
"2014","2014082518","20","야간","월",1,1,0,0,0,"울산","동구","차대차","기타","기타","운전자법규위반","신호위반","교차로","교차로내","이륜차","중형","승합차","대형","1174667 ","1728715 ",129.42672663,35.53903435
"2014","2014012405","03","야간","금",1,2,1,0,0,"전북","전주시","차대차","추돌","진행중 추돌","운전자법규위반","안전운전 의무 불이행","단일로","기타단일로","화물차","대형","화물차","대형","960090  ","1766712 ",127.05776362,35.89620989
"2014","2014042802","15","야간","월",1,1,0,0,0,"대구","북구","차대사람","기타","기타","운전자법규위반","보행자 보호의무 위반","단일로","기타단일로","승용차","중형","보행자","보행자","1100350 ","1767045 ",128.61192529,35.8948788
"2014","2014042613","50","주간","토",1,1,0,0,0,"경남","합천군","차량단독","전도전복","전도전복","운전자법규위반","안전운전 의무 불이행","단일로","기타단일로","화물차","중형","00","00","1047834 ","1721182 ",128.02732897,35.48535489
"2014","2014050620","05","야간","화",1,1,0,0,0,"대구","북구","차대사람","횡단중","횡단중","운전자법규위반","보행자 보호의무 위반","교차로","교차로부근","화물차","소형","보행자","보행자","1099418 ","1765216 ",128.60137167,35.87848654
"2014","2014050722","15","야간","수",1,1,0,0,0,"경기","김포시","차대사람","횡단중","횡단중","운전자법규위반","보행자 보호의무 위반","단일로","횡단보도상","화물차","소형","보행자","보행자","935626  ","1955623 ",126.77075877,37.59776798
"2014","2014050523","45","야간","월",1,1,0,0,0,"부산","사하구","차대차","측면직각충돌","측면직각충돌","운전자법규위반","안전운전 의무 불이행","단일로","기타단일로","이륜차","소형","승용차","중형","1134988 ","1675633 ",128.98044062,35.0667546
"2014","2014050700","24","야간","수",1,2,1,0,0,"서울","마포구","차대차","기타","기타","운전자법규위반","안전운전 의무 불이행","단일로","기타단일로","승용차","중형","승용차","중형","944669  ","1952535 ",126.87342689,37.57052433
"2014","2014050501","20","야간","월",1,1,0,0,0,"경남","창원시(통합)","차대사람","차도통행중","차도통행중","운전자법규위반","안전운전 의무 불이행","단일로","기타단일로","승용차","중형","보행자","보행자","1097171 ","1690007 ",128.56746048,35.20069909
"2014","2014050207","17","주간","금",2,6,3,1,0,"서울","구로구","차대차","추돌","진행중 추돌","운전자법규위반","과속","단일로","기타단일로","승용차","중형","승용차","중형","940153  ","1942551 ",126.82364277,37.48096763
"2012","2012033120","46","야간","토",1,1,0,0,0,"경기","광명시","차대사람","기타","기타","운전자법규위반","안전운전 의무 불이행","단일로","기타단일로","승용차","중형","보행자","보행자","942136  ","1940511 ",126.84569157,37.46199567
"2012","2012091507","39","주간","토",1,1,0,0,0,"인천","계양구","차대차","추돌","진행중 추돌","운전자법규위반","안전운전 의무 불이행","단일로","기타단일로","승용차","대형","자전거","자전거","936241  ","1953367 ",126.77792155,37.57747791
"2012","2012082313","25","주간","목",1,1,0,0,0,"전남","광양시","차대차","측면직각충돌","측면직각충돌","운전자법규위반","중앙선 침범","교차로","교차로부근","화물차","중형","화물차","경형","1023561 ","1660799 ",127.75801505,34.9417522
"2012","2012100306","30","주간","수",1,6,5,0,0,"경북","의성군","차대차","기타","기타","운전자법규위반","중앙선 침범","단일로","기타단일로","화물차","소형","화물차","소형","1111120 ","1819574 ",128.73865716,36.36719264
"2012","2012071608","10","주간","월",1,1,0,0,0,"대구","동구","차대사람","차도통행중","차도통행중","운전자법규위반","안전운전 의무 불이행","단일로","기타단일로","승용차","소형","보행자","보행자","1102244 ","1766014 ",128.63277566,35.88538889
"2013","2013102516","20","주간","금",2,11,1,7,1,"강원","횡성군","차대차","기타","기타","운전자법규위반","안전운전 의무 불이행","기타/불명","기타/불명","승용차","중형","승합차","대형","1053086 ","1938888 ",128.1001662,37.44765397
"2014","2014122403","04","야간","수",2,2,0,0,0,"경기","의왕시","차대차","추돌","진행중 추돌","운전자법규위반","안전운전 의무 불이행","단일로","기타단일로","승용차","중형","화물차","대형","952230  ","1925093 ",126.96082262,37.32360347
"2014","2014060318","30","야간","화",1,1,0,0,0,"충남","공주시","차량단독","도로이탈","도로이탈 추락","운전자법규위반","안전운전 의무 불이행","교차로","교차로부근","원동기장치자전거","원동기장치자전거","00","00","971953  ","1838932 ",127.18662714,36.54771957
"2014","2014060311","00","주간","화",1,1,0,0,0,"충남","아산시","차대차","측면직각충돌","측면직각충돌","운전자법규위반","안전운전 의무 불이행","단일로","기타단일로","승용차","중형","이륜차","중형","954342  ","1875735 ",126.98766473,36.87880102
"2014","2014071707","15","주간","목",1,1,0,0,0,"서울","영등포구","차대사람","기타","기타","운전자법규위반","안전운전 의무 불이행","단일로","기타단일로","승합차","대형","보행자","보행자","947630  ","1945740 ",126.90350494,37.50752449
"2014","2014100419","40","야간","토",1,1,0,0,0,"대구","달성군","차대사람","횡단중","횡단중","운전자법규위반","안전운전 의무 불이행","단일로","기타단일로","승용차","중형","보행자","보행자","1087777 ","1755321 ",128.47134024,35.79039734
"2014","2014110509","50","주간","수",1,1,0,0,0,"대전","대덕구","차대사람","횡단중","횡단중","운전자법규위반","안전운전 의무 불이행","교차로","교차로내","화물차","대형","보행자","보행자","993312  ","1827309 ",127.42537421,36.44332439
"2014","2014111018","10","야간","월",1,1,0,0,0,"경북","의성군","차대차","추돌","진행중 추돌","운전자법규위반","안전운전 의무 불이행","단일로","기타단일로","승용차","중형","농기계","농기계","1080944 ","1817677 ",128.40213189,36.35310641
"2014","2014090411","10","주간","목",1,1,0,0,0,"경남","양산시","차대사람","기타","기타","운전자법규위반","안전운전 의무 불이행","기타/불명","기타/불명","화물차","중형","보행자","보행자","1140174 ","1707226 ",129.04267689,35.35082216
"2014","2014091818","00","야간","목",1,1,0,0,0,"경기","김포시","차대차","기타","기타","운전자법규위반","안전운전 의무 불이행","단일로","기타단일로","화물차","소형","자전거","자전거","921602  ","1964779 ",126.60964185,37.68126012
"2014","2014061500","08","야간","일",1,4,3,0,0,"경남","김해시","차량단독","공작물충돌","공작물충돌","운전자법규위반","안전운전 의무 불이행","단일로","기타단일로","승용차","경형","00","00","1118757 ","1690083 ",128.80455213,35.19906192
"2014","2014020218","55","야간","일",1,1,0,0,0,"전남","화순군","차대사람","횡단중","횡단중","운전자법규위반","안전운전 의무 불이행","교차로","교차로내","화물차","소형","보행자","보행자","944108  ","1663600 ",126.88775514,34.96574098
"2014","2014123119","40","야간","수",1,2,1,0,0,"경남","합천군","차대차","정면충돌","정면충돌","운전자법규위반","중앙선 침범","단일로","기타단일로","농기계","농기계","승용차","대형","1059234 ","1722226 ",128.15307379,35.49415313
"2014","2014123104","05","야간","수",1,1,0,0,0,"서울","양천구","차대차","측면직각충돌","측면직각충돌","운전자법규위반","안전운전 의무 불이행","교차로","교차로내","화물차","대형","승용차","중형","942303  ","1945902 ",126.84715714,37.51059574
"2014","2014121611","33","주간","화",1,1,0,0,0,"부산","동래구","차대사람","기타","기타","운전자법규위반","안전운전 의무 불이행","교차로","교차로내","화물차","중형","보행자","보행자","1144093 ","1690970 ",129.0829384,35.20373944
"2014","2014121522","26","야간","월",1,1,0,0,0,"경북","경산시","차량단독","도로이탈","도로이탈 추락","운전자법규위반","안전운전 의무 불이행","단일로","기타단일로","승용차","중형","00","00","1116984 ","1767816 ",128.79631184,35.89998077
"2014","2014121519","51","야간","월",1,1,0,0,0,"경기","안산시","차대사람","차도통행중","차도통행중","운전자법규위반","안전운전 의무 불이행","단일로","기타단일로","승용차","중형","보행자","보행자","922423  ","1915350 ",126.62543825,37.23377914
"2014","2014121606","40","주간","화",1,1,0,0,0,"서울","동대문구","차량단독","주/정차차량 충돌","주/정차차량 충돌","운전자법규위반","안전운전 의무 불이행","단일로","기타단일로","불명","불명","화물차","중형","961523  ","1952673 ",127.06426965,37.57262685
"2014","2014122706","25","주간","토",1,3,0,2,0,"부산","영도구","차대차","추돌","주정차중 추돌","운전자법규위반","안전운전 의무 불이행","교차로","교차로부근","승용차","소형","건설기계","건설기계","1143075 ","1678633 ",129.06962161,35.09268158
"2014","2014122309","20","주간","화",1,1,0,0,0,"경남","사천시","차대차","추돌","진행중 추돌","운전자법규위반","안전거리 미확보","단일로","기타단일로","이륜차","소형","건설기계","건설기계","1050086 ","1660096 ",128.0484378,34.93444901
"2014","2014120421","35","야간","목",1,1,0,0,0,"울산","남구","차대사람","기타","기타","운전자법규위반","안전운전 의무 불이행","단일로","기타단일로","승용차","중형","보행자","보행자","1167355 ","1728659 ",129.34609568,35.5397912
"2014","2014122609","55","주간","금",1,3,0,2,0,"광주","동구","차대차","측면직각충돌","측면직각충돌","운전자법규위반","중앙선 침범","단일로","기타단일로","승용차","중형","화물차","소형","947237  ","1684843 ",126.92067724,35.15745469
"2014","2014123010","40","주간","화",1,1,0,0,0,"경남","진주시","차대차","측면직각충돌","측면직각충돌","운전자법규위반","안전운전 의무 불이행","단일로","기타단일로","승합차","대형","자전거","자전거","1053649 ","1687665 ",128.08923387,35.18285294
"2014","2014122910","10","주간","월",1,1,0,0,0,"강원","양양군","차대사람","차도통행중","차도통행중","운전자법규위반","안전운전 의무 불이행","단일로","기타단일로","승용차","경형","보행자","보행자","1112784 ","1994207 ",128.78353706,37.94078672
"2014","2014121012","14","주간","수",1,1,0,0,0,"대전","중구","차대차","측면직각충돌","측면직각충돌","운전자법규위반","안전운전 의무 불이행","단일로","기타단일로","원동기장치자전거","원동기장치자전거","승용차","중형","993477  ","1814657 ",127.42732154,36.32926327
"2014","2014122000","10","야간","토",1,1,0,0,0,"울산","동구","차대사람","기타","기타","운전자법규위반","안전운전 의무 불이행","단일로","기타단일로","승용차","중형","보행자","보행자","1175137 ","1727944 ",129.43174186,35.53200355
"2014","2014111618","07","야간","일",1,1,0,0,0,"충북","제천시","차대사람","횡단중","횡단중","운전자법규위반","과속","교차로","교차로부근","승합차","소형","보행자","보행자","1061090 ","1906123 ",128.18849077,37.15156221
"2014","2014111606","25","주간","일",1,1,0,0,0,"충북","청주시","차대차","측면직각충돌","측면직각충돌","운전자법규위반","신호위반","교차로","교차로내","승용차","소형","이륜차","소형","1000749 ","1845952 ",127.50837557,36.61141682
"2014","2014112406","55","주간","월",1,1,0,0,0,"경남","사천시","차대사람","기타","기타","운전자법규위반","안전운전 의무 불이행","단일로","기타단일로","승용차","중형","보행자","보행자","1054210 ","1677221 ",128.0947099,35.08865185
"2014","2014112319","30","야간","일",1,1,0,0,0,"충남","아산시","차대사람","기타","기타","운전자법규위반","안전운전 의무 불이행","단일로","기타단일로","화물차","경형","보행자","보행자","950280  ","1875873 ",126.94207725,36.87983974
"2014","2014112323","37","야간","일",1,1,0,0,0,"경기","이천시","차대차","추돌","주정차중 추돌","운전자법규위반","안전운전 의무 불이행","단일로","기타단일로","승용차","중형","화물차","소형","1010634 ","1902150 ",127.61970043,37.11796117
"2014","2014112103","55","야간","금",1,3,1,1,0,"강원","원주시","차대차","측면직각충돌","측면직각충돌","운전자법규위반","안전운전 의무 불이행","교차로","교차로내","화물차","소형","승용차","소형","1038272 ","1926223 ",127.93203542,37.33422884
"2014","2014112101","30","야간","금",1,1,0,0,0,"경남","창원시(통합)","차량단독","공작물충돌","공작물충돌","운전자법규위반","안전운전 의무 불이행","단일로","기타단일로","승용차","대형","00","00","1099122 ","1702874 ",128.5904424,35.31650969
"2014","2014112104","00","야간","금",1,1,0,0,0,"제주","서귀포시","차대차","기타","기타","운전자법규위반","안전운전 의무 불이행","단일로","기타단일로","승용차","경형","자전거","자전거","910991  ","1475032 ",126.54434714,33.26296475
"2014","2014112217","45","주간","토",1,1,0,0,0,"전남","영광군","차대사람","횡단중","횡단중","운전자법규위반","안전운전 의무 불이행","교차로","교차로부근","승용차","중형","보행자","보행자","909807  ","1696840 ",126.50843552,35.26295511
"2014","2014112010","40","주간","목",1,1,0,0,0,"서울","강북구","차대사람","횡단중","횡단중","운전자법규위반","안전운전 의무 불이행","교차로","교차로내","화물차","대형","보행자","보행자","957603  ","1959535 ",127.01948156,37.63430317
"2014","2014112009","50","주간","목",1,1,0,0,0,"강원","고성군","차대사람","기타","기타","운전자법규위반","안전운전 의무 불이행","단일로","기타단일로","화물차","중형","보행자","보행자","1078624 ","2060155 ",128.40265363,38.53785525
"2014","2014112922","50","야간","토",1,1,0,0,0,"경기","안양시","차대사람","횡단중","횡단중","운전자법규위반","안전운전 의무 불이행","단일로","기타단일로","승용차","중형","보행자","보행자","948021  ","1935531 ",126.91258494,37.41745923
"2014","2014120116","30","주간","월",1,1,0,0,0,"경기","포천시","차대차","추돌","진행중 추돌","운전자법규위반","안전운전 의무 불이행","단일로","기타단일로","화물차","소형","건설기계","건설기계","974589  ","1979892 ",127.21128283,37.81841197
"2014","2014120117","50","주간","월",1,1,0,0,0,"충북","청주시","차량단독","공작물충돌","공작물충돌","운전자법규위반","안전운전 의무 불이행","단일로","기타단일로","이륜차","소형","00","00","992382  ","1832448 ",127.41494654,36.48964672
"2014","2014120117","50","주간","월",1,1,0,0,0,"전남","보성군","차대차","기타","기타","운전자법규위반","안전운전 의무 불이행","단일로","기타단일로","승용차","대형","승용차","중형","974033  ","1643884 ",127.21603752,34.78907589
"2014","2014112621","35","야간","수",1,1,0,0,0,"광주","서구","차대사람","기타","기타","운전자법규위반","안전운전 의무 불이행","교차로","교차로내","승용차","중형","보행자","보행자","944925  ","1684240 ",126.8953336,35.15189358
"2014","2014112917","45","주간","토",1,1,0,0,0,"경남","창원시(통합)","차대사람","차도통행중","차도통행중","운전자법규위반","안전운전 의무 불이행","단일로","기타단일로","승용차","경형","보행자","보행자","1111396 ","1705693 ",128.72582646,35.34062972
"2014","2014112917","55","주간","토",1,1,0,0,0,"광주","남구","차대사람","횡단중","횡단중","운전자법규위반","안전운전 의무 불이행","단일로","기타단일로","승용차","중형","보행자","보행자","944924  ","1682809 ",126.89541806,35.13899059
"2014","2014120319","30","야간","수",1,1,0,0,0,"경기","화성시","차대사람","횡단중","횡단중","운전자법규위반","보행자 보호의무 위반","교차로","교차로내","승합차","중형","보행자","보행자","952329  ","1913021 ",126.96271372,37.21479612
"2014","2014121117","45","주간","목",1,1,0,0,0,"경북","의성군","차대사람","차도통행중","차도통행중","운전자법규위반","안전운전 의무 불이행","단일로","기타단일로","화물차","소형","보행자","보행자","1085510 ","1820116 ",128.45328254,36.3746969
"2014","2014121218","00","야간","금",1,1,0,0,0,"강원","영월군","차대사람","횡단중","횡단중","운전자법규위반","보행자 보호의무 위반","단일로","횡단보도상","승용차","중형","보행자","보행자","1086793 ","1908829 ",128.47768648,37.17419388
"2014","2014121119","45","야간","목",1,1,0,0,0,"경기","화성시","차대사람","기타","기타","운전자법규위반","안전운전 의무 불이행","교차로","교차로내","승용차","소형","보행자","보행자","954266  ","1907512 ",126.9848817,37.16523625
"2014","2014121001","26","야간","수",2,2,0,0,0,"울산","북구","차대사람","차도통행중","차도통행중","운전자법규위반","안전운전 의무 불이행","단일로","기타단일로","이륜차","중형","보행자","보행자","1167482 ","1738463 ",129.34952716,35.62812206
"2014","2014121206","05","주간","금",1,1,0,0,0,"경기","화성시","차대사람","횡단중","횡단중","운전자법규위반","안전운전 의무 불이행","단일로","기타단일로","화물차","소형","보행자","보행자","950563  ","1911908 ",126.94288424,37.20467193
"2014","2014122007","10","주간","토",1,4,1,2,0,"전남","영암군","차대사람","기타","기타","운전자법규위반","과속","단일로","교량위","승용차","대형","보행자","보행자","916735  ","1636445 ",126.5906346,34.71901538
"2014","2014122006","05","주간","토",1,1,0,0,0,"경기","안산시","차대차","추돌","진행중 추돌","운전자법규위반","안전운전 의무 불이행","단일로","기타단일로","화물차","소형","자전거","자전거","944458  ","1928567 ",126.87284463,37.3544837
"2014","2014020707","32","주간","금",1,1,0,0,0,"대구","달서구","차대사람","횡단중","횡단중","운전자법규위반","안전운전 의무 불이행","단일로","기타단일로","승용차","대형","보행자","보행자","1094677 ","1762368 ",128.54851978,35.85328293
"2014","2014061015","10","주간","화",1,1,0,0,0,"제주","서귀포시","차량단독","기타","기타","운전자법규위반","안전운전 의무 불이행","단일로","기타단일로","자전거","자전거","00","00","885317  ","1465162 ",126.26999125,33.17153348
"2014","2014061100","40","야간","수",1,2,1,0,0,"경북","영덕군","차량단독","공작물충돌","공작물충돌","운전자법규위반","안전운전 의무 불이행","단일로","기타단일로","승용차","대형","00","00","1170673 ","1841353 ",129.40702324,36.55470307
"2014","2014052311","30","주간","금",1,1,0,0,0,"경남","김해시","차대사람","기타","기타","운전자법규위반","안전운전 의무 불이행","단일로","기타단일로","승용차","중형","보행자","보행자","1119373 ","1697000 ",128.81232124,35.26134371
"2014","2014071723","45","야간","목",1,1,0,0,0,"경기","광주시","차대사람","차도통행중","차도통행중","운전자법규위반","안전운전 의무 불이행","교차로","교차로내","승용차","중형","보행자","보행자","990652  ","1925509 ",127.39448234,37.32853466
"2014","2014081416","20","주간","목",1,1,0,0,0,"충북","괴산군","차량단독","도로이탈","도로이탈 추락","운전자법규위반","안전운전 의무 불이행","단일로","기타단일로","화물차","경형","00","00","1045155 ","1861846 ",128.0131278,36.75388221
"2014","2014081200","55","야간","화",1,1,0,0,0,"강원","원주시","차대차","기타","기타","운전자법규위반","신호위반","교차로","교차로내","승용차","중형","원동기장치자전거","원동기장치자전거","1038383 ","1927279 ",127.9333431,37.34374268
"2012","2012100621","10","야간","토",1,1,0,0,0,"충북","제천시","차대차","측면직각충돌","측면직각충돌","운전자법규위반","직진 및 우회전차의 통행방해","교차로","교차로내","승용차","중형","원동기장치자전거","원동기장치자전거","1062672 ","1904422 ",128.20562676,37.1364017
"2014","2014050709","35","주간","수",1,1,0,0,0,"전남","담양군","차량단독","도로이탈","도로이탈 추락","운전자법규위반","안전운전 의무 불이행","단일로","기타단일로","건설기계","건설기계","00","00","952155  ","1699478 ",126.97382224,35.28966066
"2014","2014050803","30","야간","목",1,2,1,0,0,"경북","구미시","차량단독","공작물충돌","공작물충돌","운전자법규위반","안전운전 의무 불이행","단일로","기타단일로","이륜차","소형","00","00","1075468 ","1791688 ",128.33878434,36.11767369
"2014","2014050501","15","야간","월",1,1,0,0,0,"경기","부천시","차대사람","횡단중","횡단중","운전자법규위반","안전운전 의무 불이행","교차로","교차로내","화물차","소형","보행자","보행자","937185  ","1943287 ",126.78947413,37.48669256
"2014","2014041917","10","주간","토",1,1,0,0,0,"전북","군산시","차대차","측면직각충돌","측면직각충돌","운전자법규위반","안전운전 의무 불이행","단일로","기타단일로","건설기계","건설기계","자전거","자전거","931002  ","1774669 ",126.73477346,35.96632489
"2014","2014043013","57","주간","수",1,1,0,0,0,"강원","정선군","차대사람","기타","기타","운전자법규위반","안전운전 의무 불이행","기타/불명","기타/불명","화물차","소형","보행자","보행자","1103212 ","1931932 ",128.66581454,37.3807312
"2014","2014042909","25","주간","화",1,1,0,0,0,"서울","강서구","차대차","기타","기타","운전자법규위반","신호위반","교차로","교차로부근","승합차","대형","자전거","자전거","937939  ","1954117 ",126.79708672,37.58435361
"2014","2014033010","46","주간","일",1,1,0,0,0,"충북","영동군","차량단독","도로이탈","도로이탈 기타","운전자법규위반","안전운전 의무 불이행","단일로","기타단일로","이륜차","소형","00","00","1035030 ","1802066 ",127.88974633,36.21589344
"2014","2014032822","51","야간","금",1,1,0,0,0,"제주","제주시","차대사람","횡단중","횡단중","운전자법규위반","안전운전 의무 불이행","단일로","기타단일로","승용차","중형","보행자","보행자","910796  ","1501159 ",126.53966696,33.4985765
"2014","2014032411","40","주간","월",1,2,1,0,0,"경남","창원시(통합)","차대차","측면직각충돌","측면직각충돌","운전자법규위반","안전거리 미확보","기타/불명","기타/불명","승용차","중형","화물차","중형","1101875 ","1691240 ",128.61927968,35.21134856
"2014","2014032420","45","야간","월",1,1,0,0,0,"전북","전주시","차대사람","차도통행중","차도통행중","운전자법규위반","안전운전 의무 불이행","단일로","기타단일로","승합차","소형","보행자","보행자","969774  ","1759930 ",127.16532576,35.83541063
"2014","2014040319","50","야간","목",1,1,0,0,0,"강원","강릉시","차대사람","횡단중","횡단중","운전자법규위반","보행자 보호의무 위반","단일로","횡단보도상","화물차","중형","보행자","보행자","1124761 ","1970181 ",128.91566134,37.72273739
"2014","2014040110","25","주간","화",1,1,0,0,0,"서울","도봉구","차대사람","횡단중","횡단중","운전자법규위반","안전운전 의무 불이행","교차로","교차로부근","건설기계","건설기계","보행자","보행자","959164  ","1963439 ",127.03695462,37.66956119
"2014","2014040723","45","야간","월",1,3,0,1,1,"부산","강서구","차대차","정면충돌","정면충돌","운전자법규위반","안전운전 의무 불이행","기타/불명","기타/불명","승용차","소형","승용차","경형","1127567 ","1689982 ",128.90128995,35.1970703
"2014","2014040721","01","야간","월",1,1,0,0,0,"경북","경주시","차대사람","기타","기타","운전자법규위반","안전운전 의무 불이행","단일로","기타단일로","승용차","중형","보행자","보행자","1178709 ","1751851 ",129.4764193,35.74679506
"2014","2014041807","50","주간","금",1,1,0,0,0,"경북","경주시","차대사람","기타","기타","운전자법규위반","안전운전 의무 불이행","단일로","기타단일로","화물차","소형","보행자","보행자","1177611 ","1744292 ",129.46261114,35.67887926
"2014","2014041222","31","야간","토",1,1,0,0,0,"대구","달서구","차대사람","횡단중","횡단중","운전자법규위반","과속","단일로","기타단일로","승용차","중형","보행자","보행자","1091294 ","1762091 ",128.51102768,35.85110692
"2014","2014042305","27","야간","수",1,1,0,0,0,"강원","춘천시","차대차","측면직각충돌","측면직각충돌","운전자법규위반","교차로 통행방법 위반","교차로","교차로내","승용차","중형","화물차","소형","1022526 ","1988146 ",127.75619575,37.89288132
"2014","2014042400","20","야간","목",1,2,0,1,0,"전남","순천시","차대차","기타","기타","운전자법규위반","안전운전 의무 불이행","단일로","기타단일로","승용차","중형","승용차","중형","1003761 ","1659587 ",127.54043731,34.93248792
"2014","2014042320","52","야간","수",1,4,2,1,0,"경북","구미시","차대차","측면직각충돌","측면직각충돌","운전자법규위반","신호위반","교차로","교차로내","승용차","중형","승용차","소형","1077617 ","1789203 ",128.36221617,36.09681863
"2014","2014041911","06","주간","토",1,3,2,0,0,"부산","사하구","차대사람","횡단중","횡단중","운전자법규위반","신호위반","교차로","교차로내","승용차","중형","보행자","보행자","1136694 ","1678190 ",128.99956678,35.0895742
"2014","2014042519","42","야간","금",1,1,0,0,0,"충북","제천시","차대사람","기타","기타","운전자법규위반","안전운전 의무 불이행","단일로","기타단일로","승용차","중형","보행자","보행자","1062837 ","1903676 ",128.20682543,37.12994411
"2014","2014042515","07","주간","금",1,1,0,0,0,"경기","여주시","차대차","기타","기타","운전자법규위반","안전운전 의무 불이행","교차로","교차로내","원동기장치자전거","원동기장치자전거","승용차","중형","1004525 ","1912483 ",127.55099774,37.21115413
"2014","2014042618","50","야간","토",1,1,0,0,0,"충북","청원군","차량단독","전도전복","전도전복","운전자법규위반","안전운전 의무 불이행","교차로","교차로부근","농기계","농기계","00","00","1007482 ","1858830 ",127.58381423,36.72739175
"2014","2014042701","10","야간","일",1,1,0,0,0,"전남","목포시","차량단독","전도전복","전도전복","운전자법규위반","안전운전 의무 불이행","교차로","교차로부근","승용차","중형","00","00","900207  ","1645421 ",126.40901742,34.79851519
"2014","2014050806","38","주간","목",1,1,0,0,0,"제주","제주시","차대사람","기타","기타","운전자법규위반","안전운전 의무 불이행","단일로","기타단일로","승용차","대형","보행자","보행자","900071  ","1500549 ",126.42429091,33.49212689
"2014","2014050801","38","야간","목",1,6,3,1,1,"경남","통영시","차량단독","전도전복","전도전복","운전자법규위반","안전운전 의무 불이행","단일로","기타단일로","승용차","소형","00","00","1084846 ","1648619 ",128.42785803,34.82865329
"2014","2014050716","10","주간","수",1,2,0,1,0,"대구","달성군","차량단독","공작물충돌","공작물충돌","운전자법규위반","안전운전 의무 불이행","단일로","기타단일로","승용차","대형","00","00","1088032 ","1748602 ",128.47342352,35.72980274
"2014","2014050808","05","주간","목",1,1,0,0,0,"경기","포천시","차대차","기타","기타","운전자법규위반","안전운전 의무 불이행","교차로","교차로내","화물차","소형","자전거","자전거","972356  ","1994108 ",127.18536742,37.94647508