"발생년","발생년월일시","발생분","주야","요일","사망자수","사상자수","중상자수","경상자수","부상신고자수","발생지시도","발생지시군구","사고유형_대분류","사고유형_중분류","사고유형","법규위반_대분류","법규위반","도로형태_대분류","도로형태","당사자종별_1당_대분류","당사자종별_1당","당사자종별_2당_대분류","당사자종별_2당","발생위치X_UTMK","발생위치Y_UTMK","경도","위도"
"2014","2014050420","20","야간","일",1,1,0,0,0,"전북","완주군","차대사람","기타","기타","운전자법규위반","안전운전 의무 불이행","단일로","기타단일로","승용차","소형","보행자","보행자","966265  ","1773595 ",127.12589419,35.95849852
"2014","2014050612","20","주간","화",1,4,1,2,0,"강원","횡성군","차대차","추돌","주정차중 추돌","운전자법규위반","안전운전 의무 불이행","단일로","기타단일로","승용차","중형","승합차","소형","1061893 ","1935452 ",128.1994396,37.41613744
"2014","2014050518","45","야간","월",1,1,0,0,0,"강원","원주시","차대사람","횡단중","횡단중","운전자법규위반","과속","단일로","횡단보도상","화물차","대형","보행자","보행자","1039628 ","1928436 ",127.94746062,37.35411912
"2014","2014050219","40","야간","금",1,1,0,0,0,"서울","강서구","차대차","기타","기타","운전자법규위반","부당한 회전","단일로","횡단보도상","자전거","자전거","승합차","대형","939377  ","1951516 ",126.81358786,37.5610069
"2014","2014042117","10","주간","월",1,2,0,1,0,"경기","평택시","차대차","추돌","주정차중 추돌","운전자법규위반","안전운전 의무 불이행","교차로","교차로부근","화물차","소형","화물차","대형","942752  ","1887463 ",126.85673052,36.98388501
"2014","2014043002","15","야간","수",1,1,0,0,0,"울산","울주군","차량단독","전도전복","전도전복","운전자법규위반","안전운전 의무 불이행","교차로","교차로부근","승용차","중형","00","00","1166275 ","1720486 ",129.33251325,35.46631738
"2014","2014050211","48","주간","금",1,1,0,0,0,"경기","이천시","차대차","측면직각충돌","측면직각충돌","운전자법규위반","안전운전 의무 불이행","교차로","교차로부근","화물차","대형","자전거","자전거","986901  ","1917418 ",127.35228485,37.25555742
"2014","2014050117","50","주간","목",1,1,0,0,0,"충남","당진시","차대차","정면충돌","정면충돌","운전자법규위반","안전운전 의무 불이행","교차로","교차로내","화물차","중형","자전거","자전거","934093  ","1873693 ",126.76063961,36.85919798
"2014","2014041017","10","주간","목",1,4,0,3,0,"경기","화성시","차대차","정면충돌","정면충돌","운전자법규위반","중앙선 침범","단일로","기타단일로","승용차","대형","승합차","대형","931209  ","1913341 ",126.72469426,37.20344482
"2014","2014041113","15","주간","금",1,2,0,1,0,"경북","영양군","차대사람","횡단중","횡단중","운전자법규위반","과속","단일로","기타단일로","승용차","중형","보행자","보행자","1141888 ","1845759 ",129.08632763,36.59911832
"2014","2014031815","45","주간","화",1,1,0,0,0,"부산","진구","차대사람","기타","기타","운전자법규위반","안전운전 의무 불이행","단일로","기타단일로","화물차","소형","보행자","보행자","1142706 ","1684940 ",129.06666316,35.14958447
"2014","2014032821","00","야간","금",1,1,0,0,0,"전남","광양시","차대사람","횡단중","횡단중","운전자법규위반","보행자 보호의무 위반","교차로","교차로부근","승용차","대형","보행자","보행자","1019475 ","1664690 ",127.71336074,34.97692585
"2014","2014101404","10","야간","화",1,1,0,0,0,"경기","이천시","차량단독","공작물충돌","공작물충돌","운전자법규위반","안전운전 의무 불이행","단일로","기타단일로","승용차","중형","00","00","990930  ","1913641 ",127.40333708,37.21863441
"2014","2014101500","20","야간","수",1,2,1,0,0,"경기","용인시","차대차","정면충돌","정면충돌","운전자법규위반","중앙선 침범","교차로","교차로부근","승용차","중형","화물차","대형","967720  ","1918741 ",127.13592944,37.26701533
"2014","2014101206","20","주간","일",1,1,0,0,0,"경기","남양주시","차대사람","횡단중","횡단중","운전자법규위반","신호위반","단일로","횡단보도상","승합차","대형","보행자","보행자","974733  ","1953738 ",127.21382657,37.58268352
"2014","2014101109","58","주간","토",1,2,0,0,1,"서울","서대문구","차대사람","기타","기타","운전자법규위반","안전운전 의무 불이행","단일로","기타단일로","승용차","중형","보행자","보행자","949161  ","1953520 ",126.92434059,37.57980062
"2014","2014101213","10","주간","일",1,2,1,0,0,"경북","안동시","차대차","기타","기타","운전자법규위반","직진 및 우회전차의 통행방해","교차로","교차로내","원동기장치자전거","원동기장치자전거","화물차","소형","1107991 ","1847660 ",128.70770979,36.62069376
"2014","2014101219","10","야간","일",1,3,0,0,2,"충남","천안시","차대차","정면충돌","정면충돌","운전자법규위반","신호위반","교차로","교차로내","승용차","대형","승용차","중형","966762  ","1869689 ",127.11777844,36.82144404
"2014","2014101018","20","야간","금",1,1,0,0,0,"경기","파주시","차대사람","기타","기타","운전자법규위반","안전운전 의무 불이행","단일로","기타단일로","화물차","소형","보행자","보행자","947062  ","1990784 ",126.89773716,37.91539553
"2014","2014101801","00","야간","토",1,1,0,0,0,"대구","달성군","차량단독","공작물충돌","공작물충돌","운전자법규위반","안전운전 의무 불이행","단일로","기타단일로","이륜차","소형","00","00","1083069 ","1739806 ",128.41764232,35.65093604
"2014","2014101704","53","야간","금",1,1,0,0,0,"경기","포천시","차대사람","횡단중","횡단중","운전자법규위반","안전운전 의무 불이행","단일로","교량위","승용차","소형","보행자","보행자","973238  ","1983338 ",127.1958056,37.84943224
"2014","2014102514","10","주간","토",1,1,0,0,0,"전남","순천시","차량단독","도로이탈","도로이탈 추락","운전자법규위반","안전운전 의무 불이행","단일로","기타단일로","농기계","농기계","00","00","980220  ","1673103 ",127.28608429,35.05124627
"2014","2014102421","10","야간","금",1,2,1,0,0,"전북","김제시","차대차","추돌","주정차중 추돌","운전자법규위반","안전운전 의무 불이행","교차로","교차로부근","승용차","중형","화물차","대형","952988  ","1765080 ",126.978822,35.87289344
"2014","2014102502","52","야간","토",1,7,4,2,0,"서울","노원구","차대차","측면직각충돌","측면직각충돌","운전자법규위반","신호위반","교차로","교차로내","승용차","중형","승용차","중형","963561  ","1958094 ",127.08707837,37.62157078
"2014","2014102509","10","주간","토",1,1,0,0,0,"전북","남원시","차대차","측면직각충돌","측면직각충돌","운전자법규위반","신호위반","교차로","교차로내","승용차","중형","화물차","소형","985532  ","1707431 ",127.34077184,35.36233
"2014","2014102506","00","주간","토",1,2,1,0,0,"대구","동구","차대차","정면충돌","정면충돌","운전자법규위반","중앙선 침범","단일로","기타단일로","승용차","중형","승용차","소형","1101814 ","1775252 ",128.62919596,35.96870783
"2014","2014102606","30","주간","일",1,2,1,0,0,"충남","천안시","차대차","측면직각충돌","측면직각충돌","운전자법규위반","중앙선 침범","단일로","기타단일로","승용차","중형","승합차","대형","968936  ","1869126 ",127.15169316,36.8198174
"2014","2014102617","10","주간","일",1,1,0,0,0,"강원","태백시","차량단독","기타","기타","운전자법규위반","안전운전 의무 불이행","단일로","기타단일로","자전거","자전거","00","00","1127338 ","1912679 ",128.93495545,37.20423969
"2014","2014102306","10","주간","목",1,1,0,0,0,"경남","김해시","차대사람","기타","기타","운전자법규위반","신호위반","교차로","교차로부근","승용차","소형","보행자","보행자","1117852 ","1689423 ",128.79451852,35.19321881
"2014","2014102219","10","야간","수",1,1,0,0,0,"경북","김천시","차대사람","기타","기타","운전자법규위반","안전운전 의무 불이행","교차로","교차로부근","승용차","중형","보행자","보행자","1067017 ","1788198 ",128.2444044,36.08842882
"2014","2014110108","25","주간","토",1,1,0,0,0,"전남","해남군","차대사람","기타","기타","운전자법규위반","안전운전 의무 불이행","단일로","횡단보도상","화물차","소형","보행자","보행자","916999  ","1619417 ",126.5951869,34.56549806
"2014","2014103121","00","야간","금",1,2,1,0,0,"충남","태안군","차대사람","길가장자리구역통행중","길가장자리구역통행중","운전자법규위반","안전운전 의무 불이행","단일로","기타단일로","화물차","소형","보행자","보행자","891762  ","1859511 ",126.28785389,36.72747767
"2014","2014110201","27","야간","일",1,1,0,0,0,"광주","북구","차대차","측면직각충돌","측면직각충돌","운전자법규위반","신호위반","교차로","교차로내","이륜차","소형","승용차","중형","948010  ","1685355 ",126.92913193,35.16211155
"2014","2014110223","27","야간","일",1,1,0,0,0,"경북","경주시","차량단독","공작물충돌","공작물충돌","운전자법규위반","안전운전 의무 불이행","단일로","기타단일로","승용차","중형","00","00","1161801 ","1779453 ",129.29511676,35.99846275
"2014","2014103111","42","주간","금",1,5,2,2,0,"충남","홍성군","차대차","기타","기타","운전자법규위반","신호위반","교차로","교차로내","화물차","소형","승용차","중형","925236  ","1846478 ",126.66395329,36.61322609
"2014","2014110123","45","야간","토",1,5,1,3,0,"경기","고양시","차대차","기타","기타","운전자법규위반","중앙선 침범","단일로","기타단일로","승용차","중형","승용차","중형","942757  ","1968678 ",126.85051091,37.71590216
"2014","2014110102","40","야간","토",1,1,0,0,0,"제주","제주시","차량단독","전도전복","전도전복","운전자법규위반","안전운전 의무 불이행","교차로","교차로부근","승용차","소형","00","00","902957  ","1500975 ",126.45530723,33.4962344
"2014","2014103013","58","주간","목",1,1,0,0,0,"서울","중랑구","차대차","추돌","진행중 추돌","운전자법규위반","신호위반","교차로","교차로내","화물차","소형","승합차","대형","963495  ","1954890 ",127.08622534,37.59289153
"2014","2014103022","30","야간","목",1,1,0,0,0,"충남","천안시","차대사람","차도통행중","차도통행중","운전자법규위반","안전운전 의무 불이행","단일로","기타단일로","이륜차","중형","보행자","보행자","974679  ","1867879 ",127.22310859,36.74114426
"2014","2014103000","03","야간","목",1,1,0,0,0,"전북","정읍시","차대사람","기타","기타","운전자법규위반","과속","교차로","교차로부근","승용차","중형","보행자","보행자","936816  ","1730833 ",126.80270782,35.57151008
"2014","2014102918","30","야간","수",1,1,0,0,0,"전남","목포시","차대사람","기타","기타","운전자법규위반","보행자 보호의무 위반","단일로","기타단일로","승용차","중형","보행자","보행자","898092  ","1646935 ",126.38578866,34.81190436
"2013","2013071701","41","야간","수",2,2,0,0,0,"경기","시흥시","차대사람","횡단중","횡단중","운전자법규위반","안전운전 의무 불이행","단일로","기타단일로","승용차","중형","보행자","보행자","936717  ","1938191 ",126.78429419,37.44072002
"2013","2013081211","00","주간","월",1,1,0,0,0,"인천","서구","차대차","측면직각충돌","측면직각충돌","운전자법규위반","안전거리 미확보","교차로","교차로부근","화물차","경형","이륜차","소형","928194  ","1954645 ",126.68667094,37.58840345
"2014","2014091023","49","야간","수",1,1,0,0,0,"경남","양산시","차대차","측면직각충돌","측면직각충돌","운전자법규위반","안전운전 의무 불이행","단일로","기타단일로","승합차","소형","승용차","중형","1135738 ","1699799 ",128.99264084,35.28448915
"2014","2014011107","20","주간","토",1,1,0,0,0,"경북","안동시","차대사람","횡단중","횡단중","운전자법규위반","안전운전 의무 불이행","단일로","기타단일로","승용차","중형","보행자","보행자","1117045 ","1838726 ",128.80758283,36.53910499
"2014","2014011019","33","야간","금",1,1,0,0,0,"광주","광산구","차대사람","횡단중","횡단중","운전자법규위반","안전운전 의무 불이행","교차로","교차로부근","승용차","중형","보행자","보행자","933803  ","1682681 ",126.77335853,35.13716598
"2013","2013061805","10","야간","화",1,1,0,0,0,"강원","영월군","차량단독","공작물충돌","공작물충돌","운전자법규위반","안전운전 의무 불이행","단일로","기타단일로","승용차","소형","00","00","1073640 ","1912406 ",128.32964149,37.22557078
"2013","2013061716","25","주간","월",1,1,0,0,0,"경기","의정부시","차대차","기타","기타","운전자법규위반","안전운전 의무 불이행","교차로","교차로부근","승용차","중형","자전거","자전거","959800  ","1970352 ",127.04378441,37.73189666
"2013","2013061312","45","주간","목",1,1,0,0,0,"서울","도봉구","차대사람","기타","기타","운전자법규위반","안전운전 의무 불이행","단일로","기타단일로","승합차","경형","보행자","보행자","957944  ","1961223 ",127.02324904,37.64953302
"2013","2013061408","30","주간","금",1,4,0,3,0,"대구","동구","차대차","기타","기타","운전자법규위반","안전운전 의무 불이행","교차로","교차로내","승용차","중형","승용차","소형","1109974 ","1764623 ",128.71820862,35.87201216
"2013","2013061319","35","야간","목",1,1,0,0,0,"대구","동구","차대차","추돌","진행중 추돌","운전자법규위반","안전운전 의무 불이행","단일로","기타단일로","승용차","중형","이륜차","소형","1100983 ","1766540 ",128.61887398,35.8902614
"2013","2013062307","40","주간","일",1,3,1,1,0,"전남","진도군","차대차","정면충돌","정면충돌","운전자법규위반","중앙선 침범","단일로","기타단일로","승용차","중형","화물차","소형","889723  ","1616365 ",126.29829128,34.53541519
"2013","2013062503","30","야간","화",1,1,0,0,0,"울산","남구","차대차","측면직각충돌","측면직각충돌","운전자법규위반","신호위반","교차로","교차로내","이륜차","소형","승용차","중형","1166926 ","1727939 ",129.34121723,35.53337492
"2013","2013062513","05","주간","화",1,1,0,0,0,"서울","성북구","차대사람","횡단중","횡단중","운전자법규위반","신호위반","교차로","교차로부근","건설기계","건설기계","보행자","보행자","956214  ","1956598 ",127.0039154,37.60776641
"2013","2013063021","15","야간","일",1,1,0,0,0,"전남","화순군","차량단독","전도전복","전도전복","운전자법규위반","안전운전 의무 불이행","단일로","기타단일로","승용차","중형","00","00","957639  ","1657637 ",127.035222,34.91254279
"2013","2013063020","35","야간","일",1,1,0,0,0,"전남","곡성군","차량단독","기타","기타","운전자법규위반","안전운전 의무 불이행","단일로","기타단일로","농기계","농기계","00","00","966448  ","1696326 ",127.13113557,35.2618212
"2013","2013070111","20","주간","월",1,1,0,0,0,"경기","남양주시","차대사람","길가장자리구역통행중","길가장자리구역통행중","운전자법규위반","안전운전 의무 불이행","단일로","기타단일로","화물차","소형","보행자","보행자","981850  ","1970539 ",127.2886738,37.73680826
"2013","2013070119","30","야간","월",1,1,0,0,0,"경남","사천시","차대차","기타","기타","운전자법규위반","안전운전 의무 불이행","단일로","기타단일로","화물차","소형","자전거","자전거","1054271 ","1672989 ",128.095102,35.05048926
"2013","2013070117","20","주간","월",1,2,0,1,0,"경남","합천군","차대차","기타","기타","운전자법규위반","안전운전 의무 불이행","교차로","교차로부근","원동기장치자전거","원동기장치자전거","화물차","대형","1060528 ","1745681 ",128.16909762,35.70554372
"2013","2013070211","25","주간","화",1,1,0,0,0,"경북","포항시","차대사람","기타","기타","운전자법규위반","안전운전 의무 불이행","단일로","기타단일로","화물차","소형","보행자","보행자","1167815 ","1781858 ",129.36231837,36.01911772
"2013","2013070121","56","야간","월",1,1,0,0,0,"충남","아산시","차대사람","횡단중","횡단중","운전자법규위반","안전운전 의무 불이행","단일로","횡단보도상","화물차","소형","보행자","보행자","954126  ","1864649 ",126.9859101,36.77885773
"2013","2013062919","00","야간","토",1,1,0,0,0,"대전","서구","차대사람","길가장자리구역통행중","길가장자리구역통행중","운전자법규위반","안전운전 의무 불이행","교차로","교차로내","승용차","중형","보행자","보행자","987960  ","1812024 ",127.36410124,36.30435249
"2013","2013052006","57","주간","월",1,1,0,0,0,"전남","나주시","차대사람","기타","기타","운전자법규위반","안전운전 의무 불이행","단일로","기타단일로","화물차","대형","보행자","보행자","940538  ","1673591 ",126.84793671,35.0556248
"2013","2013052605","26","야간","일",1,1,0,0,0,"경기","고양시","차량단독","기타","기타","운전자법규위반","안전운전 의무 불이행","단일로","기타단일로","이륜차","소형","00","00","933649  ","1964687 ",126.74754121,37.67931838
"2013","2013052623","00","야간","일",1,1,0,0,0,"경기","평택시","차대사람","기타","기타","운전자법규위반","안전운전 의무 불이행","단일로","기타단일로","승용차","중형","보행자","보행자","946232  ","1887832 ",126.89580534,36.98741659
"2013","2013052716","16","주간","월",1,1,0,0,0,"충남","아산시","차량단독","전도전복","전도전복","운전자법규위반","안전운전 의무 불이행","단일로","기타단일로","이륜차","중형","00","00","957839  ","1880523 ",127.02663731,36.92212405
"2013","2013052504","53","야간","토",1,1,0,0,0,"인천","부평구","차대사람","기타","기타","운전자법규위반","기타(운전자법규위반)","단일로","기타단일로","승용차","중형","보행자","보행자","931119  ","1945587 ",126.72064929,37.50698953
"2013","2013052421","30","야간","금",1,1,0,0,0,"충북","청원군","차대차","측면직각충돌","측면직각충돌","운전자법규위반","안전운전 의무 불이행","교차로","교차로부근","승용차","중형","자전거","자전거","982912  ","1845211 ",127.30893328,36.60458382
"2013","2013053112","15","주간","금",1,1,0,0,0,"전북","전주시","차대사람","횡단중","횡단중","운전자법규위반","보행자 보호의무 위반","교차로","교차로내","화물차","소형","보행자","보행자","967995  ","1759134 ",127.14566021,35.8281774
"2013","2013052918","00","야간","수",1,1,0,0,0,"경기","양평군","차량단독","전도전복","전도전복","운전자법규위반","안전운전 의무 불이행","단일로","기타단일로","자전거","자전거","00","00","984863  ","1949568 ",127.32864419,37.5453195
"2013","2013052815","47","주간","화",1,1,0,0,0,"경기","광주시","차대사람","기타","기타","운전자법규위반","안전운전 의무 불이행","단일로","기타단일로","화물차","소형","보행자","보행자","978711  ","1934311 ",127.25944321,37.40767706
"2013","2013052912","40","주간","수",1,1,0,0,0,"충남","금산군","차대사람","기타","기타","운전자법규위반","과속","교차로","교차로내","화물차","소형","보행자","보행자","1000777 ","1787192 ",127.50863002,36.08167066
"2013","2013052904","50","야간","수",1,1,0,0,0,"충남","아산시","차대사람","횡단중","횡단중","운전자법규위반","안전운전 의무 불이행","기타/불명","기타/불명","화물차","소형","보행자","보행자","955357  ","1865033 ",126.9996824,36.78237809
"2013","2013060711","35","주간","금",1,1,0,0,0,"경기","남양주시","차대차","측면직각충돌","측면직각충돌","운전자법규위반","교차로 통행방법 위반","교차로","교차로내","이륜차","소형","승합차","중형","973589  ","1958478 ",127.20069869,37.62537484
"2014","2014020723","43","야간","금",1,1,0,0,0,"부산","진구","차대사람","횡단중","횡단중","운전자법규위반","과속","단일로","횡단보도부근","승용차","중형","보행자","보행자","1141302 ","1685613 ",129.0512676,35.1558378
"2014","2014020719","05","야간","금",1,1,0,0,0,"경남","진주시","차대차","측면직각충돌","측면직각충돌","운전자법규위반","신호위반","교차로","교차로내","이륜차","중형","승용차","소형","1051821 ","1687968 ",128.06917666,35.18568101
"2014","2014020423","30","야간","화",1,1,0,0,0,"경기","의정부시","차량단독","공작물충돌","공작물충돌","운전자법규위반","안전운전 의무 불이행","단일로","기타단일로","승용차","중형","00","00","961390  ","1968890 ",127.06190589,37.71878802
"2014","2014020302","35","야간","월",1,1,0,0,0,"경남","창원시(통합)","차대차","측면직각충돌","측면직각충돌","운전자법규위반","교차로 통행방법 위반","교차로","교차로내","승용차","소형","이륜차","중형","1096508 ","1688125 ",128.55995787,35.1837957
"2014","2014020119","25","야간","토",1,2,1,0,0,"서울","도봉구","차대사람","횡단중","횡단중","운전자법규위반","안전운전 의무 불이행","단일로","횡단보도상","승용차","중형","보행자","보행자","959584  ","1961223 ",127.04183968,37.64960669
"2014","2014020311","37","주간","월",1,1,0,0,0,"경기","남양주시","차대차","측면직각충돌","측면직각충돌","운전자법규위반","신호위반","교차로","교차로내","이륜차","소형","승용차","중형","966689  ","1962144 ",127.12233895,37.65819318
"2014","2014012813","17","주간","화",1,1,0,0,0,"경기","화성시","차대차","추돌","진행중 추돌","운전자법규위반","안전운전 의무 불이행","단일로","기타단일로","화물차","대형","승용차","소형","944918  ","1905558 ",126.8797409,37.14711912
"2014","2014012409","00","주간","금",1,1,0,0,0,"경북","경산시","차대차","추돌","진행중 추돌","운전자법규위반","안전운전 의무 불이행","단일로","기타단일로","화물차","대형","화물차","대형","1116461 ","1765240 ",128.79014098,35.87682359
"2014","2014030814","04","주간","토",1,1,0,0,0,"경기","성남시","차대사람","횡단중","횡단중","운전자법규위반","안전운전 의무 불이행","단일로","기타단일로","승용차","중형","보행자","보행자","964910  ","1929651 ",127.10372156,37.36525345
"2014","2014111706","40","주간","월",1,1,0,0,0,"경기","부천시","차대사람","횡단중","횡단중","운전자법규위반","안전운전 의무 불이행","교차로","교차로부근","승용차","대형","보행자","보행자","939664  ","1943554 ",126.81749134,37.48926435
"2014","2014110406","10","주간","화",1,1,0,0,0,"경기","여주시","차대사람","기타","기타","운전자법규위반","안전운전 의무 불이행","교차로","교차로내","화물차","소형","보행자","보행자","1013692 ","1911670 ",127.65429668,37.20373614
"2014","2014032818","10","야간","금",1,2,0,0,1,"충북","충주시","차대차","기타","기타","운전자법규위반","서행 및 일시정지위반","교차로","교차로내","화물차","소형","화물차","중형","1021620 ","1888978 ",127.74298342,36.999036
"2014","2014032909","45","주간","토",1,2,0,1,0,"경북","영덕군","차대차","측면직각충돌","측면직각충돌","운전자법규위반","신호위반","교차로","교차로내","화물차","소형","승용차","대형","1168844 ","1818122 ",129.38153312,36.34570807
"2014","2014032500","12","야간","화",1,1,0,0,0,"부산","동래구","차대차","측면직각충돌","측면직각충돌","운전자법규위반","중앙선 침범","단일로","기타단일로","원동기장치자전거","원동기장치자전거","승용차","중형","1142838 ","1691373 ",129.07927836,35.20532898
"2014","2014040606","40","주간","일",1,1,0,0,0,"충남","논산시","차대사람","기타","기타","운전자법규위반","안전운전 의무 불이행","단일로","기타단일로","승용차","대형","보행자","보행자","963557  ","1801691 ",127.0945658,36.21170318
"2014","2014040521","45","야간","토",1,1,0,0,0,"경기","시흥시","차대차","추돌","진행중 추돌","운전자법규위반","안전운전 의무 불이행","단일로","기타단일로","화물차","경형","화물차","소형","935829  ","1928481 ",126.77542392,37.35315188
"2014","2014040512","20","주간","토",1,1,0,0,0,"충남","천안시","차량단독","공작물충돌","공작물충돌","운전자법규위반","안전운전 의무 불이행","지하도로내","지하도로내","승용차","소형","00","00","970233  ","1870041 ",127.16619979,36.82810742
"2013","2013070200","40","야간","화",1,1,0,0,0,"경기","고양시","차량단독","전도전복","전도전복","운전자법규위반","안전운전 의무 불이행","단일로","기타단일로","이륜차","소형","00","00","951936  ","1963535 ",126.95499209,37.67007622
"2013","2013070120","10","야간","월",1,1,0,0,0,"경북","경주시","차대사람","기타","기타","운전자법규위반","보행자 보호의무 위반","단일로","기타단일로","승용차","소형","보행자","보행자","1164867 ","1746802 ",129.33356588,35.71720843
"2013","2013070203","10","야간","화",1,2,1,0,0,"경남","통영시","차량단독","공작물충돌","공작물충돌","운전자법규위반","안전운전 의무 불이행","단일로","기타단일로","이륜차","소형","00","00","1084050 ","1652830 ",128.41957644,34.86668786
"2013","2013062922","30","야간","토",1,2,0,1,0,"경북","포항시","차량단독","공작물충돌","공작물충돌","운전자법규위반","안전운전 의무 불이행","단일로","기타단일로","승용차","중형","00","00","1143338 ","1797611 ",129.09365276,36.16499887
"2013","2013051808","54","주간","토",1,1,0,0,0,"경남","창녕군","차대차","기타","기타","운전자법규위반","안전운전 의무 불이행","교차로","교차로부근","승합차","중형","자전거","자전거","1089131 ","1711145 ",128.48144828,35.39201879
"2013","2013051805","39","야간","토",1,1,0,0,0,"경기","의정부시","차량단독","공작물충돌","공작물충돌","운전자법규위반","안전운전 의무 불이행","단일로","기타단일로","이륜차","소형","00","00","964925  ","1968958 ",127.10201208,37.71954313
"2013","2013051808","35","주간","토",1,1,0,0,0,"인천","남동구","차대사람","차도통행중","차도통행중","운전자법규위반","안전운전 의무 불이행","단일로","기타단일로","승용차","중형","보행자","보행자","929386  ","1940781 ",126.70150424,37.46354297
"2013","2013052620","00","야간","일",1,2,0,1,0,"전남","고흥군","차대차","기타","기타","운전자법규위반","중앙선 침범","단일로","기타단일로","이륜차","소형","자전거","자전거","987689  ","1631845 ",127.36560714,34.68085298
"2013","2013052306","30","주간","목",1,1,0,0,0,"경기","부천시","차량단독","기타","기타","운전자법규위반","안전운전 의무 불이행","단일로","기타단일로","화물차","소형","00","00","938645  ","1947040 ",126.80567446,37.52061651
"2013","2013060123","24","야간","토",1,1,0,0,0,"전북","정읍시","차대사람","기타","기타","운전자법규위반","안전운전 의무 불이행","교차로","교차로내","승용차","중형","보행자","보행자","939663  ","1729661 ",126.83421249,35.56112098
"2013","2013060201","28","야간","일",1,1,0,0,0,"경기","안성시","차대사람","기타","기타","운전자법규위반","안전운전 의무 불이행","단일로","기타단일로","승용차","중형","보행자","보행자","970343  ","1889455 ",127.16846227,37.00406176
"2013","2013060120","15","야간","토",1,1,0,0,0,"전남","장흥군","차대사람","횡단중","횡단중","운전자법규위반","안전운전 의무 불이행","교차로","교차로내","승용차","중형","보행자","보행자","945239  ","1632678 ",126.90216197,34.68697276
"2013","2013052823","10","야간","화",3,4,1,0,0,"전남","영암군","차대차","측면직각충돌","측면직각충돌","운전자법규위반","신호위반","교차로","교차로부근","승용차","중형","승용차","경형","902364  ","1642752 ",126.4324557,34.77455874
"2013","2013060521","13","야간","수",1,1,0,0,0,"서울","송파구","차대사람","횡단중","횡단중","운전자법규위반","안전운전 의무 불이행","교차로","교차로부근","승용차","소형","보행자","보행자","968197  ","1944863 ",127.14018584,37.50248672
"2013","2013061303","20","야간","목",1,1,0,0,0,"대전","서구","차대사람","기타","기타","운전자법규위반","안전운전 의무 불이행","단일로","기타단일로","화물차","중형","보행자","보행자","984010  ","1811011 ",127.32191649,36.29628234
"2013","2013061223","38","야간","수",1,1,0,0,0,"부산","북구","차대사람","횡단중","횡단중","운전자법규위반","안전운전 의무 불이행","단일로","기타단일로","승용차","소형","보행자","보행자","1138009 ","1698833 ",129.01218558,35.22869515
"2013","2013061223","20","야간","수",1,1,0,0,0,"경남","창원시(통합)","차대사람","횡단중","횡단중","운전자법규위반","안전운전 의무 불이행","단일로","횡단보도상","승용차","경형","보행자","보행자","1097914 ","1691660 ",128.57581792,35.21552955
"2013","2013061317","45","주간","목",1,1,0,0,0,"인천","강화군","차대차","측면직각충돌","측면직각충돌","운전자법규위반","안전운전 의무 불이행","단일로","기타단일로","원동기장치자전거","원동기장치자전거","승용차","소형","892913  ","1977059 ",126.28382616,37.78695424
"2013","2013071316","20","주간","토",1,1,0,0,0,"부산","금정구","차대차","기타","기타","운전자법규위반","안전운전 의무 불이행","단일로","기타단일로","승합차","소형","자전거","자전거","1145574 ","1700162 ",129.10066713,35.28635425
"2013","2013071322","15","야간","토",1,1,0,0,0,"경북","구미시","차대차","기타","기타","운전자법규위반","안전운전 의무 불이행","교차로","교차로내","승용차","대형","승용차","대형","1083820 ","1788730 ",128.43108361,36.09191998
"2013","2013071405","40","야간","일",1,2,1,0,0,"경북","상주시","차대차","추돌","진행중 추돌","운전자법규위반","안전운전 의무 불이행","단일로","기타단일로","승용차","중형","농기계","농기계","1052878 ","1832066 ",128.0903324,36.48477295
"2013","2013071406","10","주간","일",1,2,1,0,0,"충북","청원군","차량단독","공작물충돌","공작물충돌","운전자법규위반","안전운전 의무 불이행","교차로","교차로부근","승용차","대형","00","00","993831  ","1856986 ",127.43092741,36.71086797
"2013","2013071205","35","야간","금",1,1,0,0,0,"전남","영암군","차량단독","도로이탈","도로이탈 추락","운전자법규위반","안전운전 의무 불이행","단일로","기타단일로","승용차","소형","00","00","920153  ","1640574 ",126.62756858,34.75651857
"2013","2013062616","50","주간","수",1,1,0,0,0,"경북","안동시","차량단독","도로이탈","도로이탈 추락","운전자법규위반","안전운전 의무 불이행","교차로","교차로내","농기계","농기계","00","00","1103573 ","1832457 ",128.68093412,36.50446736
"2013","2013062622","05","야간","수",1,1,0,0,0,"충북","충주시","차대사람","횡단중","횡단중","운전자법규위반","안전운전 의무 불이행","기타/불명","기타/불명","승합차","중형","보행자","보행자","1038473 ","1884426 ",127.93215542,36.9574645
"2013","2013062616","35","주간","수",1,1,0,0,0,"전남","순천시","차대차","기타","기타","운전자법규위반","안전운전 의무 불이행","단일로","기타단일로","화물차","소형","자전거","자전거","999771  ","1661640 ",127.49749199,34.9496099
"2013","2013062618","22","야간","수",1,2,1,0,0,"강원","철원군","차대차","측면직각충돌","측면직각충돌","운전자법규위반","교차로 통행방법 위반","교차로","교차로내","화물차","소형","원동기장치자전거","원동기장치자전거","975316  ","2022619 ",127.21807183,38.20352074