"발생년","발생년월일시","발생분","주야","요일","사망자수","사상자수","중상자수","경상자수","부상신고자수","발생지시도","발생지시군구","사고유형_대분류","사고유형_중분류","사고유형","법규위반_대분류","법규위반","도로형태_대분류","도로형태","당사자종별_1당_대분류","당사자종별_1당","당사자종별_2당_대분류","당사자종별_2당","발생위치X_UTMK","발생위치Y_UTMK","경도","위도"
"2013","2013062709","20","주간","목",1,1,0,0,0,"서울","동대문구","차대차","기타","기타","운전자법규위반","교차로 통행방법 위반","교차로","교차로내","화물차","소형","자전거","자전거","960212  ","1953363 ",127.04938626,37.57879027
"2013","2013062714","35","주간","목",1,1,0,0,0,"경북","칠곡군","차대사람","보도통행중","보도통행중","운전자법규위반","신호위반","교차로","교차로내","건설기계","건설기계","보행자","보행자","1080488 ","1786686 ",128.39386684,36.07377574
"2013","2013062521","10","야간","화",1,1,0,0,0,"충남","논산시","차대사람","횡단중","횡단중","운전자법규위반","안전운전 의무 불이행","교차로","교차로내","승용차","소형","보행자","보행자","962550  ","1800806 ",127.08340531,36.20368608
"2013","2013062808","50","주간","금",1,10,2,6,1,"서울","강서구","차대차","측면직각충돌","측면직각충돌","운전자법규위반","안전거리 미확보","단일로","기타단일로","승용차","중형","승합차","대형","939499  ","1951505 ",126.81549911,37.5608819
"2013","2013062610","10","주간","수",1,1,0,0,0,"경기","포천시","차대차","측면직각충돌","측면직각충돌","운전자법규위반","안전운전 의무 불이행","교차로","교차로내","승용차","중형","자전거","자전거","973845  ","1988088 ",127.20253299,37.8922615
"2013","2013062523","05","야간","화",1,2,0,1,0,"전남","장성군","차량단독","전도전복","전도전복","운전자법규위반","안전운전 의무 불이행","단일로","기타단일로","승용차","중형","00","00","933536  ","1700106 ",126.76918406,35.29419586
"2013","2013062722","15","야간","목",1,1,0,0,0,"충남","천안시","차대차","기타","기타","운전자법규위반","신호위반","교차로","교차로내","화물차","소형","원동기장치자전거","원동기장치자전거","971870  ","1873047 ",127.18444516,36.85525522
"2013","2013062420","00","야간","월",1,1,0,0,0,"경북","봉화군","차량단독","도로이탈","도로이탈 추락","운전자법규위반","안전운전 의무 불이행","교차로","교차로내","자전거","자전거","00","00","1121975 ","1880051 ",128.86924192,36.9109209
"2013","2013062412","20","주간","월",1,1,0,0,0,"충남","부여군","차대사람","기타","기타","운전자법규위반","안전운전 의무 불이행","교차로","교차로내","승합차","대형","보행자","보행자","947075  ","1809700 ",126.91066641,36.28314343
"2013","2013062515","25","주간","화",1,1,0,0,0,"충북","진천군","차대사람","보도통행중","보도통행중","운전자법규위반","안전운전 의무 불이행","교차로","교차로부근","건설기계","건설기계","보행자","보행자","994389  ","1873482 ",127.43705367,36.85957877
"2012","2012112211","47","주간","목",2,18,9,6,1,"서울","서초구","차대차","추돌","주정차중 추돌","운전자법규위반","안전운전 의무 불이행","단일로","기타단일로","승합차","중형","승용차","소형","961491  ","1937497 ",127.0647022,37.43583817
"2012","2012052119","45","야간","월",1,2,0,1,0,"경남","양산시","차대차","측면직각충돌","측면직각충돌","운전자법규위반","신호위반","교차로","교차로내","승용차","중형","이륜차","대형","1152830 ","1715952 ",129.1835444,35.42761158
"2012","2012032100","25","야간","수",1,1,0,0,0,"인천","남동구","차대차","기타","기타","운전자법규위반","차로위반(진로변경 위반)","교차로","교차로부근","원동기장치자전거","원동기장치자전거","화물차","소형","929498  ","1938521 ",126.70298679,37.44318245
"2012","2012012010","25","주간","금",1,1,0,0,0,"경남","거창군","차대차","측면직각충돌","측면직각충돌","운전자법규위반","안전운전 의무 불이행","교차로","교차로내","원동기장치자전거","원동기장치자전거","화물차","소형","1038448 ","1744573 ",127.92497233,35.6966632
"2012","2012101819","10","야간","목",1,1,0,0,0,"전남","순천시","차대사람","기타","기타","운전자법규위반","보행자 보호의무 위반","단일로","기타단일로","승용차","중형","보행자","보행자","995895  ","1653837 ",127.45622924,34.87952652
"2012","2012100605","52","야간","토",1,1,0,0,0,"대구","달서구","차량단독","전도전복","전도전복","운전자법규위반","안전운전 의무 불이행","단일로","기타단일로","이륜차","소형","00","00","1089574 ","1762854 ",128.49230041,35.85813303
"2012","2012010703","15","야간","토",1,1,0,0,0,"대구","달성군","차량단독","전도전복","전도전복","운전자법규위반","안전운전 의무 불이행","단일로","기타단일로","화물차","소형","00","00","1088095 ","1752897 ",128.47459201,35.76851659
"2012","2012080416","50","주간","토",1,1,0,0,0,"부산","기장군","차량단독","기타","기타","운전자법규위반","안전운전 의무 불이행","교차로","교차로부근","이륜차","중형","00","00","1155845 ","1692917 ",129.21235954,35.21953165
"2012","2012112218","45","야간","목",1,2,1,0,0,"충남","공주시","차대차","정면충돌","정면충돌","운전자법규위반","중앙선 침범","단일로","기타단일로","화물차","소형","건설기계","건설기계","959474  ","1829463 ",127.04769778,36.46190957
"2012","2012062118","10","야간","목",1,1,0,0,0,"경북","울진군","차량단독","도로이탈","도로이탈 기타","운전자법규위반","안전운전 의무 불이행","단일로","기타단일로","농기계","농기계","00","00","1166836 ","1899430 ",129.3769085,37.07864841
"2012","2012070115","20","주간","일",1,2,1,0,0,"경기","시흥시","차대차","기타","기타","운전자법규위반","신호위반","교차로","교차로내","이륜차","중형","이륜차","중형","936446  ","1927891 ",126.78244079,37.34787657
"2013","2013021914","50","주간","화",1,1,0,0,0,"경기","여주시","차대사람","기타","기타","운전자법규위반","안전운전 의무 불이행","단일로","기타단일로","승용차","대형","보행자","보행자","1013268 ","1916821 ",127.64961029,37.25017366
"2013","2013050605","23","야간","월",1,1,0,0,0,"전남","진도군","차대차","추돌","진행중 추돌","운전자법규위반","안전운전 의무 불이행","단일로","기타단일로","승용차","중형","농기계","농기계","884657  ","1609076 ",126.24401751,34.46920431
"2013","2013050612","50","주간","월",2,2,0,0,0,"충남","금산군","차량단독","도로이탈","도로이탈 기타","운전자법규위반","안전운전 의무 불이행","단일로","기타단일로","이륜차","소형","00","00","996462  ","1792323 ",127.46068096,36.12792452
"2013","2013042819","25","야간","일",1,1,0,0,0,"경기","이천시","차량단독","도로이탈","도로이탈 기타","운전자법규위반","안전운전 의무 불이행","단일로","기타단일로","이륜차","중형","00","00","993840  ","1920636 ",127.43050801,37.28463627
"2013","2013050517","30","주간","일",1,7,5,1,0,"경북","상주시","차대차","정면충돌","정면충돌","운전자법규위반","중앙선 침범","단일로","기타단일로","승용차","중형","승합차","대형","1054526 ","1823560 ",128.10813106,36.40800096
"2013","2013050105","38","야간","수",1,1,0,0,0,"대구","달서구","차대차","측면직각충돌","측면직각충돌","운전자법규위반","안전운전 의무 불이행","교차로","교차로내","승용차","중형","이륜차","소형","1095087 ","1760716 ",128.55286285,35.83835102
"2013","2013111222","00","야간","화",1,1,0,0,0,"경기","양주시","차대사람","횡단중","횡단중","운전자법규위반","신호위반","단일로","횡단보도부근","승용차","중형","보행자","보행자","960608  ","1975493 ",127.04973867,37.78041086
"2013","2013112018","20","야간","수",1,1,0,0,0,"경남","통영시","차대사람","횡단중","횡단중","운전자법규위반","안전운전 의무 불이행","단일로","기타단일로","승용차","중형","보행자","보행자","1084684 ","1652508 ",128.42647956,34.86373191
"2013","2013102800","45","야간","월",1,1,0,0,0,"서울","종로구","차대사람","보도통행중","보도통행중","운전자법규위반","안전운전 의무 불이행","단일로","횡단보도상","승합차","대형","보행자","보행자","957509  ","1952832 ",127.01880554,37.57388342
"2013","2013032519","00","야간","월",1,1,0,0,0,"경북","포항시","차대사람","기타","기타","운전자법규위반","안전운전 의무 불이행","단일로","기타단일로","승용차","대형","보행자","보행자","1167096 ","1782074 ",129.35438868,36.02118775
"2013","2013041120","10","야간","목",1,1,0,0,0,"서울","강남구","차대사람","횡단중","횡단중","운전자법규위반","안전운전 의무 불이행","교차로","교차로부근","승용차","중형","보행자","보행자","961538  ","1942308 ",127.06498235,37.47920393
"2013","2013041104","19","야간","목",1,1,0,0,0,"경기","고양시","차량단독","전도전복","전도전복","운전자법규위반","안전운전 의무 불이행","단일로","기타단일로","이륜차","소형","00","00","936217  ","1964483 ",126.77592825,37.67678311
"2013","2013022202","30","야간","금",1,1,0,0,0,"경기","고양시","차량단독","공작물충돌","공작물충돌","운전자법규위반","안전운전 의무 불이행","단일로","기타단일로","승용차","중형","00","00","930214  ","1966726 ",126.70839433,37.69743994
"2012","2012101714","50","주간","수",1,1,0,0,0,"서울","구로구","차대사람","횡단중","횡단중","운전자법규위반","안전운전 의무 불이행","교차로","교차로부근","화물차","소형","보행자","보행자","946872  ","1942510 ",126.89909777,37.48029746
"2012","2012062015","50","주간","수",1,1,0,0,0,"경기","이천시","차량단독","전도전복","전도전복","운전자법규위반","안전운전 의무 불이행","단일로","기타단일로","이륜차","중형","00","00","998428  ","1906245 ",127.48229634,37.15493351
"2013","2013013019","00","야간","수",1,1,0,0,0,"충남","천안시","차대사람","횡단중","횡단중","운전자법규위반","안전운전 의무 불이행","단일로","기타단일로","승용차","대형","보행자","보행자","971400  ","1875673 ",127.1790739,36.87891316
"2013","2013060420","00","야간","화",1,1,0,0,0,"전북","정읍시","차대사람","횡단중","횡단중","운전자법규위반","안전운전 의무 불이행","단일로","기타단일로","승용차","소형","보행자","보행자","938776  ","1725376 ",126.82474943,35.52243296
"2013","2013060215","55","주간","일",1,1,0,0,0,"경북","청도군","차대차","측면직각충돌","측면직각충돌","운전자법규위반","중앙선 침범","단일로","기타단일로","농기계","농기계","승용차","소형","1099842 ","1737823 ",128.6023255,35.63158971
"2013","2013060215","05","주간","일",1,1,0,0,0,"경북","상주시","차대차","추돌","주정차중 추돌","운전자법규위반","안전운전 의무 불이행","교차로","교차로부근","이륜차","소형","승용차","경형","1059031 ","1825878 ",128.15854906,36.42863065
"2013","2013060912","50","주간","일",1,1,0,0,0,"제주","제주시","차량단독","공작물충돌","공작물충돌","운전자법규위반","안전운전 의무 불이행","단일로","기타단일로","농기계","농기계","00","00","893691  ","1497405 ",126.35599623,33.4631595
"2013","2013061006","00","주간","월",1,1,0,0,0,"경남","창원시(통합)","차대차","기타","기타","운전자법규위반","신호위반","교차로","교차로내","승용차","소형","승용차","중형","1103098 ","1694307 ",128.63309856,35.23887365
"2013","2013060802","55","야간","토",1,1,0,0,0,"서울","영등포구","차대사람","횡단중","횡단중","운전자법규위반","과속","단일로","횡단보도부근","승용차","소형","보행자","보행자","947915  ","1946955 ",126.91057916,37.52042049
"2013","2013061805","30","야간","화",1,1,0,0,0,"경북","성주군","차량단독","공작물충돌","공작물충돌","운전자법규위반","안전운전 의무 불이행","단일로","기타단일로","승용차","경형","00","00","1069355 ","1782114 ",128.26983763,36.03341722
"2013","2013061801","30","야간","화",1,1,0,0,0,"경남","함양군","차량단독","공작물충돌","공작물충돌","운전자법규위반","안전운전 의무 불이행","단일로","기타단일로","화물차","소형","00","00","1016158 ","1729439 ",127.67830717,35.56101513
"2013","2013061623","37","야간","일",1,1,0,0,0,"경남","창원시(통합)","차대사람","기타","기타","운전자법규위반","안전운전 의무 불이행","교차로","교차로내","승용차","대형","보행자","보행자","1108151 ","1698821 ",128.68921755,35.27903524
"2013","2013061709","50","주간","월",1,1,0,0,0,"경기","남양주시","차량단독","공작물충돌","공작물충돌","운전자법규위반","안전운전 의무 불이행","단일로","기타단일로","자전거","자전거","00","00","987357  ","1959986 ",127.35669706,37.63925971
"2013","2013061423","00","야간","금",1,1,0,0,0,"경남","창녕군","차대사람","길가장자리구역통행중","길가장자리구역통행중","운전자법규위반","안전운전 의무 불이행","단일로","기타단일로","화물차","소형","보행자","보행자","1086661 ","1733383 ",128.45662743,35.59272223
"2013","2013061510","10","주간","토",1,1,0,0,0,"부산","진구","차대차","기타","기타","운전자법규위반","중앙선 침범","단일로","기타단일로","승용차","경형","이륜차","중형","1139611 ","1687385 ",129.03323354,35.17156338
"2013","2013062119","42","야간","금",1,1,0,0,0,"울산","남구","차대사람","기타","기타","운전자법규위반","안전운전 의무 불이행","단일로","기타단일로","화물차","소형","보행자","보행자","1164139 ","1729053 ",129.31071576,35.54387976
"2013","2013070309","45","주간","수",1,1,0,0,0,"대전","유성구","차대차","측면직각충돌","측면직각충돌","운전자법규위반","안전운전 의무 불이행","교차로","교차로내","승용차","중형","원동기장치자전거","원동기장치자전거","991243  ","1823451 ",127.40746341,36.41677084
"2013","2013070304","40","야간","수",1,1,0,0,0,"서울","동대문구","차대차","추돌","진행중 추돌","운전자법규위반","안전운전 의무 불이행","기타/불명","기타/불명","화물차","중형","자전거","자전거","959181  ","1952707 ",127.0377467,37.57283243
"2012","2012010319","05","야간","화",1,1,0,0,0,"서울","도봉구","차대사람","횡단중","횡단중","운전자법규위반","안전운전 의무 불이행","단일로","기타단일로","화물차","소형","보행자","보행자","958953  ","1962583 ",127.03458713,37.66191758
"2012","2012050921","30","야간","수",1,1,0,0,0,"경북","포항시","차대사람","기타","기타","운전자법규위반","안전운전 의무 불이행","단일로","기타단일로","이륜차","소형","보행자","보행자","1171543 ","1773366 ",129.40183181,35.94194695
"2012","2012051019","57","야간","목",1,2,0,1,0,"경북","고령군","차대사람","보도통행중","보도통행중","운전자법규위반","기타(운전자법규위반)","단일로","기타단일로","승용차","대형","보행자","보행자","1067002 ","1742567 ",128.24039886,35.67704988
"2012","2012052100","40","야간","월",1,1,0,0,0,"부산","사하구","차대사람","횡단중","횡단중","운전자법규위반","안전운전 의무 불이행","단일로","기타단일로","승용차","대형","보행자","보행자","1136472 ","1679561 ",128.99735809,35.10196277
"2012","2012011902","00","야간","목",1,1,0,0,0,"서울","동대문구","차량단독","공작물충돌","공작물충돌","운전자법규위반","안전운전 의무 불이행","교차로","교차로부근","승용차","중형","00","00","959609  ","1954741 ",127.04248125,37.59118426
"2012","2012081808","40","주간","토",1,1,0,0,0,"대전","동구","차대사람","횡단중","횡단중","운전자법규위반","안전운전 의무 불이행","교차로","교차로내","승용차","경형","보행자","보행자","994062  ","1816329 ",127.43382678,36.34434086
"2012","2012110218","27","야간","금",1,1,0,0,0,"제주","제주시","차대사람","기타","기타","운전자법규위반","안전운전 의무 불이행","교차로","교차로부근","승용차","중형","보행자","보행자","938124  ","1504877 ",126.83359056,33.53404013
"2012","2012102017","45","주간","토",1,4,2,1,0,"경북","영주시","차대차","추돌","주정차중 추돌","운전자법규위반","안전운전 의무 불이행","단일로","기타단일로","화물차","소형","화물차","소형","1091500 ","1873862 ",128.52645312,36.85858879
"2012","2012071811","00","주간","수",1,1,0,0,0,"충남","부여군","차대차","기타","기타","운전자법규위반","안전운전 의무 불이행","단일로","기타단일로","화물차","중형","이륜차","소형","937722  ","1801981 ",126.80713925,36.21299876
"2012","2012072613","04","주간","목",1,1,0,0,0,"전남","여수시","차대사람","횡단중","횡단중","운전자법규위반","신호위반","단일로","횡단보도상","화물차","소형","보행자","보행자","1014885 ","1641954 ",127.66267029,34.77197982
"2012","2012072902","15","야간","일",1,1,0,0,0,"제주","제주시","차대사람","횡단중","횡단중","운전자법규위반","보행자 보호의무 위반","단일로","횡단보도상","승용차","중형","보행자","보행자","913894  ","1503535 ",126.57278634,33.52025834
"2012","2012072302","22","야간","월",1,7,6,0,0,"충남","보령시","차대차","측면직각충돌","측면직각충돌","운전자법규위반","신호위반","교차로","교차로내","승용차","중형","승합차","소형","919639  ","1817164 ",126.60441797,36.34853094
"2012","2012072723","45","야간","금",1,1,0,0,0,"서울","강남구","차대사람","횡단중","횡단중","운전자법규위반","안전운전 의무 불이행","단일로","기타단일로","승합차","대형","보행자","보행자","958150  ","1944651 ",127.02653085,37.50017497
"2012","2012062703","10","야간","수",1,1,0,0,0,"강원","횡성군","차량단독","공작물충돌","공작물충돌","운전자법규위반","안전운전 의무 불이행","단일로","기타단일로","화물차","중형","00","00","1064594 ","1945142 ",128.22966785,37.50331393
"2013","2013022318","40","야간","토",1,1,0,0,0,"경기","부천시","차대사람","기타","기타","운전자법규위반","안전운전 의무 불이행","교차로","교차로부근","화물차","경형","보행자","보행자","934531  ","1945754 ",126.7592363,37.50874308
"2013","2013041923","20","야간","금",1,1,0,0,0,"경남","고성군","차대사람","차도통행중","차도통행중","운전자법규위반","안전운전 의무 불이행","단일로","기타단일로","화물차","소형","보행자","보행자","1077243 ","1664217 ",128.34616289,34.9699
"2013","2013111700","15","야간","일",1,1,0,0,0,"충북","충주시","차량단독","공작물충돌","공작물충돌","운전자법규위반","안전운전 의무 불이행","단일로","기타단일로","승용차","중형","00","00","1038249 ","1894908 ",127.92999355,37.05173002
"2013","2013102405","10","야간","목",1,2,1,0,0,"경남","창원시(통합)","차대차","정면충돌","정면충돌","운전자법규위반","중앙선 침범","단일로","기타단일로","승용차","중형","화물차","대형","1111270 ","1689184 ",128.72220283,35.19181541
"2013","2013112606","46","주간","화",1,1,0,0,0,"대전","대덕구","차대사람","횡단중","횡단중","운전자법규위반","안전운전 의무 불이행","단일로","기타단일로","승용차","소형","보행자","보행자","993330  ","1826451 ",127.42406724,36.43337972
"2013","2013110110","50","주간","금",1,1,0,0,0,"경북","의성군","차대차","정면충돌","정면충돌","운전자법규위반","안전운전 의무 불이행","단일로","기타단일로","화물차","소형","원동기장치자전거","원동기장치자전거","1105915 ","1806619 ",128.67888894,36.25100936
"2013","2013111421","48","야간","목",1,1,0,0,0,"부산","사상구","차대사람","횡단중","횡단중","운전자법규위반","안전운전 의무 불이행","단일로","기타단일로","화물차","소형","보행자","보행자","1135339 ","1686069 ",128.98599628,35.16078011
"2014","2014110516","00","주간","수",1,1,0,0,0,"경남","거제시","차대사람","횡단중","횡단중","운전자법규위반","안전운전 의무 불이행","단일로","기타단일로","화물차","소형","보행자","보행자","1096863 ","1656793 ",128.56020021,34.9012777
"2014","2014110517","50","주간","수",1,1,0,0,0,"경북","구미시","차대사람","기타","기타","운전자법규위반","안전운전 의무 불이행","기타/불명","기타/불명","승용차","소형","보행자","보행자","1089758 ","1792624 ",128.49747877,36.12649148
"2014","2014110407","30","주간","화",1,2,1,0,0,"전남","영광군","차대차","추돌","진행중 추돌","운전자법규위반","안전운전 의무 불이행","단일로","기타단일로","승용차","중형","원동기장치자전거","원동기장치자전거","907914  ","1698908 ",126.48739509,35.2814271
"2014","2014110407","00","주간","화",3,20,3,0,14,"제주","서귀포시","차대차","정면충돌","정면충돌","운전자법규위반","중앙선 침범","단일로","기타단일로","승용차","중형","승합차","대형","918689  ","1487104 ",126.62590254,33.37244822
"2014","2014110418","50","야간","화",1,1,0,0,0,"경기","평택시","차대사람","횡단중","횡단중","운전자법규위반","안전운전 의무 불이행","단일로","기타단일로","화물차","경형","보행자","보행자","950870  ","1893618 ",126.94774137,37.04040318
"2014","2014110221","30","야간","일",1,4,2,0,1,"경기","의정부시","차대차","추돌","주정차중 추돌","운전자법규위반","안전운전 의무 불이행","단일로","기타단일로","승용차","중형","화물차","중형","960624  ","1969183 ",127.05319874,37.72139623
"2014","2014111217","55","주간","수",1,1,0,0,0,"전북","부안군","차대사람","길가장자리구역통행중","길가장자리구역통행중","운전자법규위반","안전운전 의무 불이행","단일로","기타단일로","승용차","중형","보행자","보행자","907298  ","1736310 ",126.47636074,35.61856169
"2014","2014100822","07","야간","수",2,12,8,1,1,"부산","동래구","차대사람","횡단중","횡단중","운전자법규위반","안전운전 의무 불이행","단일로","기타단일로","승용차","소형","보행자","보행자","1143213 ","1690967 ",129.07327387,35.20383838
"2014","2014100821","39","야간","수",1,1,0,0,0,"전남","구례군","차량단독","공작물충돌","공작물충돌","운전자법규위반","안전운전 의무 불이행","교차로","교차로내","승용차","중형","00","00","993682  ","1701586 ",127.43049995,35.30979296
"2014","2014100700","40","야간","화",1,1,0,0,0,"대구","동구","차대차","기타","기타","운전자법규위반","안전운전 의무 불이행","단일로","횡단보도상","승용차","중형","자전거","자전거","1102976 ","1767146 ",128.64103056,35.89551635
"2014","2014100718","30","야간","화",1,1,0,0,0,"전북","완주군","차대사람","횡단중","횡단중","운전자법규위반","과속","교차로","교차로부근","특수차","소형","보행자","보행자","962446  ","1769105 ",127.08375647,35.9178781
"2014","2014100701","30","야간","화",3,3,0,0,0,"광주","광산구","차대사람","횡단중","횡단중","운전자법규위반","안전운전 의무 불이행","단일로","기타단일로","승용차","대형","보행자","보행자","936612  ","1685394 ",126.80398246,35.16180884
"2014","2014100412","00","주간","토",1,1,0,0,0,"전남","곡성군","차량단독","기타","기타","운전자법규위반","안전운전 의무 불이행","교차로","교차로부근","원동기장치자전거","원동기장치자전거","00","00","982069  ","1697945 ",127.30283326,35.27682135
"2014","2014101500","50","야간","수",1,1,0,0,0,"경북","상주시","차대차","추돌","진행중 추돌","운전자법규위반","안전운전 의무 불이행","단일로","기타단일로","승용차","소형","이륜차","소형","1060065 ","1824813 ",128.17000115,36.41896583
"2014","2014101417","00","주간","화",1,1,0,0,0,"경기","오산시","차대사람","횡단중","횡단중","운전자법규위반","안전운전 의무 불이행","단일로","기타단일로","승용차","중형","보행자","보행자","961673  ","1905620 ",127.06840396,37.14851515
"2014","2014101506","50","주간","수",1,1,0,0,0,"경기","시흥시","차대차","추돌","진행중 추돌","운전자법규위반","기타(운전자법규위반)","교차로","교차로부근","화물차","중형","자전거","자전거","933509  ","1926363 ",126.74942009,37.33389872
"2014","2014101419","09","야간","화",1,1,0,0,0,"전북","전주시","차대차","기타","기타","운전자법규위반","안전운전 의무 불이행","단일로","기타단일로","승용차","중형","이륜차","중형","959424  ","1759345 ",127.05075896,35.82976256
"2014","2014101218","35","야간","일",1,2,0,0,1,"충북","영동군","차대차","기타","기타","운전자법규위반","안전운전 의무 불이행","단일로","기타단일로","화물차","경형","농기계","농기계","1020084 ","1792267 ",127.72319842,36.12721815
"2014","2014101023","05","야간","금",1,1,0,0,0,"부산","기장군","차대사람","차도통행중","차도통행중","운전자법규위반","안전운전 의무 불이행","단일로","기타단일로","승용차","중형","보행자","보행자","1152655 ","1704257 ",129.17943144,35.32223149
"2014","2014102115","50","주간","화",1,1,0,0,0,"전남","해남군","차대사람","기타","기타","운전자법규위반","안전운전 의무 불이행","교차로","교차로내","화물차","소형","보행자","보행자","920991  ","1602538 ",126.64026357,34.41361189
"2014","2014101620","20","야간","목",1,3,1,1,0,"전남","영암군","차대차","추돌","진행중 추돌","운전자법규위반","안전운전 의무 불이행","교차로","교차로부근","화물차","소형","화물차","소형","925959  ","1655136 ",126.6897159,34.88825921
"2014","2014101618","40","야간","목",1,2,1,0,0,"경기","포천시","차대차","추돌","진행중 추돌","운전자법규위반","안전운전 의무 불이행","단일로","기타단일로","승용차","소형","농기계","농기계","973496  ","2001978 ",127.19805175,38.01743981
"2014","2014101913","10","주간","일",1,1,0,0,0,"충남","보령시","차량단독","전도전복","전도전복","운전자법규위반","안전운전 의무 불이행","단일로","기타단일로","이륜차","대형","00","00","918797  ","1815440 ",126.59521515,36.3329196
"2014","2014102617","25","주간","일",1,1,0,0,0,"경남","통영시","차량단독","기타","기타","운전자법규위반","안전운전 의무 불이행","단일로","기타단일로","화물차","소형","00","00","1069030 ","1625715 ",128.2530371,34.62332259
"2014","2014102318","50","야간","목",1,1,0,0,0,"제주","제주시","차대사람","기타","기타","운전자법규위반","안전운전 의무 불이행","단일로","횡단보도상","화물차","소형","보행자","보행자","910225  ","1500210 ",126.53361566,33.48997028
"2014","2014102122","43","야간","화",1,1,0,0,0,"전남","여수시","차대사람","횡단중","횡단중","운전자법규위반","안전운전 의무 불이행","단일로","기타단일로","승합차","중형","보행자","보행자","1020416 ","1638163 ",127.72302337,34.73769781
"2014","2014102410","45","주간","금",1,1,0,0,0,"부산","강서구","차량단독","공작물충돌","공작물충돌","운전자법규위반","안전운전 의무 불이행","단일로","기타단일로","승용차","소형","00","00","1130078 ","1679031 ",128.92697024,35.0977176
"2014","2014102919","28","야간","수",1,1,0,0,0,"경기","이천시","차대사람","기타","기타","운전자법규위반","안전운전 의무 불이행","교차로","교차로내","승용차","경형","보행자","보행자","1001605 ","1921487 ",127.51810812,37.29232619
"2014","2014103021","50","야간","목",1,1,0,0,0,"경북","구미시","차대사람","기타","기타","운전자법규위반","안전운전 의무 불이행","단일로","기타단일로","승용차","중형","보행자","보행자","1076286 ","1791496 ",128.34807734,36.11719625
"2014","2014102922","06","야간","수",1,1,0,0,0,"충북","청주시","차대차","추돌","진행중 추돌","운전자법규위반","안전운전 의무 불이행","단일로","기타단일로","화물차","소형","농기계","농기계","983629  ","1843507 ",127.31698655,36.58923485
"2014","2014110723","10","야간","금",1,1,0,0,0,"경북","김천시","차대차","측면직각충돌","측면직각충돌","운전자법규위반","교차로 통행방법 위반","교차로","교차로내","승용차","소형","이륜차","소형","1055477 ","1796234 ",128.11924751,36.15813728
"2014","2014110605","45","야간","목",1,1,0,0,0,"전북","고창군","차대사람","차도통행중","차도통행중","운전자법규위반","안전운전 의무 불이행","단일로","기타단일로","화물차","소형","보행자","보행자","923630  ","1710298 ",126.65876744,35.38477598
"2014","2014110321","25","야간","월",1,1,0,0,0,"전남","나주시","차량단독","공작물충돌","공작물충돌","운전자법규위반","안전운전 의무 불이행","단일로","기타단일로","화물차","소형","00","00","929892  ","1671319 ",126.73139268,35.03445551
"2014","2014110218","40","야간","일",1,1,0,0,0,"충남","천안시","차대차","기타","기타","운전자법규위반","안전운전 의무 불이행","단일로","기타단일로","화물차","소형","이륜차","소형","978943  ","1863252 ",127.26391675,36.76954763
"2014","2014110506","00","주간","수",1,1,0,0,0,"경기","안성시","차대사람","횡단중","횡단중","운전자법규위반","안전운전 의무 불이행","단일로","기타단일로","화물차","소형","보행자","보행자","978042  ","1890558 ",127.25317185,37.01327082
"2014","2014111123","40","야간","화",1,1,0,0,0,"경기","이천시","차량단독","공작물충돌","공작물충돌","운전자법규위반","안전운전 의무 불이행","단일로","기타단일로","승합차","소형","00","00","999249  ","1909477 ",127.49153909,37.18406833
"2014","2014111315","30","주간","목",1,1,0,0,0,"경기","파주시","차대차","기타","기타","운전자법규위반","신호위반","교차로","교차로내","승합차","대형","자전거","자전거","934824  ","1970270 ",126.7603655,37.72971999
"2014","2014111303","16","야간","목",1,1,0,0,0,"경남","통영시","차대차","추돌","주정차중 추돌","운전자법규위반","안전운전 의무 불이행","단일로","기타단일로","승용차","대형","건설기계","건설기계","1083955 ","1662278 ",128.41948649,34.95188279
"2014","2014111222","40","야간","수",1,1,0,0,0,"대전","동구","차대사람","횡단중","횡단중","운전자법규위반","안전운전 의무 불이행","단일로","기타단일로","화물차","경형","보행자","보행자","993945  ","1817228 ",127.43316191,36.35297726
"2014","2014111315","54","주간","목",1,1,0,0,0,"대구","달성군","차대사람","기타","기타","운전자법규위반","안전운전 의무 불이행","단일로","기타단일로","화물차","대형","보행자","보행자","1089021 ","1765858 ",128.48627967,35.88527483
"2014","2014111308","50","주간","목",1,1,0,0,0,"서울","서대문구","차대사람","차도통행중","차도통행중","운전자법규위반","안전운전 의무 불이행","교차로","교차로내","화물차","소형","보행자","보행자","952758  ","1952124 ",126.96504996,37.56727054
"2014","2014082717","40","주간","수",1,1,0,0,0,"경기","파주시","차대차","측면직각충돌","측면직각충돌","운전자법규위반","안전운전 의무 불이행","교차로","교차로내","이륜차","소형","화물차","소형","936504  ","1983270 ",126.77829054,37.84700068
"2014","2014082711","00","주간","수",2,2,0,0,0,"경북","경주시","차대차","기타","기타","운전자법규위반","중앙선 침범","단일로","기타단일로","화물차","소형","화물차","소형","1155189 ","1779368 ",129.22177304,35.99877195
"2014","2014082319","50","야간","토",1,1,0,0,0,"충남","아산시","차대차","기타","기타","운전자법규위반","안전운전 의무 불이행","기타/불명","기타/불명","화물차","중형","농기계","농기계","956752  ","1860952 ",127.01554721,36.74565478
"2013","2013062608","23","주간","수",1,1,0,0,0,"충북","음성군","차대사람","횡단중","횡단중","운전자법규위반","보행자 보호의무 위반","교차로","교차로부근","화물차","중형","보행자","보행자","1012677 ","1901524 ",127.64268658,37.11229281