"발생년","발생년월일시","발생분","주야","요일","사망자수","사상자수","중상자수","경상자수","부상신고자수","발생지시도","발생지시군구","사고유형_대분류","사고유형_중분류","사고유형","법규위반_대분류","법규위반","도로형태_대분류","도로형태","당사자종별_1당_대분류","당사자종별_1당","당사자종별_2당_대분류","당사자종별_2당","발생위치X_UTMK","발생위치Y_UTMK","경도","위도"
"2014","2014042220","42","야간","화",1,1,0,0,0,"경기","안양시","차대사람","횡단중","횡단중","운전자법규위반","안전운전 의무 불이행","단일로","기타단일로","승용차","중형","보행자","보행자","949651  ","1932122 ",126.93123702,37.38682274
"2014","2014042116","05","주간","월",1,1,0,0,0,"서울","노원구","차대사람","기타","기타","운전자법규위반","안전운전 의무 불이행","기타/불명","기타/불명","자전거","자전거","보행자","보행자","962770  ","1962614 ",127.07788463,37.66227876
"2014","2014042105","04","야간","월",1,1,0,0,0,"서울","관악구","차량단독","공작물충돌","공작물충돌","운전자법규위반","안전운전 의무 불이행","교차로","교차로부근","화물차","중형","00","00","949341  ","1940278 ",126.92717554,37.46031859
"2014","2014041905","00","야간","토",1,1,0,0,0,"경기","안산시","차량단독","공작물충돌","공작물충돌","운전자법규위반","안전운전 의무 불이행","단일로","기타단일로","승용차","중형","00","00","948126  ","1922313 ",126.91469741,37.29832585
"2014","2014042018","10","야간","일",1,2,1,0,0,"경북","청도군","차대차","정면충돌","정면충돌","운전자법규위반","중앙선 침범","단일로","터널안","화물차","소형","화물차","소형","1116318 ","1743998 ",128.7497299,35.65048114
"2014","2014050121","18","야간","목",1,2,1,0,0,"인천","남구","차대차","기타","기타","운전자법규위반","중앙선 침범","단일로","기타단일로","자전거","자전거","원동기장치자전거","원동기장치자전거","924555  ","1940147 ",126.64694608,37.45744716
"2014","2014050119","50","야간","목",2,7,2,1,2,"경기","평택시","차대차","기타","기타","운전자법규위반","안전운전 의무 불이행","단일로","기타단일로","승용차","중형","승용차","대형","961277  ","1896132 ",127.06443477,37.06297393
"2014","2014050121","50","야간","목",1,1,0,0,0,"충북","청주시","차대사람","횡단중","횡단중","운전자법규위반","안전운전 의무 불이행","교차로","교차로부근","승용차","중형","보행자","보행자","996115  ","1848533 ",127.45654359,36.63467691
"2014","2014050200","50","야간","금",1,7,5,1,0,"서울","강서구","차대차","기타","기타","운전자법규위반","신호위반","교차로","교차로내","승용차","경형","승용차","중형","941724  ","1949342 ",126.84033317,37.54156417
"2014","2014050214","46","주간","금",1,1,0,0,0,"전남","화순군","차대차","추돌","주정차중 추돌","운전자법규위반","안전운전 의무 불이행","단일로","기타단일로","원동기장치자전거","원동기장치자전거","화물차","소형","962932  ","1667463 ",127.09377677,35.00143901
"2013","2013052602","48","야간","일",1,1,0,0,0,"전남","목포시","차대차","기타","기타","운전자법규위반","과속","단일로","기타단일로","승용차","중형","승합차","대형","904027  ","1647120 ",126.45064791,34.8141492
"2013","2013052709","23","주간","월",1,1,0,0,0,"서울","구로구","차대사람","횡단중","횡단중","운전자법규위반","신호위반","단일로","횡단보도상","승합차","대형","보행자","보행자","943087  ","1943397 ",126.85622147,37.48806663
"2013","2013052514","15","주간","토",1,1,0,0,0,"충남","논산시","차대차","측면직각충돌","측면직각충돌","운전자법규위반","차로위반(진로변경 위반)","교차로","교차로부근","원동기장치자전거","원동기장치자전거","특수차","대형","963919  ","1797919 ",127.09876655,36.17771056
"2013","2013052518","27","야간","토",1,1,0,0,0,"충남","보령시","차량단독","공작물충돌","공작물충돌","운전자법규위반","안전운전 의무 불이행","단일로","기타단일로","이륜차","소형","00","00","920946  ","1819567 ",126.61873806,36.37030066
"2013","2013052510","15","주간","토",1,1,0,0,0,"경기","수원시","차대차","측면직각충돌","측면직각충돌","운전자법규위반","신호위반","교차로","교차로내","원동기장치자전거","원동기장치자전거","승용차","중형","954462  ","1917178 ",126.98649919,37.25237272
"2013","2013060115","10","주간","토",1,1,0,0,0,"경북","경주시","차대차","기타","기타","운전자법규위반","안전운전 의무 불이행","단일로","기타단일로","화물차","중형","농기계","농기계","1165773 ","1745723 ",129.3221862,35.72330412
"2013","2013052919","50","야간","수",1,1,0,0,0,"경북","영덕군","차대차","추돌","진행중 추돌","운전자법규위반","안전운전 의무 불이행","단일로","기타단일로","승용차","경형","건설기계","건설기계","1171041 ","1833103 ",129.40843749,36.48041665
"2013","2013060501","10","야간","수",1,1,0,0,0,"충남","당진시","차대사람","기타","기타","운전자법규위반","안전운전 의무 불이행","교차로","교차로부근","승용차","중형","보행자","보행자","922099  ","1877350 ",126.6257024,36.8913105
"2013","2013060501","28","야간","수",1,1,0,0,0,"경기","용인시","차대사람","횡단중","횡단중","운전자법규위반","안전운전 의무 불이행","단일로","기타단일로","화물차","경형","보행자","보행자","982286  ","1915335 ",127.3002921,37.23670489
"2013","2013060800","40","야간","토",1,1,0,0,0,"인천","남동구","차대사람","횡단중","횡단중","운전자법규위반","안전운전 의무 불이행","단일로","기타단일로","승용차","중형","보행자","보행자","929993  ","1933863 ",126.70902393,37.40123785
"2013","2013061723","00","야간","월",1,1,0,0,0,"충북","충주시","차대사람","기타","기타","운전자법규위반","안전운전 의무 불이행","단일로","기타단일로","승용차","소형","보행자","보행자","1039805 ","1885179 ",127.94699949,36.96421544
"2013","2013061508","53","주간","토",1,2,0,1,0,"대전","서구","차대차","추돌","주정차중 추돌","운전자법규위반","안전운전 의무 불이행","교차로","교차로부근","승용차","소형","승용차","대형","984966  ","1811615 ",127.33255195,36.30174306
"2013","2013061421","30","야간","금",1,3,1,1,0,"경남","함안군","차대차","추돌","진행중 추돌","운전자법규위반","안전운전 의무 불이행","단일로","기타단일로","승용차","중형","화물차","소형","1089504 ","1697085 ",128.48401745,35.2652258
"2013","2013070815","43","주간","월",1,1,0,0,0,"전남","보성군","차대사람","길가장자리구역통행중","길가장자리구역통행중","운전자법규위반","안전운전 의무 불이행","단일로","기타단일로","이륜차","소형","보행자","보행자","976078  ","1646193 ",127.2384492,34.81003367
"2013","2013070818","30","야간","월",1,1,0,0,0,"전남","신안군","차량단독","기타","기타","운전자법규위반","안전운전 의무 불이행","단일로","기타단일로","화물차","소형","00","00","855707  ","1642884 ",125.92320027,34.77026264
"2013","2013070818","40","야간","월",1,1,0,0,0,"강원","태백시","차량단독","기타","기타","운전자법규위반","안전운전 의무 불이행","단일로","기타단일로","원동기장치자전거","원동기장치자전거","00","00","1131901 ","1910164 ",128.98591553,37.18094283
"2013","2013070816","25","주간","월",1,1,0,0,0,"강원","인제군","차대사람","횡단중","횡단중","운전자법규위반","안전운전 의무 불이행","교차로","교차로부근","승용차","중형","보행자","보행자","1059217 ","2008049 ",128.17421415,38.07015006
"2013","2013070601","17","야간","토",1,1,0,0,0,"경남","창원시(통합)","차대사람","기타","기타","운전자법규위반","안전운전 의무 불이행","단일로","기타단일로","승용차","중형","보행자","보행자","1104548 ","1694397 ",128.64904339,35.23953479
"2013","2013070703","15","야간","일",1,2,1,0,0,"경북","경주시","차량단독","공작물충돌","공작물충돌","운전자법규위반","안전운전 의무 불이행","단일로","기타단일로","승용차","소형","00","00","1154444 ","1760222 ",129.20979311,35.82634575
"2013","2013070721","52","야간","일",1,9,5,3,0,"제주","제주시","차대차","측면직각충돌","측면직각충돌","운전자법규위반","신호위반","교차로","교차로내","승합차","대형","승용차","소형","912348  ","1502119 ",126.55627919,33.50736255
"2013","2013070609","35","주간","토",1,1,0,0,0,"경기","성남시","차대차","추돌","진행중 추돌","운전자법규위반","안전운전 의무 불이행","단일로","기타단일로","이륜차","중형","승합차","대형","967117  ","1931788 ",127.12623824,37.38705119
"2013","2013070600","13","야간","토",1,4,1,2,0,"경기","파주시","차대차","측면직각충돌","측면직각충돌","운전자법규위반","신호위반","교차로","교차로부근","승용차","소형","승합차","대형","938406  ","1984090 ",126.78832386,37.84931589
"2013","2013070521","50","야간","금",1,1,0,0,0,"전북","군산시","차량단독","공작물충돌","공작물충돌","운전자법규위반","안전운전 의무 불이행","단일로","기타단일로","원동기장치자전거","원동기장치자전거","00","00","941892  ","1778338 ",126.87998716,35.98812482
"2013","2013070407","55","주간","목",1,2,0,1,0,"경기","평택시","차대차","기타","기타","운전자법규위반","직진 및 우회전차의 통행방해","교차로","교차로내","승용차","중형","원동기장치자전거","원동기장치자전거","963380  ","1893585 ",127.08821329,37.04009947
"2013","2013070321","55","야간","수",1,1,0,0,0,"서울","금천구","차대사람","차도통행중","차도통행중","운전자법규위반","안전운전 의무 불이행","단일로","기타단일로","자전거","자전거","보행자","보행자","947289  ","1938916 ",126.90407117,37.4479278
"2013","2013070410","00","주간","목",1,1,0,0,0,"부산","진구","차대차","측면직각충돌","측면직각충돌","운전자법규위반","안전운전 의무 불이행","교차로","교차로내","화물차","소형","이륜차","소형","1143121 ","1687978 ",129.07174448,35.17690939
"2014","2014042122","30","야간","월",1,1,0,0,0,"경기","남양주시","차량단독","전도전복","전도전복","운전자법규위반","안전운전 의무 불이행","단일로","기타단일로","원동기장치자전거","원동기장치자전거","00","00","974456  ","1965947 ",127.2102623,37.69271975
"2014","2014050220","00","야간","금",1,1,0,0,0,"전북","전주시","차대사람","횡단중","횡단중","운전자법규위반","중앙선 침범","단일로","기타단일로","승용차","경형","보행자","보행자","967753  ","1759389 ",127.14297068,35.83046856
"2014","2014050318","22","야간","토",1,1,0,0,0,"경기","고양시","차대사람","기타","기타","운전자법규위반","안전운전 의무 불이행","단일로","기타단일로","승합차","대형","보행자","보행자","935681  ","1962827 ",126.77074759,37.66269958
"2013","2013070115","20","주간","월",1,2,0,1,0,"전남","해남군","차량단독","전도전복","전도전복","운전자법규위반","안전운전 의무 불이행","단일로","기타단일로","화물차","소형","00","00","918166  ","1615684 ",126.61213996,34.53143636
"2013","2013070115","20","주간","월",1,2,1,0,0,"전남","완도군","차대차","정면충돌","정면충돌","운전자법규위반","중앙선 침범","단일로","기타단일로","승용차","중형","이륜차","소형","957990  ","1594348 ",127.04325308,34.341921
"2013","2013070106","45","주간","월",1,1,0,0,0,"대전","유성구","차대차","기타","기타","운전자법규위반","중앙선 침범","단일로","기타단일로","승용차","중형","원동기장치자전거","원동기장치자전거","989730  ","1829130 ",127.38538158,36.45970948
"2013","2013070107","50","주간","월",1,1,0,0,0,"울산","북구","차대차","추돌","주정차중 추돌","운전자법규위반","안전운전 의무 불이행","단일로","기타단일로","이륜차","중형","승합차","대형","1171719 ","1727689 ",129.39400627,35.53030343
"2013","2013070106","10","주간","월",1,1,0,0,0,"경남","창원시(통합)","차량단독","전도전복","전도전복","운전자법규위반","안전운전 의무 불이행","단일로","기타단일로","이륜차","소형","00","00","1100555 ","1690733 ",128.59948521,35.20341504
"2013","2013070205","15","야간","화",1,1,0,0,0,"충북","음성군","차대사람","횡단중","횡단중","운전자법규위반","안전운전 의무 불이행","단일로","기타단일로","화물차","소형","보행자","보행자","998817  ","1885805 ",127.48651279,36.97067567
"2013","2013070207","45","주간","화",1,1,0,0,0,"인천","서구","차대사람","기타","기타","운전자법규위반","안전운전 의무 불이행","교차로","교차로내","화물차","대형","보행자","보행자","926977  ","1951312 ",126.67537918,37.56573775
"2013","2013070217","20","주간","화",1,1,0,0,0,"부산","동구","차대사람","횡단중","횡단중","운전자법규위반","보행자 보호의무 위반","단일로","횡단보도상","승용차","소형","보행자","보행자","1140822 ","1683309 ",129.04570884,35.13514837
"2013","2013070211","50","주간","화",1,3,2,0,0,"경기","성남시","차대차","정면충돌","정면충돌","운전자법규위반","중앙선 침범","고가도로위","고가도로위","화물차","소형","승합차","대형","969635  ","1938501 ",127.15606732,37.44467171
"2013","2013070213","10","주간","화",1,1,0,0,0,"경북","영덕군","차량단독","도로이탈","도로이탈 추락","운전자법규위반","안전운전 의무 불이행","단일로","기타단일로","자전거","자전거","00","00","1168600 ","1821563 ",129.37956108,36.3767561
"2013","2013063003","00","야간","일",1,5,1,3,0,"충북","옥천군","차대차","추돌","진행중 추돌","운전자법규위반","안전운전 의무 불이행","단일로","기타단일로","승용차","소형","승용차","중형","1004957 ","1813195 ",127.55522099,36.31609202
"2013","2013063004","45","야간","일",1,1,0,0,0,"충남","보령시","차대사람","횡단중","횡단중","운전자법규위반","안전운전 의무 불이행","교차로","교차로내","화물차","소형","보행자","보행자","911109  ","1814550 ",126.50966606,36.32421792
"2013","2013062920","15","야간","토",1,1,0,0,0,"충북","충주시","차대차","기타","기타","운전자법규위반","신호위반","교차로","교차로부근","원동기장치자전거","원동기장치자전거","승용차","중형","1038596 ","1887191 ",127.93367839,36.98238378
"2013","2013062920","50","야간","토",1,2,0,1,0,"경북","울진군","차대차","정면충돌","정면충돌","운전자법규위반","중앙선 침범","단일로","기타단일로","원동기장치자전거","원동기장치자전거","승용차","중형","1170170 ","1890034 ",129.41227256,36.99339731
"2013","2013063010","00","주간","일",1,1,0,0,0,"서울","중랑구","차대사람","기타","기타","운전자법규위반","안전운전 의무 불이행","단일로","기타단일로","화물차","소형","보행자","보행자","962508  ","1956178 ",127.07752474,37.59769643
"2013","2013070100","30","야간","월",1,1,0,0,0,"부산","동구","차대사람","기타","기타","운전자법규위반","안전운전 의무 불이행","단일로","기타단일로","승용차","중형","보행자","보행자","1140788 ","1682173 ",129.04502262,35.12496889
"2013","2013070113","35","주간","월",1,1,0,0,0,"경남","거제시","차대사람","기타","기타","운전자법규위반","안전운전 의무 불이행","단일로","기타단일로","승용차","중형","보행자","보행자","1111886 ","1653388 ",128.72414589,34.8690344
"2013","2013063022","35","야간","일",1,1,0,0,0,"강원","강릉시","차대차","기타","기타","운전자법규위반","안전운전 의무 불이행","단일로","기타단일로","이륜차","중형","승용차","중형","1116787 ","1988109 ",128.82786826,37.88519178
"2013","2013063012","30","주간","일",1,3,2,0,0,"부산","영도구","차량단독","공작물충돌","공작물충돌","운전자법규위반","안전운전 의무 불이행","단일로","기타단일로","승용차","중형","00","00","1143314 ","1676170 ",129.07176984,35.07040367
"2013","2013070700","41","야간","일",1,5,4,0,0,"충남","홍성군","차량단독","도로이탈","도로이탈 추락","운전자법규위반","과속","단일로","기타단일로","승용차","중형","00","00","925664  ","1835554 ",126.66979336,36.51478909
"2013","2013070705","50","야간","일",1,1,0,0,0,"울산","동구","차대차","추돌","진행중 추돌","운전자법규위반","안전운전 의무 불이행","단일로","기타단일로","승용차","중형","이륜차","사발이","1174038 ","1728608 ",129.41976872,35.53818075
"2013","2013070706","35","주간","일",1,2,1,0,0,"전북","군산시","차량단독","공작물충돌","공작물충돌","운전자법규위반","안전운전 의무 불이행","단일로","기타단일로","승용차","중형","00","00","932882  ","1777598 ",126.75537409,35.99286159
"2013","2013051817","58","주간","토",1,2,1,0,0,"경기","평택시","차대차","측면직각충돌","측면직각충돌","운전자법규위반","중앙선 침범","단일로","기타단일로","승합차","대형","승용차","대형","949644  ","1888561 ",126.93409577,36.99417674
"2013","2013051900","42","야간","일",1,2,1,0,0,"경기","연천군","차량단독","공작물충돌","공작물충돌","운전자법규위반","안전운전 의무 불이행","단일로","기타단일로","승용차","중형","00","00","962301  ","1998767 ",127.06936028,37.98656654
"2013","2013051901","20","야간","일",1,1,0,0,0,"전남","순천시","차대사람","기타","기타","운전자법규위반","안전운전 의무 불이행","단일로","기타단일로","승용차","소형","보행자","보행자","1004059 ","1663199 ",127.54551665,34.96376249
"2013","2013052604","40","야간","일",1,1,0,0,0,"울산","울주군","차대사람","기타","기타","운전자법규위반","안전운전 의무 불이행","단일로","기타단일로","승용차","중형","보행자","보행자","1163859 ","1716413 ",129.30501209,35.4300036
"2013","2013052509","33","주간","토",1,1,0,0,0,"경남","사천시","차대사람","기타","기타","운전자법규위반","보행자 보호의무 위반","단일로","기타단일로","건설기계","건설기계","보행자","보행자","1053312 ","1675903 ",128.08477405,35.07681556
"2013","2013053023","39","야간","목",1,1,0,0,0,"충북","영동군","차량단독","공작물충돌","공작물충돌","운전자법규위반","안전운전 의무 불이행","단일로","기타단일로","승용차","중형","00","00","1038353 ","1803206 ",127.92739928,36.22473535
"2013","2013060204","00","야간","일",1,1,0,0,0,"대구","달서구","차대사람","횡단중","횡단중","운전자법규위반","신호위반","단일로","기타단일로","승용차","중형","보행자","보행자","1093658 ","1760914 ",128.53706565,35.8402735
"2013","2013052900","15","야간","수",1,2,1,0,0,"충북","청주시","차대차","측면직각충돌","측면직각충돌","운전자법규위반","교차로 통행방법 위반","교차로","교차로내","원동기장치자전거","원동기장치자전거","원동기장치자전거","원동기장치자전거","998549  ","1851748 ",127.48364484,36.66379212
"2013","2013052819","00","야간","화",1,1,0,0,0,"전남","순천시","차량단독","도로이탈","도로이탈 추락","운전자법규위반","안전운전 의무 불이행","기타/불명","기타/불명","원동기장치자전거","원동기장치자전거","00","00","999488  ","1657758 ",127.49439496,34.91460369
"2013","2013052900","10","야간","수",1,1,0,0,0,"대구","수성구","차대차","기타","기타","운전자법규위반","안전운전 의무 불이행","교차로","교차로내","승용차","중형","승용차","중형","1100878 ","1759797 ",128.6168577,35.82948789
"2013","2013060700","36","야간","금",1,1,0,0,0,"경기","안산시","차대사람","횡단중","횡단중","운전자법규위반","안전운전 의무 불이행","단일로","기타단일로","승용차","중형","보행자","보행자","941423  ","1924185 ",126.83892303,37.31480069
"2013","2013060520","55","야간","수",1,1,0,0,0,"경남","양산시","차대차","정면충돌","정면충돌","운전자법규위반","중앙선 침범","기타/불명","기타/불명","승용차","중형","이륜차","대형","1140036 ","1710522 ",129.04168776,35.38040664
"2013","2013062019","50","야간","목",1,1,0,0,0,"인천","남동구","차대사람","횡단중","횡단중","운전자법규위반","안전운전 의무 불이행","단일로","기타단일로","승용차","소형","보행자","보행자","932469  ","1934102 ",126.73868153,37.40095932
"2013","2013062623","55","야간","수",1,1,0,0,0,"서울","중구","차대사람","보도통행중","보도통행중","운전자법규위반","기타(운전자법규위반)","단일로","기타단일로","화물차","소형","보행자","보행자","953108  ","1951182 ",126.96892935,37.5588235
"2013","2013062822","30","야간","금",1,1,0,0,0,"경북","칠곡군","차대사람","기타","기타","운전자법규위반","안전운전 의무 불이행","단일로","기타단일로","승용차","중형","보행자","보행자","1095249 ","1777390 ",128.55665344,35.98864373
"2013","2013062615","20","주간","수",1,1,0,0,0,"전남","함평군","차대차","측면직각충돌","측면직각충돌","운전자법규위반","안전운전 의무 불이행","단일로","기타단일로","승용차","소형","원동기장치자전거","원동기장치자전거","910382  ","1673153 ",126.51732775,35.04944771
"2013","2013062615","30","주간","수",1,1,0,0,0,"경기","평택시","차량단독","전도전복","전도전복","운전자법규위반","안전운전 의무 불이행","단일로","기타단일로","이륜차","소형","00","00","951915  ","1889816 ",126.95953631,37.00560827
"2013","2013062517","40","주간","화",1,1,0,0,0,"경기","양평군","차대사람","횡단중","횡단중","운전자법규위반","중앙선 침범","단일로","기타단일로","화물차","경형","보행자","보행자","1011835 ","1941832 ",127.63385162,37.47563842
"2012","2012072602","40","야간","목",1,2,0,1,0,"경남","창원시(통합)","차대차","추돌","주정차중 추돌","운전자법규위반","안전운전 의무 불이행","단일로","기타단일로","화물차","중형","화물차","대형","1104527 ","1698302 ",128.64930957,35.27474149
"2012","2012060917","15","주간","토",1,1,0,0,0,"인천","남구","차대사람","횡단중","횡단중","운전자법규위반","신호위반","단일로","횡단보도상","승용차","중형","보행자","보행자","927015  ","1939492 ",126.67482339,37.45174128
"2012","2012061420","34","야간","목",1,1,0,0,0,"충북","옥천군","차대차","측면직각충돌","측면직각충돌","운전자법규위반","안전운전 의무 불이행","교차로","교차로내","원동기장치자전거","원동기장치자전거","승용차","중형","1005613 ","1812334 ",127.56252263,36.3083261
"2012","2012060209","34","주간","토",1,2,1,0,0,"경기","용인시","차대사람","기타","기타","운전자법규위반","중앙선 침범","교차로","교차로부근","건설기계","건설기계","보행자","보행자","983895  ","1915675 ",127.31842455,37.23979886
"2013","2013100307","15","주간","목",1,1,0,0,0,"전북","군산시","차대차","추돌","주정차중 추돌","운전자법규위반","안전운전 의무 불이행","단일로","기타단일로","화물차","소형","화물차","중형","927032  ","1771757 ",126.69101549,35.93978405
"2012","2012040704","25","야간","토",1,1,0,0,0,"전북","정읍시","차대사람","기타","기타","운전자법규위반","안전운전 의무 불이행","단일로","기타단일로","화물차","대형","보행자","보행자","936447  ","1722934 ",126.79925549,35.50026936
"2012","2012040421","27","야간","수",1,1,0,0,0,"경기","성남시","차대사람","차도통행중","차도통행중","운전자법규위반","안전운전 의무 불이행","단일로","기타단일로","승합차","대형","보행자","보행자","964844  ","1930540 ",127.102934,37.37326408
"2012","2012092210","40","주간","토",1,4,2,1,0,"전북","임실군","차대차","기타","기타","운전자법규위반","안전운전 의무 불이행","기타/불명","기타/불명","특수차","대형","승용차","소형","982767  ","1727290 ",127.30988799,35.54143107
"2012","2012081523","20","야간","수",2,3,1,0,0,"충북","보은군","차대차","측면직각충돌","측면직각충돌","운전자법규위반","안전운전 의무 불이행","단일로","기타단일로","화물차","중형","화물차","소형","1008225 ","1833770 ",127.59184456,36.50155977
"2012","2012060610","37","주간","수",1,1,0,0,0,"부산","연제구","차대사람","차도통행중","차도통행중","운전자법규위반","보행자 보호의무 위반","단일로","횡단보도상","건설기계","건설기계","보행자","보행자","1143391 ","1688815 ",129.07485416,35.1844154
"2013","2013061300","45","야간","목",1,2,0,1,0,"충남","예산군","차량단독","도로이탈","도로이탈 추락","운전자법규위반","안전운전 의무 불이행","단일로","기타단일로","승용차","경형","00","00","947169  ","1853841 ",126.90869709,36.68106809
"2013","2013062117","20","주간","금",1,3,1,1,0,"경기","남양주시","차대차","측면직각충돌","측면직각충돌","운전자법규위반","중앙선 침범","교차로","교차로내","승용차","중형","승용차","대형","973523  ","1963719 ",127.19976065,37.67261172
"2013","2013061922","30","야간","수",1,1,0,0,0,"경기","이천시","차대사람","차도통행중","차도통행중","운전자법규위반","안전운전 의무 불이행","단일로","기타단일로","승용차","중형","보행자","보행자","986980  ","1919549 ",127.35378124,37.27483125
"2013","2013061918","23","야간","수",1,2,1,0,0,"전남","영암군","차대차","정면충돌","정면충돌","운전자법규위반","중앙선 침범","단일로","기타단일로","화물차","소형","화물차","소형","914213  ","1635029 ",126.56323817,34.7060391
"2013","2013061910","10","주간","수",1,2,0,1,0,"전남","신안군","차대차","정면충돌","정면충돌","운전자법규위반","중앙선 침범","단일로","기타단일로","화물차","소형","승용차","소형","869507  ","1622982 ",126.07703324,34.59270334
"2013","2013070323","10","야간","수",1,3,0,2,0,"충남","서산시","차량단독","전도전복","전도전복","운전자법규위반","안전운전 의무 불이행","단일로","기타단일로","승용차","중형","00","00","900534  ","1888357 ",126.38229305,36.98842454
"2013","2013070205","10","야간","화",1,3,2,0,0,"서울","송파구","차대차","측면직각충돌","측면직각충돌","운전자법규위반","신호위반","교차로","교차로내","승용차","중형","승용차","중형","968148  ","1945362 ",127.13960985,37.50698275
"2013","2013070109","50","주간","월",1,1,0,0,0,"경북","의성군","차대차","측면직각충돌","측면직각충돌","운전자법규위반","안전운전 의무 불이행","단일로","기타단일로","승용차","소형","자전거","자전거","1082988 ","1822584 ",128.42543376,36.39716494
"2013","2013063021","10","야간","일",1,1,0,0,0,"경기","시흥시","차대사람","기타","기타","운전자법규위반","안전운전 의무 불이행","교차로","교차로내","특수차","소형","보행자","보행자","936522  ","1938275 ",126.78240708,37.44147401
"2013","2013062922","59","야간","토",1,1,0,0,0,"인천","부평구","차대차","추돌","진행중 추돌","운전자법규위반","안전운전 의무 불이행","단일로","기타단일로","이륜차","소형","승용차","소형","928487  ","1941788 ",126.69139499,37.47279687
"2013","2013062918","35","야간","토",1,1,0,0,0,"충북","청원군","차대사람","횡단중","횡단중","운전자법규위반","안전운전 의무 불이행","교차로","교차로내","승용차","중형","보행자","보행자","984469  ","1845857 ",127.32632949,36.61043414
"2013","2013062918","06","야간","토",1,1,0,0,0,"충북","증평군","차량단독","도로이탈","도로이탈 추락","운전자법규위반","안전운전 의무 불이행","기타/불명","기타/불명","승용차","중형","00","00","1009123 ","1871515 ",127.60232161,36.84181957
"2012","2012020411","30","주간","토",1,1,0,0,0,"경기","안성시","차대차","측면직각충돌","측면직각충돌","운전자법규위반","안전운전 의무 불이행","단일로","기타단일로","승용차","소형","승합차","대형","966615  ","1898957 ",127.12435096,37.08864409
"2012","2012031309","50","주간","화",1,1,0,0,0,"충남","부여군","차대차","측면직각충돌","측면직각충돌","운전자법규위반","안전운전 의무 불이행","교차로","교차로내","승합차","소형","이륜차","소형","946215  ","1808923 ",126.90114406,36.27609118
"2012","2012031123","40","야간","일",2,6,3,1,0,"경기","여주시","차대사람","길가장자리구역통행중","길가장자리구역통행중","운전자법규위반","안전운전 의무 불이행","단일로","기타단일로","승용차","소형","보행자","보행자","1005050 ","1913155 ",127.55691915,37.21720891
"2012","2012031522","30","야간","목",1,5,4,0,0,"경남","함안군","차대차","정면충돌","정면충돌","운전자법규위반","중앙선 침범","단일로","기타단일로","승용차","중형","승용차","중형","1084694 ","1698271 ",128.43126452,35.27633708
"2012","2012031512","40","주간","목",1,1,0,0,0,"경기","고양시","차대사람","횡단중","횡단중","운전자법규위반","안전운전 의무 불이행","단일로","기타단일로","승합차","대형","보행자","보행자","942540  ","1969231 ",126.84583203,37.72284348
"2012","2012031916","00","주간","월",1,2,0,0,1,"광주","북구","차대사람","횡단중","횡단중","운전자법규위반","보행자 보호의무 위반","단일로","횡단보도상","이륜차","대형","보행자","보행자","943205  ","1690800 ",126.87599884,35.210947
"2012","2012022504","29","야간","토",1,1,0,0,0,"경남","창원시(통합)","차대사람","기타","기타","운전자법규위반","안전운전 의무 불이행","단일로","기타단일로","승용차","중형","보행자","보행자","1098544 ","1694268 ",128.58305129,35.23898024
"2012","2012013002","55","야간","월",2,4,1,1,0,"경북","칠곡군","차량단독","공작물충돌","공작물충돌","운전자법규위반","안전운전 의무 불이행","교차로","교차로부근","승용차","소형","00","00","1081990 ","1787413 ",128.41062112,36.08020386
"2012","2012020522","08","야간","일",1,1,0,0,0,"경기","하남시","차량단독","공작물충돌","공작물충돌","운전자법규위반","안전운전 의무 불이행","교차로","교차로부근","승용차","중형","00","00","976344  ","1944664 ",127.23236505,37.50093781
"2012","2012100320","40","야간","수",1,1,0,0,0,"경기","의정부시","차대사람","횡단중","횡단중","운전자법규위반","안전운전 의무 불이행","교차로","교차로부근","승합차","대형","보행자","보행자","958613  ","1972136 ",127.03021237,37.74792294
"2012","2012112100","11","야간","수",1,2,1,0,0,"부산","강서구","차대사람","기타","기타","운전자법규위반","안전거리 미확보","단일로","기타단일로","승용차","소형","보행자","보행자","1130515 ","1692489 ",128.9340614,35.21929013
"2012","2012081808","39","주간","토",1,5,3,1,0,"전남","영암군","차대차","측면직각충돌","측면직각충돌","운전자법규위반","서행 및 일시정지위반","교차로","교차로내","특수차","대형","승용차","중형","925496  ","1644718 ",126.68557525,34.7942887
"2012","2012080721","25","야간","화",1,1,0,0,0,"경기","김포시","차대사람","횡단중","횡단중","운전자법규위반","안전운전 의무 불이행","교차로","교차로내","화물차","중형","보행자","보행자","925605  ","1963011 ",126.64747989,37.66886725
"2012","2012091001","17","야간","월",1,1,0,0,0,"경북","안동시","차대사람","기타","기타","운전자법규위반","보행자 보호의무 위반","단일로","횡단보도상","승용차","중형","보행자","보행자","1107297 ","1841631 ",128.69910887,36.56643239
"2012","2012091306","45","주간","목",1,1,0,0,0,"전북","전주시","차대사람","횡단중","횡단중","운전자법규위반","안전운전 의무 불이행","교차로","교차로부근","승용차","중형","보행자","보행자","961320  ","1763700 ",127.07153899,35.86910351
"2013","2013071306","45","주간","토",1,2,0,1,0,"경기","광주시","차대차","추돌","진행중 추돌","운전자법규위반","과속","단일로","기타단일로","특수차","중형","승합차","대형","980506  ","1941249 ",127.27954244,37.47025359