"발생년","발생년월일시","발생분","주야","요일","사망자수","사상자수","중상자수","경상자수","부상신고자수","발생지시도","발생지시군구","사고유형_대분류","사고유형_중분류","사고유형","법규위반_대분류","법규위반","도로형태_대분류","도로형태","당사자종별_1당_대분류","당사자종별_1당","당사자종별_2당_대분류","당사자종별_2당","발생위치X_UTMK","발생위치Y_UTMK","경도","위도"
"2013","2013071222","35","야간","금",1,1,0,0,0,"경기","포천시","차대사람","기타","기타","운전자법규위반","안전운전 의무 불이행","단일로","기타단일로","승용차","중형","보행자","보행자","972698  ","1987735 ",127.18449744,37.89970437
"2013","2013061823","20","야간","화",1,1,0,0,0,"부산","수영구","차대사람","횡단중","횡단중","운전자법규위반","안전운전 의무 불이행","단일로","횡단보도상","승용차","중형","보행자","보행자","1146438 ","1687706 ",129.10811061,35.17397959
"2013","2013062623","46","야간","수",1,1,0,0,0,"부산","사상구","차량단독","공작물충돌","공작물충돌","운전자법규위반","안전운전 의무 불이행","교차로","교차로부근","이륜차","소형","00","00","1137192 ","1685172 ",129.00618658,35.15244324
"2013","2013052714","20","주간","월",1,1,0,0,0,"울산","중구","차량단독","공작물충돌","공작물충돌","운전자법규위반","안전운전 의무 불이행","단일로","기타단일로","승용차","중형","00","00","1164553 ","1731710 ",129.3158209,35.56775618
"2013","2013060200","35","야간","일",1,1,0,0,0,"경기","안양시","차량단독","공작물충돌","공작물충돌","운전자법규위반","안전운전 의무 불이행","단일로","기타단일로","승용차","중형","00","00","950190  ","1931545 ",126.93736438,37.38165113
"2013","2013060114","00","주간","토",1,1,0,0,0,"충남","부여군","차대사람","기타","기타","운전자법규위반","안전운전 의무 불이행","단일로","기타단일로","자전거","자전거","보행자","보행자","948112  ","1811214 ",126.9221125,36.29684856
"2013","2013060203","57","야간","일",1,1,0,0,0,"광주","광산구","차대차","정면충돌","정면충돌","운전자법규위반","중앙선 침범","교차로","교차로부근","이륜차","중형","화물차","중형","938473  ","1688586 ",126.82435611,35.19073339
"2013","2013060520","45","야간","수",1,1,0,0,0,"경기","포천시","차대사람","횡단중","횡단중","운전자법규위반","안전운전 의무 불이행","단일로","기타단일로","화물차","소형","보행자","보행자","970062  ","1984746 ",127.16657014,37.8547185
"2013","2013060611","45","주간","목",1,2,1,0,0,"전남","장흥군","차량단독","도로이탈","도로이탈 추락","운전자법규위반","안전운전 의무 불이행","단일로","기타단일로","화물차","소형","00","00","943643  ","1633599 ",126.8846775,34.69519106
"2013","2013061007","10","주간","월",1,1,0,0,0,"대구","중구","차대사람","기타","기타","운전자법규위반","보행자 보호의무 위반","단일로","횡단보도상","건설기계","건설기계","보행자","보행자","1098199 ","1764988 ",128.58808773,35.87755279
"2013","2013061005","01","야간","월",1,1,0,0,0,"충북","청원군","차량단독","기타","기타","운전자법규위반","안전운전 의무 불이행","단일로","기타단일로","승용차","소형","00","00","1007957 ","1842996 ",127.58894717,36.58473547
"2013","2013061302","00","야간","목",1,2,1,0,0,"경기","용인시","차량단독","공작물충돌","공작물충돌","운전자법규위반","안전운전 의무 불이행","단일로","기타단일로","이륜차","소형","00","00","966130  ","1921496 ",127.11787143,37.29179186
"2013","2013061316","00","주간","목",1,1,0,0,0,"경남","함안군","차대차","측면직각충돌","측면직각충돌","운전자법규위반","안전운전 의무 불이행","교차로","교차로내","승합차","대형","자전거","자전거","1080661 ","1697629 ",128.38686087,35.27088206
"2013","2013061320","15","야간","목",1,2,0,1,0,"전남","여수시","차대차","추돌","진행중 추돌","운전자법규위반","차로위반(진로변경 위반)","단일로","기타단일로","이륜차","중형","이륜차","중형","1020648 ","1638323 ",127.72556163,34.73913599
"2013","2013061500","21","야간","토",1,1,0,0,0,"경남","고성군","차대사람","횡단중","횡단중","운전자법규위반","안전운전 의무 불이행","단일로","기타단일로","승용차","중형","보행자","보행자","1075526 ","1665873 ",128.32742194,34.98533125
"2012","2012030600","45","야간","화",1,1,0,0,0,"충북","진천군","차대사람","기타","기타","운전자법규위반","안전운전 의무 불이행","교차로","교차로내","화물차","소형","보행자","보행자","994517  ","1873630 ",127.43848855,36.86091368
"2012","2012031605","13","야간","금",1,3,2,0,0,"부산","사상구","차대차","측면직각충돌","측면직각충돌","운전자법규위반","차로위반(진로변경 위반)","단일로","기타단일로","승용차","대형","승용차","중형","1135392 ","1690130 ",128.98241104,35.19370595
"2012","2012031022","46","야간","토",1,2,1,0,0,"서울","노원구","차대사람","횡단중","횡단중","운전자법규위반","과속","교차로","교차로내","승용차","대형","보행자","보행자","962860  ","1963175 ",127.07977816,37.66829743
"2012","2012031706","15","주간","토",1,1,0,0,0,"전남","담양군","차대사람","차도통행중","차도통행중","운전자법규위반","안전운전 의무 불이행","단일로","기타단일로","승용차","중형","보행자","보행자","951469  ","1704322 ",126.9814609,35.30934141
"2012","2012032001","13","야간","화",1,1,0,0,0,"경북","경주시","차량단독","전도전복","전도전복","운전자법규위반","안전운전 의무 불이행","단일로","기타단일로","승용차","소형","00","00","1177569 ","1744191 ",129.4567647,35.68197636
"2012","2012022806","30","주간","화",1,1,0,0,0,"전북","전주시","차대사람","횡단중","횡단중","운전자법규위반","안전운전 의무 불이행","단일로","횡단보도상","승용차","중형","보행자","보행자","969628  ","1758806 ",127.16375197,35.82527208
"2012","2012022221","52","야간","수",1,1,0,0,0,"서울","영등포구","차대사람","기타","기타","운전자법규위반","안전운전 의무 불이행","단일로","횡단보도부근","승용차","중형","보행자","보행자","947674  ","1946834 ",126.90951515,37.51901808
"2012","2012120521","40","야간","수",1,1,0,0,0,"서울","서대문구","차량단독","공작물충돌","공작물충돌","운전자법규위반","안전운전 의무 불이행","단일로","기타단일로","승용차","중형","00","00","951331  ","1952304 ",126.94887989,37.56881858
"2012","2012121406","21","주간","금",1,1,0,0,0,"전남","나주시","차대사람","횡단중","횡단중","운전자법규위반","신호위반","교차로","교차로내","승용차","소형","보행자","보행자","931795  ","1671410 ",126.75224655,35.03540637
"2012","2012061410","23","주간","목",1,1,0,0,0,"경기","용인시","차대사람","횡단중","횡단중","운전자법규위반","안전운전 의무 불이행","교차로","교차로내","화물차","소형","보행자","보행자","974203  ","1913484 ",127.20922921,37.21983131
"2012","2012111814","33","주간","일",1,1,0,0,0,"전남","장성군","차량단독","기타","기타","운전자법규위반","안전운전 의무 불이행","단일로","기타단일로","이륜차","소형","00","00","941219  ","1713062 ",126.85258258,35.41155571
"2012","2012112019","00","야간","화",1,1,0,0,0,"경기","고양시","차대사람","기타","기타","운전자법규위반","안전운전 의무 불이행","교차로","교차로부근","승용차","소형","보행자","보행자","934079  ","1963797 ",126.75249775,37.67132815
"2012","2012110418","10","야간","일",1,1,0,0,0,"대전","서구","차대사람","횡단중","횡단중","운전자법규위반","안전운전 의무 불이행","단일로","기타단일로","승용차","중형","보행자","보행자","985838  ","1811739 ",127.34226197,36.30287418
"2012","2012110318","35","야간","토",1,1,0,0,0,"광주","서구","차대사람","기타","기타","운전자법규위반","안전운전 의무 불이행","단일로","기타단일로","승용차","소형","보행자","보행자","942913  ","1684227 ",126.87324598,35.15166411
"2012","2012110103","40","야간","목",1,1,0,0,0,"경북","포항시","차대사람","기타","기타","운전자법규위반","안전운전 의무 불이행","단일로","기타단일로","승용차","중형","보행자","보행자","1164964 ","1787872 ",129.33194974,36.07379847
"2012","2012122923","30","야간","토",1,1,0,0,0,"광주","서구","차대사람","차도통행중","차도통행중","운전자법규위반","보행자 보호의무 위반","단일로","횡단보도상","승용차","중형","보행자","보행자","942346  ","1684911 ",126.8671172,35.15767366
"2012","2012010411","20","주간","수",1,1,0,0,0,"경기","수원시","차대사람","횡단중","횡단중","운전자법규위반","보행자 보호의무 위반","교차로","교차로내","승합차","대형","보행자","보행자","957158  ","1919716 ",127.01619854,37.27564559
"2012","2012061210","50","주간","화",1,1,0,0,0,"충북","충주시","차대차","추돌","진행중 추돌","운전자법규위반","안전운전 의무 불이행","단일로","기타단일로","승합차","경형","이륜차","소형","1036229 ","1885387 ",127.90699596,36.96621626
"2012","2012071019","25","야간","화",1,3,0,2,0,"전북","전주시","차대차","기타","기타","운전자법규위반","안전운전 의무 불이행","단일로","기타단일로","승용차","중형","승용차","소형","964337  ","1758139 ",127.10520631,35.81908027
"2013","2013062507","15","주간","화",1,1,0,0,0,"경기","수원시","차대사람","보도통행중","보도통행중","운전자법규위반","기타(운전자법규위반)","교차로","교차로부근","승용차","중형","보행자","보행자","958780  ","1917182 ",127.03518855,37.25260992
"2013","2013062321","24","야간","일",1,1,0,0,0,"경기","군포시","차대차","측면직각충돌","측면직각충돌","운전자법규위반","신호위반","교차로","교차로내","이륜차","소형","승합차","중형","950632  ","1927683 ",126.94261438,37.34686485
"2013","2013013017","59","주간","수",1,1,0,0,0,"울산","중구","차대사람","횡단중","횡단중","운전자법규위반","안전운전 의무 불이행","단일로","횡단보도부근","화물차","중형","보행자","보행자","1166897 ","1732903 ",129.34192093,35.57811508
"2013","2013051310","30","주간","월",1,1,0,0,0,"전북","고창군","차대차","추돌","진행중 추돌","운전자법규위반","안전운전 의무 불이행","단일로","기타단일로","화물차","중형","화물차","중형","925923  ","1723611 ",126.68316434,35.50564333
"2013","2013090405","00","야간","수",1,2,1,0,0,"경북","김천시","차대차","추돌","진행중 추돌","운전자법규위반","안전운전 의무 불이행","단일로","기타단일로","화물차","중형","화물차","대형","1068371 ","1799214 ",128.26040071,36.18764305
"2013","2013020210","15","주간","토",1,1,0,0,0,"강원","강릉시","차대사람","횡단중","횡단중","운전자법규위반","안전운전 의무 불이행","단일로","기타단일로","승용차","중형","보행자","보행자","1121898 ","1972928 ",128.88384398,37.74792794
"2013","2013032008","20","주간","수",1,2,1,0,0,"전북","남원시","차대차","기타","기타","운전자법규위반","신호위반","교차로","교차로내","건설기계","건설기계","화물차","소형","991572  ","1714891 ",127.407152,35.42974695
"2013","2013031806","24","주간","월",1,1,0,0,0,"서울","강서구","차대사람","횡단중","횡단중","운전자법규위반","안전운전 의무 불이행","단일로","기타단일로","승합차","소형","보행자","보행자","942143  ","1949836 ",126.84529337,37.54648608
"2013","2013032923","50","야간","금",1,8,2,5,0,"경기","광주시","차대차","정면충돌","정면충돌","운전자법규위반","중앙선 침범","단일로","기타단일로","화물차","소형","승합차","대형","975050  ","1927567 ",127.21821255,37.34691392
"2013","2013032106","05","주간","목",1,1,0,0,0,"경북","상주시","차대차","기타","기타","운전자법규위반","신호위반","교차로","교차로내","화물차","소형","자전거","자전거","1062665 ","1824771 ",128.19899782,36.41842097
"2013","2013032015","30","주간","수",1,1,0,0,0,"대구","달서구","차대사람","횡단중","횡단중","운전자법규위반","안전운전 의무 불이행","교차로","교차로내","화물차","소형","보행자","보행자","1093678 ","1762968 ",128.53752827,35.85878776
"2013","2013083113","43","주간","토",1,1,0,0,0,"강원","강릉시","차량단독","공작물충돌","공작물충돌","운전자법규위반","안전운전 의무 불이행","단일로","기타단일로","승용차","중형","00","00","1121601 ","1970265 ",128.88031038,37.72316298
"2013","2013071213","35","주간","금",2,3,1,0,0,"부산","강서구","차대차","정면충돌","정면충돌","운전자법규위반","중앙선 침범","단일로","기타단일로","특수차","대형","승용차","중형","1125630 ","1677962 ",128.87818998,35.08895903
"2013","2013071300","07","야간","토",1,1,0,0,0,"경남","창원시(통합)","차대사람","보도통행중","보도통행중","운전자법규위반","보행자 보호의무 위반","교차로","교차로내","승용차","중형","보행자","보행자","1097618 ","1692795 ",128.57270081,35.22579103
"2014","2014062620","43","야간","목",1,1,0,0,0,"충북","제천시","차대차","기타","기타","운전자법규위반","안전운전 의무 불이행","단일로","기타단일로","승용차","중형","건설기계","건설기계","1063715 ","1907132 ",128.21759988,37.16075778
"2014","2014122717","55","주간","토",1,1,0,0,0,"경기","여주시","차대사람","횡단중","횡단중","운전자법규위반","보행자 보호의무 위반","단일로","횡단보도상","승용차","중형","보행자","보행자","1013911 ","1908161 ",127.65669924,37.17210239
"2014","2014111515","08","주간","토",1,2,1,0,0,"충북","음성군","차대차","기타","기타","운전자법규위반","중앙선 침범","단일로","기타단일로","화물차","소형","건설기계","건설기계","1019910 ","1881029 ",127.72355557,36.92741819
"2014","2014111505","20","야간","토",1,1,0,0,0,"경북","경산시","차대사람","기타","기타","운전자법규위반","안전운전 의무 불이행","단일로","기타단일로","승용차","중형","보행자","보행자","1119057 ","1765480 ",128.81892826,35.8786746
"2014","2014112315","25","주간","일",1,1,0,0,0,"서울","영등포구","차대사람","횡단중","횡단중","운전자법규위반","안전운전 의무 불이행","단일로","기타단일로","승용차","중형","보행자","보행자","947603  ","1946853 ",126.90705586,37.51948348
"2014","2014112520","20","야간","화",1,1,0,0,0,"대구","중구","차대사람","횡단중","횡단중","운전자법규위반","안전운전 의무 불이행","단일로","기타단일로","승용차","중형","보행자","보행자","1098718 ","1764859 ",128.59357397,35.87533922
"2014","2014112214","25","주간","토",1,4,1,2,0,"충북","청주시","차대차","추돌","주정차중 추돌","운전자법규위반","안전운전 의무 불이행","단일로","기타단일로","승용차","중형","승용차","소형","985243  ","1846842 ",127.33496555,36.61932619
"2014","2014112105","10","야간","금",1,2,1,0,0,"서울","광진구","차대사람","보도통행중","보도통행중","운전자법규위반","안전운전 의무 불이행","단일로","횡단보도상","승용차","중형","보행자","보행자","962678  ","1951938 ",127.07747605,37.5660301
"2014","2014112119","35","야간","금",1,1,0,0,0,"대전","유성구","차대차","측면직각충돌","측면직각충돌","운전자법규위반","신호위반","교차로","교차로부근","승합차","대형","이륜차","중형","990043  ","1826307 ",127.38891111,36.43426272
"2014","2014113006","05","주간","일",1,1,0,0,0,"경기","김포시","차대사람","횡단중","횡단중","운전자법규위반","안전운전 의무 불이행","교차로","교차로부근","승합차","대형","보행자","보행자","935518  ","1956121 ",126.76949153,37.60224878
"2014","2014113018","00","야간","일",1,1,0,0,0,"경남","창녕군","차대차","추돌","진행중 추돌","운전자법규위반","안전운전 의무 불이행","단일로","기타단일로","원동기장치자전거","원동기장치자전거","건설기계","건설기계","1091748 ","1720692 ",128.50978016,35.47678223
"2014","2014113017","00","주간","일",1,1,0,0,0,"경기","안성시","차량단독","공작물충돌","공작물충돌","운전자법규위반","안전운전 의무 불이행","단일로","기타단일로","승용차","대형","00","00","975975  ","1885204 ",127.23532902,36.93966553
"2014","2014113017","10","주간","일",1,2,1,0,0,"대구","동구","차량단독","공작물충돌","공작물충돌","운전자법규위반","안전운전 의무 불이행","단일로","기타단일로","승용차","대형","00","00","1101893 ","1775855 ",128.66887442,35.87815512
"2014","2014112914","30","주간","토",1,1,0,0,0,"서울","서대문구","차대사람","차도통행중","차도통행중","운전자법규위반","안전운전 의무 불이행","교차로","교차로내","화물차","중형","보행자","보행자","949689  ","1952130 ",126.93029891,37.56716204
"2014","2014112707","20","주간","목",1,3,1,1,0,"전북","임실군","차대차","측면직각충돌","측면직각충돌","운전자법규위반","직진 및 우회전차의 통행방해","교차로","교차로내","화물차","소형","화물차","소형","985749  ","1729140 ",127.3427523,35.55815913
"2014","2014120702","40","야간","일",1,1,0,0,0,"충남","아산시","차대차","기타","기타","운전자법규위반","안전운전 의무 불이행","교차로","교차로내","승용차","중형","이륜차","중형","955722  ","1864161 ",127.00382351,36.77453464
"2014","2014120523","15","야간","금",1,1,0,0,0,"경기","고양시","차대사람","횡단중","횡단중","운전자법규위반","안전운전 의무 불이행","단일로","기타단일로","승용차","중형","보행자","보행자","947497  ","1967427 ",126.90437924,37.70491107
"2014","2014120513","50","주간","금",2,9,0,7,0,"전남","해남군","차대차","기타","기타","운전자법규위반","중앙선 침범","단일로","기타단일로","승용차","중형","승합차","대형","917465  ","1618810 ",126.60032526,34.5600623
"2014","2014121405","00","야간","일",1,1,0,0,0,"전남","해남군","차량단독","도로이탈","도로이탈 기타","운전자법규위반","안전운전 의무 불이행","단일로","기타단일로","화물차","소형","00","00","913537  ","1621016 ",126.55728852,34.57963047
"2014","2014121101","50","야간","목",1,1,0,0,0,"부산","진구","차대차","측면직각충돌","측면직각충돌","운전자법규위반","안전운전 의무 불이행","교차로","교차로내","승용차","중형","승용차","중형","1142586 ","1685840 ",129.06550163,35.15771394
"2014","2014121115","30","주간","목",1,1,0,0,0,"경기","파주시","차대사람","기타","기타","운전자법규위반","신호위반","교차로","교차로내","승용차","소형","보행자","보행자","934557  ","1979456 ",126.75650721,37.81248969
"2014","2014121922","20","야간","금",1,3,2,0,0,"경기","수원시","차대차","추돌","주정차중 추돌","운전자법규위반","안전운전 의무 불이행","고가도로위","고가도로위","승용차","중형","승용차","소형","956809  ","1919035 ",127.01285601,37.26922298
"2014","2014121906","24","주간","금",1,1,0,0,0,"부산","금정구","차대사람","기타","기타","운전자법규위반","안전운전 의무 불이행","교차로","교차로부근","승용차","중형","보행자","보행자","1144968 ","1693424 ",129.09297962,35.22573285
"2014","2014121908","10","주간","금",1,3,2,0,0,"경기","시흥시","차대차","추돌","진행중 추돌","운전자법규위반","안전운전 의무 불이행","단일로","기타단일로","화물차","중형","화물차","중형","936395  ","1932401 ",126.78147745,37.38852242
"2014","2014121823","55","야간","목",1,1,0,0,0,"경남","김해시","차대사람","기타","기타","운전자법규위반","안전운전 의무 불이행","단일로","기타단일로","특수차","대형","보행자","보행자","1130305 ","1692902 ",128.93182002,35.22304034
"2014","2014122420","03","야간","수",1,1,0,0,0,"서울","성북구","차대사람","차도통행중","차도통행중","운전자법규위반","안전운전 의무 불이행","단일로","횡단보도상","승합차","중형","보행자","보행자","958057  ","1956187 ",127.02481903,37.60414791
"2014","2014122420","00","야간","수",1,1,0,0,0,"충남","서산시","차대사람","길가장자리구역통행중","길가장자리구역통행중","운전자법규위반","안전운전 의무 불이행","단일로","기타단일로","화물차","소형","보행자","보행자","901877  ","1858748 ",126.40120884,36.72170028
"2014","2014122216","00","주간","월",1,2,1,0,0,"대전","대덕구","차대차","측면직각충돌","측면직각충돌","운전자법규위반","신호위반","교차로","교차로내","화물차","대형","승용차","중형","991062  ","1827137 ",127.40027036,36.44175543
"2014","2014122200","40","야간","월",1,1,0,0,0,"인천","계양구","차량단독","공작물충돌","공작물충돌","운전자법규위반","안전운전 의무 불이행","단일로","기타단일로","승용차","소형","00","00","930197  ","1949882 ",126.70981004,37.54563008
"2014","2014123107","30","주간","수",1,1,0,0,0,"경남","거제시","차량단독","공작물충돌","공작물충돌","운전자법규위반","안전운전 의무 불이행","단일로","기타단일로","승용차","중형","00","00","1103696 ","1647085 ",128.63377561,34.8130762
"2014","2014122906","55","주간","월",1,1,0,0,0,"울산","울주군","차대사람","기타","기타","운전자법규위반","교차로 통행방법 위반","교차로","교차로내","건설기계","건설기계","보행자","보행자","1167745 ","1713668 ",129.34730213,35.40462595
"2014","2014122922","30","야간","월",1,2,1,0,0,"충북","음성군","차대차","정면충돌","정면충돌","운전자법규위반","중앙선 침범","단일로","기타단일로","승용차","소형","승용차","중형","999869  ","1888909 ",127.49852772,36.9986627
"2014","2014122921","40","야간","월",1,1,0,0,0,"충남","논산시","차대사람","횡단중","횡단중","운전자법규위반","안전운전 의무 불이행","교차로","교차로부근","화물차","소형","보행자","보행자","963110  ","1800705 ",127.08963937,36.20279705
"2014","2014121606","46","주간","화",1,1,0,0,0,"광주","서구","차대사람","횡단중","횡단중","운전자법규위반","신호위반","교차로","교차로내","승합차","대형","보행자","보행자","942103  ","1684205 ",126.86435508,35.15141942
"2014","2014111220","20","야간","수",1,1,0,0,0,"충남","아산시","차대사람","보도통행중","보도통행중","운전자법규위반","안전운전 의무 불이행","기타/불명","기타/불명","승용차","경형","보행자","보행자","958272  ","1862222 ",127.03250387,36.7571713
"2014","2014110717","50","주간","금",1,1,0,0,0,"전북","익산시","차대사람","보도통행중","보도통행중","운전자법규위반","안전운전 의무 불이행","단일로","횡단보도상","화물차","소형","보행자","보행자","958248  ","1775559 ",127.03688827,35.9758953
"2014","2014110609","10","주간","목",1,1,0,0,0,"전북","군산시","차대차","측면직각충돌","측면직각충돌","운전자법규위반","신호위반","교차로","교차로내","특수차","대형","화물차","소형","915402  ","1773494 ",126.55604241,35.95422425
"2014","2014110807","50","주간","토",1,1,0,0,0,"대구","달서구","차대차","측면직각충돌","측면직각충돌","운전자법규위반","교차로 통행방법 위반","교차로","교차로내","이륜차","중형","화물차","대형","1089789 ","1761355 ",128.49428013,35.84461109
"2014","2014100811","50","주간","수",1,1,0,0,0,"전남","함평군","차대차","측면직각충돌","측면직각충돌","운전자법규위반","안전운전 의무 불이행","단일로","기타단일로","화물차","소형","원동기장치자전거","원동기장치자전거","908536  ","1684786 ",126.49580335,35.15416408
"2014","2014100621","10","야간","월",1,1,0,0,0,"강원","태백시","차량단독","공작물충돌","공작물충돌","운전자법규위반","안전운전 의무 불이행","단일로","기타단일로","승용차","중형","00","00","1129190 ","1912559 ",128.95581013,37.20292161
"2014","2014100623","55","야간","월",1,1,0,0,0,"광주","남구","차대사람","기타","기타","운전자법규위반","안전운전 의무 불이행","교차로","교차로내","승용차","중형","보행자","보행자","944942  ","1684236 ",126.90415142,35.14893278
"2014","2014101510","30","주간","수",1,1,0,0,0,"경남","진주시","차대사람","차도통행중","차도통행중","운전자법규위반","안전운전 의무 불이행","단일로","기타단일로","승용차","중형","보행자","보행자","1048323 ","1683628 ",128.03050365,35.14672253
"2014","2014101110","18","주간","토",1,3,2,0,0,"전남","강진군","차량단독","공작물충돌","공작물충돌","운전자법규위반","안전운전 의무 불이행","단일로","기타단일로","승용차","중형","00","00","936226  ","1618082 ",126.80486935,34.55483336
"2014","2014101100","14","야간","토",1,1,0,0,0,"경기","용인시","차대사람","횡단중","횡단중","운전자법규위반","안전운전 의무 불이행","교차로","교차로부근","승용차","중형","보행자","보행자","965355  ","1925917 ",127.10892154,37.33161307
"2014","2014101214","40","주간","일",1,1,0,0,0,"경북","영천시","차대사람","횡단중","횡단중","운전자법규위반","보행자 보호의무 위반","교차로","교차로부근","화물차","소형","보행자","보행자","1144628 ","1777454 ",129.10429549,35.9831466
"2014","2014102021","00","야간","월",1,1,0,0,0,"충남","보령시","차량단독","기타","기타","운전자법규위반","안전운전 의무 불이행","단일로","기타단일로","이륜차","소형","00","00","917592  ","1817969 ",126.58152258,36.35561428
"2014","2014102600","40","야간","일",1,2,1,0,0,"충북","괴산군","차량단독","공작물충돌","공작물충돌","운전자법규위반","안전운전 의무 불이행","단일로","기타단일로","화물차","소형","00","00","1015281 ","1868029 ",127.67131812,36.81031498
"2014","2014102217","26","주간","수",1,1,0,0,0,"경기","성남시","차대사람","차도통행중","차도통행중","운전자법규위반","안전운전 의무 불이행","단일로","기타단일로","승용차","중형","보행자","보행자","971015  ","1940344 ",127.17224572,37.46184731
"2014","2014102409","30","주간","금",1,1,0,0,0,"전북","정읍시","차대차","측면직각충돌","측면직각충돌","운전자법규위반","신호위반","교차로","교차로내","이륜차","소형","화물차","대형","948242  ","1741073 ",126.92769199,35.66237706
"2014","2014102415","50","주간","금",1,1,0,0,0,"충남","논산시","차량단독","공작물충돌","공작물충돌","운전자법규위반","안전운전 의무 불이행","단일로","기타단일로","화물차","소형","00","00","975473  ","1803072 ",127.22708828,36.22452928
"2014","2014103016","10","주간","목",1,1,0,0,0,"충남","서산시","차대차","측면직각충돌","측면직각충돌","운전자법규위반","신호위반","교차로","교차로내","이륜차","소형","건설기계","건설기계","914668  ","1857688 ",126.54454266,36.71338187
"2014","2014102818","10","야간","화",1,1,0,0,0,"경기","성남시","차대사람","횡단중","횡단중","운전자법규위반","안전운전 의무 불이행","단일로","기타단일로","승용차","중형","보행자","보행자","966690  ","1933987 ",127.12362775,37.40440226
"2014","2014102811","30","주간","화",1,1,0,0,0,"전남","영광군","차대차","추돌","진행중 추돌","운전자법규위반","안전운전 의무 불이행","단일로","기타단일로","화물차","소형","자전거","자전거","895662  ","1696717 ",126.35296962,35.26047208
"2014","2014102818","10","야간","화",1,3,1,1,0,"전북","군산시","차대차","추돌","진행중 추돌","운전자법규위반","안전운전 의무 불이행","단일로","기타단일로","승합차","소형","농기계","농기계","941634  ","1783688 ",126.84370478,36.04648
"2014","2014111218","25","야간","수",1,1,0,0,0,"충남","보령시","차대사람","횡단중","횡단중","운전자법규위반","안전운전 의무 불이행","단일로","횡단보도부근","승용차","중형","보행자","보행자","919520  ","1814322 ",126.60338559,36.32290227
"2014","2014111317","47","주간","목",1,1,0,0,0,"인천","연수구","차대사람","기타","기타","운전자법규위반","안전운전 의무 불이행","단일로","기타단일로","승용차","소형","보행자","보행자","925379  ","1935208 ",126.65676167,37.4129999
"2014","2014110905","45","야간","일",1,6,5,0,0,"강원","춘천시","차량단독","전도전복","전도전복","운전자법규위반","안전운전 의무 불이행","단일로","기타단일로","승용차","중형","00","00","1026040 ","1973548 ",127.79563582,37.76121512
"2014","2014111009","00","주간","월",1,1,0,0,0,"전북","부안군","차대차","측면직각충돌","측면직각충돌","운전자법규위반","신호위반","교차로","교차로내","이륜차","소형","화물차","중형","934081  ","1751382 ",126.77084418,35.75659573
"2014","2014111011","20","주간","월",1,1,0,0,0,"경북","경산시","차대차","기타","기타","운전자법규위반","차로위반(진로변경 위반)","교차로","교차로부근","이륜차","소형","화물차","중형","1111973 ","1757136 ",128.73929717,35.80429724
"2014","2014110607","55","주간","목",1,3,2,0,0,"경기","포천시","차대차","추돌","진행중 추돌","운전자법규위반","중앙선 침범","단일로","기타단일로","승용차","중형","승용차","대형","982052  ","1993869 ",127.29572842,37.94456433
"2014","2014110617","30","주간","목",1,1,0,0,0,"경기","수원시","차대차","측면직각충돌","측면직각충돌","운전자법규위반","신호위반","교차로","교차로내","자전거","자전거","자전거","자전거","956341  ","1920816 ",127.00747311,37.2852545
"2014","2014110606","30","주간","목",1,1,0,0,0,"경기","양주시","차대차","기타","기타","운전자법규위반","안전운전 의무 불이행","단일로","기타단일로","화물차","대형","자전거","자전거","963651  ","1978517 ",127.08707795,37.805649
"2014","2014110713","30","주간","금",1,1,0,0,0,"경북","상주시","차량단독","공작물충돌","공작물충돌","운전자법규위반","안전운전 의무 불이행","교차로","교차로내","원동기장치자전거","원동기장치자전거","00","00","1053360 ","1816385 ",128.0946347,36.34338464
"2014","2014110806","20","주간","토",1,1,0,0,0,"대전","유성구","차대사람","횡단중","횡단중","운전자법규위반","안전운전 의무 불이행","단일로","기타단일로","승용차","중형","보행자","보행자","985646  ","1819165 ",127.33998658,36.36981971
"2014","2014110911","45","주간","일",3,9,4,2,0,"전남","영암군","차대차","정면충돌","정면충돌","운전자법규위반","안전운전 의무 불이행","교차로","교차로내","승용차","중형","승용차","중형","934500  ","1648669 ",126.78368504,34.8305337
"2014","2014111105","30","야간","화",1,1,0,0,0,"전남","여수시","차대차","기타","기타","운전자법규위반","신호위반","교차로","교차로내","이륜차","중형","화물차","중형","1022127 ","1638914 ",127.74173384,34.74443448
"2014","2014110917","55","주간","일",1,1,0,0,0,"경기","시흥시","차대차","정면충돌","정면충돌","운전자법규위반","중앙선 침범","단일로","기타단일로","이륜차","소형","승용차","중형","937003  ","1931361 ",126.7884339,37.37919028
"2014","2014110923","00","야간","일",1,1,0,0,0,"충남","당진시","차대차","추돌","주정차중 추돌","운전자법규위반","안전운전 의무 불이행","단일로","기타단일로","승용차","소형","특수차","대형","938341  ","1878645 ",126.80788868,36.90412193
"2014","2014111919","41","야간","수",1,1,0,0,0,"경남","창원시(통합)","차대사람","횡단중","횡단중","운전자법규위반","안전운전 의무 불이행","단일로","기타단일로","승합차","대형","보행자","보행자","1088197 ","1680342 ",128.46788485,35.1147947
"2014","2014112002","22","야간","목",1,1,0,0,0,"인천","계양구","차대사람","기타","기타","운전자법규위반","안전운전 의무 불이행","교차로","교차로내","승용차","소형","보행자","보행자","933365  ","1950969 ",126.74557105,37.55566154
"2014","2014101005","15","야간","금",1,1,0,0,0,"경북","포항시","차량단독","기타","기타","운전자법규위반","안전운전 의무 불이행","단일로","기타단일로","이륜차","소형","00","00","1167760 ","1780830 ",129.36149039,36.00986373