"발생년","발생년월일시","발생분","주야","요일","사망자수","사상자수","중상자수","경상자수","부상신고자수","발생지시도","발생지시군구","사고유형_대분류","사고유형_중분류","사고유형","법규위반_대분류","법규위반","도로형태_대분류","도로형태","당사자종별_1당_대분류","당사자종별_1당","당사자종별_2당_대분류","당사자종별_2당","발생위치X_UTMK","발생위치Y_UTMK","경도","위도"
"2014","2014100115","22","주간","수",1,2,0,1,0,"경북","예천군","차대차","측면직각충돌","측면직각충돌","운전자법규위반","안전운전 의무 불이행","교차로","교차로내","화물차","소형","이륜차","소형","1069914 ","1845732 ",128.28174855,36.60686967
"2014","2014082619","30","야간","화",1,2,0,1,0,"전남","보성군","차대사람","횡단중","횡단중","운전자법규위반","안전운전 의무 불이행","단일로","기타단일로","승용차","소형","보행자","보행자","974069  ","1643911 ",127.21575475,34.78897784
"2014","2014082417","05","주간","일",1,7,3,2,1,"서울","노원구","차대사람","기타","기타","운전자법규위반","기타(운전자법규위반)","단일로","기타단일로","화물차","소형","보행자","보행자","961213  ","1963984 ",127.06015889,37.67456227
"2014","2014090110","45","주간","월",1,1,0,0,0,"경북","김천시","차대차","측면직각충돌","측면직각충돌","운전자법규위반","교차로 통행방법 위반","교차로","교차로내","화물차","경형","자전거","자전거","1056174 ","1791373 ",128.1241971,36.11773985
"2014","2014090118","54","야간","월",1,1,0,0,0,"전남","해남군","차대사람","기타","기타","운전자법규위반","안전운전 의무 불이행","단일로","기타단일로","승용차","소형","보행자","보행자","919580  ","1619659 ",126.62329712,34.56788547
"2014","2014083023","15","야간","토",1,2,0,1,0,"경기","하남시","차대사람","횡단중","횡단중","운전자법규위반","안전운전 의무 불이행","단일로","기타단일로","승합차","대형","보행자","보행자","970727  ","1949564 ",127.16862205,37.5449428
"2014","2014083122","15","야간","일",1,1,0,0,0,"전남","진도군","차대사람","횡단중","횡단중","운전자법규위반","안전운전 의무 불이행","교차로","교차로부근","화물차","중형","보행자","보행자","887467  ","1610519 ",126.27448407,34.4824627
"2014","2014090517","30","주간","금",1,1,0,0,0,"서울","성북구","차대차","기타","기타","운전자법규위반","중앙선 침범","교차로","교차로부근","승용차","소형","이륜차","소형","955838  ","1956701 ",126.99964934,37.60867678
"2014","2014090806","00","주간","월",1,1,0,0,0,"광주","서구","차량단독","공작물충돌","공작물충돌","운전자법규위반","중앙선 침범","교차로","교차로부근","승합차","중형","00","00","941341  ","1685186 ",126.85591992,35.16022057
"2014","2014090222","44","야간","화",1,1,0,0,0,"대전","대덕구","차량단독","기타","기타","운전자법규위반","안전운전 의무 불이행","고가도로위","고가도로위","화물차","소형","00","00","992873  ","1823942 ",127.42050673,36.41296675
"2014","2014090310","30","주간","수",1,1,0,0,0,"경북","경주시","차대사람","기타","기타","운전자법규위반","안전운전 의무 불이행","교차로","교차로부근","화물차","대형","보행자","보행자","1165983 ","1743918 ",129.33410498,35.67753459
"2014","2014090223","00","야간","화",1,1,0,0,0,"강원","영월군","차량단독","도로이탈","도로이탈 추락","운전자법규위반","안전운전 의무 불이행","단일로","기타단일로","농기계","농기계","00","00","1069456 ","1918885 ",128.28334798,37.2662815
"2014","2014090315","20","주간","수",1,1,0,0,0,"서울","강남구","차대사람","횡단중","횡단중","운전자법규위반","안전운전 의무 불이행","단일로","기타단일로","승용차","중형","보행자","보행자","963912  ","1943681 ",127.0953001,37.4921002
"2014","2014091121","32","야간","목",1,1,0,0,0,"전남","보성군","차대사람","횡단중","횡단중","운전자법규위반","보행자 보호의무 위반","교차로","교차로내","승용차","중형","보행자","보행자","975964  ","1645268 ",127.23722927,34.80168967
"2014","2014091013","50","주간","수",1,1,0,0,0,"대구","서구","차대사람","기타","기타","운전자법규위반","안전운전 의무 불이행","교차로","교차로내","화물차","소형","보행자","보행자","1095054 ","1763823 ",128.55286777,35.86636271
"2014","2014092114","10","주간","일",1,1,0,0,0,"충남","천안시","차량단독","도로이탈","도로이탈 추락","운전자법규위반","안전운전 의무 불이행","단일로","기타단일로","이륜차","대형","00","00","982486  ","1877722 ",127.30342381,36.89765479
"2014","2014092306","30","주간","화",1,4,0,1,2,"경북","경주시","차대사람","기타","기타","운전자법규위반","안전운전 의무 불이행","단일로","기타단일로","화물차","중형","보행자","보행자","1145630 ","1778153 ",129.11553473,35.98929713
"2014","2014100118","00","야간","수",1,1,0,0,0,"전북","익산시","차대차","측면직각충돌","측면직각충돌","운전자법규위반","직진 및 우회전차의 통행방해","교차로","교차로내","승용차","중형","자전거","자전거","952973  ","1772379 ",126.97856871,35.94698552
"2014","2014111119","00","야간","화",1,5,0,4,0,"전남","나주시","차대차","추돌","주정차중 추돌","운전자법규위반","안전운전 의무 불이행","단일로","기타단일로","화물차","소형","화물차","소형","927153  ","1679060 ",126.70068681,35.10405801
"2014","2014120113","20","주간","월",1,2,0,1,0,"전북","완주군","차대차","정면충돌","정면충돌","운전자법규위반","중앙선 침범","단일로","기타단일로","화물차","소형","화물차","대형","970062  ","1765574 ",127.16830263,35.88630578
"2014","2014010712","10","주간","화",1,1,0,0,0,"인천","강화군","차대사람","길가장자리구역통행중","길가장자리구역통행중","운전자법규위반","안전운전 의무 불이행","단일로","기타단일로","승용차","중형","보행자","보행자","909167  ","1966130 ",126.46967951,37.69007971
"2014","2014010604","15","야간","월",1,1,0,0,0,"경남","의령군","차량단독","공작물충돌","공작물충돌","운전자법규위반","안전운전 의무 불이행","단일로","기타단일로","승용차","중형","00","00","1060226 ","1707327 ",128.1629086,35.3597611
"2014","2014010500","45","야간","일",1,1,0,0,0,"경북","경산시","차대사람","기타","기타","운전자법규위반","안전운전 의무 불이행","단일로","기타단일로","승용차","중형","보행자","보행자","1118330 ","1768597 ",128.81164137,35.90701035
"2014","2014010405","46","야간","토",1,1,0,0,0,"부산","강서구","차대차","기타","기타","운전자법규위반","신호위반","교차로","교차로부근","승용차","경형","건설기계","건설기계","1125167 ","1683743 ",128.87398682,35.14113047
"2014","2014010218","05","야간","목",1,1,0,0,0,"경기","수원시","차대사람","횡단중","횡단중","운전자법규위반","신호위반","교차로","교차로내","승용차","중형","보행자","보행자","955288  ","1917674 ",126.9957833,37.25688354
"2014","2014010303","09","야간","금",1,1,0,0,0,"서울","마포구","차량단독","공작물충돌","공작물충돌","운전자법규위반","안전운전 의무 불이행","단일로","기타단일로","승용차","소형","00","00","950807  ","1948638 ",126.94322628,37.53574865
"2014","2014011422","30","야간","화",1,1,0,0,0,"강원","원주시","차량단독","공작물충돌","공작물충돌","운전자법규위반","안전운전 의무 불이행","단일로","기타단일로","승용차","중형","00","00","1027870 ","1923066 ",127.81439603,37.30616557
"2014","2014011116","00","주간","토",1,3,1,1,0,"충북","옥천군","차대차","정면충돌","정면충돌","운전자법규위반","중앙선 침범","단일로","기타단일로","승용차","중형","승용차","중형","1009213 ","1811152 ",127.60260866,36.29764212
"2014","2014012010","07","주간","월",1,1,0,0,0,"경남","통영시","차대사람","길가장자리구역통행중","길가장자리구역통행중","운전자법규위반","안전운전 의무 불이행","단일로","기타단일로","승용차","경형","보행자","보행자","1084552 ","1649893 ",128.42477172,34.8401648
"2014","2014020523","40","야간","수",1,3,2,0,0,"세종","세종","차량단독","전도전복","전도전복","운전자법규위반","안전운전 의무 불이행","단일로","기타단일로","승용차","중형","00","00","985016  ","1838767 ",127.33258417,36.54652632
"2014","2014102022","15","야간","월",1,1,0,0,0,"충남","예산군","차량단독","공작물충돌","공작물충돌","운전자법규위반","안전운전 의무 불이행","단일로","기타단일로","승용차","중형","00","00","926719  ","1860268 ",126.67921595,36.7376443
"2014","2014101719","40","야간","금",1,1,0,0,0,"전남","무안군","차대사람","횡단중","횡단중","운전자법규위반","안전운전 의무 불이행","교차로","교차로부근","승용차","대형","보행자","보행자","898953  ","1669175 ",126.39231636,35.01246747
"2014","2014102319","40","야간","목",1,1,0,0,0,"서울","구로구","차대사람","횡단중","횡단중","운전자법규위반","안전운전 의무 불이행","단일로","기타단일로","승용차","중형","보행자","보행자","945492  ","1945306 ",126.88328297,37.50541783
"2014","2014102313","10","주간","목",1,1,0,0,0,"제주","서귀포시","차량단독","공작물충돌","공작물충돌","운전자법규위반","안전운전 의무 불이행","단일로","기타단일로","이륜차","대형","00","00","902568  ","1474006 ",126.45403569,33.25298389
"2014","2014102322","30","야간","목",1,1,0,0,0,"경기","수원시","차대차","측면직각충돌","측면직각충돌","운전자법규위반","신호위반","교차로","교차로내","자전거","자전거","승용차","소형","961671  ","1916668 ",127.06781409,37.24810031
"2014","2014102402","30","야간","금",1,1,0,0,0,"인천","남구","차대사람","횡단중","횡단중","운전자법규위반","안전운전 의무 불이행","단일로","횡단보도상","승용차","경형","보행자","보행자","929476  ","1938530 ",126.70273724,37.44326189
"2014","2014102914","50","주간","수",1,3,1,0,1,"강원","홍천군","차량단독","기타","기타","운전자법규위반","안전운전 의무 불이행","단일로","기타단일로","승용차","대형","00","00","1045120 ","1984315 ",128.01402398,37.85466991
"2014","2014110819","15","야간","토",1,1,0,0,0,"경북","경주시","차대사람","기타","기타","운전자법규위반","안전운전 의무 불이행","단일로","기타단일로","승용차","중형","보행자","보행자","1154032 ","1748724 ",129.20302222,35.7227873
"2014","2014111012","30","주간","월",1,1,0,0,0,"경기","용인시","차대차","추돌","진행중 추돌","운전자법규위반","안전운전 의무 불이행","단일로","기타단일로","화물차","소형","농기계","농기계","990402  ","1904746 ",127.3919279,37.14137327
"2014","2014111020","12","야간","월",1,1,0,0,0,"경북","포항시","차대차","측면직각충돌","측면직각충돌","운전자법규위반","신호위반","교차로","교차로내","이륜차","소형","승용차","중형","1169850 ","1776387 ",129.38371779,35.96946544
"2014","2014110818","10","야간","토",1,1,0,0,0,"경북","안동시","차대사람","횡단중","횡단중","운전자법규위반","안전운전 의무 불이행","교차로","교차로부근","승용차","대형","보행자","보행자","1119084 ","1860941 ",128.83380381,36.73906655
"2014","2014110900","10","야간","일",1,1,0,0,0,"서울","성북구","차대차","측면직각충돌","측면직각충돌","운전자법규위반","신호위반","교차로","교차로내","자전거","자전거","승용차","중형","960760  ","1957083 ",127.05539294,37.61234308
"2014","2014111105","57","야간","화",1,1,0,0,0,"대구","수성구","차대차","추돌","주정차중 추돌","운전자법규위반","안전운전 의무 불이행","교차로","교차로부근","승용차","소형","승합차","대형","1109240 ","1761009 ",128.7104452,35.83946707
"2014","2014110616","50","주간","목",1,1,0,0,0,"대구","달성군","차량단독","공작물충돌","공작물충돌","운전자법규위반","안전운전 의무 불이행","단일로","기타단일로","화물차","소형","00","00","1086518 ","1748166 ",128.4566374,35.72600642
"2014","2014110620","25","야간","목",1,1,0,0,0,"충남","천안시","차대사람","횡단중","횡단중","운전자법규위반","안전운전 의무 불이행","단일로","기타단일로","승용차","중형","보행자","보행자","972790  ","1874285 ",127.19483149,36.86685709
"2014","2014111918","30","야간","수",1,1,0,0,0,"충남","아산시","차량단독","도로이탈","도로이탈 추락","운전자법규위반","안전운전 의무 불이행","기타/불명","기타/불명","승용차","중형","00","00","965290  ","1862359 ",127.1111214,36.75868923
"2014","2014112015","10","주간","목",1,1,0,0,0,"대구","달성군","차대차","기타","기타","운전자법규위반","안전운전 의무 불이행","교차로","교차로부근","화물차","대형","원동기장치자전거","원동기장치자전거","1085653 ","1743268 ",128.44655206,35.68192584
"2014","2014112014","58","주간","목",1,2,0,1,0,"서울","광진구","차대차","측면직각충돌","측면직각충돌","운전자법규위반","직진 및 우회전차의 통행방해","교차로","교차로내","승용차","중형","원동기장치자전거","원동기장치자전거","963368  ","1950602 ",127.08526622,37.5540355
"2014","2014112010","25","주간","목",1,1,0,0,0,"경북","상주시","차대차","추돌","진행중 추돌","운전자법규위반","안전운전 의무 불이행","단일로","기타단일로","화물차","소형","자전거","자전거","1060840 ","1840776 ",128.17990197,36.56281655
"2014","2014112017","56","주간","목",1,1,0,0,0,"부산","동래구","차대사람","횡단중","횡단중","운전자법규위반","안전운전 의무 불이행","단일로","기타단일로","이륜차","소형","보행자","보행자","1145720 ","1689678 ",129.10057717,35.1918589
"2014","2014112016","20","주간","목",1,1,0,0,0,"충남","청양군","차대사람","기타","기타","운전자법규위반","안전운전 의무 불이행","단일로","기타단일로","화물차","소형","보행자","보행자","951109  ","1823636 ",126.95470885,36.40898958
"2014","2014100819","10","야간","수",1,1,0,0,0,"충북","청주시","차대사람","기타","기타","운전자법규위반","안전운전 의무 불이행","단일로","기타단일로","화물차","대형","보행자","보행자","999221  ","1847891 ",127.491287,36.62889689
"2014","2014100903","18","야간","목",1,3,1,1,0,"경기","의정부시","차대차","측면직각충돌","측면직각충돌","운전자법규위반","과속","교차로","교차로내","승용차","중형","승용차","소형","960192  ","1971648 ",127.04816197,37.74359466
"2014","2014100820","45","야간","수",1,1,0,0,0,"경기","남양주시","차대사람","횡단중","횡단중","운전자법규위반","중앙선 침범","단일로","기타단일로","승합차","중형","보행자","보행자","986287  ","1957651 ",127.34461293,37.61819798
"2014","2014100415","32","주간","토",1,1,0,0,0,"경기","안산시","차량단독","공작물충돌","공작물충돌","운전자법규위반","안전운전 의무 불이행","단일로","기타단일로","이륜차","소형","00","00","943303  ","1926708 ",126.85994587,37.33765804
"2014","2014100610","30","주간","월",1,1,0,0,0,"전북","익산시","차대사람","횡단중","횡단중","운전자법규위반","신호위반","교차로","교차로내","화물차","소형","보행자","보행자","949345  ","1772980 ",126.93830508,35.9522224
"2014","2014101309","10","주간","월",1,1,0,0,0,"인천","서구","차대차","기타","기타","운전자법규위반","중앙선 침범","단일로","기타단일로","자전거","자전거","화물차","소형","927308  ","1950291 ",126.67706824,37.54909289
"2014","2014101120","00","야간","토",1,1,0,0,0,"제주","서귀포시","차대사람","기타","기타","운전자법규위반","과속","단일로","기타단일로","승용차","대형","보행자","보행자","932105  ","1479358 ",126.77069655,33.30351758
"2014","2014101109","05","주간","토",1,1,0,0,0,"경남","통영시","차대사람","횡단중","횡단중","운전자법규위반","안전운전 의무 불이행","단일로","기타단일로","승용차","중형","보행자","보행자","1085137 ","1652178 ",128.43140145,34.86071862
"2014","2014102116","00","주간","화",1,1,0,0,0,"전남","해남군","차량단독","기타","기타","운전자법규위반","안전운전 의무 불이행","단일로","기타단일로","농기계","농기계","00","00","918059  ","1599008 ",126.6141387,34.37636172
"2014","2014102017","40","주간","월",1,3,0,2,0,"서울","양천구","차대차","추돌","진행중 추돌","운전자법규위반","안전운전 의무 불이행","교차로","교차로부근","승용차","중형","화물차","소형","944922  ","1948048 ",126.87662864,37.53009792
"2014","2014101611","20","주간","목",1,5,3,1,0,"강원","홍천군","차량단독","전도전복","전도전복","운전자법규위반","안전운전 의무 불이행","단일로","기타단일로","화물차","소형","00","00","1040783 ","1979838 ",127.96336495,37.81736772
"2014","2014101619","14","야간","목",1,1,0,0,0,"서울","광진구","차대사람","횡단중","횡단중","운전자법규위반","안전운전 의무 불이행","단일로","기타단일로","승합차","대형","보행자","보행자","964162  ","1948619 ",127.09435224,37.53619322
"2014","2014102619","40","야간","일",1,1,0,0,0,"경기","화성시","차대사람","기타","기타","운전자법규위반","안전운전 의무 불이행","단일로","기타단일로","승용차","중형","보행자","보행자","944672  ","1908138 ",126.87678005,37.17035982
"2014","2014082517","00","주간","월",1,1,0,0,0,"충북","충주시","차대차","정면충돌","정면충돌","운전자법규위반","중앙선 침범","기타/불명","기타/불명","승용차","경형","건설기계","건설기계","1031557 ","1893399 ",127.85484726,37.03860676
"2014","2014082517","58","주간","월",1,2,0,1,0,"경남","고성군","차대차","측면직각충돌","측면직각충돌","운전자법규위반","신호위반","교차로","교차로내","화물차","소형","승합차","대형","1079007 ","1673803 ",128.36639586,35.05619494
"2014","2014082519","35","야간","월",1,1,0,0,0,"충남","홍성군","차대사람","기타","기타","운전자법규위반","안전운전 의무 불이행","단일로","기타단일로","화물차","소형","보행자","보행자","924254  ","1833706 ",126.65422884,36.49802023
"2014","2014082205","50","야간","금",2,5,2,1,0,"경기","성남시","차대차","기타","기타","운전자법규위반","안전운전 의무 불이행","교차로","교차로내","승용차","중형","승용차","소형","965465  ","1933864 ",127.10979242,37.40324872
"2014","2014090212","25","주간","화",1,2,1,0,0,"경기","용인시","차대차","정면충돌","정면충돌","운전자법규위반","중앙선 침범","단일로","기타단일로","승용차","경형","건설기계","건설기계","976520  ","1912197 ",127.23538552,37.20829152
"2014","2014090108","00","주간","월",1,1,0,0,0,"서울","마포구","차대사람","기타","기타","운전자법규위반","안전운전 의무 불이행","단일로","기타단일로","승합차","대형","보행자","보행자","950044  ","1950876 ",126.93432566,37.55591458
"2014","2014090703","15","야간","일",1,1,0,0,0,"인천","남동구","차대사람","횡단중","횡단중","운전자법규위반","안전운전 의무 불이행","단일로","기타단일로","승용차","중형","보행자","보행자","929951  ","1941298 ",126.70784347,37.46824561
"2014","2014090802","20","야간","월",1,1,0,0,0,"서울","성북구","차대사람","기타","기타","운전자법규위반","안전운전 의무 불이행","단일로","기타단일로","승용차","중형","보행자","보행자","958207  ","1956188 ",127.02524453,37.60261914
"2014","2014082301","20","야간","토",1,1,0,0,0,"울산","울주군","차량단독","기타","기타","운전자법규위반","안전운전 의무 불이행","단일로","기타단일로","승용차","대형","00","00","1158607 ","1732110 ",129.25031388,35.57233144
"2014","2014083110","12","주간","일",1,1,0,0,0,"대구","중구","차대사람","횡단중","횡단중","운전자법규위반","안전운전 의무 불이행","단일로","기타단일로","승용차","경형","보행자","보행자","1098946 ","1763714 ",128.59595712,35.86499462
"2014","2014090205","30","야간","화",1,4,1,1,1,"경기","연천군","차량단독","공작물충돌","공작물충돌","운전자법규위반","안전운전 의무 불이행","단일로","기타단일로","승용차","중형","00","00","963015  ","2020164 ",127.07770674,38.18097396
"2014","2014082917","35","주간","금",1,1,0,0,0,"서울","송파구","차대차","기타","기타","운전자법규위반","안전운전 의무 불이행","교차로","교차로내","건설기계","건설기계","자전거","자전거","967345  ","1941837 ",127.12731993,37.47581785
"2014","2014090622","19","야간","토",1,1,0,0,0,"인천","서구","차량단독","전도전복","전도전복","운전자법규위반","안전운전 의무 불이행","단일로","기타단일로","원동기장치자전거","원동기장치자전거","00","00","923764  ","1949429 ",126.63704095,37.54103763
"2014","2014090609","45","주간","토",1,1,0,0,0,"제주","서귀포시","차량단독","전도전복","전도전복","운전자법규위반","안전운전 의무 불이행","단일로","기타단일로","이륜차","소형","00","00","880510  ","1478314 ",126.18963068,33.27166447
"2014","2014090701","20","야간","일",1,7,6,0,0,"대구","수성구","차대차","정면충돌","정면충돌","운전자법규위반","중앙선 침범","교차로","교차로부근","승용차","대형","승용차","중형","1103044 ","1763092 ",128.64125956,35.85896507
"2014","2014090705","40","야간","일",1,1,0,0,0,"전북","군산시","차량단독","공작물충돌","공작물충돌","운전자법규위반","안전운전 의무 불이행","단일로","기타단일로","승용차","소형","00","00","928795  ","1773926 ",126.71036534,35.95946807
"2014","2014090821","05","야간","월",1,1,0,0,0,"충남","천안시","차대사람","횡단중","횡단중","운전자법규위반","안전운전 의무 불이행","교차로","교차로부근","승용차","중형","보행자","보행자","966885  ","1865387 ",127.12885932,36.78604246
"2014","2014090411","50","주간","목",1,1,0,0,0,"경기","수원시","차량단독","공작물충돌","공작물충돌","운전자법규위반","안전운전 의무 불이행","단일로","기타단일로","이륜차","소형","00","00","957846  ","1916094 ",127.02705581,37.24399642
"2014","2014090506","00","주간","금",1,1,0,0,0,"충남","태안군","차대차","측면직각충돌","측면직각충돌","운전자법규위반","안전운전 의무 불이행","단일로","기타단일로","원동기장치자전거","원동기장치자전거","승용차","소형","885457  ","1874844 ",126.21495387,36.86492591
"2014","2014090512","30","주간","금",1,2,0,1,0,"전북","진안군","차량단독","기타","기타","운전자법규위반","안전운전 의무 불이행","단일로","기타단일로","화물차","소형","00","00","989296  ","1742078 ",127.38171872,35.67485931
"2014","2014090520","00","야간","금",1,1,0,0,0,"전북","김제시","차대사람","기타","기타","운전자법규위반","안전운전 의무 불이행","교차로","교차로부근","승용차","소형","보행자","보행자","943932  ","1766065 ",126.87877304,35.88958409
"2014","2014090222","05","야간","화",1,1,0,0,0,"경기","성남시","차대사람","횡단중","횡단중","운전자법규위반","신호위반","교차로","교차로부근","승합차","대형","보행자","보행자","968515  ","1938743 ",127.14461325,37.44676866
"2014","2014091312","10","주간","토",1,1,0,0,0,"강원","홍천군","차대사람","길가장자리구역통행중","길가장자리구역통행중","운전자법규위반","안전운전 의무 불이행","단일로","기타단일로","승합차","대형","보행자","보행자","1032950 ","1963365 ",127.87362348,37.66921136
"2014","2014091221","00","야간","금",1,1,0,0,0,"충남","서천군","차대차","기타","기타","운전자법규위반","직진 및 우회전차의 통행방해","교차로","교차로내","승합차","중형","원동기장치자전거","원동기장치자전거","926600  ","1787731 ",126.68474483,36.0837575
"2014","2014091611","00","주간","화",1,1,0,0,0,"충남","논산시","차대사람","횡단중","횡단중","운전자법규위반","안전운전 의무 불이행","교차로","교차로내","화물차","소형","보행자","보행자","962842  ","1801017 ",127.08664345,36.20559959
"2014","2014091415","00","주간","일",1,1,0,0,0,"울산","울주군","차량단독","전도전복","전도전복","운전자법규위반","안전운전 의무 불이행","단일로","기타단일로","농기계","농기계","00","00","1150980 ","1727144 ",129.16525242,35.52876647
"2014","2014091413","20","주간","일",1,1,0,0,0,"대전","서구","차대사람","기타","기타","운전자법규위반","안전운전 의무 불이행","교차로","교차로내","승용차","중형","보행자","보행자","989512  ","1814091 ",127.38315168,36.32412551
"2014","2014091117","30","주간","목",1,1,0,0,0,"경남","창녕군","차대사람","기타","기타","운전자법규위반","안전운전 의무 불이행","단일로","기타단일로","승용차","중형","보행자","보행자","1088076 ","1735897 ",128.47251946,35.61526155
"2014","2014120405","40","야간","목",1,1,0,0,0,"경기","수원시","차대사람","횡단중","횡단중","운전자법규위반","안전운전 의무 불이행","단일로","기타단일로","승용차","중형","보행자","보행자","958626  ","1918659 ",127.03336993,37.26591638
"2014","2014120318","30","야간","수",1,1,0,0,0,"전남","여수시","차대사람","횡단중","횡단중","운전자법규위반","안전운전 의무 불이행","단일로","기타단일로","승용차","중형","보행자","보행자","1014291 ","1641319 ",127.65616801,34.76626205
"2014","2014121023","40","야간","수",1,1,0,0,0,"울산","동구","차량단독","공작물충돌","공작물충돌","운전자법규위반","안전운전 의무 불이행","단일로","기타단일로","이륜차","중형","00","00","1173135 ","1723725 ",129.40877061,35.49433499
"2014","2014121018","15","야간","수",1,1,0,0,0,"대구","달성군","차대사람","기타","기타","운전자법규위반","안전운전 의무 불이행","단일로","기타단일로","승합차","중형","보행자","보행자","1088638 ","1766102 ",128.48206407,35.88750921
"2014","2014120814","55","주간","월",1,1,0,0,0,"경기","성남시","차대사람","기타","기타","운전자법규위반","안전운전 의무 불이행","단일로","기타단일로","승용차","중형","보행자","보행자","966599  ","1931608 ",127.12270705,37.38295555
"2014","2014121100","50","야간","목",1,3,0,2,0,"경기","포천시","차량단독","기타","기타","운전자법규위반","안전운전 의무 불이행","단일로","기타단일로","승합차","중형","00","00","977523  ","1985782 ",127.24443518,37.87157582
"2014","2014121020","14","야간","수",1,1,0,0,0,"전북","전주시","차대사람","횡단중","횡단중","운전자법규위반","보행자 보호의무 위반","단일로","횡단보도상","승용차","경형","보행자","보행자","964213  ","1757537 ",127.10386061,35.81364812
"2014","2014121922","40","야간","금",1,1,0,0,0,"전북","전주시","차대사람","횡단중","횡단중","운전자법규위반","안전운전 의무 불이행","교차로","교차로부근","승용차","중형","보행자","보행자","967930  ","1759642 ",127.14488265,35.83272916
"2014","2014121919","10","야간","금",1,1,0,0,0,"경북","안동시","차대차","추돌","주정차중 추돌","운전자법규위반","안전운전 의무 불이행","단일로","기타단일로","승용차","중형","승용차","중형","1109255 ","1840887 ",128.7198929,36.55992939
"2014","2014121720","50","야간","수",1,1,0,0,0,"전남","완도군","차대차","추돌","주정차중 추돌","운전자법규위반","안전운전 의무 불이행","단일로","기타단일로","승용차","중형","화물차","소형","929160  ","1593689 ",126.72987777,34.33440802
"2014","2014122611","30","주간","금",1,1,0,0,0,"대구","남구","차대사람","횡단중","횡단중","운전자법규위반","안전운전 의무 불이행","단일로","기타단일로","승용차","소형","보행자","보행자","1099322 ","1762663 ",128.59999021,35.85548233
"2014","2014122807","09","주간","일",1,2,1,0,0,"서울","강서구","차대사람","차도통행중","차도통행중","운전자법규위반","안전운전 의무 불이행","단일로","기타단일로","이륜차","중형","보행자","보행자","941846  ","1949407 ",126.84170894,37.54215772
"2014","2014122822","55","야간","일",1,4,2,1,0,"전북","전주시","차대차","정면충돌","정면충돌","운전자법규위반","중앙선 침범","단일로","기타단일로","승용차","소형","승용차","중형","964315  ","1763797 ",127.10470973,35.87009179
"2014","2014122502","35","야간","목",1,1,0,0,0,"대구","북구","차대사람","횡단중","횡단중","운전자법규위반","보행자 보호의무 위반","단일로","기타단일로","승용차","소형","보행자","보행자","1099590 ","1766430 ",128.60342861,35.88941259
"2014","2014122613","40","주간","금",1,1,0,0,0,"경북","영천시","차대차","기타","기타","운전자법규위반","안전운전 의무 불이행","교차로","교차로내","화물차","소형","자전거","자전거","1134532 ","1781967 ",128.99310723,36.02526677
"2014","2014111504","19","야간","토",1,2,0,1,0,"인천","연수구","차대차","측면직각충돌","측면직각충돌","운전자법규위반","신호위반","교차로","교차로내","이륜차","소형","승용차","중형","927693  ","1936429 ",126.68278847,37.42418822
"2014","2014111506","10","주간","토",1,1,0,0,0,"서울","송파구","차대사람","횡단중","횡단중","운전자법규위반","안전운전 의무 불이행","교차로","교차로부근","화물차","소형","보행자","보행자","966333  ","1948130 ",127.11894755,37.53186751
"2014","2014111419","34","야간","금",1,1,0,0,0,"울산","남구","차대사람","기타","기타","운전자법규위반","안전운전 의무 불이행","단일로","기타단일로","승용차","중형","보행자","보행자","1159580 ","1728305 ",129.26029686,35.53788311
"2014","2014112618","20","야간","수",1,1,0,0,0,"강원","영월군","차대사람","횡단중","횡단중","운전자법규위반","안전운전 의무 불이행","단일로","기타단일로","승용차","중형","보행자","보행자","1085055 ","1909951 ",128.4582389,37.18446625
"2014","2014112421","03","야간","월",1,1,0,0,0,"충북","청주시","차량단독","공작물충돌","공작물충돌","운전자법규위반","안전운전 의무 불이행","교차로","교차로내","승용차","중형","00","00","987536  ","1847353 ",127.36060087,36.6239656
"2014","2014112506","17","주간","화",1,1,0,0,0,"충북","청주시","차대사람","횡단중","횡단중","운전자법규위반","안전운전 의무 불이행","단일로","기타단일로","승용차","중형","보행자","보행자","999518  ","1847453 ",127.49300081,36.62560473
"2014","2014112513","30","주간","화",1,1,0,0,0,"전북","순창군","차대사람","길가장자리구역통행중","길가장자리구역통행중","운전자법규위반","기타(운전자법규위반)","단일로","기타단일로","농기계","농기계","보행자","보행자","967465  ","1709439 ",127.1417353,35.38014852
"2014","2014112009","55","주간","목",1,1,0,0,0,"경북","의성군","차대사람","횡단중","횡단중","운전자법규위반","안전운전 의무 불이행","단일로","기타단일로","화물차","소형","보행자","보행자","1117722 ","1805144 ",128.81005563,36.23634771
"2014","2014100118","30","야간","수",1,3,2,0,0,"전북","익산시","차대차","추돌","주정차중 추돌","운전자법규위반","안전운전 의무 불이행","기타/불명","기타/불명","화물차","경형","화물차","경형","949192  ","1769624 ",126.93682327,35.92195808
"2014","2014100314","41","주간","금",1,1,0,0,0,"경남","거제시","차량단독","기타","기타","운전자법규위반","안전운전 의무 불이행","단일로","기타단일로","특수차","중형","00","00","1104936 ","1665555 ",128.64964898,34.97947056
"2014","2014100304","10","야간","금",1,1,0,0,0,"대구","수성구","차대사람","횡단중","횡단중","운전자법규위반","신호위반","교차로","교차로내","특수차","소형","보행자","보행자","1101364 ","1763108 ",128.62265805,35.85928459