"발생년","발생년월일시","발생분","주야","요일","사망자수","사상자수","중상자수","경상자수","부상신고자수","발생지시도","발생지시군구","사고유형_대분류","사고유형_중분류","사고유형","법규위반_대분류","법규위반","도로형태_대분류","도로형태","당사자종별_1당_대분류","당사자종별_1당","당사자종별_2당_대분류","당사자종별_2당","발생위치X_UTMK","발생위치Y_UTMK","경도","위도"
"2014","2014012518","10","야간","토",1,1,0,0,0,"경남","사천시","차대차","기타","기타","운전자법규위반","안전운전 의무 불이행","단일로","기타단일로","승용차","소형","승합차","경형","1051355 ","1665107 ",128.06264138,34.97957003
"2014","2014012707","15","주간","월",1,1,0,0,0,"충북","청주시","차대사람","횡단중","횡단중","운전자법규위반","안전운전 의무 불이행","단일로","기타단일로","이륜차","소형","보행자","보행자","999318  ","1847655 ",127.49237214,36.62676943
"2014","2014012706","26","주간","월",1,1,0,0,0,"전북","고창군","차대사람","기타","기타","운전자법규위반","과속","단일로","기타단일로","승용차","중형","보행자","보행자","928155  ","1715739 ",126.70846997,35.43483447
"2014","2014012608","01","주간","일",1,1,0,0,0,"울산","북구","차대사람","기타","기타","운전자법규위반","안전운전 의무 불이행","단일로","기타단일로","승용차","중형","보행자","보행자","1168369 ","1730634 ",129.35768652,35.55741792
"2014","2014012606","55","주간","일",1,1,0,0,0,"경남","사천시","차대사람","횡단중","횡단중","운전자법규위반","안전운전 의무 불이행","교차로","교차로내","승용차","대형","보행자","보행자","1060470 ","1671221 ",128.16294374,35.03419514
"2014","2014020623","26","야간","목",1,1,0,0,0,"서울","관악구","차대사람","기타","기타","운전자법규위반","안전운전 의무 불이행","교차로","교차로내","이륜차","소형","보행자","보행자","947924  ","1942596 ",126.91098971,37.48113251
"2014","2014021911","15","주간","수",1,1,0,0,0,"경기","평택시","차대사람","기타","기타","운전자법규위반","안전운전 의무 불이행","교차로","교차로부근","승용차","소형","보행자","보행자","948621  ","1887439 ",126.92229451,36.98396076
"2014","2014021912","00","주간","수",1,1,0,0,0,"전남","고흥군","차대사람","보도통행중","보도통행중","운전자법규위반","기타(운전자법규위반)","단일로","기타단일로","승용차","대형","보행자","보행자","980569  ","1623759 ",127.28817971,34.6079736
"2014","2014021902","05","야간","수",1,1,0,0,0,"서울","중랑구","차대사람","기타","기타","운전자법규위반","안전운전 의무 불이행","단일로","기타단일로","화물차","소형","보행자","보행자","962901  ","1953105 ",127.08057725,37.57657974
"2014","2014021712","30","주간","월",1,1,0,0,0,"경기","김포시","차대사람","횡단중","횡단중","운전자법규위반","안전운전 의무 불이행","교차로","교차로부근","승합차","중형","보행자","보행자","930675  ","1958524 ",126.71440255,37.62355382
"2014","2014021702","20","야간","월",1,2,0,1,0,"전남","여수시","차대사람","기타","기타","운전자법규위반","안전운전 의무 불이행","단일로","기타단일로","승용차","중형","보행자","보행자","1014114 ","1639055 ",127.65456881,34.74665941
"2014","2014020211","30","주간","일",1,5,3,1,0,"서울","서대문구","차대차","정면충돌","정면충돌","운전자법규위반","안전운전 의무 불이행","단일로","기타단일로","승용차","소형","화물차","중형","951238  ","1952267 ",126.94829353,37.56848234
"2014","2014020111","40","주간","토",1,3,0,2,0,"경북","영덕군","차대차","측면직각충돌","측면직각충돌","운전자법규위반","중앙선 침범","단일로","기타단일로","승용차","소형","승용차","대형","1167132 ","1827529 ",129.3644879,36.43076938
"2014","2014020116","50","주간","토",1,2,1,0,0,"충남","서산시","차대차","정면충돌","정면충돌","운전자법규위반","중앙선 침범","교차로","교차로부근","승용차","소형","승용차","중형","917949  ","1865193 ",126.5804686,36.7813185
"2014","2014020406","18","주간","화",2,2,0,0,0,"경북","청도군","차대차","추돌","진행중 추돌","운전자법규위반","안전운전 의무 불이행","단일로","기타단일로","화물차","소형","농기계","농기계","1112931 ","1741406 ",128.74768392,35.66239415
"2014","2014020420","40","야간","화",1,1,0,0,0,"대전","대덕구","차대차","추돌","주정차중 추돌","운전자법규위반","안전운전 의무 불이행","단일로","기타단일로","화물차","소형","화물차","대형","991049  ","1818622 ",127.4002235,36.36498985
"2014","2014020405","25","야간","화",1,1,0,0,0,"경기","고양시","차대사람","횡단중","횡단중","운전자법규위반","안전운전 의무 불이행","단일로","기타단일로","승용차","중형","보행자","보행자","936310  ","1965271 ",126.77766521,37.68477045
"2014","2014020320","15","야간","월",1,1,0,0,0,"경기","용인시","차대사람","차도통행중","차도통행중","운전자법규위반","과속","단일로","기타단일로","승용차","대형","보행자","보행자","983386  ","1906497 ",127.31289017,37.15705871
"2014","2014021310","16","주간","목",1,1,0,0,0,"경기","화성시","차대사람","기타","기타","운전자법규위반","중앙선 침범","단일로","기타단일로","화물차","대형","보행자","보행자","954339  ","1904319 ",126.98268837,37.1284221
"2014","2014021220","53","야간","수",1,1,0,0,0,"충남","공주시","차대사람","차도통행중","차도통행중","운전자법규위반","안전운전 의무 불이행","단일로","기타단일로","승용차","중형","보행자","보행자","978421  ","1820220 ",127.25941604,36.37919583
"2014","2014021303","50","야간","목",1,1,0,0,0,"경기","오산시","차량단독","공작물충돌","공작물충돌","운전자법규위반","안전운전 의무 불이행","단일로","기타단일로","승용차","중형","00","00","961803  ","1906370 ",127.06982954,37.15528093
"2014","2014021319","35","야간","목",1,6,0,5,0,"인천","동구","차대차","기타","기타","운전자법규위반","안전거리 미확보","단일로","기타단일로","화물차","대형","승용차","중형","924637  ","1943729 ",126.64750653,37.48973737
"2014","2014022206","30","주간","토",1,1,0,0,0,"서울","마포구","차대차","측면직각충돌","측면직각충돌","운전자법규위반","신호위반","교차로","교차로내","이륜차","중형","승용차","중형","951267  ","1949242 ",126.94835867,37.54121689
"2014","2014020422","32","야간","화",1,1,0,0,0,"인천","남동구","차량단독","공작물충돌","공작물충돌","운전자법규위반","안전운전 의무 불이행","단일로","기타단일로","이륜차","소형","00","00","934519  ","1938682 ",126.75972955,37.44500266
"2014","2014020219","55","야간","일",1,1,0,0,0,"경북","안동시","차대사람","횡단중","횡단중","운전자법규위반","안전운전 의무 불이행","단일로","기타단일로","승용차","소형","보행자","보행자","1104222 ","1833713 ",128.66167356,36.48660916
"2014","2014020110","00","주간","토",1,2,0,0,1,"전남","여수시","차량단독","전도전복","전도전복","운전자법규위반","안전운전 의무 불이행","기타/불명","기타/불명","농기계","농기계","00","00","1025646 ","1611706 ",127.77935456,34.49899321
"2014","2014022301","18","야간","일",1,4,3,0,0,"대구","달서구","차대차","측면직각충돌","측면직각충돌","운전자법규위반","신호위반","교차로","교차로내","원동기장치자전거","원동기장치자전거","승용차","중형","1094443 ","1759088 ",128.5455406,35.82373736
"2014","2014022305","33","야간","일",1,1,0,0,0,"서울","도봉구","차대사람","기타","기타","운전자법규위반","안전운전 의무 불이행","단일로","기타단일로","화물차","소형","보행자","보행자","959707  ","1963618 ",127.04310171,37.67119855
"2014","2014022305","17","야간","일",1,1,0,0,0,"부산","북구","차대사람","횡단중","횡단중","운전자법규위반","과속","단일로","기타단일로","승용차","중형","보행자","보행자","1136408 ","1691377 ",128.99845649,35.20858335
"2014","2014022218","40","야간","토",1,5,1,3,0,"제주","제주시","차대차","추돌","진행중 추돌","운전자법규위반","중앙선 침범","단일로","기타단일로","승용차","소형","승합차","중형","917547  ","1496995 ",126.61272044,33.46156503
"2014","2014022418","55","야간","월",1,2,0,1,0,"경북","안동시","차대차","정면충돌","정면충돌","운전자법규위반","중앙선 침범","기타/불명","기타/불명","이륜차","소형","승용차","소형","1122637 ","1824177 ",128.90430678,36.43614224
"2014","2014021914","40","주간","수",1,2,0,1,0,"경기","의왕시","차량단독","공작물충돌","공작물충돌","운전자법규위반","안전운전 의무 불이행","단일로","기타단일로","승용차","소형","00","00","954185  ","1926005 ",126.98283142,37.33192232
"2014","2014021911","30","주간","수",1,1,0,0,0,"전북","군산시","차대차","측면직각충돌","측면직각충돌","운전자법규위반","신호위반","교차로","교차로내","화물차","소형","이륜차","소형","930156  ","1776351 ",126.72524344,35.98142819
"2014","2014021917","48","주간","수",1,1,0,0,0,"전북","완주군","차량단독","전도전복","전도전복","운전자법규위반","안전운전 의무 불이행","단일로","기타단일로","승용차","소형","00","00","977327  ","1762542 ",127.2488805,35.85916443
"2014","2014021819","10","야간","화",1,1,0,0,0,"경북","영덕군","차대차","추돌","진행중 추돌","운전자법규위반","안전운전 의무 불이행","단일로","기타단일로","화물차","소형","자전거","자전거","1168859 ","1819397 ",129.38197678,36.35719387
"2014","2014020400","47","야간","화",1,2,1,0,0,"충남","홍성군","차대차","정면충돌","정면충돌","운전자법규위반","중앙선 침범","단일로","기타단일로","승용차","중형","화물차","소형","929697  ","1847279 ",126.71155665,36.61977077
"2014","2014020406","45","주간","화",1,1,0,0,0,"전북","완주군","차대사람","횡단중","횡단중","운전자법규위반","안전운전 의무 불이행","단일로","기타단일로","승용차","소형","보행자","보행자","967475  ","1773356 ",127.13932209,35.95638481
"2014","2014013019","55","야간","목",1,1,0,0,0,"경북","경주시","차대사람","기타","기타","운전자법규위반","안전운전 의무 불이행","교차로","교차로부근","승용차","중형","보행자","보행자","1153831 ","1761150 ",129.20318826,35.83480541
"2014","2014020107","48","주간","토",1,1,0,0,0,"광주","서구","차량단독","공작물충돌","공작물충돌","운전자법규위반","안전운전 의무 불이행","단일로","기타단일로","승용차","중형","00","00","940591  ","1685504 ",126.84766244,35.16304379
"2014","2014020515","33","주간","수",1,1,0,0,0,"서울","강북구","차대사람","기타","기타","운전자법규위반","안전운전 의무 불이행","교차로","교차로내","승합차","대형","보행자","보행자","958563  ","1957144 ",127.03049722,37.61279648
"2014","2014092410","11","주간","수",1,1,0,0,0,"전남","구례군","차대사람","기타","기타","운전자법규위반","안전운전 의무 불이행","단일로","기타단일로","승용차","대형","보행자","보행자","994628  ","1692010 ",127.44096891,35.22345132
"2014","2014102218","35","야간","수",1,1,0,0,0,"경북","안동시","차대사람","기타","기타","운전자법규위반","안전운전 의무 불이행","단일로","기타단일로","승용차","중형","보행자","보행자","1106175 ","1841521 ",128.68945283,36.5663849
"2014","2014103017","35","주간","목",1,1,0,0,0,"전남","담양군","차량단독","공작물충돌","공작물충돌","운전자법규위반","안전운전 의무 불이행","단일로","기타단일로","이륜차","중형","00","00","956177  ","1702655 ",127.01788302,35.31849093
"2014","2014110623","50","야간","목",2,4,1,1,0,"경기","연천군","차량단독","공작물충돌","공작물충돌","운전자법규위반","안전운전 의무 불이행","단일로","기타단일로","화물차","경형","00","00","966044  ","2004856 ",127.06336364,38.02803046
"2014","2014110611","52","주간","목",1,1,0,0,0,"전남","영광군","차대차","정면충돌","정면충돌","운전자법규위반","중앙선 침범","교차로","교차로부근","이륜차","중형","화물차","중형","907201  ","1697778 ",126.47968362,35.2711736
"2014","2014110721","58","야간","금",1,1,0,0,0,"충남","당진시","차량단독","전도전복","전도전복","운전자법규위반","안전운전 의무 불이행","단일로","기타단일로","화물차","대형","00","00","936637  ","1876365 ",126.7731047,36.88505611
"2014","2014110805","30","야간","토",1,1,0,0,0,"대전","서구","차대사람","횡단중","횡단중","운전자법규위반","안전운전 의무 불이행","단일로","기타단일로","승용차","중형","보행자","보행자","988757  ","1816256 ",127.37470889,36.34363538
"2014","2014110722","30","야간","금",1,1,0,0,0,"경기","평택시","차대사람","기타","기타","운전자법규위반","안전운전 의무 불이행","단일로","기타단일로","승용차","경형","보행자","보행자","960382  ","1888153 ",127.05478784,36.99101291
"2014","2014110611","30","주간","목",1,1,0,0,0,"경남","창원시(통합)","차량단독","공작물충돌","공작물충돌","운전자법규위반","안전운전 의무 불이행","단일로","기타단일로","자전거","자전거","00","00","1104463 ","1702059 ",128.64707506,35.31430862
"2014","2014110708","30","주간","금",1,4,0,3,0,"경북","상주시","차대차","기타","기타","운전자법규위반","안전운전 의무 불이행","단일로","기타단일로","화물차","소형","승용차","소형","1058103 ","1820197 ",128.14777168,36.37747447
"2014","2014111813","00","주간","화",1,1,0,0,0,"전남","신안군","차량단독","전도전복","전도전복","운전자법규위반","안전운전 의무 불이행","기타/불명","기타/불명","농기계","농기계","00","00","856636  ","1636365 ",125.93445795,34.71162849
"2014","2014111802","20","야간","화",1,1,0,0,0,"경기","고양시","차대사람","기타","기타","운전자법규위반","안전운전 의무 불이행","교차로","교차로부근","승용차","중형","보행자","보행자","933958  ","1963551 ",126.75114808,37.66910234
"2014","2014040407","40","주간","금",1,3,0,1,1,"경기","이천시","차대차","추돌","주정차중 추돌","운전자법규위반","안전운전 의무 불이행","기타/불명","기타/불명","화물차","소형","화물차","대형","989079  ","1921663 ",127.37678337,37.2938499
"2014","2014091114","09","주간","목",1,1,0,0,0,"서울","영등포구","차대사람","기타","기타","운전자법규위반","안전운전 의무 불이행","단일로","기타단일로","승용차","중형","보행자","보행자","948824  ","1945697 ",126.92094169,37.50913274
"2014","2014091111","10","주간","목",1,1,0,0,0,"전남","구례군","차대차","기타","기타","운전자법규위반","중앙선 침범","단일로","기타단일로","자전거","자전거","화물차","소형","996471  ","1691478 ",127.46122329,35.2186624
"2014","2014091108","37","주간","목",1,1,0,0,0,"강원","고성군","차량단독","전도전복","전도전복","운전자법규위반","안전운전 의무 불이행","단일로","기타단일로","농기계","농기계","00","00","1080200 ","2055153 ",128.41661462,38.49685194
"2014","2014091113","20","주간","목",1,1,0,0,0,"충북","음성군","차대차","기타","기타","운전자법규위반","중앙선 침범","단일로","기타단일로","화물차","소형","원동기장치자전거","원동기장치자전거","1017226 ","1881391 ",127.69342721,36.93073433
"2014","2014091220","35","야간","금",1,4,3,0,0,"충남","예산군","차대차","정면충돌","정면충돌","운전자법규위반","신호위반","교차로","교차로내","승용차","대형","승합차","소형","942935  ","1859651 ",126.8608777,36.73319652
"2014","2014091213","45","주간","금",1,5,4,0,0,"경기","파주시","차대차","기타","기타","운전자법규위반","중앙선 침범","기타/불명","기타/불명","화물차","중형","화물차","중형","943517  ","1973870 ",126.85872995,37.76274346
"2014","2014091011","06","주간","수",1,1,0,0,0,"경기","남양주시","차대차","추돌","진행중 추돌","운전자법규위반","안전운전 의무 불이행","교차로","교차로부근","화물차","소형","이륜차","중형","976824  ","1950660 ",127.23760629,37.55499511
"2014","2014092110","47","주간","일",1,1,0,0,0,"전북","정읍시","차량단독","전도전복","전도전복","운전자법규위반","안전운전 의무 불이행","단일로","기타단일로","이륜차","중형","00","00","940154  ","1728128 ",126.83974345,35.54732923
"2014","2014092215","55","주간","월",1,1,0,0,0,"서울","서대문구","차대차","기타","기타","운전자법규위반","안전운전 의무 불이행","단일로","기타단일로","자전거","자전거","승합차","대형","950905  ","1954520 ",126.94390761,37.58876904
"2014","2014092003","43","야간","토",1,2,1,0,0,"서울","서대문구","차량단독","기타","기타","운전자법규위반","안전운전 의무 불이행","단일로","기타단일로","이륜차","중형","00","00","948712  ","1952519 ",126.91920905,37.57061423
"2014","2014091723","10","야간","수",2,3,1,0,0,"전북","전주시","차대차","기타","기타","운전자법규위반","중앙선 침범","단일로","기타단일로","승용차","중형","승용차","대형","963488  ","1764007 ",127.09632736,35.87167779
"2014","2014081520","05","야간","금",1,1,0,0,0,"충남","천안시","차대사람","기타","기타","운전자법규위반","안전운전 의무 불이행","단일로","기타단일로","승용차","중형","보행자","보행자","968440  ","1866728 ",127.1462313,36.7981841
"2014","2014081516","36","주간","금",1,1,0,0,0,"경북","봉화군","차대차","추돌","진행중 추돌","운전자법규위반","안전운전 의무 불이행","단일로","기타단일로","원동기장치자전거","원동기장치자전거","승합차","중형","1123753 ","1872350 ",128.88793916,36.84128807
"2014","2014082709","27","주간","수",1,1,0,0,0,"부산","서구","차대사람","횡단중","횡단중","운전자법규위반","안전운전 의무 불이행","단일로","기타단일로","건설기계","건설기계","보행자","보행자","1138646 ","1678404 ",129.02100986,35.09123654
"2014","2014082700","10","야간","수",1,5,1,1,2,"서울","영등포구","차대차","기타","기타","운전자법규위반","안전운전 의무 불이행","단일로","기타단일로","승용차","소형","승용차","소형","945376  ","1950470 ",126.88158645,37.55195461
"2014","2014082405","15","야간","일",1,1,0,0,0,"대구","중구","차대사람","기타","기타","운전자법규위반","안전운전 의무 불이행","단일로","횡단보도상","승용차","소형","보행자","보행자","1099924 ","1763429 ",128.60675223,35.86232619
"2014","2014082420","25","야간","일",1,1,0,0,0,"경기","수원시","차대사람","횡단중","횡단중","운전자법규위반","안전운전 의무 불이행","교차로","교차로부근","승용차","중형","보행자","보행자","954370  ","1921461 ",126.98519902,37.29097368
"2014","2014090118","15","야간","월",1,1,0,0,0,"충남","서천군","차대차","기타","기타","운전자법규위반","중앙선 침범","교차로","교차로부근","원동기장치자전거","원동기장치자전거","승용차","중형","935338  ","1786551 ",126.78188737,36.07374056
"2014","2014083017","23","주간","토",1,1,0,0,0,"전남","화순군","차대사람","기타","기타","운전자법규위반","안전운전 의무 불이행","단일로","교량위","화물차","소형","보행자","보행자","951377  ","1665886 ",126.96724352,34.98672933
"2014","2014082813","22","주간","목",1,1,0,0,0,"서울","강동구","차대사람","기타","기타","운전자법규위반","안전운전 의무 불이행","단일로","기타단일로","승용차","소형","보행자","보행자","968144  ","1948614 ",127.13942356,37.53629437
"2014","2014090616","30","주간","토",1,1,0,0,0,"충북","청주시","차량단독","전도전복","전도전복","운전자법규위반","안전운전 의무 불이행","단일로","기타단일로","농기계","농기계","00","00","1006408 ","1842449 ",127.57162716,36.57981589
"2014","2014090522","59","야간","금",1,1,0,0,0,"경남","진주시","차대사람","횡단중","횡단중","운전자법규위반","안전운전 의무 불이행","단일로","기타단일로","승용차","대형","보행자","보행자","1052648 ","1689121 ",128.07833328,35.19603424
"2014","2014090503","54","야간","금",1,1,0,0,0,"경기","수원시","차량단독","공작물충돌","공작물충돌","운전자법규위반","안전운전 의무 불이행","단일로","기타단일로","원동기장치자전거","원동기장치자전거","00","00","956631  ","1919143 ",127.01086476,37.27017926
"2014","2014090305","05","야간","수",1,1,0,0,0,"경북","영천시","차대차","기타","기타","운전자법규위반","안전운전 의무 불이행","단일로","기타단일로","승용차","중형","승용차","중형","1142366 ","1779430 ",129.07956783,36.00128819
"2014","2014090419","50","야간","목",1,1,0,0,0,"전남","신안군","차량단독","기타","기타","운전자법규위반","안전운전 의무 불이행","단일로","기타단일로","이륜차","중형","00","00","866947  ","1655461 ",126.04399722,34.88517023
"2014","2014090515","20","주간","금",1,3,0,1,1,"경북","칠곡군","차대차","기타","기타","운전자법규위반","신호위반","교차로","교차로내","화물차","중형","승용차","대형","1094168 ","1790074 ",128.54617486,36.10308701
"2014","2014090317","24","주간","수",1,1,0,0,0,"경기","안성시","차대사람","횡단중","횡단중","운전자법규위반","안전운전 의무 불이행","단일로","기타단일로","승용차","중형","보행자","보행자","979365  ","1887014 ",127.26814048,36.98135392
"2014","2014091412","40","주간","일",1,1,0,0,0,"전남","영암군","차대사람","기타","기타","운전자법규위반","안전운전 의무 불이행","단일로","기타단일로","화물차","소형","보행자","보행자","906108  ","1640292 ",126.47418318,34.75182426
"2014","2014091307","50","주간","토",1,1,0,0,0,"광주","광산구","차대차","측면직각충돌","측면직각충돌","운전자법규위반","교차로 통행방법 위반","교차로","교차로내","화물차","중형","이륜차","중형","933865  ","1681390 ",126.77414236,35.12552973
"2014","2014100308","00","주간","금",1,1,0,0,0,"전북","부안군","차대차","추돌","주정차중 추돌","운전자법규위반","안전운전 의무 불이행","단일로","기타단일로","화물차","소형","화물차","소형","908078  ","1734169 ",126.48521628,35.5993332
"2014","2014081513","51","주간","금",1,1,0,0,0,"충북","청주시","차량단독","공작물충돌","공작물충돌","운전자법규위반","안전운전 의무 불이행","단일로","기타단일로","화물차","소형","00","00","1005743 ","1857388 ",127.56430581,36.71449462
"2014","2014081612","30","주간","토",1,3,0,0,2,"경남","함양군","차대사람","기타","기타","운전자법규위반","안전운전 의무 불이행","단일로","기타단일로","승용차","경형","보행자","보행자","1020698 ","1714793 ",127.72801866,35.42868373
"2014","2014081604","50","야간","토",1,1,0,0,0,"부산","사상구","차대사람","횡단중","횡단중","운전자법규위반","안전운전 의무 불이행","교차로","교차로부근","승용차","중형","보행자","보행자","1134182 ","1685302 ",128.97317171,35.15402134
"2014","2014082805","13","야간","목",1,2,1,0,0,"경기","안산시","차대차","기타","기타","운전자법규위반","안전운전 의무 불이행","단일로","기타단일로","승용차","대형","자전거","자전거","939181  ","1924544 ",126.8135929,37.31789241
"2014","2014082615","45","주간","화",1,1,0,0,0,"경북","구미시","차량단독","공작물충돌","공작물충돌","운전자법규위반","안전운전 의무 불이행","단일로","기타단일로","화물차","소형","00","00","1060328 ","1807754 ",128.17161284,36.26516577
"2014","2014082210","20","주간","금",1,2,0,1,0,"제주","제주시","차대차","측면직각충돌","측면직각충돌","운전자법규위반","중앙선 침범","교차로","교차로부근","승용차","중형","이륜차","소형","928797  ","1506176 ",126.7330419,33.54517427
"2014","2014082217","00","주간","금",1,2,0,1,0,"경북","상주시","차량단독","도로이탈","도로이탈 기타","운전자법규위반","안전운전 의무 불이행","단일로","기타단일로","승용차","경형","00","00","1051069 ","1832520 ",128.07016755,36.48896385
"2014","2014082512","20","주간","월",1,1,0,0,0,"인천","중구","차대사람","횡단중","횡단중","운전자법규위반","안전운전 의무 불이행","교차로","교차로부근","화물차","대형","보행자","보행자","922431  ","1939025 ",126.6230507,37.44715915
"2014","2014090116","10","주간","월",1,2,1,0,0,"충남","보령시","차대차","측면직각충돌","측면직각충돌","운전자법규위반","안전운전 의무 불이행","단일로","기타단일로","원동기장치자전거","원동기장치자전거","자전거","자전거","919324  ","1805729 ",126.60209006,36.2454251
"2014","2014090216","45","주간","화",1,1,0,0,0,"충북","청주시","차량단독","공작물충돌","공작물충돌","운전자법규위반","안전운전 의무 불이행","단일로","기타단일로","화물차","소형","00","00","982748  ","1848561 ",127.3070243,36.63478097
"2014","2014082722","10","야간","수",1,1,0,0,0,"경기","군포시","차대차","측면직각충돌","측면직각충돌","운전자법규위반","신호위반","교차로","교차로내","승합차","소형","이륜차","중형","949645  ","1928868 ",126.93139067,37.35749276
"2014","2014083018","13","야간","토",1,1,0,0,0,"대구","남구","차대차","기타","기타","운전자법규위반","안전운전 의무 불이행","단일로","기타단일로","화물차","중형","이륜차","중형","1099171 ","1762631 ",128.59831419,35.85520916
"2014","2014083016","30","주간","토",1,1,0,0,0,"충북","제천시","차대차","측면직각충돌","측면직각충돌","운전자법규위반","직진 및 우회전차의 통행방해","교차로","교차로내","건설기계","건설기계","화물차","소형","1062676 ","1899162 ",128.20523197,37.08899003
"2014","2014082916","50","주간","금",1,2,0,1,0,"강원","횡성군","차대차","정면충돌","정면충돌","운전자법규위반","중앙선 침범","단일로","기타단일로","승용차","중형","건설기계","건설기계","1064208 ","1948386 ",128.22672695,37.53255366
"2014","2014090518","20","야간","금",1,1,0,0,0,"대구","동구","차대사람","횡단중","횡단중","운전자법규위반","안전운전 의무 불이행","교차로","교차로부근","화물차","소형","보행자","보행자","1102654 ","1772191 ",128.63811464,35.94102725
"2014","2014090521","30","야간","금",1,2,1,0,0,"대전","유성구","차량단독","전도전복","전도전복","운전자법규위반","안전운전 의무 불이행","단일로","기타단일로","원동기장치자전거","원동기장치자전거","00","00","990964  ","1825236 ",127.39919905,36.42461648
"2014","2014090416","25","주간","목",3,6,1,2,0,"경북","경주시","차대차","기타","기타","운전자법규위반","안전운전 의무 불이행","단일로","기타단일로","특수차","대형","화물차","대형","1162131 ","1774059 ",129.29767352,35.94979972
"2014","2014090318","00","야간","수",1,1,0,0,0,"전북","군산시","차대차","측면직각충돌","측면직각충돌","운전자법규위반","중앙선 침범","단일로","기타단일로","원동기장치자전거","원동기장치자전거","화물차","경형","915343  ","1774491 ",126.5479862,35.96211238
"2014","2014090415","00","주간","목",1,1,0,0,0,"전남","순천시","차대차","추돌","진행중 추돌","운전자법규위반","안전운전 의무 불이행","단일로","기타단일로","이륜차","소형","승용차","중형","984951  ","1657831 ",127.3352524,34.91515044
"2014","2014091512","30","주간","월",1,1,0,0,0,"충남","서산시","차대차","측면직각충돌","측면직각충돌","운전자법규위반","중앙선 침범","단일로","기타단일로","자전거","자전거","승용차","대형","899355  ","1865875 ",126.37203202,36.78567228
"2014","2014090922","54","야간","화",2,4,2,0,0,"전북","전주시","차량단독","공작물충돌","공작물충돌","운전자법규위반","안전운전 의무 불이행","교차로","교차로부근","승용차","중형","00","00","963432  ","1756829 ",127.09524802,35.80723599
"2014","2014091123","50","야간","목",1,1,0,0,0,"경북","안동시","차대차","정면충돌","정면충돌","운전자법규위반","직진 및 우회전차의 통행방해","교차로","교차로내","승용차","중형","원동기장치자전거","원동기장치자전거","1106043 ","1840645 ",128.68496165,36.55768553
"2014","2014091123","45","야간","목",1,1,0,0,0,"경북","김천시","차량단독","공작물충돌","공작물충돌","운전자법규위반","안전운전 의무 불이행","단일로","기타단일로","승용차","경형","00","00","1047893 ","1779649 ",128.03147234,36.01248673
"2014","2014091203","40","야간","금",1,1,0,0,0,"충남","논산시","차량단독","공작물충돌","공작물충돌","운전자법규위반","안전운전 의무 불이행","단일로","기타단일로","승용차","중형","00","00","964168  ","1795537 ",127.10164414,36.15624495
"2014","2014091005","34","야간","수",1,1,0,0,0,"강원","고성군","차량단독","기타","기타","운전자법규위반","안전운전 의무 불이행","단일로","기타단일로","화물차","소형","00","00","1084003 ","2050319 ",128.46267912,38.44954757
"2014","2014091105","30","야간","목",1,1,0,0,0,"대전","서구","차대차","추돌","주정차중 추돌","운전자법규위반","안전운전 의무 불이행","단일로","기타단일로","이륜차","중형","승용차","중형","987971  ","1816179 ",127.36595097,36.34293169
"2014","2014091219","20","야간","금",1,1,0,0,0,"충북","음성군","차대차","기타","기타","운전자법규위반","교차로 통행방법 위반","교차로","교차로내","화물차","소형","자전거","자전거","1012390 ","1901439 ",127.63945484,37.11153045
"2014","2014092006","50","주간","토",1,1,0,0,0,"경남","통영시","차대사람","기타","기타","운전자법규위반","안전운전 의무 불이행","교차로","교차로부근","승용차","중형","보행자","보행자","1084095 ","1650057 ",128.41979039,34.8416814
"2014","2014091904","40","야간","금",1,1,0,0,0,"경기","포천시","차대차","기타","기타","운전자법규위반","안전운전 의무 불이행","교차로","교차로내","승용차","중형","자전거","자전거","968098  ","1980031 ",127.13752785,37.81946093
"2014","2014100321","10","야간","금",1,1,0,0,0,"대구","수성구","차대사람","차도통행중","차도통행중","운전자법규위반","안전운전 의무 불이행","단일로","기타단일로","승용차","중형","보행자","보행자","1102708 ","1759092 ",128.6370241,35.82294275
"2014","2014100307","47","주간","금",1,1,0,0,0,"전남","고흥군","차대차","기타","기타","운전자법규위반","안전운전 의무 불이행","교차로","교차로부근","화물차","소형","이륜차","소형","983003  ","1642967 ",127.31422841,34.78108175
"2014","2014100400","21","야간","토",1,1,0,0,0,"경기","안양시","차대사람","기타","기타","운전자법규위반","안전운전 의무 불이행","단일로","기타단일로","승용차","중형","보행자","보행자","949201  ","1932997 ",126.92609375,37.39468489
"2014","2014100319","58","야간","금",1,1,0,0,0,"충남","서산시","차대사람","횡단중","횡단중","운전자법규위반","과속","단일로","횡단보도상","승용차","중형","보행자","보행자","905726  ","1880997 ",126.44154514,36.92262416
"2014","2014100102","10","야간","수",1,1,0,0,0,"대전","서구","차량단독","전도전복","전도전복","운전자법규위반","안전운전 의무 불이행","단일로","기타단일로","승용차","경형","00","00","987277  ","1817751 ",127.35819149,36.35709495
"2014","2014100118","23","야간","수",1,1,0,0,0,"경기","화성시","차대사람","기타","기타","운전자법규위반","안전운전 의무 불이행","교차로","교차로내","승용차","중형","보행자","보행자","959627  ","1912972 ",127.04496748,37.21469898