"발생년","발생년월일시","발생분","주야","요일","사망자수","사상자수","중상자수","경상자수","부상신고자수","발생지시도","발생지시군구","사고유형_대분류","사고유형_중분류","사고유형","법규위반_대분류","법규위반","도로형태_대분류","도로형태","당사자종별_1당_대분류","당사자종별_1당","당사자종별_2당_대분류","당사자종별_2당","발생위치X_UTMK","발생위치Y_UTMK","경도","위도"
"2014","2014100402","10","야간","토",1,3,2,0,0,"경기","고양시","차대차","정면충돌","정면충돌","운전자법규위반","안전운전 의무 불이행","교차로","교차로내","승용차","중형","승용차","중형","936621  ","1966846 ",126.78105509,37.69898694
"2014","2014100318","47","야간","금",1,1,0,0,0,"경남","진주시","차대사람","기타","기타","운전자법규위반","안전운전 의무 불이행","단일로","기타단일로","승용차","경형","보행자","보행자","1051502 ","1698029 ",128.06630314,35.276414
"2014","2014100404","45","야간","토",1,3,2,0,0,"경기","김포시","차대차","측면직각충돌","측면직각충돌","운전자법규위반","중앙선 침범","교차로","교차로부근","승용차","중형","승용차","중형","923038  ","1964723 ",126.62721444,37.67881373
"2014","2014100400","10","야간","토",1,1,0,0,0,"충남","아산시","차량단독","공작물충돌","공작물충돌","운전자법규위반","안전운전 의무 불이행","단일로","교량위","승용차","중형","00","00","953079  ","1865610 ",126.97411808,36.78746927
"2014","2014092916","30","주간","월",1,1,0,0,0,"경기","수원시","차대사람","기타","기타","운전자법규위반","안전운전 의무 불이행","단일로","기타단일로","승합차","소형","보행자","보행자","957218  ","1919700 ",127.01743065,37.27523598
"2014","2014112300","05","야간","일",1,1,0,0,0,"대구","중구","차대차","측면직각충돌","측면직각충돌","운전자법규위반","교차로 통행방법 위반","교차로","교차로내","이륜차","중형","승용차","중형","1097715 ","1763689 ",128.58232131,35.86489285
"2014","2014112804","45","야간","금",1,1,0,0,0,"서울","마포구","차대사람","횡단중","횡단중","운전자법규위반","안전운전 의무 불이행","단일로","횡단보도부근","승용차","중형","보행자","보행자","949612  ","1951078 ",126.92949934,37.55767602
"2014","2014111719","10","야간","월",1,1,0,0,0,"울산","중구","차대사람","기타","기타","운전자법규위반","안전운전 의무 불이행","교차로","교차로내","승용차","중형","보행자","보행자","1165856 ","1730523 ",129.32994952,35.55684155
"2014","2014111817","58","주간","화",1,1,0,0,0,"전북","진안군","차대사람","횡단중","횡단중","운전자법규위반","과속","단일로","횡단보도상","승용차","중형","보행자","보행자","1000552 ","1764459 ",127.50611514,35.87671065
"2014","2014111918","53","야간","수",1,1,0,0,0,"울산","울주군","차대사람","기타","기타","운전자법규위반","안전운전 의무 불이행","단일로","횡단보도상","승용차","중형","보행자","보행자","1145025 ","1726685 ",129.09951224,35.52551832
"2014","2014111914","15","주간","수",1,1,0,0,0,"경북","경주시","차대사람","기타","기타","운전자법규위반","안전운전 의무 불이행","교차로","교차로부근","승용차","중형","보행자","보행자","1153747 ","1758965 ",129.20177895,35.81510609
"2014","2014111703","10","야간","월",1,2,1,0,0,"경기","안산시","차대사람","기타","기타","운전자법규위반","안전운전 의무 불이행","단일로","기타단일로","화물차","중형","보행자","보행자","944699  ","1929420 ",126.87550205,37.36218648
"2014","2014111501","20","야간","토",1,1,0,0,0,"경기","수원시","차대사람","기타","기타","운전자법규위반","안전운전 의무 불이행","단일로","기타단일로","승용차","소형","보행자","보행자","957404  ","1915122 ",127.02003083,37.23343081
"2014","2014111419","20","야간","금",1,1,0,0,0,"경북","군위군","차대차","추돌","진행중 추돌","운전자법규위반","안전운전 의무 불이행","단일로","기타단일로","승용차","중형","자전거","자전거","1096819 ","1796595 ",128.57642449,36.16160753
"2014","2014111418","00","야간","금",1,1,0,0,0,"대전","동구","차대사람","보도통행중","보도통행중","운전자법규위반","보행자 보호의무 위반","단일로","횡단보도상","승용차","중형","보행자","보행자","995171  ","1815267 ",127.44619209,36.33477268
"2014","2014110416","10","주간","화",1,3,0,2,0,"경기","용인시","차대차","기타","기타","운전자법규위반","안전운전 의무 불이행","교차로","교차로부근","승용차","중형","승용차","중형","964361  ","1926589 ",127.09766905,37.33763265
"2014","2014110515","17","주간","수",1,1,0,0,0,"강원","홍천군","차량단독","도로이탈","도로이탈 추락","운전자법규위반","안전운전 의무 불이행","단일로","기타단일로","화물차","소형","00","00","1019609 ","1966501 ",127.72243428,37.6978593
"2014","2014110515","08","주간","수",2,2,0,0,0,"경남","산청군","차대차","측면직각충돌","측면직각충돌","운전자법규위반","안전운전 의무 불이행","교차로","교차로내","화물차","소형","원동기장치자전거","원동기장치자전거","1034633 ","1713690 ",127.8814837,35.41835096
"2014","2014110316","50","주간","월",1,1,0,0,0,"경기","포천시","차대차","기타","기타","운전자법규위반","안전거리 미확보","교차로","교차로부근","승용차","경형","화물차","소형","970119  ","1983020 ",127.16036669,37.8464692
"2014","2014110208","02","주간","일",1,1,0,0,0,"울산","중구","차대사람","횡단중","횡단중","운전자법규위반","안전운전 의무 불이행","단일로","기타단일로","승용차","중형","보행자","보행자","1166921 ","1733133 ",129.34223316,35.58018377
"2014","2014100906","15","주간","목",1,1,0,0,0,"경북","안동시","차대사람","횡단중","횡단중","운전자법규위반","안전운전 의무 불이행","단일로","기타단일로","승용차","중형","보행자","보행자","1113222 ","1848599 ",128.77824609,36.61562194
"2014","2014100818","25","야간","수",1,1,0,0,0,"경남","합천군","차대사람","차도통행중","차도통행중","운전자법규위반","안전운전 의무 불이행","단일로","기타단일로","승용차","중형","보행자","보행자","1061732 ","1733188 ",128.18144894,35.59283422
"2014","2014100810","25","주간","수",1,1,0,0,0,"서울","강남구","차대차","측면직각충돌","측면직각충돌","운전자법규위반","신호위반","교차로","교차로내","이륜차","소형","승용차","중형","958459  ","1943862 ",127.03007117,37.49307738
"2014","2014100515","20","주간","일",1,2,1,0,0,"경기","이천시","차대차","기타","기타","운전자법규위반","안전운전 의무 불이행","단일로","기타단일로","화물차","경형","이륜차","사발이","1001760 ","1903470 ",127.51981436,37.12991873
"2014","2014100617","20","주간","월",1,1,0,0,0,"부산","진구","차대사람","기타","기타","운전자법규위반","안전운전 의무 불이행","단일로","기타단일로","승합차","대형","보행자","보행자","1141577 ","1687836 ",129.05476959,35.17584824
"2014","2014100405","25","야간","토",1,1,0,0,0,"경기","수원시","차대사람","횡단중","횡단중","운전자법규위반","안전운전 의무 불이행","단일로","기타단일로","승용차","중형","보행자","보행자","957351  ","1918536 ",127.01899755,37.26475014
"2014","2014101319","00","야간","월",1,1,0,0,0,"충남","공주시","차대사람","횡단중","횡단중","운전자법규위반","안전운전 의무 불이행","기타/불명","기타/불명","화물차","소형","보행자","보행자","958164  ","1828228 ",127.03314431,36.4507198
"2014","2014101406","20","주간","화",1,1,0,0,0,"부산","영도구","차대사람","횡단중","횡단중","운전자법규위반","보행자 보호의무 위반","단일로","횡단보도상","승용차","중형","보행자","보행자","1143210 ","1677811 ",129.07096003,35.08525297
"2014","2014101400","30","야간","화",1,1,0,0,0,"서울","마포구","차대차","측면직각충돌","측면직각충돌","운전자법규위반","안전운전 의무 불이행","교차로","교차로내","이륜차","소형","승용차","중형","948711  ","1951109 ",126.91929639,37.5579057
"2014","2014101218","40","야간","일",1,1,0,0,0,"전북","전주시","차대차","기타","기타","운전자법규위반","안전운전 의무 불이행","단일로","기타단일로","원동기장치자전거","원동기장치자전거","승용차","소형","967644  ","1757357 ",127.14184619,35.81214439
"2014","2014101103","20","야간","토",1,1,0,0,0,"충남","천안시","차대차","측면직각충돌","측면직각충돌","운전자법규위반","신호위반","교차로","교차로내","승용차","중형","화물차","대형","975997  ","1879546 ",127.23053444,36.91395437
"2014","2014101019","20","야간","금",1,2,0,1,0,"전남","무안군","차대차","측면직각충돌","측면직각충돌","운전자법규위반","안전운전 의무 불이행","교차로","교차로부근","화물차","소형","승용차","중형","902112  ","1655099 ",126.42878082,34.88590619
"2014","2014101107","25","주간","토",1,2,0,1,0,"경북","경산시","차대차","측면직각충돌","측면직각충돌","운전자법규위반","서행 및 일시정지위반","교차로","교차로내","화물차","소형","이륜차","소형","1120686 ","1755850 ",128.8355144,35.79167287
"2014","2014101921","40","야간","일",1,1,0,0,0,"강원","홍천군","차대사람","기타","기타","운전자법규위반","안전운전 의무 불이행","단일로","기타단일로","화물차","소형","보행자","보행자","1035483 ","1965898 ",127.90246813,37.69194724
"2014","2014102002","27","야간","월",1,1,0,0,0,"경남","김해시","차량단독","공작물충돌","공작물충돌","운전자법규위반","안전운전 의무 불이행","교차로","교차로부근","화물차","소형","00","00","1127735 ","1695179 ",128.90394159,35.24389677
"2014","2014101918","25","야간","일",1,1,0,0,0,"경북","상주시","차대사람","횡단중","횡단중","운전자법규위반","안전운전 의무 불이행","단일로","기타단일로","화물차","소형","보행자","보행자","1041185 ","1811607 ",127.95871059,36.30090824
"2014","2014101913","25","주간","일",1,5,4,0,0,"강원","고성군","차대차","기타","기타","운전자법규위반","안전운전 의무 불이행","단일로","기타단일로","승용차","중형","승용차","중형","1091236 ","2033404 ",128.54336623,38.29641914
"2014","2014102116","10","주간","화",1,2,0,1,0,"경북","경산시","차량단독","공작물충돌","공작물충돌","운전자법규위반","안전운전 의무 불이행","단일로","기타단일로","승용차","소형","00","00","1123328 ","1756230 ",128.86480206,35.79476982
"2014","2014090515","28","주간","금",1,1,0,0,0,"서울","서초구","차량단독","공작물충돌","공작물충돌","운전자법규위반","안전운전 의무 불이행","단일로","기타단일로","승용차","중형","00","00","955509  ","1942580 ",126.99656427,37.48107385
"2014","2014091418","25","야간","일",1,1,0,0,0,"경기","안양시","차대사람","기타","기타","운전자법규위반","안전운전 의무 불이행","단일로","기타단일로","화물차","소형","보행자","보행자","948965  ","1935692 ",126.92324146,37.4189629
"2014","2014091502","40","야간","월",1,1,0,0,0,"경기","안양시","차대사람","횡단중","횡단중","운전자법규위반","안전운전 의무 불이행","교차로","교차로내","화물차","경형","보행자","보행자","953575  ","1933005 ",126.97550692,37.39498651
"2014","2014092704","31","야간","토",1,1,0,0,0,"인천","서구","차대사람","보도통행중","보도통행중","운전자법규위반","보행자 보호의무 위반","교차로","교차로내","승용차","대형","보행자","보행자","927271  ","1952427 ",126.68007889,37.51917141
"2014","2014092719","20","야간","토",1,3,0,2,0,"전북","전주시","차대차","정면충돌","정면충돌","운전자법규위반","신호위반","교차로","교차로내","이륜차","소형","승용차","중형","965305  ","1759772 ",127.11585103,35.83383812
"2014","2014092615","25","주간","금",1,1,0,0,0,"전남","영광군","차량단독","전도전복","전도전복","운전자법규위반","안전운전 의무 불이행","단일로","기타단일로","이륜차","소형","00","00","908308  ","1699889 ",126.49161736,35.2903076
"2014","2014092716","00","주간","토",1,1,0,0,0,"경기","이천시","차대사람","기타","기타","운전자법규위반","안전운전 의무 불이행","단일로","기타단일로","승용차","대형","보행자","보행자","1001609 ","1921641 ",127.51815358,37.29371434
"2014","2014091523","40","야간","월",1,1,0,0,0,"충남","청양군","차량단독","도로이탈","도로이탈 기타","운전자법규위반","안전운전 의무 불이행","단일로","기타단일로","화물차","소형","00","00","930856  ","1828243 ",126.72842798,36.44927431
"2014","2014091722","10","야간","수",1,7,4,2,0,"인천","서구","차대차","측면직각충돌","측면직각충돌","운전자법규위반","신호위반","교차로","교차로내","승용차","중형","승용차","중형","927071  ","1955227 ",126.67389421,37.59356045
"2014","2014092402","14","야간","수",1,1,0,0,0,"부산","중구","차대사람","횡단중","횡단중","운전자법규위반","안전운전 의무 불이행","단일로","기타단일로","승용차","중형","보행자","보행자","1139401 ","1679168 ",129.02941856,35.09801913
"2014","2014092419","20","야간","수",1,1,0,0,0,"충남","서산시","차대사람","보도통행중","보도통행중","운전자법규위반","과속","단일로","횡단보도상","승용차","중형","보행자","보행자","912725  ","1856803 ",126.52289085,36.70522827
"2014","2014091020","25","야간","수",1,5,4,0,0,"강원","화천군","차량단독","전도전복","전도전복","운전자법규위반","안전운전 의무 불이행","단일로","기타단일로","승용차","중형","00","00","1015753 ","2007813 ",127.67959606,38.07028015
"2014","2014091113","42","주간","목",1,1,0,0,0,"강원","철원군","차대차","측면직각충돌","측면직각충돌","운전자법규위반","교차로 통행방법 위반","교차로","교차로내","화물차","소형","이륜차","중형","986632  ","2025357 ",127.34726529,38.22843629
"2014","2014091121","10","야간","목",1,1,0,0,0,"전북","부안군","차대사람","기타","기타","운전자법규위반","안전운전 의무 불이행","단일로","기타단일로","승용차","경형","보행자","보행자","909810  ","1739363 ",126.5037536,35.64631734
"2014","2014091109","40","주간","목",1,1,0,0,0,"경남","밀양시","차대차","추돌","진행중 추돌","운전자법규위반","안전운전 의무 불이행","단일로","기타단일로","승용차","중형","농기계","농기계","1108560 ","1713035 ",128.69560057,35.40712965
"2014","2014091921","00","야간","금",1,1,0,0,0,"충남","논산시","차대사람","기타","기타","운전자법규위반","안전운전 의무 불이행","단일로","기타단일로","자전거","자전거","보행자","보행자","962629  ","1799794 ",127.08433232,36.19456555
"2014","2014091919","42","야간","금",1,1,0,0,0,"강원","양구군","차량단독","전도전복","전도전복","운전자법규위반","안전운전 의무 불이행","교차로","교차로부근","승용차","중형","00","00","1043574 ","2010226 ",127.99691606,38.09111457
"2014","2014092114","00","주간","일",1,1,0,0,0,"충북","영동군","차량단독","전도전복","전도전복","운전자법규위반","안전운전 의무 불이행","단일로","기타단일로","이륜차","중형","00","00","1031804 ","1788694 ",127.94915663,36.06949654
"2014","2014092011","20","주간","토",1,2,0,1,0,"대구","서구","차대차","기타","기타","운전자법규위반","안전운전 의무 불이행","단일로","기타단일로","승용차","중형","이륜차","소형","1096187 ","1763157 ",128.56533518,35.86024836
"2014","2014091617","32","주간","화",1,1,0,0,0,"대전","대덕구","차대차","측면직각충돌","측면직각충돌","운전자법규위반","신호위반","교차로","교차로내","건설기계","건설기계","자전거","자전거","992054  ","1819981 ",127.41637741,36.40481408
"2014","2014091813","15","주간","목",1,1,0,0,0,"경기","시흥시","차대사람","기타","기타","운전자법규위반","안전운전 의무 불이행","단일로","기타단일로","승용차","중형","보행자","보행자","933266  ","1926541 ",126.74666119,37.33548563
"2014","2014081913","00","주간","화",1,1,0,0,0,"경남","김해시","차대차","기타","기타","운전자법규위반","안전운전 의무 불이행","단일로","기타단일로","승합차","대형","자전거","자전거","1116622 ","1705885 ",128.78669088,35.3387619
"2014","2014081514","42","주간","금",1,1,0,0,0,"광주","서구","차대사람","횡단중","횡단중","운전자법규위반","안전운전 의무 불이행","단일로","기타단일로","승용차","중형","보행자","보행자","942850  ","1682154 ",126.87269778,35.13296894
"2014","2014081602","40","야간","토",1,1,0,0,0,"강원","삼척시","차량단독","공작물충돌","공작물충돌","운전자법규위반","안전운전 의무 불이행","단일로","기타단일로","원동기장치자전거","원동기장치자전거","00","00","1148926 ","1938709 ",129.18336335,37.43557537
"2014","2014120423","30","야간","목",1,1,0,0,0,"경기","용인시","차대사람","기타","기타","운전자법규위반","안전운전 의무 불이행","단일로","기타단일로","승합차","대형","보행자","보행자","969813  ","1925932 ",127.15924269,37.3319039
"2014","2014121416","50","주간","일",1,2,1,0,0,"경기","파주시","차량단독","공작물충돌","공작물충돌","운전자법규위반","안전운전 의무 불이행","단일로","기타단일로","승용차","소형","00","00","953691  ","2000429 ",126.97252919,38.00268363
"2014","2014121206","03","주간","금",1,1,0,0,0,"경남","창원시(통합)","차대차","기타","기타","운전자법규위반","중앙선 침범","단일로","기타단일로","자전거","자전거","승용차","중형","1105206 ","1694886 ",128.65633647,35.24387438
"2014","2014121420","15","야간","일",1,1,0,0,0,"경기","안성시","차대사람","횡단중","횡단중","운전자법규위반","안전운전 의무 불이행","단일로","기타단일로","승용차","중형","보행자","보행자","973100  ","1890021 ",127.19763903,37.00830161
"2014","2014121208","30","주간","금",1,1,0,0,0,"전북","고창군","차량단독","도로이탈","도로이탈 추락","운전자법규위반","안전운전 의무 불이행","단일로","기타단일로","승용차","중형","00","00","917998  ","1717533 ",126.59639927,35.45022321
"2014","2014121203","45","야간","금",1,1,0,0,0,"대전","중구","차대사람","횡단중","횡단중","운전자법규위반","보행자 보호의무 위반","단일로","횡단보도상","승용차","중형","보행자","보행자","991627  ","1814435 ",127.40671147,36.32724754
"2014","2014121123","30","야간","목",1,1,0,0,0,"전남","나주시","차대사람","기타","기타","운전자법규위반","안전운전 의무 불이행","단일로","기타단일로","승용차","중형","보행자","보행자","933028  ","1669889 ",126.76902458,35.02136071
"2014","2014120813","10","주간","월",1,1,0,0,0,"경기","안성시","차대사람","횡단중","횡단중","운전자법규위반","안전운전 의무 불이행","단일로","기타단일로","승용차","대형","보행자","보행자","979422  ","1889642 ",127.26870922,37.00504493
"2014","2014120816","05","주간","월",1,2,1,0,0,"경기","양주시","차대차","정면충돌","정면충돌","운전자법규위반","신호위반","교차로","교차로내","승용차","대형","승용차","소형","957321  ","1985627 ",127.01475218,37.86945621
"2014","2014121918","03","야간","금",1,1,0,0,0,"경기","시흥시","차대사람","횡단중","횡단중","운전자법규위반","안전운전 의무 불이행","단일로","기타단일로","승합차","대형","보행자","보행자","938062  ","1933583 ",126.79952757,37.39962737
"2014","2014121921","50","야간","금",1,1,0,0,0,"서울","동대문구","차대사람","기타","기타","운전자법규위반","안전운전 의무 불이행","단일로","기타단일로","승용차","중형","보행자","보행자","959921  ","1953066 ",127.04610692,37.57610071
"2014","2014122009","04","주간","토",1,2,1,0,0,"충남","공주시","차대차","정면충돌","정면충돌","운전자법규위반","중앙선 침범","단일로","교량위","승용차","소형","화물차","소형","960457  ","1825549 ",127.05886833,36.42666591
"2014","2014122007","30","주간","토",1,2,1,0,0,"경북","영천시","차대차","기타","기타","운전자법규위반","중앙선 침범","단일로","기타단일로","원동기장치자전거","원동기장치자전거","화물차","대형","1125356 ","1767826 ",128.88852195,35.90370993
"2014","2014121706","50","주간","수",1,1,0,0,0,"서울","서대문구","차대사람","횡단중","횡단중","운전자법규위반","안전운전 의무 불이행","단일로","횡단보도부근","승합차","대형","보행자","보행자","948367  ","1952341 ",126.91531496,37.56899061
"2014","2014122616","47","주간","금",1,1,0,0,0,"서울","서대문구","차대사람","횡단중","횡단중","운전자법규위반","안전운전 의무 불이행","단일로","기타단일로","승합차","대형","보행자","보행자","950437  ","1951350 ",126.93882132,37.56017236
"2014","2014122610","40","주간","금",1,2,0,1,0,"충남","당진시","차대차","추돌","진행중 추돌","운전자법규위반","안전운전 의무 불이행","단일로","기타단일로","화물차","소형","화물차","중형","941753  ","1876346 ",126.84636218,36.88361566
"2014","2014122513","45","주간","목",1,1,0,0,0,"강원","강릉시","차대사람","횡단중","횡단중","운전자법규위반","보행자 보호의무 위반","교차로","교차로내","화물차","소형","보행자","보행자","1123535 ","1973371 ",128.90230409,37.75159775
"2014","2014122518","40","야간","목",1,1,0,0,0,"충남","천안시","차대사람","기타","기타","운전자법규위반","안전운전 의무 불이행","단일로","기타단일로","승용차","소형","보행자","보행자","969585  ","1867195 ",127.15904803,36.80224208
"2014","2014122518","00","야간","목",1,1,0,0,0,"충북","청주시","차대차","측면직각충돌","측면직각충돌","운전자법규위반","안전운전 의무 불이행","단일로","기타단일로","승용차","경형","자전거","자전거","998799  ","1851785 ",127.48656089,36.66400073
"2014","2014122218","00","야간","월",1,1,0,0,0,"경기","양평군","차량단독","전도전복","전도전복","운전자법규위반","안전운전 의무 불이행","단일로","기타단일로","승용차","대형","00","00","992284  ","1956080 ",127.41258363,37.60410771
"2014","2014122411","20","주간","수",1,1,0,0,0,"대구","달성군","차량단독","기타","기타","운전자법규위반","안전운전 의무 불이행","단일로","기타단일로","농기계","농기계","00","00","1087750 ","1765812 ",128.4721948,35.88497495
"2014","2014122316","13","주간","화",1,1,0,0,0,"경남","창원시(통합)","차대차","기타","기타","운전자법규위반","중앙선 침범","단일로","기타단일로","화물차","중형","화물차","소형","1087645 ","1688282 ",128.46264411,35.18602395
"2014","2014111601","55","야간","일",1,1,0,0,0,"대구","달서구","차대차","추돌","주정차중 추돌","운전자법규위반","안전운전 의무 불이행","단일로","기타단일로","원동기장치자전거","원동기장치자전거","화물차","대형","1096981 ","1762768 ",128.57408057,35.8566634
"2014","2014111513","35","주간","토",1,1,0,0,0,"전북","전주시","차대사람","횡단중","횡단중","운전자법규위반","안전운전 의무 불이행","교차로","교차로부근","승용차","중형","보행자","보행자","966139  ","1756329 ",127.12523096,35.80282511
"2014","2014112406","50","주간","월",1,1,0,0,0,"전남","순천시","차대사람","횡단중","횡단중","운전자법규위반","안전운전 의무 불이행","단일로","횡단보도부근","화물차","소형","보행자","보행자","998927  ","1663005 ",127.48824675,34.96191825
"2014","2014112418","15","야간","월",1,1,0,0,0,"전북","정읍시","차대사람","횡단중","횡단중","운전자법규위반","안전운전 의무 불이행","단일로","기타단일로","승용차","중형","보행자","보행자","939812  ","1731896 ",126.8356902,35.58128077
"2014","2014112607","00","주간","수",2,7,5,0,0,"충남","태안군","차대차","정면충돌","정면충돌","운전자법규위반","중앙선 침범","단일로","기타단일로","승용차","중형","건설기계","건설기계","892128  ","1853916 ",126.29274087,36.6770923
"2014","2014112209","30","주간","토",1,1,0,0,0,"충남","당진시","차대차","측면직각충돌","측면직각충돌","운전자법규위반","교차로 통행방법 위반","교차로","교차로내","건설기계","건설기계","원동기장치자전거","원동기장치자전거","922341  ","1877060 ",126.62847093,36.88865359
"2014","2014112019","05","야간","목",1,1,0,0,0,"전남","장흥군","차대차","추돌","진행중 추돌","운전자법규위반","안전운전 의무 불이행","단일로","기타단일로","화물차","소형","자전거","자전거","939993  ","1645200 ",126.84400141,34.79959217
"2014","2014112014","00","주간","목",1,1,0,0,0,"광주","남구","차량단독","공작물충돌","공작물충돌","운전자법규위반","안전운전 의무 불이행","기타/불명","기타/불명","화물차","소형","00","00","943254  ","1677369 ",126.87730666,35.08984591
"2014","2014112722","50","야간","목",1,2,0,1,0,"충북","영동군","차량단독","공작물충돌","공작물충돌","운전자법규위반","안전운전 의무 불이행","단일로","기타단일로","화물차","소형","00","00","1020668 ","1800726 ",127.72760867,36.20354556
"2014","2014120703","50","야간","일",1,3,1,0,1,"경남","창원시(통합)","차량단독","공작물충돌","공작물충돌","운전자법규위반","안전운전 의무 불이행","교차로","교차로부근","이륜차","소형","00","00","1091468 ","1692827 ",128.50513306,35.2266595
"2014","2014120605","30","야간","토",1,1,0,0,0,"대구","달서구","차대차","추돌","진행중 추돌","운전자법규위반","안전운전 의무 불이행","단일로","기타단일로","화물차","대형","화물차","소형","1092525 ","1763129 ",128.52477877,35.86034872
"2014","2014120519","03","야간","금",1,1,0,0,0,"전북","전주시","차대차","기타","기타","운전자법규위반","안전운전 의무 불이행","단일로","기타단일로","승용차","중형","승용차","중형","966733  ","1755135 ",127.13185482,35.79208024
"2014","2014120511","40","주간","금",1,2,1,0,0,"충남","금산군","차량단독","공작물충돌","공작물충돌","운전자법규위반","안전운전 의무 불이행","단일로","기타단일로","화물차","소형","00","00","1001907 ","1799643 ",127.52121094,36.19392403
"2014","2014120503","30","야간","금",1,1,0,0,0,"경기","용인시","차량단독","공작물충돌","공작물충돌","운전자법규위반","안전운전 의무 불이행","교차로","교차로부근","승용차","중형","00","00","976867  ","1926659 ",127.2388462,37.33865949
"2014","2014121422","35","야간","일",1,1,0,0,0,"울산","울주군","차대사람","차도통행중","차도통행중","운전자법규위반","안전운전 의무 불이행","단일로","기타단일로","승용차","소형","보행자","보행자","1161712 ","1716404 ",129.28143539,35.4302817
"2014","2014120905","15","야간","화",1,1,0,0,0,"광주","북구","차대사람","횡단중","횡단중","운전자법규위반","안전운전 의무 불이행","교차로","교차로내","화물차","소형","보행자","보행자","946374  ","1686250 ",126.91111075,35.17009554
"2014","2014121019","20","야간","수",1,1,0,0,0,"인천","중구","차대사람","기타","기타","운전자법규위반","안전운전 의무 불이행","단일로","기타단일로","화물차","대형","보행자","보행자","922029  ","1938254 ",126.61858793,37.44017656
"2014","2014120904","25","야간","화",1,1,0,0,0,"서울","성동구","차대차","기타","기타","운전자법규위반","안전운전 의무 불이행","단일로","기타단일로","승용차","중형","승용차","중형","958896  ","1949144 ",127.03471905,37.54070542
"2014","2014122001","00","야간","토",1,1,0,0,0,"대전","서구","차대사람","횡단중","횡단중","운전자법규위반","안전운전 의무 불이행","단일로","기타단일로","승용차","대형","보행자","보행자","984192  ","1811306 ",127.32393747,36.2989449
"2014","2014122007","03","주간","토",1,1,0,0,0,"경북","영천시","차대사람","기타","기타","운전자법규위반","안전운전 의무 불이행","고가도로위","고가도로위","승합차","소형","보행자","보행자","1125284 ","1772028 ",128.88892523,35.93691737
"2014","2014121923","34","야간","금",1,4,0,2,1,"광주","동구","차대차","측면직각충돌","측면직각충돌","운전자법규위반","앞지르기 금지위반","교차로","교차로내","승용차","대형","승용차","대형","946252  ","1684426 ",126.90988988,35.15364252
"2014","2014121921","10","야간","금",1,3,0,2,0,"전남","나주시","차대차","측면직각충돌","측면직각충돌","운전자법규위반","안전운전 의무 불이행","단일로","기타단일로","승용차","중형","승합차","소형","928853  ","1671173 ",126.71945126,35.03290047
"2014","2014121902","28","야간","금",1,2,0,1,0,"대전","중구","차대사람","횡단중","횡단중","운전자법규위반","안전운전 의무 불이행","단일로","횡단보도부근","승용차","중형","보행자","보행자","993419  ","1814440 ",127.42667714,36.32730653
"2014","2014121913","05","주간","금",1,5,3,1,0,"전북","남원시","차대차","측면직각충돌","측면직각충돌","운전자법규위반","직진 및 우회전차의 통행방해","교차로","교차로내","승용차","경형","승용차","중형","994483  ","1714371 ",127.43922486,35.42507862
"2014","2014121906","08","주간","금",1,1,0,0,0,"경남","창원시(통합)","차대차","추돌","주정차중 추돌","운전자법규위반","안전운전 의무 불이행","교차로","교차로부근","화물차","소형","화물차","대형","1109899 ","1706153 ",128.70941824,35.3449425
"2014","2014121907","07","주간","금",1,1,0,0,0,"경기","부천시","차대사람","횡단중","횡단중","운전자법규위반","안전운전 의무 불이행","교차로","교차로내","승용차","중형","보행자","보행자","936883  ","1945598 ",126.78540819,37.50860687
"2014","2014121921","18","야간","금",1,1,0,0,0,"경북","경주시","차대차","기타","기타","운전자법규위반","안전운전 의무 불이행","교차로","교차로내","이륜차","소형","화물차","대형","1164730 ","1744005 ",129.32028347,35.67852872
"2014","2014122005","03","야간","토",1,1,0,0,0,"경기","의정부시","차대사람","횡단중","횡단중","운전자법규위반","안전운전 의무 불이행","단일로","기타단일로","화물차","소형","보행자","보행자","959911  ","1972272 ",127.04493815,37.74920651
"2014","2014122302","20","야간","화",1,1,0,0,0,"경기","화성시","차대사람","기타","기타","운전자법규위반","안전운전 의무 불이행","단일로","기타단일로","승용차","중형","보행자","보행자","944747  ","1914336 ",126.87716599,37.22623052
"2014","2014112218","00","야간","토",1,1,0,0,0,"경남","창원시(통합)","차대차","추돌","진행중 추돌","운전자법규위반","안전운전 의무 불이행","단일로","기타단일로","승용차","중형","농기계","농기계","1107799 ","1706404 ",128.6855514,35.34805516
"2014","2014121315","20","주간","토",1,1,0,0,0,"경기","남양주시","차대차","추돌","진행중 추돌","운전자법규위반","안전운전 의무 불이행","단일로","기타단일로","승용차","소형","화물차","대형","983880  ","1961598 ",127.31725133,37.65373485
"2014","2014122610","05","주간","금",1,2,0,1,0,"광주","광산구","차대차","측면직각충돌","측면직각충돌","운전자법규위반","차로위반(진로변경 위반)","단일로","기타단일로","화물차","소형","승용차","중형","936710  ","1687657 ",126.80488481,35.1822194
"2014","2014062610","20","주간","목",1,2,1,0,0,"충북","옥천군","차대차","측면직각충돌","측면직각충돌","운전자법규위반","신호위반","교차로","교차로내","이륜차","소형","이륜차","소형","1009419 ","1808278 ",127.60486828,36.27172958
"2014","2014122516","50","주간","목",1,1,0,0,0,"서울","영등포구","차대사람","기타","기타","운전자법규위반","안전운전 의무 불이행","단일로","기타단일로","승용차","중형","보행자","보행자","946139  ","1947332 ",126.89045441,37.52371643