"발생년","발생년월일시","발생분","주야","요일","사망자수","사상자수","중상자수","경상자수","부상신고자수","발생지시도","발생지시군구","사고유형_대분류","사고유형_중분류","사고유형","법규위반_대분류","법규위반","도로형태_대분류","도로형태","당사자종별_1당_대분류","당사자종별_1당","당사자종별_2당_대분류","당사자종별_2당","발생위치X_UTMK","발생위치Y_UTMK","경도","위도"
"2014","2014122518","05","야간","목",1,1,0,0,0,"충남","논산시","차대사람","횡단중","횡단중","운전자법규위반","안전운전 의무 불이행","교차로","교차로내","화물차","소형","보행자","보행자","969809  ","1796041 ",127.16433653,36.16098098
"2014","2014122616","50","주간","금",1,2,1,0,0,"충남","공주시","차대차","정면충돌","정면충돌","운전자법규위반","중앙선 침범","단일로","기타단일로","화물차","소형","화물차","중형","951227  ","1834652 ",126.95533083,36.5083031
"2014","2014122804","00","야간","일",1,1,0,0,0,"인천","연수구","차량단독","공작물충돌","공작물충돌","운전자법규위반","안전운전 의무 불이행","단일로","기타단일로","승용차","중형","00","00","922637  ","1930883 ",126.62623215,37.37379458
"2014","2014122719","04","야간","토",1,1,0,0,0,"경북","안동시","차대차","기타","기타","운전자법규위반","안전운전 의무 불이행","단일로","기타단일로","승용차","중형","승용차","중형","1128497 ","1822892 ",128.93285658,36.3949313
"2014","2014112406","01","주간","월",1,1,0,0,0,"서울","은평구","차대차","측면직각충돌","측면직각충돌","운전자법규위반","부당한 회전","교차로","교차로내","자전거","자전거","승합차","대형","945892  ","1954372 ",126.88713981,37.58715395
"2014","2014112417","46","주간","월",1,1,0,0,0,"경남","고성군","차대사람","횡단중","횡단중","운전자법규위반","기타(운전자법규위반)","단일로","기타단일로","원동기장치자전거","원동기장치자전거","보행자","보행자","1080367 ","1669250 ",128.38086749,35.01503621
"2014","2014112522","10","야간","화",1,1,0,0,0,"경북","경주시","차대사람","횡단중","횡단중","운전자법규위반","안전운전 의무 불이행","단일로","기타단일로","화물차","소형","보행자","보행자","1165773 ","1744475 ",129.33190031,35.68258949
"2014","2014112115","25","주간","금",1,2,1,0,0,"인천","서구","차대차","측면직각충돌","측면직각충돌","운전자법규위반","교차로 통행방법 위반","교차로","교차로내","화물차","경형","건설기계","건설기계","921839  ","1955113 ",126.63692497,37.57759477
"2014","2014112007","40","주간","목",1,2,0,1,0,"충남","아산시","차대차","정면충돌","정면충돌","운전자법규위반","중앙선 침범","기타/불명","기타/불명","승용차","중형","화물차","대형","945729  ","1865380 ",126.89176095,36.78500329
"2014","2014112922","44","야간","토",1,1,0,0,0,"충북","옥천군","차량단독","기타","기타","운전자법규위반","안전운전 의무 불이행","단일로","기타단일로","승용차","경형","00","00","1008305 ","1812445 ",127.5925097,36.30930737
"2014","2014120621","20","야간","토",1,1,0,0,0,"전남","순천시","차대사람","기타","기타","운전자법규위반","안전운전 의무 불이행","교차로","교차로부근","화물차","소형","보행자","보행자","978964  ","1662980 ",127.26958083,34.96147481
"2014","2014120704","30","야간","일",1,1,0,0,0,"대구","북구","차대차","기타","기타","운전자법규위반","신호위반","단일로","기타단일로","승용차","소형","자전거","자전거","1101284 ","1766770 ",128.61847217,35.89792837
"2014","2014120513","18","주간","금",1,1,0,0,0,"전남","진도군","차량단독","도로이탈","도로이탈 추락","운전자법규위반","안전운전 의무 불이행","단일로","기타단일로","농기계","농기계","00","00","885414  ","1606654 ",126.25264949,34.44738928
"2014","2014021412","55","주간","금",1,1,0,0,0,"충북","제천시","차대차","기타","기타","운전자법규위반","앞지르기 금지위반","교차로","교차로내","이륜차","소형","승용차","대형","1063394 ","1905365 ",128.21383508,37.14485277
"2014","2014021414","20","주간","금",1,3,1,1,0,"경기","포천시","차량단독","공작물충돌","공작물충돌","운전자법규위반","안전운전 의무 불이행","단일로","기타단일로","승용차","중형","00","00","979728  ","2005135 ",127.26896018,38.04605403
"2014","2014021606","48","주간","일",1,3,2,0,0,"경남","진주시","차대차","정면충돌","정면충돌","운전자법규위반","중앙선 침범","단일로","기타단일로","승용차","중형","승용차","중형","1044941 ","1694447 ",127.99396655,35.24443231
"2014","2014021603","20","야간","일",1,1,0,0,0,"대전","중구","차대사람","기타","기타","운전자법규위반","안전운전 의무 불이행","단일로","기타단일로","승용차","중형","보행자","보행자","991989  ","1813838 ",127.41075086,36.3218684
"2014","2014021521","40","야간","토",1,2,0,1,0,"충북","음성군","차량단독","기타","기타","운전자법규위반","안전운전 의무 불이행","단일로","기타단일로","승용차","중형","00","00","1006875 ","1889103 ",127.57749463,37.00186457
"2014","2014092220","00","야간","월",1,1,0,0,0,"충남","당진시","차대사람","기타","기타","운전자법규위반","안전운전 의무 불이행","단일로","기타단일로","화물차","소형","보행자","보행자","923840  ","1876760 ",126.6453219,36.8860717
"2014","2014092210","30","주간","월",1,1,0,0,0,"전남","영광군","차대차","측면직각충돌","측면직각충돌","운전자법규위반","안전운전 의무 불이행","교차로","교차로내","이륜차","소형","화물차","소형","899919  ","1699796 ",126.39938523,35.28866493
"2014","2014092210","45","주간","월",1,5,2,2,0,"전북","군산시","차대차","측면직각충돌","측면직각충돌","운전자법규위반","안전운전 의무 불이행","교차로","교차로부근","화물차","소형","화물차","소형","932693  ","1778426 ",126.75239123,35.99858604
"2014","2014092222","35","야간","월",1,1,0,0,0,"경기","김포시","차대사람","횡단중","횡단중","운전자법규위반","안전운전 의무 불이행","단일로","기타단일로","승용차","중형","보행자","보행자","919150  ","1961371 ",126.58349926,37.64827012
"2014","2014092310","40","주간","화",1,1,0,0,0,"충남","금산군","차대차","측면직각충돌","측면직각충돌","운전자법규위반","신호위반","교차로","교차로내","건설기계","건설기계","화물차","소형","997935  ","1789582 ",127.47705811,36.10321655
"2014","2014100302","05","야간","금",1,1,0,0,0,"충북","청주시","차대사람","기타","기타","운전자법규위반","안전운전 의무 불이행","교차로","교차로부근","승용차","중형","보행자","보행자","985846  ","1846836 ",127.34170927,36.61928125
"2014","2014100115","10","주간","수",1,1,0,0,0,"경북","봉화군","차량단독","전도전복","전도전복","운전자법규위반","안전운전 의무 불이행","단일로","기타단일로","화물차","소형","00","00","1105989 ","1881327 ",128.69000608,36.92435363
"2014","2014082102","50","야간","목",1,1,0,0,0,"서울","노원구","차대사람","기타","기타","운전자법규위반","안전운전 의무 불이행","단일로","기타단일로","승용차","중형","보행자","보행자","961289  ","1961913 ",127.06113062,37.65589925
"2014","2014081820","02","야간","월",1,1,0,0,0,"제주","제주시","차대사람","횡단중","횡단중","운전자법규위반","안전운전 의무 불이행","단일로","기타단일로","승용차","중형","보행자","보행자","904925  ","1499626 ",126.4766334,33.48424562
"2014","2014081815","40","주간","월",1,1,0,0,0,"경기","군포시","차대사람","횡단중","횡단중","운전자법규위반","안전운전 의무 불이행","단일로","횡단보도부근","화물차","대형","보행자","보행자","950840  ","1928255 ",126.94492473,37.3520316
"2014","2014082623","50","야간","화",1,1,0,0,0,"서울","동대문구","차량단독","공작물충돌","공작물충돌","운전자법규위반","안전운전 의무 불이행","단일로","기타단일로","원동기장치자전거","원동기장치자전거","00","00","960268  ","1953935 ",127.04998943,37.58394828
"2014","2014082601","50","야간","화",1,2,0,0,1,"서울","마포구","차대사람","기타","기타","운전자법규위반","안전운전 의무 불이행","단일로","횡단보도상","승용차","중형","보행자","보행자","948768  ","1950673 ",126.91997218,37.55397915
"2014","2014082604","40","야간","화",1,1,0,0,0,"강원","원주시","차대사람","횡단중","횡단중","운전자법규위반","안전운전 의무 불이행","단일로","기타단일로","승용차","중형","보행자","보행자","1040634 ","1925897 ",127.95868035,37.33119003
"2014","2014082223","43","야간","금",1,1,0,0,0,"전남","목포시","차대사람","횡단중","횡단중","운전자법규위반","보행자 보호의무 위반","교차로","교차로내","승합차","소형","보행자","보행자","901889  ","1645359 ",126.4274807,34.79806795
"2014","2014082312","56","주간","토",1,1,0,0,0,"충북","영동군","차량단독","공작물충돌","공작물충돌","운전자법규위반","안전운전 의무 불이행","단일로","기타단일로","원동기장치자전거","원동기장치자전거","00","00","1012399 ","1793247 ",127.63780887,36.13618224
"2014","2014082505","00","야간","월",1,1,0,0,0,"충북","청주시","차대사람","기타","기타","운전자법규위반","안전운전 의무 불이행","단일로","기타단일로","승용차","소형","보행자","보행자","993061  ","1849388 ",127.42237478,36.64236735
"2013","2013092802","50","야간","토",1,1,0,0,0,"경북","경주시","차대차","기타","기타","운전자법규위반","안전운전 의무 불이행","단일로","기타단일로","특수차","중형","승용차","중형","1159823 ","1757043 ",129.31402565,35.75830604
"2013","2013061405","00","야간","금",1,1,0,0,0,"서울","강북구","차량단독","공작물충돌","공작물충돌","운전자법규위반","안전운전 의무 불이행","단일로","기타단일로","승용차","대형","00","00","957111  ","1959200 ",127.01392519,37.63126093
"2014","2014042415","40","주간","목",1,1,0,0,0,"충북","청원군","차량단독","공작물충돌","공작물충돌","운전자법규위반","안전운전 의무 불이행","교차로","교차로내","승용차","중형","00","00","993381  ","1833067 ",127.42609486,36.49523456
"2014","2014060915","50","주간","월",1,2,0,1,0,"충북","청주시","차대차","측면직각충돌","측면직각충돌","운전자법규위반","교차로 통행방법 위반","단일로","기타단일로","원동기장치자전거","원동기장치자전거","승용차","대형","996918  ","1848602 ",127.46552542,36.63530188
"2013","2013042818","50","야간","일",4,6,2,0,0,"제주","서귀포시","차량단독","전도전복","전도전복","운전자법규위반","안전운전 의무 불이행","단일로","기타단일로","승용차","중형","00","00","918355  ","1485491 ",126.62245844,33.35787559
"2012","2012040220","55","야간","월",1,1,0,0,0,"강원","원주시","차대차","추돌","진행중 추돌","운전자법규위반","안전운전 의무 불이행","단일로","기타단일로","승용차","대형","자전거","자전거","1045727 ","1919476 ",128.01577319,37.27307685
"2012","2012073119","55","야간","화",1,1,0,0,0,"강원","원주시","차대사람","횡단중","횡단중","운전자법규위반","보행자 보호의무 위반","단일로","기타단일로","화물차","소형","보행자","보행자","1040104 ","1925130 ",127.95265636,37.3242996
"2012","2012101210","03","주간","금",1,1,0,0,0,"강원","원주시","차대차","측면직각충돌","측면직각충돌","운전자법규위반","안전운전 의무 불이행","교차로","교차로부근","화물차","경형","자전거","자전거","1042050 ","1923789 ",127.97454431,37.31212626
"2012","2012030311","55","주간","토",1,1,0,0,0,"경기","화성시","차대사람","기타","기타","운전자법규위반","기타(운전자법규위반)","단일로","기타단일로","승합차","대형","보행자","보행자","953757  ","1913166 ",126.97922375,37.21664561
"2013","2013121419","20","야간","토",1,2,1,0,0,"충남","당진시","차대사람","기타","기타","운전자법규위반","안전운전 의무 불이행","단일로","기타단일로","승합차","소형","보행자","보행자","926421  ","1869179 ",126.66401072,36.80531851
"2012","2012111707","50","주간","토",1,1,0,0,0,"대구","동구","차대사람","횡단중","횡단중","운전자법규위반","안전운전 의무 불이행","단일로","횡단보도부근","승용차","중형","보행자","보행자","1101188 ","1765695 ",128.62103758,35.88262306
"2013","2013120408","40","주간","수",1,2,1,0,0,"경남","함양군","차량단독","공작물충돌","공작물충돌","운전자법규위반","안전운전 의무 불이행","단일로","기타단일로","특수차","대형","00","00","1025513 ","1736305 ",127.78257774,35.62223639
"2012","2012100423","35","야간","목",1,2,1,0,0,"경남","양산시","차대차","기타","기타","운전자법규위반","중앙선 침범","단일로","기타단일로","농기계","농기계","승용차","소형","1144710 ","1702590 ",129.02073793,35.33225707
"2014","2014011218","45","야간","일",1,1,0,0,0,"충남","당진시","차량단독","도로이탈","도로이탈 기타","운전자법규위반","안전운전 의무 불이행","단일로","기타단일로","승용차","중형","00","00","940014  ","1876904 ",126.82680446,36.88853653
"2014","2014012218","25","야간","수",1,3,0,2,0,"경남","밀양시","차대차","정면충돌","정면충돌","운전자법규위반","중앙선 침범","단일로","기타단일로","승용차","경형","승용차","소형","1104205 ","1717056 ",128.6491288,35.44062517
"2014","2014012218","00","야간","수",1,1,0,0,0,"울산","울주군","차대차","기타","기타","운전자법규위반","신호위반","교차로","교차로내","원동기장치자전거","원동기장치자전거","승용차","경형","1148654 ","1729886 ",129.14011017,35.55383137
"2014","2014012209","30","주간","수",1,1,0,0,0,"인천","중구","차대사람","횡단중","횡단중","운전자법규위반","보행자 보호의무 위반","교차로","교차로부근","화물차","대형","보행자","보행자","921844  ","1942191 ",126.61607929,37.47564377
"2014","2014012120","25","야간","화",1,2,0,1,0,"대전","서구","차대차","정면충돌","정면충돌","운전자법규위반","신호위반","교차로","교차로내","이륜차","중형","승용차","중형","984736  ","1810993 ",127.3300024,36.29613183
"2014","2014011919","25","야간","일",1,1,0,0,0,"강원","화천군","차대사람","횡단중","횡단중","운전자법규위반","안전운전 의무 불이행","교차로","교차로부근","승용차","대형","보행자","보행자","1000801 ","2006716 ",127.50913079,38.06052997
"2014","2014011804","32","야간","토",1,1,0,0,0,"경북","포항시","차대차","추돌","주정차중 추돌","운전자법규위반","안전운전 의무 불이행","교차로","교차로부근","승용차","경형","화물차","대형","1168323 ","1775952 ",129.36669844,35.96581018
"2014","2014011822","55","야간","토",1,1,0,0,0,"전북","전주시","차대사람","횡단중","횡단중","운전자법규위반","과속","교차로","교차로부근","승용차","중형","보행자","보행자","967620  ","1759374 ",127.14149878,35.83032894
"2014","2014011814","03","주간","토",1,1,0,0,0,"대전","대덕구","차대차","측면직각충돌","측면직각충돌","운전자법규위반","교차로 통행방법 위반","교차로","교차로내","화물차","소형","이륜차","소형","995107  ","1817737 ",127.44546343,36.35704044
"2014","2014012115","20","주간","화",1,1,0,0,0,"경북","경주시","차대사람","기타","기타","운전자법규위반","안전운전 의무 불이행","교차로","교차로부근","승용차","중형","보행자","보행자","1181105 ","1758245 ",129.50434924,35.80397165
"2014","2014011719","58","야간","금",1,1,0,0,0,"경기","안산시","차대사람","횡단중","횡단중","운전자법규위반","신호위반","교차로","교차로내","승용차","소형","보행자","보행자","947444  ","1923484 ",126.9078636,37.31080306
"2014","2014013008","10","주간","목",1,2,0,1,0,"경기","파주시","차대차","측면직각충돌","측면직각충돌","운전자법규위반","중앙선 침범","단일로","기타단일로","승용차","경형","승용차","중형","954514  ","1999293 ",126.98197502,37.99248706
"2014","2014120215","50","주간","화",1,1,0,0,0,"전북","전주시","차대사람","길가장자리구역통행중","길가장자리구역통행중","운전자법규위반","안전운전 의무 불이행","단일로","기타단일로","화물차","소형","보행자","보행자","963991  ","1760730 ",127.10125928,35.84242804
"2014","2014120117","55","주간","월",1,1,0,0,0,"충남","논산시","차대사람","횡단중","횡단중","운전자법규위반","안전운전 의무 불이행","단일로","기타단일로","승용차","중형","보행자","보행자","966584  ","1808765 ",127.12793885,36.27558737
"2014","2014120214","10","주간","화",2,2,0,0,0,"전북","완주군","차량단독","기타","기타","운전자법규위반","안전운전 의무 불이행","단일로","기타단일로","승용차","중형","00","00","965070  ","1776701 ",127.11250561,35.98645949
"2014","2014120209","20","주간","화",1,1,0,0,0,"전남","목포시","차대사람","기타","기타","운전자법규위반","안전운전 의무 불이행","단일로","기타단일로","화물차","경형","보행자","보행자","896774  ","1646478 ",126.37143694,34.80765127
"2014","2014112902","40","야간","토",1,3,0,2,0,"대구","달성군","차대차","정면충돌","정면충돌","운전자법규위반","중앙선 침범","단일로","기타단일로","승용차","경형","승용차","중형","1089716 ","1751107 ",128.49169558,35.75253588
"2014","2014112820","27","야간","금",1,1,0,0,0,"경남","창원시(통합)","차량단독","전도전복","전도전복","운전자법규위반","안전운전 의무 불이행","단일로","기타단일로","승용차","중형","00","00","1098091 ","1680352 ",128.5764181,35.11356386
"2014","2014112920","55","야간","토",1,1,0,0,0,"경남","사천시","차대차","추돌","진행중 추돌","운전자법규위반","안전운전 의무 불이행","단일로","기타단일로","화물차","소형","승합차","소형","1052359 ","1662611 ",128.07348377,34.95701205
"2014","2014112916","25","주간","토",1,1,0,0,0,"전남","여수시","차대사람","차도통행중","차도통행중","운전자법규위반","안전운전 의무 불이행","단일로","기타단일로","승용차","중형","보행자","보행자","1019310 ","1636844 ",127.71091134,34.72582489
"2014","2014112717","37","주간","목",1,6,1,4,0,"경기","수원시","차대사람","횡단중","횡단중","운전자법규위반","안전운전 의무 불이행","단일로","횡단보도부근","승합차","대형","보행자","보행자","956652  ","1921068 ",127.01096675,37.28754049
"2014","2014120717","45","주간","일",1,1,0,0,0,"전북","전주시","차대차","기타","기타","운전자법규위반","안전운전 의무 불이행","단일로","기타단일로","승용차","중형","승용차","중형","961768  ","1763430 ",127.07651435,35.86668681
"2014","2014120417","34","주간","목",1,2,0,1,0,"경기","포천시","차대차","측면직각충돌","측면직각충돌","운전자법규위반","안전운전 의무 불이행","교차로","교차로내","승용차","중형","건설기계","건설기계","976084  ","1989587 ",127.22794767,37.90583352
"2014","2014120420","25","야간","목",1,1,0,0,0,"울산","남구","차대사람","횡단중","횡단중","운전자법규위반","신호위반","교차로","교차로내","승합차","대형","보행자","보행자","1166572 ","1728590 ",129.33744818,35.53930127
"2014","2014080203","50","야간","토",1,2,1,0,0,"경북","경산시","차대차","추돌","진행중 추돌","운전자법규위반","안전거리 미확보","단일로","기타단일로","화물차","대형","화물차","대형","1117376 ","1765271 ",128.80027947,35.87699373
"2014","2014040505","05","야간","토",1,2,1,0,0,"경기","광주시","차량단독","전도전복","전도전복","운전자법규위반","안전운전 의무 불이행","단일로","기타단일로","승용차","대형","00","00","977815  ","1941011 ",127.24911735,37.46804765
"2014","2014041611","40","주간","수",1,3,0,2,0,"경북","상주시","차량단독","전도전복","전도전복","운전자법규위반","안전운전 의무 불이행","단일로","기타단일로","승합차","소형","00","00","1063536 ","1827512 ",128.20893739,36.44307273
"2014","2014052917","17","주간","목",2,5,2,1,0,"경남","합천군","차대차","정면충돌","정면충돌","운전자법규위반","중앙선 침범","단일로","기타단일로","화물차","중형","승합차","중형","1059070 ","1748502 ",128.15318887,35.73106575
"2014","2014101410","00","주간","화",1,1,0,0,0,"서울","양천구","차대사람","횡단중","횡단중","운전자법규위반","안전운전 의무 불이행","교차로","교차로부근","화물차","소형","보행자","보행자","943303  ","1945835 ",126.85847667,37.51005386
"2014","2014101313","10","주간","월",1,1,0,0,0,"강원","춘천시","차대사람","기타","기타","운전자법규위반","안전운전 의무 불이행","교차로","교차로내","승용차","경형","보행자","보행자","1020677 ","1984365 ",127.73505831,37.858847
"2014","2014101309","40","주간","월",1,2,1,0,0,"전남","장성군","차량단독","기타","기타","운전자법규위반","안전운전 의무 불이행","단일로","기타단일로","이륜차","사발이","00","00","925235  ","1691928 ",126.67847762,35.21993882
"2014","2014101318","30","야간","월",1,1,0,0,0,"강원","평창군","차대차","측면직각충돌","측면직각충돌","운전자법규위반","안전운전 의무 불이행","단일로","기타단일로","화물차","대형","승용차","중형","1092774 ","1959906 ",128.54406843,37.6392064
"2014","2014101204","55","야간","일",1,6,2,2,1,"서울","중구","차대차","기타","기타","운전자법규위반","중앙선 침범","단일로","터널안","승용차","중형","승용차","중형","955907  ","1950718 ",127.00079129,37.55475412
"2014","2014020105","05","야간","토",2,3,1,0,0,"대구","동구","차대차","추돌","진행중 추돌","운전자법규위반","안전운전 의무 불이행","단일로","기타단일로","승용차","중형","승용차","소형","1105975 ","1767884 ",128.67435322,35.90184853
"2014","2014012921","00","야간","수",1,2,0,1,0,"대구","달성군","차대차","추돌","주정차중 추돌","운전자법규위반","안전운전 의무 불이행","단일로","기타단일로","승용차","중형","승합차","대형","1084818 ","1747857 ",128.43780997,35.7233687
"2014","2014012914","05","주간","수",1,3,1,1,0,"서울","금천구","차대차","추돌","주정차중 추돌","운전자법규위반","안전거리 미확보","교차로","교차로부근","승합차","대형","이륜차","중형","946780  ","1940347 ",126.89821358,37.46079659
"2014","2014012918","16","야간","수",1,1,0,0,0,"전남","강진군","차량단독","도로이탈","도로이탈 기타","운전자법규위반","안전운전 의무 불이행","교차로","교차로부근","농기계","농기계","00","00","928555  ","1612567 ",126.72172545,34.50459827
"2014","2014012902","55","야간","수",1,1,0,0,0,"부산","기장군","차대차","추돌","주정차중 추돌","운전자법규위반","안전운전 의무 불이행","단일로","기타단일로","승용차","중형","화물차","대형","1152551 ","1695412 ",129.17664313,35.24252611
"2014","2014013011","10","주간","목",1,2,1,0,0,"경기","여주시","차량단독","공작물충돌","공작물충돌","운전자법규위반","안전운전 의무 불이행","단일로","기타단일로","승용차","중형","00","00","1002169 ","1936327 ",127.52451481,37.42609104
"2014","2014013119","05","야간","금",1,4,3,0,0,"강원","동해시","차대차","기타","기타","운전자법규위반","과속","단일로","기타단일로","승용차","중형","승용차","경형","1143726 ","1946584 ",129.12614475,37.50735208
"2014","2014012617","30","주간","일",1,5,1,3,0,"전남","무안군","차대차","추돌","주정차중 추돌","운전자법규위반","안전운전 의무 불이행","교차로","교차로부근","화물차","소형","승용차","대형","902276  ","1655575 ",126.43051964,34.89021362
"2014","2014021005","49","야간","월",1,1,0,0,0,"부산","사하구","차대차","기타","기타","운전자법규위반","중앙선 침범","단일로","횡단보도상","자전거","자전거","화물차","소형","1136612 ","1678057 ",128.99864555,35.08838643
"2014","2014020908","15","주간","일",1,1,0,0,0,"충남","홍성군","차대차","기타","기타","운전자법규위반","안전운전 의무 불이행","교차로","교차로부근","화물차","소형","원동기장치자전거","원동기장치자전거","925865  ","1845456 ",126.671085,36.60406285
"2014","2014020606","05","주간","목",1,1,0,0,0,"전남","목포시","차대사람","횡단중","횡단중","운전자법규위반","안전운전 의무 불이행","교차로","교차로내","승용차","중형","보행자","보행자","899424  ","1645789 ",126.40048694,34.80170443
"2014","2014020906","40","주간","일",1,4,2,1,0,"대구","달성군","차대차","정면충돌","정면충돌","운전자법규위반","안전운전 의무 불이행","단일로","기타단일로","승용차","소형","승용차","소형","1085776 ","1762321 ",128.43797636,35.85430498
"2014","2014012923","15","야간","수",1,2,1,0,0,"경기","이천시","차대차","추돌","진행중 추돌","운전자법규위반","안전운전 의무 불이행","단일로","기타단일로","화물차","중형","승용차","경형","995002  ","1911693 ",127.44367674,37.20403056
"2014","2014091215","35","주간","금",1,1,0,0,0,"경남","김해시","차대사람","기타","기타","운전자법규위반","안전운전 의무 불이행","단일로","기타단일로","승용차","중형","보행자","보행자","1119044 ","1692392 ",128.80803796,35.21984303
"2014","2014091707","35","주간","수",1,4,3,0,0,"충북","제천시","차대차","기타","기타","운전자법규위반","안전운전 의무 불이행","기타/불명","기타/불명","승용차","중형","화물차","소형","1055609 ","1911099 ",128.12660543,37.19703243
"2014","2014102000","10","야간","월",1,1,0,0,0,"경기","성남시","차량단독","공작물충돌","공작물충돌","운전자법규위반","안전운전 의무 불이행","단일로","기타단일로","승용차","중형","00","00","964588  ","1933554 ",127.09989836,37.40042139
"2014","2014051908","15","주간","월",1,2,0,1,0,"충북","진천군","차대차","기타","기타","운전자법규위반","안전거리 미확보","단일로","기타단일로","승용차","경형","승용차","대형","998284  ","1873491 ",127.48074923,36.85967501
"2014","2014051217","15","주간","월",1,3,1,1,0,"울산","울주군","차대차","기타","기타","운전자법규위반","안전운전 의무 불이행","단일로","기타단일로","화물차","중형","화물차","대형","1158589 ","1730524 ",129.24980446,35.55804069
"2014","2014050302","23","야간","토",1,4,1,2,0,"전남","장성군","차대차","기타","기타","운전자법규위반","안전운전 의무 불이행","단일로","기타단일로","승용차","대형","승용차","대형","939799  ","1699826 ",126.83791822,35.29213096
"2014","2014101203","15","야간","일",1,5,3,1,0,"경기","안양시","차대차","추돌","진행중 추돌","운전자법규위반","안전운전 의무 불이행","교차로","교차로내","승용차","중형","승용차","중형","952162  ","1932906 ",126.9595504,37.39402229
"2014","2014101119","15","야간","토",1,1,0,0,0,"경북","구미시","차대사람","기타","기타","운전자법규위반","안전운전 의무 불이행","교차로","교차로내","승용차","소형","보행자","보행자","1077316 ","1790913 ",128.35905816,36.11213877
"2014","2014101100","45","야간","토",1,1,0,0,0,"경기","수원시","차대사람","횡단중","횡단중","운전자법규위반","안전운전 의무 불이행","단일로","기타단일로","승용차","소형","보행자","보행자","953291  ","1917918 ",126.97324869,37.25898483
"2014","2014102116","50","주간","화",1,1,0,0,0,"강원","삼척시","차량단독","공작물충돌","공작물충돌","운전자법규위반","안전운전 의무 불이행","단일로","기타단일로","승용차","중형","00","00","1159925 ","1921428 ",129.30390333,37.2780483
"2014","2014101817","30","주간","토",1,1,0,0,0,"전남","광양시","차량단독","전도전복","전도전복","운전자법규위반","안전운전 의무 불이행","단일로","기타단일로","농기계","농기계","00","00","1006481 ","1672793 ",127.57106676,35.05016064
"2014","2014101711","20","주간","금",1,1,0,0,0,"경북","경주시","차대사람","기타","기타","운전자법규위반","안전운전 의무 불이행","단일로","기타단일로","화물차","소형","보행자","보행자","1165999 ","1743944 ",129.33428706,35.67776621
"2014","2014102718","50","야간","월",1,1,0,0,0,"제주","서귀포시","차대사람","횡단중","횡단중","운전자법규위반","안전운전 의무 불이행","단일로","기타단일로","승용차","중형","보행자","보행자","920161  ","1475403 ",126.64275882,33.26702848
"2014","2014102517","15","주간","토",1,1,0,0,0,"경기","양주시","차대차","정면충돌","정면충돌","운전자법규위반","안전운전 의무 불이행","교차로","교차로부근","자전거","자전거","화물차","소형","954970  ","1980348 ",126.98835179,37.82176456
"2014","2014102615","25","주간","일",1,1,0,0,0,"경북","예천군","차대차","추돌","진행중 추돌","운전자법규위반","안전운전 의무 불이행","단일로","기타단일로","승용차","소형","농기계","농기계","1088531 ","1855573 ",128.49102677,36.69402539
"2014","2014102412","10","주간","금",1,3,1,1,0,"전북","김제시","차대차","추돌","주정차중 추돌","운전자법규위반","안전운전 의무 불이행","단일로","기타단일로","화물차","소형","특수차","대형","952987  ","1765488 ",126.97913138,35.88485903
"2014","2014102605","40","야간","일",1,2,1,0,0,"울산","북구","차량단독","기타","기타","운전자법규위반","안전운전 의무 불이행","단일로","기타단일로","이륜차","소형","00","00","1174908 ","1736330 ",129.43103045,35.60761408
"2014","2014102200","40","야간","수",1,2,0,1,0,"전남","화순군","차대사람","기타","기타","운전자법규위반","안전운전 의무 불이행","단일로","기타단일로","승용차","중형","보행자","보행자","957089  ","1670109 ",127.02960931,35.02506715
"2014","2014102419","45","야간","금",1,1,0,0,0,"전북","임실군","차대차","추돌","진행중 추돌","운전자법규위반","안전운전 의무 불이행","단일로","기타단일로","승용차","대형","자전거","자전거","981224  ","1735842 ",127.29266729,35.61851228
"2014","2014103121","44","야간","금",1,1,0,0,0,"전북","군산시","차대사람","횡단중","횡단중","운전자법규위반","보행자 보호의무 위반","단일로","횡단보도상","승용차","중형","보행자","보행자","926113  ","1775435 ",126.67956211,35.97525529
"2014","2014103123","55","야간","금",1,1,0,0,0,"경남","통영시","차대사람","횡단중","횡단중","운전자법규위반","보행자 보호의무 위반","교차로","교차로부근","이륜차","중형","보행자","보행자","1084253 ","1650132 ",128.42152586,34.84234456
"2014","2014110219","55","야간","일",1,1,0,0,0,"강원","동해시","차대사람","기타","기타","운전자법규위반","안전운전 의무 불이행","단일로","기타단일로","승용차","소형","보행자","보행자","1141775 ","1945003 ",129.10377394,37.49340886
"2014","2014110305","30","야간","월",1,1,0,0,0,"경기","용인시","차대사람","횡단중","횡단중","운전자법규위반","안전운전 의무 불이행","단일로","기타단일로","승용차","중형","보행자","보행자","973521  ","1914917 ",127.20149124,37.2327292
"2014","2014103106","10","주간","금",1,1,0,0,0,"경기","고양시","차대사람","횡단중","횡단중","운전자법규위반","안전운전 의무 불이행","단일로","횡단보도상","화물차","소형","보행자","보행자","934295  ","1963962 ",126.754932,37.67283073
"2014","2014110207","40","주간","일",1,1,0,0,0,"부산","중구","차대차","측면직각충돌","측면직각충돌","운전자법규위반","부당한 회전","단일로","기타단일로","승용차","중형","이륜차","중형","1139329 ","1679804 ",129.02873592,35.10376204
"2014","2014103018","20","야간","목",1,1,0,0,0,"충남","보령시","차대차","기타","기타","운전자법규위반","중앙선 침범","단일로","기타단일로","농기계","농기계","화물차","소형","914642  ","1803768 ",126.55020035,36.22734553