"발생년","발생년월일시","발생분","주야","요일","사망자수","사상자수","중상자수","경상자수","부상신고자수","발생지시도","발생지시군구","사고유형_대분류","사고유형_중분류","사고유형","법규위반_대분류","법규위반","도로형태_대분류","도로형태","당사자종별_1당_대분류","당사자종별_1당","당사자종별_2당_대분류","당사자종별_2당","발생위치X_UTMK","발생위치Y_UTMK","경도","위도"
"2014","2014102919","30","야간","수",1,2,0,1,0,"경북","경산시","차대사람","기타","기타","운전자법규위반","안전운전 의무 불이행","단일로","기타단일로","승합차","대형","보행자","보행자","1116226 ","1764844 ",128.7874805,35.87328203
"2014","2014110716","09","주간","금",1,1,0,0,0,"부산","중구","차대사람","기타","기타","운전자법규위반","안전운전 의무 불이행","단일로","횡단보도부근","화물차","소형","보행자","보행자","1139397 ","1679179 ",129.02937654,35.09811883
"2014","2014110814","20","주간","토",1,1,0,0,0,"강원","원주시","차대차","기타","기타","운전자법규위반","안전운전 의무 불이행","단일로","기타단일로","승용차","경형","이륜차","사발이","1023477 ","1912717 ",127.77215203,37.2212493
"2014","2014111208","45","주간","수",1,1,0,0,0,"경남","진주시","차대사람","횡단중","횡단중","운전자법규위반","안전운전 의무 불이행","교차로","교차로부근","승합차","소형","보행자","보행자","1056168 ","1688336 ",128.1169447,35.18876535
"2014","2014111121","55","야간","화",1,1,0,0,0,"충남","천안시","차대사람","기타","기타","운전자법규위반","안전운전 의무 불이행","단일로","기타단일로","승합차","소형","보행자","보행자","973513  ","1875525 ",127.20356308,36.87772374
"2014","2014111310","50","주간","목",1,2,1,0,0,"경기","포천시","차대차","추돌","진행중 추돌","운전자법규위반","중앙선 침범","단일로","기타단일로","승용차","중형","화물차","소형","980443  ","2012854 ",127.27689769,38.11563885
"2014","2014111317","25","주간","목",1,1,0,0,0,"충남","논산시","차량단독","전도전복","전도전복","운전자법규위반","안전운전 의무 불이행","고가도로위","고가도로위","이륜차","소형","00","00","962514  ","1800198 ",127.08303393,36.19820332
"2014","2014110900","30","야간","일",1,1,0,0,0,"충남","천안시","차대차","기타","기타","운전자법규위반","안전운전 의무 불이행","지하도로내","지하도로내","승용차","중형","이륜차","소형","971363  ","1878759 ",127.17854209,36.90673063
"2014","2014110816","57","주간","토",1,1,0,0,0,"서울","양천구","차대사람","횡단중","횡단중","운전자법규위반","안전운전 의무 불이행","단일로","기타단일로","이륜차","중형","보행자","보행자","942829  ","1947075 ",126.85301722,37.52120081
"2014","2014111018","00","야간","월",1,1,0,0,0,"전북","전주시","차대사람","길가장자리구역통행중","길가장자리구역통행중","운전자법규위반","신호위반","단일로","기타단일로","화물차","소형","보행자","보행자","972171  ","1755472 ",127.1920212,35.79528787
"2014","2014100718","00","야간","화",1,1,0,0,0,"서울","서초구","차대사람","횡단중","횡단중","운전자법규위반","안전운전 의무 불이행","교차로","교차로부근","승합차","대형","보행자","보행자","958409  ","1942913 ",127.0297728,37.48419149
"2014","2014101416","30","주간","화",1,1,0,0,0,"경북","상주시","차량단독","기타","기타","운전자법규위반","안전운전 의무 불이행","단일로","기타단일로","원동기장치자전거","원동기장치자전거","00","00","1061726 ","1828059 ",128.1888442,36.44710291
"2014","2014101420","08","야간","화",1,1,0,0,0,"강원","평창군","차대사람","기타","기타","운전자법규위반","안전운전 의무 불이행","단일로","기타단일로","화물차","소형","보행자","보행자","1079540 ","1932737 ",128.39855238,37.39031999
"2014","2014101400","55","야간","화",1,3,1,1,0,"경남","창원시(통합)","차대차","정면충돌","정면충돌","운전자법규위반","중앙선 침범","단일로","기타단일로","원동기장치자전거","원동기장치자전거","승용차","소형","1097134 ","1688978 ",128.56629722,35.19070089
"2014","2014101216","00","주간","일",1,1,0,0,0,"경기","양평군","차량단독","도로이탈","도로이탈 추락","운전자법규위반","안전운전 의무 불이행","단일로","기타단일로","이륜차","사발이","00","00","1010868 ","1959988 ",127.62318416,37.63930046
"2014","2014101220","25","야간","일",1,1,0,0,0,"울산","울주군","차대차","기타","기타","운전자법규위반","안전운전 의무 불이행","단일로","기타단일로","승용차","대형","이륜차","소형","1155896 ","1722525 ",129.21856514,35.48637649
"2014","2014101917","53","주간","일",1,1,0,0,0,"경북","영주시","차대사람","횡단중","횡단중","운전자법규위반","안전운전 의무 불이행","단일로","기타단일로","승용차","중형","보행자","보행자","1099653 ","1869044 ",128.61726702,36.81433942
"2014","2014093008","15","주간","화",1,1,0,0,0,"서울","동작구","차대차","정면충돌","정면충돌","운전자법규위반","중앙선 침범","단일로","기타단일로","이륜차","소형","화물차","소형","949842  ","1944776 ",126.9325338,37.50088752
"2014","2014092919","55","야간","월",1,1,0,0,0,"전남","영광군","차대차","정면충돌","정면충돌","운전자법규위반","중앙선 침범","단일로","기타단일로","원동기장치자전거","원동기장치자전거","승용차","중형","906721  ","1704028 ",126.47369557,35.32747614
"2014","2014093007","35","주간","화",1,2,1,0,0,"경기","안성시","차대차","측면직각충돌","측면직각충돌","운전자법규위반","중앙선 침범","단일로","기타단일로","승용차","중형","화물차","소형","981339  ","1893391 ",127.29016269,37.0388797
"2014","2014093019","00","야간","화",1,1,0,0,0,"전북","정읍시","차대사람","기타","기타","운전자법규위반","안전운전 의무 불이행","단일로","기타단일로","화물차","중형","보행자","보행자","942624  ","1734340 ",126.86655163,35.60348293
"2014","2014081921","35","야간","화",1,1,0,0,0,"경기","용인시","차대사람","횡단중","횡단중","운전자법규위반","안전운전 의무 불이행","단일로","기타단일로","승용차","중형","보행자","보행자","974502  ","1917715 ",127.21245452,37.25797757
"2014","2014092121","40","야간","일",1,1,0,0,0,"전남","보성군","차대차","추돌","진행중 추돌","운전자법규위반","안전운전 의무 불이행","단일로","기타단일로","승용차","소형","화물차","대형","960681  ","1644816 ",127.07017419,34.79713834
"2014","2014091612","40","주간","화",1,1,0,0,0,"경북","예천군","차량단독","도로이탈","도로이탈 추락","운전자법규위반","안전운전 의무 불이행","단일로","기타단일로","건설기계","건설기계","00","00","1093284 ","1852946 ",128.54390458,36.66989244
"2014","2014090413","49","주간","목",1,1,0,0,0,"경북","칠곡군","차대차","추돌","주정차중 추돌","운전자법규위반","안전운전 의무 불이행","단일로","기타단일로","화물차","중형","화물차","소형","1086234 ","1773104 ",128.45619184,35.95084571
"2014","2014092021","37","야간","토",1,4,0,3,0,"전북","고창군","차대차","추돌","진행중 추돌","운전자법규위반","안전운전 의무 불이행","단일로","기타단일로","승합차","대형","승용차","소형","917113  ","1708026 ",126.58761484,35.3644377
"2014","2014121318","32","야간","토",1,1,0,0,0,"전남","담양군","차대사람","기타","기타","운전자법규위반","안전운전 의무 불이행","단일로","기타단일로","화물차","경형","보행자","보행자","954031  ","1692655 ",126.99483482,35.22822767
"2014","2014102211","35","주간","수",1,1,0,0,0,"전남","영암군","차대차","기타","기타","운전자법규위반","안전운전 의무 불이행","교차로","교차로부근","화물차","소형","이륜차","소형","925076  ","1655080 ",126.68005848,34.88768949
"2014","2014102300","50","야간","목",1,4,1,1,1,"전북","순창군","차량단독","도로이탈","도로이탈 기타","운전자법규위반","안전운전 의무 불이행","단일로","기타단일로","승용차","중형","00","00","967316  ","1708328 ",127.14019904,35.37006946
"2014","2014103105","07","야간","금",1,1,0,0,0,"전북","전주시","차대사람","횡단중","횡단중","운전자법규위반","과속","교차로","교차로내","승용차","대형","보행자","보행자","966654  ","1754831 ",127.13099326,35.78933668
"2014","2014103107","55","주간","금",1,18,6,7,4,"경북","군위군","차대차","정면충돌","정면충돌","운전자법규위반","중앙선 침범","단일로","기타단일로","화물차","소형","승합차","대형","1106049 ","1798984 ",128.67934668,36.18217505
"2014","2014103116","53","주간","금",1,1,0,0,0,"세종","세종","차량단독","전도전복","전도전복","운전자법규위반","안전운전 의무 불이행","단일로","기타단일로","승용차","대형","00","00","977112  ","1829677 ",127.24454304,36.46442247
"2014","2014102717","40","주간","월",1,1,0,0,0,"경북","문경시","차량단독","도로이탈","도로이탈 추락","운전자법규위반","안전운전 의무 불이행","단일로","기타단일로","승용차","경형","00","00","1067073 ","1842694 ",128.24971924,36.57968845
"2014","2014110703","45","야간","금",1,2,1,0,0,"경북","칠곡군","차량단독","공작물충돌","공작물충돌","운전자법규위반","안전운전 의무 불이행","단일로","기타단일로","승용차","경형","00","00","1094851 ","1778765 ",128.55240352,36.00107737
"2014","2014110718","10","야간","금",1,1,0,0,0,"경남","산청군","차대사람","길가장자리구역통행중","길가장자리구역통행중","운전자법규위반","안전운전 의무 불이행","단일로","기타단일로","승합차","소형","보행자","보행자","1030512 ","1721864 ",127.83639812,35.49218755
"2014","2014110518","30","야간","수",1,1,0,0,0,"경기","남양주시","차대사람","횡단중","횡단중","운전자법규위반","안전운전 의무 불이행","단일로","기타단일로","화물차","소형","보행자","보행자","974985  ","1955479 ",127.21662119,37.59838277
"2014","2014111821","25","야간","화",1,1,0,0,0,"대구","동구","차대사람","횡단중","횡단중","운전자법규위반","신호위반","단일로","횡단보도상","승합차","대형","보행자","보행자","1113511 ","1765140 ",128.75745414,35.87626871
"2014","2014111906","55","주간","수",1,1,0,0,0,"인천","강화군","차대사람","기타","기타","운전자법규위반","안전운전 의무 불이행","단일로","횡단보도상","화물차","소형","보행자","보행자","911128  ","1971801 ",126.49130298,37.7415235
"2014","2014111714","15","주간","월",1,1,0,0,0,"전북","부안군","차량단독","전도전복","전도전복","운전자법규위반","안전운전 의무 불이행","교차로","교차로내","이륜차","소형","00","00","933734  ","1748502 ",126.76724415,35.73060751
"2014","2014111705","05","야간","월",1,1,0,0,0,"전남","여수시","차대차","추돌","주정차중 추돌","운전자법규위반","안전운전 의무 불이행","단일로","기타단일로","승합차","소형","승합차","대형","1020950 ","1639211 ",127.72888279,34.7471376
"2014","2014111519","15","야간","토",1,1,0,0,0,"광주","북구","차대사람","횡단중","횡단중","운전자법규위반","안전운전 의무 불이행","단일로","기타단일로","승용차","중형","보행자","보행자","948493  ","1685852 ",126.93440418,35.16661775
"2014","2014050302","35","야간","토",3,5,1,1,0,"전북","정읍시","차대차","추돌","주정차중 추돌","운전자법규위반","안전운전 의무 불이행","단일로","기타단일로","승합차","소형","화물차","중형","945830  ","1737894 ",126.90170644,35.63570674
"2014","2014081604","15","야간","토",1,1,0,0,0,"경북","경주시","차대사람","횡단중","횡단중","운전자법규위반","안전운전 의무 불이행","단일로","기타단일로","화물차","중형","보행자","보행자","1155082 ","1762399 ",129.21727621,35.84586449
"2014","2014082515","40","주간","월",1,1,0,0,0,"경기","고양시","차대차","기타","기타","운전자법규위반","안전운전 의무 불이행","단일로","기타단일로","승합차","대형","자전거","자전거","934695  ","1965923 ",126.75929176,37.69053307
"2014","2014082806","35","주간","목",1,3,0,1,1,"경기","포천시","차량단독","공작물충돌","공작물충돌","운전자법규위반","안전운전 의무 불이행","단일로","기타단일로","승용차","소형","00","00","974551  ","2001936 ",127.21183032,38.03361637
"2014","2014082714","40","주간","수",1,1,0,0,0,"충남","홍성군","차량단독","기타","기타","운전자법규위반","안전운전 의무 불이행","단일로","기타단일로","이륜차","소형","00","00","927619  ","1847719 ",126.69048173,36.62459657
"2014","2014082213","06","주간","금",1,1,0,0,0,"전북","김제시","차대차","기타","기타","운전자법규위반","안전운전 의무 불이행","교차로","교차로내","화물차","소형","자전거","자전거","944141  ","1756468 ",126.88176052,35.80307287
"2014","2014082221","40","야간","금",1,4,2,1,0,"강원","양구군","차대차","정면충돌","정면충돌","운전자법규위반","중앙선 침범","단일로","기타단일로","농기계","농기계","승용차","중형","1054863 ","2030732 ",128.12723149,38.27530138
"2014","2014090118","25","야간","월",1,1,0,0,0,"대구","서구","차대사람","횡단중","횡단중","운전자법규위반","안전운전 의무 불이행","단일로","기타단일로","승용차","중형","보행자","보행자","1094074 ","1765171 ",128.54217354,35.87860908
"2014","2014090117","25","주간","월",1,1,0,0,0,"충북","옥천군","차대사람","횡단중","횡단중","운전자법규위반","신호위반","교차로","교차로내","농기계","농기계","보행자","보행자","1006832 ","1811183 ",127.57609086,36.29794141
"2014","2014083011","00","주간","토",1,1,0,0,0,"제주","제주시","차량단독","도로이탈","도로이탈 추락","운전자법규위반","안전운전 의무 불이행","교차로","교차로부근","농기계","농기계","00","00","890221  ","1490763 ",126.31947331,33.40291291
"2014","2014083008","39","주간","토",1,1,0,0,0,"충북","청주시","차대사람","기타","기타","운전자법규위반","안전운전 의무 불이행","단일로","기타단일로","승용차","소형","보행자","보행자","999337  ","1846806 ",127.49265248,36.61911571
"2014","2014090610","55","주간","토",1,1,0,0,0,"경남","거창군","차대차","기타","기타","운전자법규위반","중앙선 침범","단일로","기타단일로","이륜차","중형","화물차","중형","1037385 ","1750413 ",127.91420989,35.75069924
"2014","2014090410","50","주간","목",1,1,0,0,0,"강원","속초시","차대차","측면직각충돌","측면직각충돌","운전자법규위반","안전운전 의무 불이행","단일로","기타단일로","화물차","소형","자전거","자전거","1097061 ","2018632 ",128.60794784,38.16269946
"2014","2014090314","30","주간","수",1,1,0,0,0,"경남","진주시","차량단독","공작물충돌","공작물충돌","운전자법규위반","안전운전 의무 불이행","단일로","기타단일로","화물차","중형","00","00","1073074 ","1685312 ",128.30235654,35.16041183
"2014","2014090418","10","야간","목",1,1,0,0,0,"대구","달서구","차대차","추돌","진행중 추돌","운전자법규위반","안전운전 의무 불이행","교차로","교차로내","승용차","소형","이륜차","소형","1094534 ","1761268 ",128.546806,35.84338061
"2014","2014091505","10","야간","월",1,1,0,0,0,"경남","밀양시","차대사람","차도통행중","차도통행중","운전자법규위반","안전운전 의무 불이행","단일로","기타단일로","화물차","소형","보행자","보행자","1116174 ","1713545 ",128.77951023,35.41086803
"2014","2014091317","37","주간","토",1,1,0,0,0,"인천","강화군","차대차","정면충돌","정면충돌","운전자법규위반","안전운전 의무 불이행","교차로","교차로내","승용차","경형","이륜차","소형","908382  ","1959594 ",126.46167542,37.63124447
"2014","2014091108","48","주간","목",1,1,0,0,0,"충남","부여군","차대차","측면직각충돌","측면직각충돌","운전자법규위반","신호위반","교차로","교차로내","이륜차","소형","승합차","대형","956734  ","1804878 ",127.01848496,36.24015367
"2014","2014091220","25","야간","금",1,2,1,0,0,"전남","영암군","차대차","정면충돌","정면충돌","운전자법규위반","중앙선 침범","단일로","기타단일로","화물차","소형","화물차","소형","919446  ","1649229 ",126.61901475,34.83450233
"2014","2014092004","15","야간","토",1,1,0,0,0,"경기","성남시","차대사람","차도통행중","차도통행중","운전자법규위반","안전운전 의무 불이행","기타/불명","기타/불명","승용차","대형","보행자","보행자","967177  ","1937014 ",127.12899572,37.43170383
"2014","2014091923","25","야간","금",1,1,0,0,0,"경기","화성시","차대사람","보도통행중","보도통행중","운전자법규위반","보행자 보호의무 위반","단일로","기타단일로","승용차","중형","보행자","보행자","934876  ","1911299 ",126.76616898,37.19821954
"2014","2014091919","00","야간","금",1,1,0,0,0,"충북","증평군","차대차","측면직각충돌","측면직각충돌","운전자법규위반","안전운전 의무 불이행","단일로","기타단일로","승용차","중형","자전거","자전거","1006245 ","1865647 ",127.56999443,36.78894469
"2014","2014092019","08","야간","토",1,4,3,0,0,"전남","영암군","차대차","측면직각충돌","측면직각충돌","운전자법규위반","직진 및 우회전차의 통행방해","교차로","교차로내","화물차","소형","승용차","대형","926384  ","1648497 ",126.69495004,34.82842786
"2014","2014091718","30","야간","수",1,1,0,0,0,"부산","사상구","차대차","기타","기타","운전자법규위반","안전운전 의무 불이행","단일로","기타단일로","이륜차","중형","승합차","대형","1134272 ","1685725 ",128.97422832,35.15782234
"2014","2014091520","40","야간","월",1,2,0,1,0,"서울","동대문구","차대사람","횡단중","횡단중","운전자법규위반","안전운전 의무 불이행","단일로","기타단일로","이륜차","중형","보행자","보행자","960147  ","1954204 ",127.04860436,37.58636761
"2014","2014091714","44","주간","수",1,2,1,0,0,"경기","고양시","차대차","추돌","진행중 추돌","운전자법규위반","안전운전 의무 불이행","단일로","기타단일로","화물차","소형","화물차","대형","943322  ","1955514 ",126.85794364,37.59729203
"2014","2014091722","00","야간","수",1,1,0,0,0,"서울","마포구","차대사람","횡단중","횡단중","운전자법규위반","안전운전 의무 불이행","단일로","기타단일로","승합차","중형","보행자","보행자","950014  ","1950596 ",126.9340835,37.55335359
"2014","2014081923","05","야간","화",1,1,0,0,0,"경북","경주시","차대사람","기타","기타","운전자법규위반","안전운전 의무 불이행","단일로","횡단보도상","승용차","중형","보행자","보행자","1155090 ","1762391 ",129.21736321,35.84579112
"2014","2014081620","00","야간","토",1,1,0,0,0,"경기","화성시","차대사람","횡단중","횡단중","운전자법규위반","안전운전 의무 불이행","단일로","기타단일로","화물차","소형","보행자","보행자","943117  ","1918988 ",126.85843763,37.26806321
"2014","2014081620","05","야간","토",1,1,0,0,0,"경기","양주시","차대차","기타","기타","운전자법규위반","안전운전 의무 불이행","단일로","기타단일로","승합차","소형","자전거","자전거","955475  ","1980898 ",126.99257438,37.8240361
"2014","2014082306","10","주간","토",1,1,0,0,0,"부산","사하구","차대사람","횡단중","횡단중","운전자법규위반","안전운전 의무 불이행","단일로","횡단보도상","화물차","소형","보행자","보행자","1134591 ","1679370 ",128.97669502,35.10049416
"2014","2014082406","55","주간","일",1,2,1,0,0,"충북","영동군","차대차","기타","기타","운전자법규위반","안전운전 의무 불이행","교차로","교차로내","승용차","경형","승용차","소형","1020694 ","1800724 ",127.72834285,36.20354416
"2014","2014082212","20","주간","금",1,1,0,0,0,"충북","옥천군","차대사람","기타","기타","운전자법규위반","안전운전 의무 불이행","단일로","기타단일로","승용차","중형","보행자","보행자","1001795 ","1815460 ",127.52000153,36.3365231
"2014","2014082905","30","야간","금",1,1,0,0,0,"광주","남구","차대차","기타","기타","운전자법규위반","안전운전 의무 불이행","교차로","교차로내","자전거","자전거","승합차","대형","942987  ","1679944 ",126.87435386,35.11304976
"2014","2014090719","10","야간","일",1,1,0,0,0,"충북","충주시","차대사람","기타","기타","운전자법규위반","안전운전 의무 불이행","단일로","기타단일로","승합차","소형","보행자","보행자","1038276 ","1895591 ",127.93050985,37.05811567
"2014","2014081700","50","야간","일",1,1,0,0,0,"대전","동구","차량단독","기타","기타","운전자법규위반","안전운전 의무 불이행","교차로","교차로부근","원동기장치자전거","원동기장치자전거","00","00","996250  ","1811331 ",127.45823395,36.29929262
"2014","2014082800","40","야간","목",1,1,0,0,0,"경기","양주시","차량단독","공작물충돌","공작물충돌","운전자법규위반","안전운전 의무 불이행","교차로","교차로부근","승용차","중형","00","00","960771  ","1983091 ",127.05411425,37.84675476
"2014","2014082805","30","야간","목",1,1,0,0,0,"경남","창원시(통합)","차대사람","기타","기타","운전자법규위반","안전운전 의무 불이행","단일로","기타단일로","승용차","중형","보행자","보행자","1107757 ","1685401 ",128.68312879,35.15809397
"2014","2014082710","00","주간","수",1,2,0,1,0,"경기","고양시","차대차","추돌","진행중 추돌","운전자법규위반","안전운전 의무 불이행","단일로","기타단일로","승합차","소형","화물차","대형","938072  ","1957834 ",126.7982784,37.61786328
"2014","2014082710","58","주간","수",1,1,0,0,0,"경북","봉화군","차대사람","기타","기타","운전자법규위반","안전운전 의무 불이행","단일로","기타단일로","승용차","중형","보행자","보행자","1109988 ","1877684 ",128.73436695,36.89106294
"2014","2014082709","45","주간","수",1,1,0,0,0,"충남","보령시","차량단독","공작물충돌","공작물충돌","운전자법규위반","안전운전 의무 불이행","단일로","기타단일로","승용차","중형","00","00","922227  ","1823021 ",126.63267088,36.40154062
"2014","2014082413","50","주간","일",1,1,0,0,0,"충북","충주시","차량단독","도로이탈","도로이탈 기타","운전자법규위반","안전운전 의무 불이행","단일로","기타단일로","원동기장치자전거","원동기장치자전거","00","00","1021883 ","1907525 ",127.74647989,37.16621666
"2014","2014082306","58","주간","토",1,1,0,0,0,"경기","안양시","차대사람","횡단중","횡단중","운전자법규위반","안전운전 의무 불이행","단일로","기타단일로","승용차","경형","보행자","보행자","951129  ","1930520 ",126.94803824,37.37246235
"2014","2014083120","40","야간","일",1,1,0,0,0,"부산","진구","차대사람","기타","기타","운전자법규위반","안전운전 의무 불이행","단일로","기타단일로","자전거","자전거","보행자","보행자","1141689 ","1686587 ",129.05578463,35.16457415
"2014","2014090214","15","주간","화",1,1,0,0,0,"충북","보은군","차대차","측면직각충돌","측면직각충돌","운전자법규위반","차로위반(진로변경 위반)","교차로","교차로내","원동기장치자전거","원동기장치자전거","화물차","소형","1021142 ","1826781 ",127.73589064,36.43835461
"2014","2014090812","25","주간","월",1,1,0,0,0,"인천","서구","차대차","측면직각충돌","측면직각충돌","운전자법규위반","신호위반","교차로","교차로내","승용차","중형","자전거","자전거","923805  ","1944773 ",126.67011212,37.48622085
"2014","2014090821","30","야간","월",2,6,2,2,0,"강원","강릉시","차대차","측면직각충돌","측면직각충돌","운전자법규위반","안전운전 의무 불이행","교차로","교차로내","불명","불명","승용차","중형","1117217 ","1986588 ",128.83273541,37.87157389
"2014","2014090721","27","야간","일",1,1,0,0,0,"광주","광산구","차대차","측면직각충돌","측면직각충돌","운전자법규위반","신호위반","교차로","교차로부근","이륜차","소형","승용차","대형","938490  ","1688586 ",126.82436402,35.19070638
"2014","2014090714","40","주간","일",1,1,0,0,0,"충북","청주시","차량단독","공작물충돌","공작물충돌","운전자법규위반","안전운전 의무 불이행","단일로","기타단일로","승용차","소형","00","00","987974  ","1850625 ",127.36544823,36.65346816
"2014","2014090313","50","주간","수",1,1,0,0,0,"충남","논산시","차대차","측면직각충돌","측면직각충돌","운전자법규위반","과속","교차로","교차로내","건설기계","건설기계","원동기장치자전거","원동기장치자전거","971412  ","1804076 ",127.18186549,36.23346922
"2014","2014090418","50","야간","목",1,1,0,0,0,"서울","도봉구","차대차","기타","기타","운전자법규위반","안전운전 의무 불이행","단일로","기타단일로","불명","불명","자전거","자전거","959776  ","1960810 ",127.04403891,37.64589269
"2014","2014091611","05","주간","화",1,1,0,0,0,"경기","가평군","차대사람","기타","기타","운전자법규위반","보행자 보호의무 위반","교차로","교차로부근","건설기계","건설기계","보행자","보행자","1001163 ","1981246 ",127.51321614,37.83096889
"2014","2014091600","30","야간","화",1,1,0,0,0,"제주","제주시","차량단독","공작물충돌","공작물충돌","운전자법규위반","안전운전 의무 불이행","단일로","기타단일로","원동기장치자전거","원동기장치자전거","00","00","911832  ","1496117 ",126.55131449,33.45319144
"2014","2014091221","15","야간","금",1,1,0,0,0,"부산","사상구","차대사람","횡단중","횡단중","운전자법규위반","안전운전 의무 불이행","단일로","기타단일로","화물차","소형","보행자","보행자","1135562 ","1686988 ",128.98859501,35.16903405
"2014","2014091009","30","주간","수",1,1,0,0,0,"전남","고흥군","차대사람","기타","기타","운전자법규위반","안전운전 의무 불이행","단일로","기타단일로","화물차","소형","보행자","보행자","990387  ","1618124 ",127.39521539,34.55714603
"2014","2014093010","50","주간","화",1,1,0,0,0,"울산","울주군","차대사람","기타","기타","운전자법규위반","안전운전 의무 불이행","교차로","교차로내","화물차","소형","보행자","보행자","1163786 ","1723454 ",129.30569256,35.493479
"2014","2014093018","30","야간","화",1,2,1,0,0,"충남","논산시","차대차","측면직각충돌","측면직각충돌","운전자법규위반","교차로 통행방법 위반","교차로","교차로내","화물차","소형","승용차","중형","962186  ","1802136 ",127.07929209,36.21566238
"2014","2014092817","00","주간","일",1,2,0,1,0,"강원","홍천군","차대차","정면충돌","정면충돌","운전자법규위반","중앙선 침범","단일로","기타단일로","이륜차","대형","승합차","대형","1048020 ","1972166 ",128.04503289,37.74784236
"2014","2014092907","10","주간","월",1,1,0,0,0,"전북","익산시","차대차","측면직각충돌","측면직각충돌","운전자법규위반","안전운전 의무 불이행","단일로","기타단일로","화물차","소형","이륜차","소형","948823  ","1783166 ",126.93087289,36.04681729
"2014","2014092721","20","야간","토",1,1,0,0,0,"충남","아산시","차대사람","기타","기타","운전자법규위반","안전운전 의무 불이행","단일로","기타단일로","승용차","소형","보행자","보행자","948123  ","1862809 ",126.91876527,36.76196167
"2014","2014092818","50","야간","일",1,1,0,0,0,"전북","김제시","차대차","측면직각충돌","측면직각충돌","운전자법규위반","중앙선 침범","단일로","기타단일로","특수차","대형","화물차","소형","953974  ","1764739 ",126.99010949,35.87815314
"2014","2014091518","44","야간","월",1,1,0,0,0,"경기","가평군","차대차","정면충돌","정면충돌","운전자법규위반","중앙선 침범","단일로","기타단일로","원동기장치자전거","원동기장치자전거","승용차","경형","988016  ","1987105 ",127.36371879,37.88369862
"2014","2014092514","10","주간","목",1,2,1,0,0,"제주","제주시","차대차","기타","기타","운전자법규위반","안전운전 의무 불이행","단일로","기타단일로","승용차","경형","승용차","중형","877395  ","1484222 ",126.18246659,33.34254105
"2014","2014092609","50","주간","금",1,1,0,0,0,"경남","진주시","차대사람","횡단중","횡단중","운전자법규위반","안전운전 의무 불이행","교차로","교차로내","화물차","소형","보행자","보행자","1060821 ","1696500 ",128.1686535,35.26210486
"2014","2014092705","55","야간","토",1,1,0,0,0,"전남","장흥군","차대차","추돌","진행중 추돌","운전자법규위반","안전운전 의무 불이행","단일로","기타단일로","승용차","소형","이륜차","소형","945458  ","1632005 ",126.90459618,34.68091574
"2014","2014092620","45","야간","금",1,1,0,0,0,"경남","창원시(통합)","차대사람","횡단중","횡단중","운전자법규위반","안전운전 의무 불이행","단일로","기타단일로","승용차","중형","보행자","보행자","1098885 ","1691220 ",128.5864321,35.21146746
"2014","2014082109","25","주간","목",1,1,0,0,0,"경남","진주시","차대차","추돌","진행중 추돌","운전자법규위반","안전운전 의무 불이행","단일로","기타단일로","화물차","소형","이륜차","사발이","1038836 ","1688754 ",127.92659688,35.19335457
"2014","2014081614","25","주간","토",1,1,0,0,0,"서울","강북구","차대사람","횡단중","횡단중","운전자법규위반","보행자 보호의무 위반","교차로","교차로내","건설기계","건설기계","보행자","보행자","959553  ","1959137 ",127.04158149,37.63056312
"2014","2014081809","30","주간","월",1,1,0,0,0,"충북","음성군","차대차","측면직각충돌","측면직각충돌","운전자법규위반","신호위반","교차로","교차로내","이륜차","소형","화물차","소형","998469  ","1886063 ",127.4827992,36.97300633
"2014","2014081622","48","야간","토",1,2,1,0,0,"부산","사하구","차대사람","기타","기타","운전자법규위반","안전운전 의무 불이행","교차로","교차로내","이륜차","소형","보행자","보행자","1132979 ","1680436 ",128.96019392,35.11336193
"2014","2014082718","55","야간","수",1,1,0,0,0,"전남","신안군","차량단독","공작물충돌","공작물충돌","운전자법규위반","안전운전 의무 불이행","교차로","교차로내","이륜차","중형","00","00","872928  ","1677865 ",126.10600996,35.0879038
"2014","2014120323","40","야간","수",1,3,2,0,0,"전남","신안군","차대차","기타","기타","운전자법규위반","중앙선 침범","단일로","기타단일로","승용차","중형","농기계","농기계","856748  ","1636480 ",125.93566107,34.71268087
"2014","2014121217","52","주간","금",1,1,0,0,0,"강원","철원군","차량단독","전도전복","전도전복","운전자법규위반","안전운전 의무 불이행","단일로","기타단일로","승용차","중형","00","00","992144  ","2027619 ",127.41021692,38.24888766
"2014","2014121218","35","야간","금",1,2,1,0,0,"전북","군산시","차대사람","횡단중","횡단중","운전자법규위반","안전운전 의무 불이행","교차로","교차로부근","승용차","중형","보행자","보행자","931277  ","1775336 ",126.73776532,35.97235743
"2014","2014121219","00","야간","금",1,1,0,0,0,"서울","마포구","차대사람","횡단중","횡단중","운전자법규위반","안전운전 의무 불이행","단일로","기타단일로","승용차","중형","보행자","보행자","951969  ","1949270 ",126.95630291,37.54150611
"2014","2014121008","45","주간","수",1,1,0,0,0,"경남","창녕군","차량단독","공작물충돌","공작물충돌","운전자법규위반","안전운전 의무 불이행","단일로","기타단일로","승용차","중형","00","00","1091124 ","1728381 ",128.50532313,35.54722712