"발생년","발생년월일시","발생분","주야","요일","사망자수","사상자수","중상자수","경상자수","부상신고자수","발생지시도","발생지시군구","사고유형_대분류","사고유형_중분류","사고유형","법규위반_대분류","법규위반","도로형태_대분류","도로형태","당사자종별_1당_대분류","당사자종별_1당","당사자종별_2당_대분류","당사자종별_2당","발생위치X_UTMK","발생위치Y_UTMK","경도","위도"
"2014","2014121115","31","주간","목",1,1,0,0,0,"전남","여수시","차량단독","전도전복","전도전복","운전자법규위반","안전운전 의무 불이행","교차로","교차로부근","건설기계","건설기계","00","00","1020995 ","1655219 ",127.72977489,34.89149102
"2014","2014052402","25","야간","토",1,2,0,1,0,"경북","구미시","차대차","추돌","진행중 추돌","운전자법규위반","안전거리 미확보","단일로","기타단일로","승용차","중형","화물차","대형","1068522 ","1802175 ",128.26233873,36.21432531
"2014","2014110416","44","주간","화",1,1,0,0,0,"서울","동대문구","차대사람","횡단중","횡단중","운전자법규위반","안전운전 의무 불이행","단일로","기타단일로","승용차","경형","보행자","보행자","962427  ","1951946 ",127.07454396,37.56611151
"2014","2014110412","00","주간","화",1,1,0,0,0,"경남","밀양시","차량단독","공작물충돌","공작물충돌","운전자법규위반","안전운전 의무 불이행","단일로","기타단일로","승용차","소형","00","00","1121886 ","1715233 ",128.84265812,35.42540146
"2014","2014110413","40","주간","화",1,2,0,0,1,"경기","수원시","차대차","측면직각충돌","측면직각충돌","운전자법규위반","중앙선 침범","교차로","교차로내","승용차","중형","화물차","소형","956388  ","1920868 ",127.00800026,37.28572541
"2014","2014110418","25","야간","화",1,1,0,0,0,"울산","울주군","차대차","기타","기타","운전자법규위반","안전운전 의무 불이행","단일로","기타단일로","이륜차","중형","화물차","소형","1163062 ","1708532 ",129.29472747,35.35911571
"2014","2014110417","30","주간","화",1,1,0,0,0,"경남","거제시","차대사람","길가장자리구역통행중","길가장자리구역통행중","운전자법규위반","안전운전 의무 불이행","단일로","기타단일로","승용차","대형","보행자","보행자","1107753 ","1667081 ",128.68070302,34.99293218
"2014","2014110318","35","야간","월",1,1,0,0,0,"경기","성남시","차대사람","기타","기타","운전자법규위반","안전운전 의무 불이행","단일로","기타단일로","승용차","중형","보행자","보행자","966002  ","1927865 ",127.11613547,37.34919569
"2014","2014110405","36","야간","화",1,1,0,0,0,"경기","평택시","차대차","기타","기타","운전자법규위반","안전운전 의무 불이행","교차로","교차로내","화물차","소형","승용차","소형","946932  ","1881301 ",126.90412977,36.9285859
"2014","2014110421","40","야간","화",1,1,0,0,0,"대전","서구","차량단독","공작물충돌","공작물충돌","운전자법규위반","안전운전 의무 불이행","단일로","기타단일로","승용차","중형","00","00","988366  ","1812504 ",127.37040765,36.30980484
"2014","2014110420","08","야간","화",1,1,0,0,0,"경기","안양시","차대사람","횡단중","횡단중","운전자법규위반","안전운전 의무 불이행","단일로","횡단보도상","승합차","대형","보행자","보행자","947124  ","1934304 ",126.90253628,37.4063491
"2014","2014110421","30","야간","화",1,1,0,0,0,"충남","서산시","차대사람","기타","기타","운전자법규위반","안전운전 의무 불이행","교차로","교차로부근","화물차","중형","보행자","보행자","902594  ","1865976 ",126.40831377,36.78692127
"2014","2014110314","10","주간","월",1,2,1,0,0,"경북","안동시","차대차","기타","기타","운전자법규위반","안전운전 의무 불이행","교차로","교차로내","승용차","중형","원동기장치자전거","원동기장치자전거","1095878 ","1842986 ",128.57168481,36.57986085
"2014","2014111309","50","주간","목",1,2,1,0,0,"경남","하동군","차대차","측면직각충돌","측면직각충돌","운전자법규위반","교차로 통행방법 위반","교차로","교차로내","승용차","소형","승용차","소형","1036697 ","1670946 ",127.90231137,35.03285944
"2014","2014111218","00","야간","수",1,1,0,0,0,"경북","칠곡군","차대차","추돌","주정차중 추돌","운전자법규위반","안전운전 의무 불이행","단일로","기타단일로","이륜차","소형","화물차","중형","1081616 ","1781174 ",128.40299503,36.02028131
"2014","2014101007","08","주간","금",1,1,0,0,0,"경남","함양군","차량단독","공작물충돌","공작물충돌","운전자법규위반","안전운전 의무 불이행","교차로","교차로내","승용차","중형","00","00","1028752 ","1722906 ",127.81703112,35.50163535
"2014","2014100916","25","주간","목",1,1,0,0,0,"서울","성북구","차대차","추돌","진행중 추돌","운전자법규위반","안전운전 의무 불이행","교차로","교차로부근","이륜차","중형","화물차","소형","961365  ","1956951 ",127.06225465,37.61117896
"2014","2014100906","30","주간","목",1,2,1,0,0,"강원","삼척시","차량단독","공작물충돌","공작물충돌","운전자법규위반","안전운전 의무 불이행","단일로","기타단일로","승용차","중형","00","00","1144692 ","1939348 ",129.13564839,37.44200463
"2014","2014100705","40","야간","화",1,2,1,0,0,"전남","무안군","차대차","측면직각충돌","측면직각충돌","운전자법규위반","교차로 통행방법 위반","교차로","교차로내","승용차","대형","원동기장치자전거","원동기장치자전거","907416  ","1650997 ",126.48726947,34.84941921
"2014","2014100620","40","야간","월",1,2,1,0,0,"서울","영등포구","차대사람","기타","기타","운전자법규위반","안전운전 의무 불이행","단일로","기타단일로","이륜차","중형","보행자","보행자","949017  ","1947230 ",126.92303029,37.52296069
"2014","2014101605","00","야간","목",1,2,0,1,0,"경북","경주시","차대차","기타","기타","운전자법규위반","중앙선 침범","단일로","기타단일로","승용차","중형","화물차","대형","1140785 ","1765264 ",129.05952172,35.8738442
"2014","2014101416","10","주간","화",1,1,0,0,0,"경북","포항시","차량단독","도로이탈","도로이탈 추락","운전자법규위반","안전운전 의무 불이행","단일로","기타단일로","승용차","소형","00","00","1184079 ","1778051 ",129.54182393,35.98187804
"2014","2014101308","50","주간","월",1,1,0,0,0,"부산","북구","차대차","기타","기타","운전자법규위반","안전운전 의무 불이행","단일로","기타단일로","승용차","중형","화물차","소형","1135591 ","1690369 ",128.98946945,35.19950685
"2014","2014101318","35","야간","월",1,1,0,0,0,"전남","진도군","차대사람","횡단중","횡단중","운전자법규위반","안전운전 의무 불이행","교차로","교차로내","화물차","소형","보행자","보행자","888132  ","1605917 ",126.28232733,34.44104257
"2014","2014101020","19","야간","금",1,1,0,0,0,"경남","함안군","차대사람","횡단중","횡단중","운전자법규위반","안전운전 의무 불이행","단일로","횡단보도부근","특수차","중형","보행자","보행자","1076179 ","1700305 ",128.337835,35.2953602
"2014","2014101914","40","주간","일",1,7,4,2,0,"경남","함안군","차대차","정면충돌","정면충돌","운전자법규위반","중앙선 침범","단일로","기타단일로","승용차","경형","승용차","중형","1072981 ","1699536 ",128.30259732,35.28866532
"2014","2014101805","32","야간","토",1,1,0,0,0,"인천","서구","차대차","기타","기타","운전자법규위반","신호위반","단일로","횡단보도상","승용차","소형","불명","불명","924243  ","1957441 ",126.64163392,37.61328556
"2014","2014101720","00","야간","금",1,2,0,1,0,"울산","남구","차대차","측면직각충돌","측면직각충돌","운전자법규위반","신호위반","교차로","교차로내","승용차","대형","승합차","소형","1164032 ","1724538 ",129.30862246,35.50320761
"2014","2014101711","00","주간","금",1,1,0,0,0,"충남","천안시","차대사람","기타","기타","운전자법규위반","안전운전 의무 불이행","교차로","교차로부근","승용차","중형","보행자","보행자","977783  ","1878763 ",127.25060746,36.90693982
"2014","2014102504","49","야간","토",1,1,0,0,0,"경기","평택시","차량단독","공작물충돌","공작물충돌","운전자법규위반","안전운전 의무 불이행","교차로","교차로부근","원동기장치자전거","원동기장치자전거","00","00","961332  ","1895850 ",127.06506792,37.06043423
"2013","2013042015","50","주간","토",1,1,0,0,0,"경남","양산시","차량단독","공작물충돌","공작물충돌","운전자법규위반","안전운전 의무 불이행","단일로","기타단일로","승용차","대형","00","00","1147455 ","1705401 ",129.12280131,35.33325591
"2014","2014081915","05","주간","화",3,3,0,0,0,"경남","양산시","차량단독","공작물충돌","공작물충돌","운전자법규위반","중앙선 침범","기타/불명","기타/불명","승용차","대형","00","00","1135469 ","1723771 ",128.99706606,35.50334788
"2012","2012062721","15","야간","수",1,1,0,0,0,"경북","고령군","차량단독","도로이탈","도로이탈 추락","운전자법규위반","안전운전 의무 불이행","단일로","기타단일로","승용차","소형","00","00","1080131 ","1751037 ",128.38334001,35.75286649
"2013","2013122212","00","주간","일",1,1,0,0,0,"대구","서구","차대차","기타","기타","운전자법규위반","중앙선 침범","단일로","기타단일로","원동기장치자전거","원동기장치자전거","승용차","중형","1094419 ","1766688 ",128.54617482,35.89225102
"2012","2012110711","40","주간","수",1,1,0,0,0,"대전","동구","차대차","측면직각충돌","측면직각충돌","운전자법규위반","신호위반","교차로","교차로내","이륜차","사발이","승용차","중형","997019  ","1813477 ",127.46757036,36.31873289
"2014","2014120106","55","주간","월",1,1,0,0,0,"대구","북구","차대사람","횡단중","횡단중","운전자법규위반","안전운전 의무 불이행","교차로","교차로내","승용차","소형","보행자","보행자","1095386 ","1770490 ",128.55734361,35.92643051
"2014","2014112817","43","주간","금",1,1,0,0,0,"인천","중구","차대사람","횡단중","횡단중","운전자법규위반","안전운전 의무 불이행","단일로","기타단일로","승용차","중형","보행자","보행자","922400  ","1941681 ",126.62230748,37.47109336
"2014","2014112821","10","야간","금",1,1,0,0,0,"대구","서구","차대사람","횡단중","횡단중","운전자법규위반","안전운전 의무 불이행","단일로","기타단일로","승용차","중형","보행자","보행자","1093266 ","1764048 ",128.53309219,35.86856293
"2014","2014112904","15","야간","토",1,1,0,0,0,"서울","영등포구","차대사람","횡단중","횡단중","운전자법규위반","안전운전 의무 불이행","교차로","교차로부근","승용차","중형","보행자","보행자","948920  ","1947384 ",126.92192189,37.52434335
"2014","2014112714","10","주간","목",1,1,0,0,0,"경기","안산시","차대사람","횡단중","횡단중","운전자법규위반","안전운전 의무 불이행","단일로","횡단보도상","승용차","중형","보행자","보행자","940303  ","1924939 ",126.81303624,37.34184774
"2014","2014120718","37","야간","일",1,1,0,0,0,"경기","평택시","차대사람","횡단중","횡단중","운전자법규위반","안전운전 의무 불이행","단일로","기타단일로","승용차","중형","보행자","보행자","962428  ","1890064 ",127.07768417,37.00832302
"2014","2014120723","20","야간","일",1,1,0,0,0,"전북","전주시","차대차","기타","기타","운전자법규위반","신호위반","교차로","교차로내","이륜차","소형","승용차","중형","966781  ","1755516 ",127.13237017,35.79551699
"2014","2014120701","05","야간","일",1,1,0,0,0,"경기","안산시","차대사람","횡단중","횡단중","운전자법규위반","안전운전 의무 불이행","단일로","기타단일로","승용차","소형","보행자","보행자","936589  ","1925979 ",126.78421879,37.3306531
"2014","2014090717","48","주간","일",1,1,0,0,0,"전남","나주시","차대차","기타","기타","운전자법규위반","신호위반","교차로","교차로내","이륜차","소형","승용차","소형","934763  ","1669801 ",126.79077967,35.01790096
"2014","2014090620","15","야간","토",1,1,0,0,0,"강원","원주시","차대사람","횡단중","횡단중","운전자법규위반","안전운전 의무 불이행","교차로","교차로내","승용차","중형","보행자","보행자","1040196 ","1928026 ",127.95385177,37.3503991
"2014","2014090418","50","야간","목",1,1,0,0,0,"충남","부여군","차대차","측면직각충돌","측면직각충돌","운전자법규위반","안전운전 의무 불이행","단일로","기타단일로","이륜차","소형","화물차","소형","926535  ","1810865 ",126.68185665,36.29229961
"2014","2014090508","20","주간","금",1,1,0,0,0,"강원","원주시","차대차","기타","기타","운전자법규위반","안전운전 의무 불이행","교차로","교차로부근","특수차","대형","이륜차","소형","1035567 ","1928663 ",127.87953774,37.34871388
"2014","2014090407","39","주간","목",1,1,0,0,0,"인천","연수구","차대차","기타","기타","운전자법규위반","안전운전 의무 불이행","교차로","교차로내","화물차","대형","자전거","자전거","924835  ","1934903 ",126.65064597,37.41020699
"2014","2014090412","10","주간","목",1,1,0,0,0,"경북","울진군","차대차","추돌","주정차중 추돌","운전자법규위반","안전운전 의무 불이행","단일로","터널안","이륜차","중형","화물차","소형","1174340 ","1869800 ",129.45445154,36.81033895
"2014","2014090222","20","야간","화",1,1,0,0,0,"경북","경산시","차대사람","횡단중","횡단중","운전자법규위반","안전운전 의무 불이행","교차로","교차로내","승용차","중형","보행자","보행자","1119460 ","1768650 ",128.82386736,35.90719891
"2014","2014090503","29","야간","금",1,1,0,0,0,"충북","진천군","차대사람","기타","기타","운전자법규위반","안전운전 의무 불이행","교차로","교차로부근","화물차","소형","보행자","보행자","1000051 ","1879125 ",127.50057252,36.91046485
"2014","2014120218","10","야간","화",1,1,0,0,0,"충남","천안시","차대사람","횡단중","횡단중","운전자법규위반","보행자 보호의무 위반","단일로","횡단보도상","승용차","중형","보행자","보행자","965209  ","1856543 ",127.11047887,36.70625719
"2014","2014120318","50","야간","수",1,2,0,1,0,"충북","음성군","차량단독","기타","기타","운전자법규위반","안전운전 의무 불이행","단일로","기타단일로","화물차","소형","00","00","1014615 ","1876281 ",127.66401031,36.88471419
"2014","2014120305","35","야간","수",1,1,0,0,0,"울산","울주군","차대사람","횡단중","횡단중","운전자법규위반","안전운전 의무 불이행","단일로","기타단일로","승용차","중형","보행자","보행자","1168042 ","1717504 ",129.3513624,35.43914628
"2014","2014121221","25","야간","금",1,1,0,0,0,"서울","동대문구","차대차","기타","기타","운전자법규위반","안전운전 의무 불이행","단일로","기타단일로","이륜차","중형","승합차","대형","961754  ","1951837 ",127.06692916,37.56510135
"2014","2014121407","15","주간","일",1,1,0,0,0,"서울","성동구","차대사람","횡단중","횡단중","운전자법규위반","안전운전 의무 불이행","단일로","기타단일로","승용차","중형","보행자","보행자","958609  ","1952016 ",127.03130833,37.56657873
"2014","2014121217","50","주간","금",1,1,0,0,0,"경북","청도군","차대사람","기타","기타","운전자법규위반","안전운전 의무 불이행","단일로","기타단일로","화물차","소형","보행자","보행자","1118293 ","1745930 ",128.80757616,35.7025455
"2014","2014121116","51","주간","목",1,1,0,0,0,"경기","광명시","차대사람","차도통행중","차도통행중","운전자법규위반","안전운전 의무 불이행","단일로","기타단일로","승용차","중형","보행자","보행자","945632  ","1940107 ",126.88525093,37.4585666
"2014","2014120911","10","주간","화",1,4,3,0,0,"인천","강화군","차대차","기타","기타","운전자법규위반","교차로 통행방법 위반","교차로","교차로내","화물차","중형","화물차","경형","904397  ","1963214 ",126.41604584,37.66346122
"2014","2014122021","50","야간","토",1,3,2,0,0,"서울","은평구","차대차","측면직각충돌","측면직각충돌","운전자법규위반","중앙선 침범","단일로","기타단일로","승용차","소형","승용차","대형","950296  ","1961327 ",126.93654702,37.65008815
"2014","2014122418","27","야간","수",1,1,0,0,0,"전남","담양군","차대사람","기타","기타","운전자법규위반","안전운전 의무 불이행","교차로","교차로부근","승용차","중형","보행자","보행자","952716  ","1703435 ",126.97976327,35.32536606
"2014","2014122418","30","야간","수",1,1,0,0,0,"인천","남구","차대사람","기타","기타","운전자법규위반","안전운전 의무 불이행","교차로","교차로내","승용차","중형","보행자","보행자","927970  ","1937583 ",126.68580619,37.43461066
"2014","2014122308","15","주간","화",1,1,0,0,0,"대구","북구","차대차","추돌","진행중 추돌","운전자법규위반","차로위반(진로변경 위반)","단일로","기타단일로","화물차","소형","원동기장치자전거","원동기장치자전거","1099376 ","1767852 ",128.60123548,35.90225287
"2014","2014122306","44","주간","화",1,1,0,0,0,"전남","순천시","차대사람","기타","기타","운전자법규위반","안전운전 의무 불이행","단일로","기타단일로","불명","불명","보행자","보행자","998184  ","1655729 ",127.48431808,34.90229111
"2014","2014122911","20","주간","월",1,1,0,0,0,"충남","천안시","차대사람","기타","기타","운전자법규위반","안전운전 의무 불이행","단일로","기타단일로","승용차","경형","보행자","보행자","986117  ","1864246 ",127.34442404,36.77623388
"2014","2014123113","10","주간","수",1,1,0,0,0,"부산","서구","차대사람","기타","기타","운전자법규위반","안전운전 의무 불이행","기타/불명","기타/불명","화물차","소형","보행자","보행자","1138228 ","1676180 ",129.01605463,35.07124649
"2014","2014123023","05","야간","화",1,1,0,0,0,"경기","광주시","차대사람","차도통행중","차도통행중","운전자법규위반","안전운전 의무 불이행","교차로","교차로부근","승용차","소형","보행자","보행자","977121  ","1934986 ",127.24415594,37.427304
"2014","2014123118","00","야간","수",1,2,1,0,0,"충북","제천시","차대차","기타","기타","운전자법규위반","중앙선 침범","단일로","기타단일로","승용차","경형","화물차","소형","1061274 ","1906009 ",128.1900176,37.15079886
"2014","2014123017","20","주간","화",1,1,0,0,0,"경남","양산시","차대사람","차도통행중","차도통행중","운전자법규위반","안전운전 의무 불이행","단일로","기타단일로","건설기계","건설기계","보행자","보행자","1140119 ","1706996 ",129.04203237,35.34875675
"2014","2014111718","55","야간","월",1,1,0,0,0,"경기","수원시","차대차","측면직각충돌","측면직각충돌","운전자법규위반","신호위반","교차로","교차로내","자전거","자전거","승용차","대형","951902  ","1918712 ",126.95753382,37.26607092
"2014","2014111619","47","야간","일",1,1,0,0,0,"충남","공주시","차대사람","횡단중","횡단중","운전자법규위반","안전운전 의무 불이행","단일로","기타단일로","승합차","소형","보행자","보행자","969731  ","1831835 ",127.1620791,36.48367224
"2014","2014111520","35","야간","토",1,1,0,0,0,"부산","사하구","차대사람","길가장자리구역통행중","길가장자리구역통행중","운전자법규위반","안전운전 의무 불이행","단일로","기타단일로","화물차","소형","보행자","보행자","1133240 ","1678836 ",128.96179059,35.09586011
"2014","2014111510","04","주간","토",1,1,0,0,0,"전남","완도군","차량단독","기타","기타","운전자법규위반","안전운전 의무 불이행","교차로","교차로부근","이륜차","소형","00","00","937327  ","1600119 ",126.81818819,34.3929183
"2014","2014112509","20","주간","화",1,1,0,0,0,"충북","청주시","차대차","추돌","진행중 추돌","운전자법규위반","안전거리 미확보","단일로","기타단일로","원동기장치자전거","원동기장치자전거","승합차","소형","997868  ","1849573 ",127.47656308,36.64424742
"2014","2014112422","15","야간","월",1,1,0,0,0,"서울","강서구","차대사람","기타","기타","운전자법규위반","안전운전 의무 불이행","단일로","기타단일로","승합차","대형","보행자","보행자","939271  ","1951522 ",126.81238724,37.561054
"2014","2014112416","41","주간","월",1,1,0,0,0,"부산","해운대구","차대사람","기타","기타","운전자법규위반","안전운전 의무 불이행","단일로","기타단일로","승용차","소형","보행자","보행자","1148187 ","1692832 ",129.12823238,35.21992631
"2014","2014112313","10","주간","일",1,1,0,0,0,"경북","군위군","차량단독","도로이탈","도로이탈 추락","운전자법규위반","안전운전 의무 불이행","단일로","기타단일로","이륜차","소형","00","00","1111939 ","1797436 ",128.74461376,36.16755894
"2014","2014112209","50","주간","토",1,2,0,1,0,"강원","홍천군","차량단독","공작물충돌","공작물충돌","운전자법규위반","안전운전 의무 불이행","단일로","기타단일로","화물차","소형","00","00","1056485 ","1968921 ",128.14090806,37.71813932
"2014","2014112117","18","주간","금",1,1,0,0,0,"부산","강서구","차대사람","기타","기타","운전자법규위반","안전운전 의무 불이행","단일로","기타단일로","화물차","소형","보행자","보행자","1135270 ","1691776 ",128.98617543,35.212233
"2014","2014112118","10","야간","금",1,1,0,0,0,"충남","논산시","차대사람","횡단중","횡단중","운전자법규위반","보행자 보호의무 위반","단일로","횡단보도상","승용차","중형","보행자","보행자","964530  ","1801510 ",127.10539854,36.21010757
"2014","2014112917","55","주간","토",1,1,0,0,0,"경기","양주시","차량단독","공작물충돌","공작물충돌","운전자법규위반","안전운전 의무 불이행","교차로","교차로부근","특수차","소형","00","00","962595  ","1978108 ",127.07510328,37.80192005
"2014","2014112917","45","주간","토",1,1,0,0,0,"전남","고흥군","차량단독","기타","기타","운전자법규위반","안전운전 의무 불이행","단일로","기타단일로","농기계","농기계","00","00","989737  ","1643381 ",127.38782358,34.78490517
"2014","2014112813","15","주간","금",1,1,0,0,0,"충남","태안군","차량단독","공작물충돌","공작물충돌","운전자법규위반","안전운전 의무 불이행","단일로","기타단일로","승용차","대형","00","00","894211  ","1861581 ",126.31498784,36.74641049
"2014","2014112711","15","주간","목",1,1,0,0,0,"서울","양천구","차대사람","횡단중","횡단중","운전자법규위반","안전운전 의무 불이행","단일로","기타단일로","화물차","소형","보행자","보행자","942189  ","1947259 ",126.84576053,37.52281932
"2014","2014120723","50","야간","일",1,1,0,0,0,"광주","서구","차대사람","횡단중","횡단중","운전자법규위반","과속","교차로","교차로내","승용차","중형","보행자","보행자","942515  ","1681331 ",126.86907811,35.12552911
"2014","2014120721","00","야간","일",1,1,0,0,0,"전남","함평군","차량단독","전도전복","전도전복","운전자법규위반","안전운전 의무 불이행","단일로","기타단일로","화물차","소형","00","00","913745  ","1675221 ",126.55398384,35.06838612
"2014","2014120804","35","야간","월",1,1,0,0,0,"서울","강북구","차대사람","횡단중","횡단중","운전자법규위반","안전운전 의무 불이행","단일로","기타단일로","화물차","중형","보행자","보행자","958252  ","1958454 ",127.02689872,37.62458967
"2014","2014122001","25","야간","토",1,1,0,0,0,"경남","양산시","차대사람","차도통행중","차도통행중","운전자법규위반","안전운전 의무 불이행","단일로","기타단일로","승용차","중형","보행자","보행자","1142174 ","1715539 ",129.06612859,35.42546838
"2014","2014122018","50","야간","토",1,1,0,0,0,"경북","포항시","차량단독","도로이탈","도로이탈 기타","운전자법규위반","안전운전 의무 불이행","단일로","기타단일로","승용차","중형","00","00","1146231 ","1792591 ",129.12487257,36.11932579
"2014","2014122003","16","야간","토",1,1,0,0,0,"경기","고양시","차량단독","공작물충돌","공작물충돌","운전자법규위반","안전운전 의무 불이행","단일로","터널안","화물차","소형","00","00","931228  ","1963147 ",126.72023321,37.66526067
"2014","2014122013","45","주간","토",1,1,0,0,0,"충북","진천군","차량단독","기타","기타","운전자법규위반","안전운전 의무 불이행","단일로","기타단일로","자전거","자전거","00","00","994675  ","1873828 ",127.44025969,36.86269949
"2014","2014121718","30","야간","수",1,1,0,0,0,"강원","홍천군","차대사람","기타","기타","운전자법규위반","안전운전 의무 불이행","단일로","기타단일로","승용차","경형","보행자","보행자","1039289 ","1970935 ",127.94590877,37.73719081
"2014","2014121621","23","야간","화",1,1,0,0,0,"서울","마포구","차대사람","횡단중","횡단중","운전자법규위반","신호위반","단일로","횡단보도부근","승합차","대형","보행자","보행자","949100  ","1950991 ",126.9237087,37.55686373
"2014","2014122519","30","야간","목",1,1,0,0,0,"전북","익산시","차량단독","공작물충돌","공작물충돌","운전자법규위반","안전운전 의무 불이행","단일로","기타단일로","승용차","경형","00","00","949745  ","1774233 ",126.93558157,35.97188224
"2014","2014122607","20","주간","금",1,1,0,0,0,"서울","노원구","차대사람","기타","기타","운전자법규위반","보행자 보호의무 위반","교차로","교차로내","화물차","소형","보행자","보행자","960677  ","1957958 ",127.05440547,37.6202261
"2014","2014122900","25","야간","월",1,1,0,0,0,"경북","고령군","차량단독","공작물충돌","공작물충돌","운전자법규위반","안전운전 의무 불이행","교차로","교차로부근","승용차","소형","00","00","1083589 ","1746104 ",128.42404037,35.70767019
"2014","2014122502","44","야간","목",1,1,0,0,0,"서울","중구","차량단독","공작물충돌","공작물충돌","운전자법규위반","안전운전 의무 불이행","지하도로내","지하도로내","원동기장치자전거","원동기장치자전거","00","00","954886  ","1951442 ",126.98918768,37.56123026
"2014","2014122118","00","야간","일",1,1,0,0,0,"전남","여수시","차대사람","차도통행중","차도통행중","운전자법규위반","안전운전 의무 불이행","단일로","기타단일로","승용차","소형","보행자","보행자","1011754 ","1640446 ",127.62994242,34.7598722
"2014","2014122410","58","주간","수",1,1,0,0,0,"부산","동래구","차대사람","기타","기타","운전자법규위반","안전운전 의무 불이행","단일로","횡단보도부근","승합차","대형","보행자","보행자","1143626 ","1691166 ",129.07784408,35.20557308
"2014","2014111611","50","주간","일",1,1,0,0,0,"충남","아산시","차대사람","횡단중","횡단중","운전자법규위반","안전운전 의무 불이행","교차로","교차로내","승합차","중형","보행자","보행자","955750  ","1864934 ",127.00409238,36.7815041
"2014","2014111616","50","주간","일",1,1,0,0,0,"전북","고창군","차량단독","전도전복","전도전복","운전자법규위반","안전운전 의무 불이행","단일로","기타단일로","원동기장치자전거","원동기장치자전거","00","00","922229  ","1709261 ",126.64380623,35.37598434
"2014","2014111611","35","주간","일",1,1,0,0,0,"강원","횡성군","차대사람","횡단중","횡단중","운전자법규위반","보행자 보호의무 위반","단일로","횡단보도상","승용차","소형","보행자","보행자","1050796 ","1939163 ",128.07429666,37.45026126
"2014","2014112307","55","주간","일",1,3,0,0,2,"경기","가평군","차대차","추돌","주정차중 추돌","운전자법규위반","안전운전 의무 불이행","교차로","교차로부근","승용차","경형","승용차","중형","998239  ","1977422 ",127.47999759,37.79650151
"2014","2014112221","28","야간","토",1,1,0,0,0,"경북","문경시","차대사람","차도통행중","차도통행중","운전자법규위반","안전운전 의무 불이행","교차로","교차로내","승용차","경형","보행자","보행자","1054297 ","1859538 ",128.10811456,36.73234034
"2014","2014112105","35","야간","금",1,1,0,0,0,"인천","부평구","차대사람","횡단중","횡단중","운전자법규위반","안전운전 의무 불이행","단일로","기타단일로","승용차","대형","보행자","보행자","931956  ","1944439 ",126.73022494,37.49670488
"2014","2014113019","30","야간","일",1,1,0,0,0,"경북","포항시","차대사람","기타","기타","운전자법규위반","안전운전 의무 불이행","단일로","기타단일로","승용차","대형","보행자","보행자","1166207 ","1792818 ",129.34678991,36.11815566
"2014","2014120216","50","주간","화",1,1,0,0,0,"경기","용인시","차대사람","횡단중","횡단중","운전자법규위반","신호위반","단일로","기타단일로","승용차","소형","보행자","보행자","965251  ","1917367 ",127.10814752,37.25454144
"2014","2014112912","20","주간","토",1,1,0,0,0,"경기","안양시","차대차","기타","기타","운전자법규위반","안전운전 의무 불이행","단일로","기타단일로","원동기장치자전거","원동기장치자전거","승용차","중형","951137  ","1932993 ",126.9479652,37.39475297
"2014","2014112806","15","주간","금",1,1,0,0,0,"부산","수영구","차대사람","횡단중","횡단중","운전자법규위반","안전운전 의무 불이행","단일로","기타단일로","승용차","대형","보행자","보행자","1146981 ","1686253 ",129.11381264,35.16080352
"2014","2014112907","15","주간","토",1,1,0,0,0,"경기","안산시","차대사람","횡단중","횡단중","운전자법규위반","안전운전 의무 불이행","교차로","교차로내","화물차","소형","보행자","보행자","941833  ","1926596 ",126.84336077,37.33655761
"2014","2014120815","35","주간","월",1,1,0,0,0,"충남","홍성군","차대사람","기타","기타","운전자법규위반","보행자 보호의무 위반","교차로","교차로내","화물차","소형","보행자","보행자","926112  ","1844983 ",126.67389195,36.59981836
"2014","2014120518","45","야간","금",1,1,0,0,0,"경남","밀양시","차량단독","전도전복","전도전복","운전자법규위반","안전운전 의무 불이행","단일로","기타단일로","승용차","대형","00","00","1135127 ","1733075 ",128.98530999,35.58333571
"2014","2014120513","10","주간","금",1,1,0,0,0,"경기","이천시","차대차","측면직각충돌","측면직각충돌","운전자법규위반","안전운전 의무 불이행","교차로","교차로내","이륜차","중형","승합차","소형","994517  ","1922586 ",127.43813097,37.30221776
"2014","2014121301","20","야간","토",1,1,0,0,0,"전북","완주군","차량단독","도로이탈","도로이탈 추락","운전자법규위반","안전운전 의무 불이행","단일로","교량위","화물차","소형","00","00","969984  ","1769664 ",127.16728412,35.92317857
"2014","2014121315","50","주간","토",1,4,3,0,0,"전북","김제시","차대차","추돌","주정차중 추돌","운전자법규위반","과속","단일로","기타단일로","승용차","대형","화물차","소형","948952  ","1765465 ",126.95353447,35.88222984
"2014","2014121308","05","주간","토",1,1,0,0,0,"충북","음성군","차대사람","기타","기타","운전자법규위반","안전운전 의무 불이행","단일로","기타단일로","승용차","중형","보행자","보행자","997577  ","1884154 ",127.47415431,36.95506594
"2014","2014120917","50","주간","화",1,1,0,0,0,"전북","김제시","차대사람","차도통행중","차도통행중","운전자법규위반","안전운전 의무 불이행","교차로","교차로부근","승용차","중형","보행자","보행자","952351  ","1765867 ",127.00030092,35.87647391
"2014","2014121418","00","야간","일",1,1,0,0,0,"전남","화순군","차량단독","전도전복","전도전복","운전자법규위반","안전운전 의무 불이행","단일로","기타단일로","이륜차","사발이","00","00","959505  ","1671000 ",127.05604935,35.03320117
"2014","2014122613","30","주간","금",1,1,0,0,0,"전북","무주군","차대사람","횡단중","횡단중","운전자법규위반","보행자 보호의무 위반","단일로","횡단보도상","승용차","소형","보행자","보행자","1014524 ","1779007 ",127.661165,36.00776775