"발생년","발생년월일시","발생분","주야","요일","사망자수","사상자수","중상자수","경상자수","부상신고자수","발생지시도","발생지시군구","사고유형_대분류","사고유형_중분류","사고유형","법규위반_대분류","법규위반","도로형태_대분류","도로형태","당사자종별_1당_대분류","당사자종별_1당","당사자종별_2당_대분류","당사자종별_2당","발생위치X_UTMK","발생위치Y_UTMK","경도","위도"
"2014","2014122509","10","주간","목",2,3,1,0,0,"경남","진주시","차대차","기타","기타","운전자법규위반","교차로 통행방법 위반","교차로","교차로내","이륜차","중형","승용차","중형","1055324 ","1686344 ",128.10754108,35.17085103
"2014","2014122421","07","야간","수",1,1,0,0,0,"서울","도봉구","차대사람","횡단중","횡단중","운전자법규위반","안전운전 의무 불이행","교차로","교차로내","승용차","소형","보행자","보행자","959901  ","1964664 ",127.04524395,37.68063477
"2014","2014122212","28","주간","월",1,2,0,1,0,"부산","해운대구","차대차","기타","기타","운전자법규위반","신호위반","교차로","교차로부근","승용차","중형","승용차","중형","1148505 ","1690489 ",129.13130263,35.19876072
"2014","2014122123","55","야간","일",1,4,2,1,0,"전북","전주시","차대차","측면직각충돌","측면직각충돌","운전자법규위반","신호위반","교차로","교차로내","건설기계","건설기계","승용차","중형","960892  ","1762326 ",127.06686553,35.85669867
"2014","2014031214","00","주간","수",1,3,0,2,0,"전남","순천시","차대차","기타","기타","운전자법규위반","안전운전 의무 불이행","단일로","기타단일로","승용차","중형","화물차","소형","1012036 ","1645874 ",127.63159129,34.80736694
"2014","2014020509","20","주간","수",1,3,2,0,0,"경북","의성군","차대차","추돌","진행중 추돌","운전자법규위반","안전운전 의무 불이행","단일로","기타단일로","승용차","중형","승용차","대형","1098896 ","1824499 ",128.60304718,36.41291995
"2014","2014120413","50","주간","목",1,1,0,0,0,"경기","구리시","차대사람","횡단중","횡단중","운전자법규위반","안전운전 의무 불이행","교차로","교차로내","건설기계","건설기계","보행자","보행자","966311  ","1956892 ",127.11829571,37.61084174
"2014","2014120408","35","주간","목",2,3,0,1,0,"경남","함안군","차대차","정면충돌","정면충돌","운전자법규위반","중앙선 침범","단일로","기타단일로","화물차","소형","건설기계","건설기계","1086359 ","1704620 ",128.4505362,35.3334334
"2014","2014120312","55","주간","수",1,1,0,0,0,"전남","무안군","차량단독","전도전복","전도전복","운전자법규위반","안전운전 의무 불이행","단일로","기타단일로","이륜차","중형","00","00","901597  ","1670773 ",126.42129573,35.02717172
"2014","2014120419","15","야간","목",1,1,0,0,0,"경기","고양시","차대차","추돌","주정차중 추돌","운전자법규위반","안전운전 의무 불이행","단일로","기타단일로","승용차","중형","승합차","대형","948889  ","1962142 ",126.92054069,37.65735647
"2014","2014120422","20","야간","목",1,3,2,0,0,"경기","부천시","차대차","추돌","진행중 추돌","운전자법규위반","신호위반","교차로","교차로내","화물차","소형","승용차","중형","936999  ","1945198 ",126.78720667,37.50390369
"2014","2014120406","07","주간","목",1,1,0,0,0,"경기","남양주시","차대사람","횡단중","횡단중","운전자법규위반","신호위반","교차로","교차로부근","화물차","소형","보행자","보행자","967798  ","1960622 ",127.13497907,37.6445146
"2014","2014121316","30","주간","토",1,3,2,0,0,"전북","군산시","차량단독","공작물충돌","공작물충돌","운전자법규위반","안전운전 의무 불이행","교차로","교차로부근","승용차","대형","00","00","908809  ","1755968 ",126.49081184,35.79591885
"2014","2014121319","38","야간","토",1,1,0,0,0,"경남","창원시(통합)","차대사람","기타","기타","운전자법규위반","안전운전 의무 불이행","단일로","기타단일로","승용차","중형","보행자","보행자","1104498 ","1694833 ",128.64854939,35.24347066
"2014","2014120901","10","야간","화",1,1,0,0,0,"충남","천안시","차대차","추돌","주정차중 추돌","운전자법규위반","안전운전 의무 불이행","단일로","기타단일로","승용차","중형","화물차","대형","973784  ","1876484 ",127.20579684,36.88629314
"2014","2014120905","55","야간","화",1,1,0,0,0,"전남","여수시","차대사람","횡단중","횡단중","운전자법규위반","신호위반","단일로","기타단일로","승용차","중형","보행자","보행자","1019161 ","1639442 ",127.70934299,34.74925586
"2014","2014120914","20","주간","화",1,1,0,0,0,"경남","통영시","차대사람","횡단중","횡단중","운전자법규위반","보행자 보호의무 위반","단일로","횡단보도상","화물차","소형","보행자","보행자","1084386 ","1648332 ",128.42279928,34.82610381
"2014","2014121015","13","주간","수",1,1,0,0,0,"부산","영도구","차대사람","횡단중","횡단중","운전자법규위반","안전운전 의무 불이행","단일로","기타단일로","승용차","중형","보행자","보행자","1140792 ","1678573 ",129.04457364,35.09246234
"2014","2014121013","25","주간","수",1,2,1,0,0,"대구","수성구","차대차","기타","기타","운전자법규위반","신호위반","교차로","교차로내","승용차","중형","승용차","중형","1101429 ","1762513 ",128.62330216,35.85391428
"2014","2014122110","50","주간","일",1,1,0,0,0,"충남","당진시","차대차","측면직각충돌","측면직각충돌","운전자법규위반","중앙선 침범","단일로","기타단일로","화물차","대형","승용차","중형","918635  ","1888086 ",126.58569841,36.98772276
"2014","2014121618","55","야간","화",1,3,1,1,0,"인천","계양구","차대차","추돌","주정차중 추돌","운전자법규위반","안전운전 의무 불이행","단일로","기타단일로","승용차","중형","건설기계","건설기계","935927  ","1953712 ",126.77433555,37.58056553
"2014","2014121705","30","야간","수",1,2,0,1,0,"인천","남구","차대차","기타","기타","운전자법규위반","신호위반","교차로","교차로내","화물차","소형","승용차","중형","926646  ","1938233 ",126.67077708,37.44036496
"2014","2014121814","40","주간","목",1,1,0,0,0,"대구","달서구","차대차","추돌","주정차중 추돌","운전자법규위반","안전운전 의무 불이행","단일로","기타단일로","화물차","소형","승합차","대형","1095239 ","1757561 ",128.55416946,35.80989496
"2014","2014111612","10","주간","일",1,1,0,0,0,"충북","영동군","차대차","추돌","주정차중 추돌","운전자법규위반","안전운전 의무 불이행","단일로","기타단일로","건설기계","건설기계","농기계","농기계","1014955 ","1786642 ",127.66609206,36.07659719
"2014","2014111516","15","주간","토",1,2,0,1,0,"부산","수영구","차대차","추돌","주정차중 추돌","운전자법규위반","안전운전 의무 불이행","고가도로위","고가도로위","승용차","중형","승용차","대형","1149102 ","1685849 ",129.13701929,35.15684965
"2014","2014112317","43","주간","일",1,2,1,0,0,"경남","의령군","차대차","기타","기타","운전자법규위반","안전운전 의무 불이행","단일로","기타단일로","화물차","소형","건설기계","건설기계","1075783 ","1717820 ",128.3351055,35.4533042
"2014","2014112021","10","야간","목",1,1,0,0,0,"경기","양주시","차대사람","횡단중","횡단중","운전자법규위반","안전운전 의무 불이행","교차로","교차로부근","승용차","소형","보행자","보행자","963227  ","1977950 ",127.08229024,37.80052167
"2014","2014112022","30","야간","목",1,1,0,0,0,"충북","음성군","차대사람","기타","기타","운전자법규위반","안전운전 의무 불이행","단일로","기타단일로","승용차","중형","보행자","보행자","1018274 ","1882971 ",127.70523311,36.94495744
"2014","2014112118","15","야간","금",1,1,0,0,0,"충북","충주시","차대사람","기타","기타","운전자법규위반","안전운전 의무 불이행","단일로","기타단일로","승합차","대형","보행자","보행자","1034138 ","1902693 ",127.8779223,37.10231145
"2014","2014112204","25","야간","토",1,1,0,0,0,"대전","중구","차대사람","보도통행중","보도통행중","운전자법규위반","안전운전 의무 불이행","교차로","교차로내","승용차","중형","보행자","보행자","990492  ","1813365 ",127.39407884,36.31759047
"2014","2014113012","50","주간","일",1,1,0,0,0,"경기","광명시","차대사람","기타","기타","운전자법규위반","안전운전 의무 불이행","교차로","교차로내","승용차","중형","보행자","보행자","945187  ","1940496 ",126.88019056,37.46204646
"2014","2014120708","20","주간","일",1,2,1,0,0,"경북","포항시","차대사람","기타","기타","운전자법규위반","중앙선 침범","단일로","기타단일로","승용차","소형","보행자","보행자","1168516 ","1784967 ",129.37075655,36.04701212
"2014","2014120818","12","야간","월",1,1,0,0,0,"전북","전주시","차대사람","횡단중","횡단중","운전자법규위반","안전운전 의무 불이행","단일로","기타단일로","승용차","대형","보행자","보행자","958171  ","1764602 ",127.04825823,35.84903862
"2014","2014120818","32","야간","월",1,1,0,0,0,"경기","고양시","차량단독","공작물충돌","공작물충돌","운전자법규위반","안전운전 의무 불이행","단일로","기타단일로","이륜차","중형","00","00","936300  ","1960762 ",126.77794558,37.6441315
"2014","2014120619","15","야간","토",1,1,0,0,0,"충북","충주시","차량단독","공작물충돌","공작물충돌","운전자법규위반","안전운전 의무 불이행","단일로","기타단일로","승용차","중형","00","00","1032030 ","1885186 ",127.85981684,36.9645567
"2014","2014120704","45","야간","일",1,1,0,0,0,"대전","중구","차대사람","횡단중","횡단중","운전자법규위반","안전운전 의무 불이행","단일로","횡단보도상","승용차","대형","보행자","보행자","994710  ","1812522 ",127.44107396,36.31002284
"2014","2014120618","40","야간","토",1,1,0,0,0,"강원","원주시","차대차","기타","기타","운전자법규위반","교차로 통행방법 위반","교차로","교차로내","승용차","중형","이륜차","소형","1040524 ","1929261 ",127.95762268,37.36151663
"2014","2014120502","25","야간","금",1,1,0,0,0,"전북","김제시","차량단독","공작물충돌","공작물충돌","운전자법규위반","안전운전 의무 불이행","단일로","기타단일로","승용차","중형","00","00","954054  ","1747895 ",126.99196363,35.72629332
"2014","2014120214","30","주간","화",1,1,0,0,0,"충남","계룡시","차대사람","차도통행중","차도통행중","운전자법규위반","신호위반","교차로","교차로내","승용차","소형","보행자","보행자","977167  ","1808100 ",127.24579046,36.26990063
"2014","2014101600","10","야간","목",1,2,1,0,0,"경기","부천시","차대차","추돌","진행중 추돌","운전자법규위반","안전운전 의무 불이행","단일로","기타단일로","승용차","중형","화물차","소형","940977  ","1947502 ",126.8320258,37.52493271
"2014","2014121016","25","주간","수",1,3,0,2,0,"전남","장성군","차대차","추돌","진행중 추돌","운전자법규위반","안전운전 의무 불이행","단일로","기타단일로","승용차","중형","화물차","대형","937366  ","1708057 ",126.81326089,35.35802307
"2014","2014121310","30","주간","토",1,1,0,0,0,"전북","익산시","차대차","정면충돌","정면충돌","운전자법규위반","안전운전 의무 불이행","단일로","기타단일로","승합차","소형","승용차","소형","964094  ","1773521 ",127.10182264,35.95775389
"2014","2014121802","00","야간","목",1,1,0,0,0,"전북","완주군","차대사람","기타","기타","운전자법규위반","안전운전 의무 불이행","단일로","기타단일로","승용차","중형","보행자","보행자","964290  ","1774198 ",127.10396565,35.96386477
"2014","2014062606","55","주간","목",1,2,0,1,0,"경북","상주시","차대차","추돌","진행중 추돌","운전자법규위반","안전운전 의무 불이행","단일로","터널안","화물차","소형","화물차","소형","1060854 ","1835311 ",128.17962713,36.51355145
"2014","2014070316","10","주간","목",1,1,0,0,0,"경북","성주군","차량단독","공작물충돌","공작물충돌","운전자법규위반","안전운전 의무 불이행","단일로","기타단일로","승용차","중형","00","00","1067386 ","1777641 ",128.24760261,35.99323075
"2014","2014101918","10","야간","일",1,6,3,2,0,"전북","임실군","차대차","정면충돌","정면충돌","운전자법규위반","중앙선 침범","단일로","기타단일로","승용차","소형","승용차","대형","978438  ","1733728 ",127.26195976,35.59939463
"2014","2014101622","10","야간","목",2,2,0,0,0,"충북","청주시","차량단독","공작물충돌","공작물충돌","운전자법규위반","안전운전 의무 불이행","교차로","교차로부근","승용차","중형","00","00","1002252 ","1857536 ",127.52521665,36.71584352
"2014","2014101622","23","야간","목",1,1,0,0,0,"충남","공주시","차대사람","길가장자리구역통행중","길가장자리구역통행중","운전자법규위반","안전운전 의무 불이행","단일로","기타단일로","화물차","소형","보행자","보행자","968203  ","1823974 ",127.14534363,36.41275506
"2014","2014101616","20","주간","목",1,6,1,4,0,"제주","제주시","차대차","측면직각충돌","측면직각충돌","운전자법규위반","신호위반","교차로","교차로내","승용차","중형","건설기계","건설기계","912334  ","1502116 ",126.55613929,33.50745619
"2014","2014102616","25","주간","일",1,1,0,0,0,"서울","관악구","차대사람","기타","기타","운전자법규위반","보행자 보호의무 위반","단일로","횡단보도상","승합차","대형","보행자","보행자","952466  ","1942186 ",126.96238672,37.47768199
"2014","2014102619","40","야간","일",1,1,0,0,0,"경기","파주시","차대사람","횡단중","횡단중","운전자법규위반","안전운전 의무 불이행","단일로","기타단일로","승용차","소형","보행자","보행자","933541  ","1968359 ",126.74598143,37.71240477
"2014","2014102605","25","야간","일",1,2,0,1,0,"서울","서대문구","차대차","추돌","주정차중 추돌","운전자법규위반","안전운전 의무 불이행","고가도로위","고가도로위","승합차","소형","건설기계","건설기계","951166  ","1952061 ",126.94702772,37.56661965
"2014","2014102606","08","주간","일",1,1,0,0,0,"제주","서귀포시","차대차","기타","기타","운전자법규위반","과속","교차로","교차로내","화물차","소형","자전거","자전거","924187  ","1476790 ",126.68586649,33.27982844
"2013","2013060805","28","야간","토",1,1,0,0,0,"서울","서대문구","차량단독","전도전복","전도전복","운전자법규위반","안전운전 의무 불이행","단일로","기타단일로","이륜차","중형","00","00","947734  ","1952725 ",126.90854016,37.57225849
"2013","2013061721","15","야간","월",2,2,0,0,0,"전북","김제시","차대차","추돌","진행중 추돌","운전자법규위반","안전운전 의무 불이행","단일로","기타단일로","화물차","소형","농기계","농기계","938467  ","1762984 ",126.81846311,35.86147893
"2013","2013070709","20","주간","일",1,1,0,0,0,"경북","예천군","차대차","측면직각충돌","측면직각충돌","운전자법규위반","안전운전 의무 불이행","단일로","기타단일로","이륜차","소형","승용차","중형","1086488 ","1846684 ",128.46715749,36.61409106
"2013","2013062912","17","주간","토",1,1,0,0,0,"대구","달서구","차대사람","횡단중","횡단중","운전자법규위반","안전운전 의무 불이행","단일로","기타단일로","승용차","중형","보행자","보행자","1096246 ","1761833 ",128.56582877,35.84830724
"2013","2013070810","25","주간","월",1,1,0,0,0,"전남","고흥군","차대차","기타","기타","운전자법규위반","교차로 통행방법 위반","교차로","교차로내","승용차","소형","이륜차","소형","966981  ","1615411 ",127.14019109,34.53219483
"2014","2014042412","23","주간","목",1,2,1,0,0,"경북","경주시","차대차","기타","기타","운전자법규위반","중앙선 침범","단일로","기타단일로","승용차","중형","승용차","중형","1158439 ","1777700 ",129.25748213,35.98321754
"2014","2014042405","20","야간","목",2,2,0,0,0,"서울","마포구","차량단독","전도전복","전도전복","운전자법규위반","안전거리 미확보","단일로","기타단일로","승용차","중형","00","00","943840  ","1952853 ",126.86401537,37.57334026
"2014","2014050211","30","주간","금",1,1,0,0,0,"경기","안성시","차대사람","기타","기타","운전자법규위반","안전운전 의무 불이행","단일로","기타단일로","화물차","소형","보행자","보행자","981477  ","1891660 ",127.29175705,37.02327864
"2014","2014050400","27","야간","일",1,1,0,0,0,"경기","시흥시","차대사람","차도통행중","차도통행중","운전자법규위반","안전운전 의무 불이행","단일로","기타단일로","승용차","중형","보행자","보행자","936524  ","1938270 ",126.78243012,37.44142908
"2014","2014050120","20","야간","목",1,1,0,0,0,"충남","태안군","차량단독","도로이탈","도로이탈 기타","운전자법규위반","안전운전 의무 불이행","단일로","기타단일로","농기계","농기계","00","00","895928  ","1838061 ",126.33740772,36.53461211
"2014","2014050209","20","주간","금",1,1,0,0,0,"서울","강서구","차대차","기타","기타","운전자법규위반","안전운전 의무 불이행","단일로","기타단일로","승용차","중형","원동기장치자전거","원동기장치자전거","941876  ","1951198 ",126.84190659,37.55830189
"2014","2014050118","53","야간","목",1,1,0,0,0,"경북","경주시","차대사람","기타","기타","운전자법규위반","안전운전 의무 불이행","교차로","교차로내","승용차","대형","보행자","보행자","1165999 ","1743917 ",129.33428149,35.67752289
"2014","2014050319","00","야간","토",1,2,1,0,0,"경북","봉화군","차량단독","전도전복","전도전복","운전자법규위반","안전운전 의무 불이행","단일로","기타단일로","화물차","소형","00","00","1107530 ","1887411 ",128.70817024,36.97901108
"2014","2014050414","50","주간","일",1,3,1,1,0,"경북","안동시","차대차","기타","기타","운전자법규위반","교차로 통행방법 위반","교차로","교차로내","승용차","소형","승용차","중형","1095847 ","1843000 ",128.5713401,36.57999015
"2014","2014050401","40","야간","일",1,1,0,0,0,"경기","화성시","차량단독","공작물충돌","공작물충돌","운전자법규위반","안전운전 의무 불이행","단일로","기타단일로","승용차","중형","00","00","957802  ","1912037 ",127.02445195,37.20619028
"2014","2014050411","40","주간","일",1,1,0,0,0,"충남","논산시","차대차","측면직각충돌","측면직각충돌","운전자법규위반","과속","단일로","기타단일로","승용차","중형","이륜차","소형","962271  ","1802076 ",127.08024064,36.21512478
"2014","2014050219","00","야간","금",1,1,0,0,0,"경북","경주시","차대사람","기타","기타","운전자법규위반","안전운전 의무 불이행","단일로","기타단일로","승용차","중형","보행자","보행자","1177451 ","1753001 ",129.46276842,35.75738545
"2014","2014050215","55","주간","금",1,6,3,2,0,"경북","경주시","차대차","기타","기타","운전자법규위반","중앙선 침범","교차로","교차로부근","화물차","소형","화물차","중형","1156579 ","1762730 ",129.23391118,35.84860946
"2014","2014031716","28","주간","월",1,2,1,0,0,"경북","청송군","차대차","추돌","주정차중 추돌","운전자법규위반","안전운전 의무 불이행","단일로","기타단일로","승합차","소형","승용차","중형","1136309 ","1811202 ",129.01789425,36.2885014
"2014","2014032707","55","주간","목",1,1,0,0,0,"인천","남구","차대사람","횡단중","횡단중","운전자법규위반","안전운전 의무 불이행","단일로","기타단일로","승용차","경형","보행자","보행자","926243  ","1938797 ",126.66616544,37.44541613
"2014","2014040505","40","야간","토",1,1,0,0,0,"충북","청주시","차대사람","횡단중","횡단중","운전자법규위반","보행자 보호의무 위반","단일로","기타단일로","승용차","중형","보행자","보행자","998689  ","1847798 ",127.48533681,36.62805791
"2014","2014040409","55","주간","금",1,3,2,0,0,"충남","아산시","차대차","측면직각충돌","측면직각충돌","운전자법규위반","직진 및 우회전차의 통행방해","교차로","교차로내","승용차","대형","화물차","중형","952993  ","1861990 ",126.97337748,36.75483289
"2014","2014041007","50","주간","목",1,2,1,0,0,"서울","노원구","차대차","추돌","주정차중 추돌","운전자법규위반","차로위반(진로변경 위반)","단일로","기타단일로","승용차","중형","원동기장치자전거","원동기장치자전거","961177  ","1962092 ",127.05985138,37.65750788
"2014","2014041015","52","주간","목",1,1,0,0,0,"전남","보성군","차량단독","전도전복","전도전복","운전자법규위반","안전운전 의무 불이행","단일로","기타단일로","건설기계","건설기계","00","00","983631  ","1649192 ",127.32097086,34.8372271
"2014","2014041203","55","야간","토",1,1,0,0,0,"광주","남구","차대사람","횡단중","횡단중","운전자법규위반","신호위반","교차로","교차로내","화물차","소형","보행자","보행자","947081  ","1682794 ",126.9190958,35.13897115
"2014","2014040803","30","야간","화",1,1,0,0,0,"경북","고령군","차대사람","기타","기타","운전자법규위반","안전운전 의무 불이행","단일로","횡단보도부근","화물차","소형","보행자","보행자","1068981 ","1747815 ",128.26271638,35.72422726
"2014","2014040807","40","주간","화",1,1,0,0,0,"경남","김해시","차대차","기타","기타","운전자법규위반","안전운전 의무 불이행","교차로","교차로부근","화물차","대형","자전거","자전거","1119503 ","1690268 ",128.81277191,35.2006411
"2014","2014040718","35","야간","월",1,1,0,0,0,"충북","청원군","차대사람","횡단중","횡단중","운전자법규위반","안전운전 의무 불이행","단일로","기타단일로","승용차","경형","보행자","보행자","988509  ","1847364 ",127.37148285,36.624077
"2014","2014040719","30","야간","월",1,1,0,0,0,"전북","정읍시","차대차","추돌","진행중 추돌","운전자법규위반","안전운전 의무 불이행","교차로","교차로부근","승용차","중형","자전거","자전거","944170  ","1734279 ",126.88362326,35.60302147
"2014","2014040714","05","주간","월",1,1,0,0,0,"경기","안성시","차대차","추돌","주정차중 추돌","운전자법규위반","안전운전 의무 불이행","단일로","기타단일로","화물차","소형","화물차","대형","975208  ","1890298 ",127.22310075,37.00134153
"2014","2014040714","01","주간","월",1,1,0,0,0,"대전","서구","차량단독","기타","기타","운전자법규위반","안전운전 의무 불이행","단일로","기타단일로","건설기계","건설기계","00","00","987130  ","1817629 ",127.35655507,36.35599312
"2014","2014031222","35","야간","수",1,2,1,0,0,"충북","옥천군","차대차","추돌","진행중 추돌","운전자법규위반","안전운전 의무 불이행","단일로","기타단일로","화물차","대형","화물차","중형","1006790 ","1812332 ",127.57563309,36.30830049
"2014","2014011901","13","야간","일",1,1,0,0,0,"충북","음성군","차대차","기타","기타","운전자법규위반","안전운전 의무 불이행","단일로","기타단일로","승합차","소형","승용차","중형","1017464 ","1902037 ",127.69657859,37.11684002
"2014","2014040211","30","주간","수",1,3,1,1,0,"경기","화성시","차대차","추돌","주정차중 추돌","운전자법규위반","안전운전 의무 불이행","단일로","기타단일로","화물차","대형","화물차","중형","938800  ","1903281 ",126.81103869,37.1262147
"2014","2014121700","03","야간","수",1,2,0,1,0,"경기","평택시","차대차","추돌","주정차중 추돌","운전자법규위반","안전운전 의무 불이행","단일로","기타단일로","화물차","대형","화물차","중형","943865  ","1888646 ",126.86914804,36.99461555
"2014","2014112518","33","야간","화",1,1,0,0,0,"경기","평택시","차대차","기타","기타","운전자법규위반","안전운전 의무 불이행","단일로","기타단일로","화물차","소형","승용차","중형","964919  ","1902594 ",127.10509776,37.12136622
"2014","2014010519","20","야간","일",1,1,0,0,0,"경북","고령군","차량단독","도로이탈","도로이탈 추락","운전자법규위반","안전운전 의무 불이행","단일로","기타단일로","승용차","대형","00","00","1072530 ","1741865 ",128.30141705,35.67032984
"2014","2014010721","20","야간","화",1,1,0,0,0,"강원","횡성군","차량단독","공작물충돌","공작물충돌","운전자법규위반","안전운전 의무 불이행","단일로","기타단일로","화물차","소형","00","00","1040614 ","1950942 ",127.95983406,37.55693306
"2013","2013051821","00","야간","토",1,1,0,0,0,"경남","창원시(통합)","차대차","기타","기타","운전자법규위반","안전운전 의무 불이행","단일로","기타단일로","승용차","대형","화물차","중형","1107573 ","1685326 ",128.68109916,35.15743753
"2013","2013051906","30","주간","일",2,4,1,1,0,"충북","청주시","차대차","기타","기타","운전자법규위반","중앙선 침범","단일로","기타단일로","승용차","소형","승용차","중형","997164  ","1847020 ",127.46828297,36.62104093
"2013","2013051904","36","야간","일",1,1,0,0,0,"강원","양구군","차대차","측면직각충돌","측면직각충돌","운전자법규위반","안전운전 의무 불이행","교차로","교차로내","화물차","소형","원동기장치자전거","원동기장치자전거","1042570 ","2011392 ",127.98553639,38.10167092
"2013","2013051823","20","야간","토",1,1,0,0,0,"강원","태백시","차대사람","기타","기타","운전자법규위반","안전운전 의무 불이행","단일로","기타단일로","승용차","중형","보행자","보행자","1130316 ","1910264 ",128.96808271,37.1820665
"2013","2013052620","05","야간","일",1,1,0,0,0,"제주","서귀포시","차대사람","횡단중","횡단중","운전자법규위반","보행자 보호의무 위반","단일로","횡단보도상","승용차","소형","보행자","보행자","915710  ","1478261 ",126.59470689,33.29246567
"2013","2013052408","50","주간","금",1,1,0,0,0,"광주","북구","차대차","측면직각충돌","측면직각충돌","운전자법규위반","안전운전 의무 불이행","교차로","교차로부근","승용차","중형","원동기장치자전거","원동기장치자전거","944343  ","1686558 ",126.88921119,35.17283196
"2013","2013060617","33","주간","목",1,1,0,0,0,"경남","진주시","차대차","측면직각충돌","측면직각충돌","운전자법규위반","신호위반","단일로","기타단일로","자전거","자전거","승용차","대형","1052075 ","1687187 ",128.07191701,35.17862581
"2013","2013060806","29","주간","토",1,1,0,0,0,"경남","진주시","차대사람","기타","기타","운전자법규위반","안전운전 의무 불이행","교차로","교차로내","특수차","소형","보행자","보행자","1052020 ","1687480 ",128.07133149,35.18127056
"2013","2013060714","50","주간","금",1,1,0,0,0,"서울","동대문구","차대사람","기타","기타","운전자법규위반","안전운전 의무 불이행","교차로","교차로부근","화물차","중형","보행자","보행자","961046  ","1954509 ",127.05877039,37.58915516
"2013","2013060408","25","주간","화",1,1,0,0,0,"경북","김천시","차대사람","기타","기타","운전자법규위반","신호위반","교차로","교차로부근","승용차","경형","보행자","보행자","1068991 ","1795810 ",128.26699648,36.15691242
"2013","2013060410","20","주간","화",1,1,0,0,0,"경북","구미시","차대차","측면직각충돌","측면직각충돌","운전자법규위반","안전운전 의무 불이행","단일로","기타단일로","승합차","소형","원동기장치자전거","원동기장치자전거","1075526 ","1791200 ",128.33919894,36.11486697
"2013","2013060320","30","야간","월",1,1,0,0,0,"대구","동구","차대사람","횡단중","횡단중","운전자법규위반","안전운전 의무 불이행","단일로","횡단보도상","화물차","대형","보행자","보행자","1108598 ","1764718 ",128.72701874,35.86940716
"2013","2013060420","30","야간","화",1,1,0,0,0,"전남","목포시","차대사람","차도통행중","차도통행중","운전자법규위반","안전운전 의무 불이행","교차로","교차로내","승용차","중형","보행자","보행자","897858  ","1645472 ",126.38206043,34.79871418
"2013","2013060407","49","주간","화",1,1,0,0,0,"전남","나주시","차량단독","공작물충돌","공작물충돌","운전자법규위반","안전운전 의무 불이행","단일로","기타단일로","화물차","소형","00","00","920989  ","1661634 ",126.63471623,34.94647397
"2013","2013060403","38","야간","화",1,1,0,0,0,"경기","평택시","차대사람","차도통행중","차도통행중","운전자법규위반","안전운전 의무 불이행","교차로","교차로내","승합차","대형","보행자","보행자","961433  ","1885266 ",127.0899321,36.99421405
"2013","2013060217","22","주간","일",1,1,0,0,0,"전남","신안군","차대차","측면직각충돌","측면직각충돌","운전자법규위반","교차로 통행방법 위반","교차로","교차로내","승용차","소형","원동기장치자전거","원동기장치자전거","856311  ","1641750 ",125.92999205,34.76012561
"2013","2013060307","15","주간","월",1,1,0,0,0,"전남","목포시","차대사람","횡단중","횡단중","운전자법규위반","안전운전 의무 불이행","단일로","기타단일로","승합차","소형","보행자","보행자","898890  ","1645490 ",126.39468611,34.79895575
"2013","2013061012","40","주간","월",1,1,0,0,0,"경북","경주시","차대차","측면직각충돌","측면직각충돌","운전자법규위반","안전운전 의무 불이행","단일로","기타단일로","원동기장치자전거","원동기장치자전거","화물차","중형","1164743 ","1749287 ",129.32155123,35.72600468
"2013","2013060823","27","야간","토",1,2,1,0,0,"경남","하동군","차대차","정면충돌","정면충돌","운전자법규위반","과속","단일로","기타단일로","승용차","대형","승용차","소형","1020809 ","1676465 ",127.72827045,35.08307829
"2013","2013061202","50","야간","수",1,1,0,0,0,"경북","칠곡군","차량단독","전도전복","전도전복","운전자법규위반","안전운전 의무 불이행","단일로","기타단일로","승용차","경형","00","00","1081260 ","1788204 ",128.4025958,36.08739581
"2013","2013061209","10","주간","수",1,1,0,0,0,"경남","고성군","차량단독","기타","기타","운전자법규위반","안전운전 의무 불이행","단일로","기타단일로","자전거","자전거","00","00","1073960 ","1664756 ",128.3102502,34.97500519
"2013","2013061715","20","주간","월",1,1,0,0,0,"대전","중구","차대사람","횡단중","횡단중","운전자법규위반","보행자 보호의무 위반","교차로","교차로내","화물차","경형","보행자","보행자","993755  ","1814476 ",127.43042043,36.32763332
"2013","2013061722","35","야간","월",1,1,0,0,0,"울산","남구","차대사람","횡단중","횡단중","운전자법규위반","안전운전 의무 불이행","단일로","기타단일로","승용차","소형","보행자","보행자","1166684 ","1727949 ",129.33855122,35.53350576
"2013","2013061604","05","야간","일",1,2,0,1,0,"부산","연제구","차대사람","횡단중","횡단중","운전자법규위반","과속","교차로","교차로부근","승용차","중형","보행자","보행자","1143069 ","1688909 ",129.07133515,35.18530862
"2013","2013061621","20","야간","일",1,2,1,0,0,"대구","달성군","차대차","측면직각충돌","측면직각충돌","운전자법규위반","중앙선 침범","단일로","기타단일로","승용차","중형","화물차","소형","1087833 ","1755341 ",128.47196205,35.79057263
"2013","2013061708","20","주간","월",1,1,0,0,0,"대구","달서구","차대차","기타","기타","운전자법규위반","안전운전 의무 불이행","단일로","횡단보도부근","승용차","중형","자전거","자전거","1089012 ","1762182 ",128.48576942,35.85213724
"2013","2013062222","50","야간","토",1,1,0,0,0,"경남","거창군","차량단독","전도전복","전도전복","운전자법규위반","안전운전 의무 불이행","단일로","기타단일로","이륜차","중형","00","00","1039333 ","1743761 ",127.9347144,35.68930716