"발생년","발생년월일시","발생분","주야","요일","사망자수","사상자수","중상자수","경상자수","부상신고자수","발생지시도","발생지시군구","사고유형_대분류","사고유형_중분류","사고유형","법규위반_대분류","법규위반","도로형태_대분류","도로형태","당사자종별_1당_대분류","당사자종별_1당","당사자종별_2당_대분류","당사자종별_2당","발생위치X_UTMK","발생위치Y_UTMK","경도","위도"
"2014","2014020719","10","야간","금",1,1,0,0,0,"경북","청도군","차대사람","기타","기타","운전자법규위반","안전운전 의무 불이행","단일로","횡단보도상","화물차","소형","보행자","보행자","1113247 ","1739520 ",128.75090925,35.64535695
"2014","2014020607","00","주간","목",1,6,1,1,3,"경기","화성시","차대차","측면직각충돌","측면직각충돌","운전자법규위반","신호위반","교차로","교차로내","승용차","소형","승합차","중형","947747  ","1904258 ",126.91168646,37.13556369
"2014","2014011101","20","야간","토",1,2,0,1,0,"충북","청원군","차대차","추돌","진행중 추돌","운전자법규위반","안전운전 의무 불이행","단일로","기타단일로","승용차","중형","화물차","대형","988447  ","1851774 ",127.35183456,36.66378312
"2014","2014011206","55","주간","일",3,12,6,3,0,"경북","칠곡군","차대차","측면직각충돌","측면직각충돌","운전자법규위반","안전거리 미확보","단일로","기타단일로","화물차","중형","화물차","소형","1083799 ","1776437 ",128.42926281,35.98126589
"2014","2014072201","35","야간","화",1,1,0,0,0,"경북","경주시","차대차","정면충돌","정면충돌","운전자법규위반","안전운전 의무 불이행","단일로","기타단일로","승용차","대형","화물차","대형","1147649 ","1759388 ",129.13011723,35.82262279
"2014","2014081804","20","야간","월",1,1,0,0,0,"경북","상주시","차대차","추돌","진행중 추돌","운전자법규위반","안전운전 의무 불이행","단일로","기타단일로","화물차","중형","화물차","대형","1051353 ","1823426 ",128.07273522,36.40696793
"2014","2014031402","40","야간","금",1,2,1,0,0,"경기","의왕시","차대차","추돌","진행중 추돌","운전자법규위반","안전운전 의무 불이행","단일로","기타단일로","승용차","중형","화물차","중형","955377  ","1932003 ",126.99592502,37.38604354
"2014","2014020513","20","주간","수",1,2,1,0,0,"강원","원주시","차대차","추돌","진행중 추돌","운전자법규위반","안전운전 의무 불이행","단일로","기타단일로","화물차","중형","화물차","대형","1048656 ","1917536 ",128.04860396,37.25536385
"2014","2014082015","40","주간","수",1,1,0,0,0,"전북","고창군","차대차","정면충돌","정면충돌","운전자법규위반","중앙선 침범","단일로","기타단일로","화물차","소형","이륜차","소형","909914  ","1718127 ",126.50726526,35.4548788
"2014","2014080823","30","야간","금",1,1,0,0,0,"울산","중구","차대사람","횡단중","횡단중","운전자법규위반","안전운전 의무 불이행","단일로","기타단일로","승용차","대형","보행자","보행자","1165571 ","1730608 ",129.32682383,35.55765525
"2014","2014080715","55","주간","목",1,4,0,0,3,"전남","무안군","차대차","정면충돌","정면충돌","운전자법규위반","안전운전 의무 불이행","단일로","기타단일로","승용차","소형","승용차","경형","909481  ","1644139 ",126.5105941,34.78777098
"2014","2014080514","15","주간","화",1,2,1,0,0,"충북","청주시","차대차","기타","기타","운전자법규위반","중앙선 침범","단일로","기타단일로","특수차","대형","건설기계","건설기계","992520  ","1859478 ",127.41622412,36.73332354
"2014","2014080607","10","주간","수",1,1,0,0,0,"충남","청양군","차대사람","기타","기타","운전자법규위반","안전운전 의무 불이행","단일로","기타단일로","승합차","대형","보행자","보행자","937474  ","1828183 ",126.80227731,36.44918792
"2014","2014080321","15","야간","일",1,3,2,0,0,"울산","북구","차대차","정면충돌","정면충돌","운전자법규위반","중앙선 침범","단일로","기타단일로","승용차","중형","승용차","중형","1172180 ","1726050 ",129.39874042,35.51545332
"2014","2014080514","00","주간","화",1,1,0,0,0,"전남","영암군","차대차","기타","기타","운전자법규위반","신호위반","교차로","교차로내","화물차","소형","이륜차","대형","906567  ","1639530 ",126.47926933,34.7459264
"2014","2014080509","40","주간","화",1,4,2,1,0,"강원","속초시","차대차","측면직각충돌","측면직각충돌","운전자법규위반","교차로 통행방법 위반","교차로","교차로내","화물차","소형","승합차","소형","1094965 ","2025809 ",128.58498531,38.22759454
"2014","2014070216","40","주간","수",1,1,0,0,0,"광주","동구","차량단독","기타","기타","운전자법규위반","안전운전 의무 불이행","단일로","기타단일로","승합차","대형","00","00","946611  ","1683881 ",126.913524,35.14858717
"2014","2014070214","27","주간","수",1,1,0,0,0,"경기","남양주시","차대사람","횡단중","횡단중","운전자법규위반","안전운전 의무 불이행","단일로","기타단일로","승용차","중형","보행자","보행자","974593  ","1954003 ",127.21223176,37.58506823
"2014","2014070815","30","주간","화",1,1,0,0,0,"전남","영암군","차량단독","전도전복","전도전복","운전자법규위반","안전운전 의무 불이행","단일로","기타단일로","농기계","농기계","00","00","922297  ","1650554 ",126.65006904,34.84667124
"2014","2014070801","50","야간","화",1,1,0,0,0,"충남","천안시","차대사람","기타","기타","운전자법규위반","안전운전 의무 불이행","교차로","교차로내","승용차","소형","보행자","보행자","968533  ","1868621 ",127.14719547,36.81525174
"2014","2014070702","40","야간","월",1,2,1,0,0,"대구","동구","차량단독","공작물충돌","공작물충돌","운전자법규위반","안전운전 의무 불이행","단일로","기타단일로","승용차","중형","00","00","1100713 ","1764065 ",128.61557002,35.86797856
"2014","2014070620","00","야간","일",1,1,0,0,0,"경기","화성시","차량단독","도로이탈","도로이탈 추락","운전자법규위반","안전운전 의무 불이행","단일로","기타단일로","이륜차","소형","00","00","945244  ","1899939 ",126.89043214,37.10438467
"2014","2014070707","00","주간","월",1,1,0,0,0,"경북","포항시","차대차","정면충돌","정면충돌","운전자법규위반","안전운전 의무 불이행","단일로","기타단일로","화물차","소형","이륜차","소형","1166755 ","1777551 ",129.34965376,35.98048841
"2014","2014070322","40","야간","목",1,1,0,0,0,"경북","상주시","차량단독","도로이탈","도로이탈 추락","운전자법규위반","안전운전 의무 불이행","단일로","기타단일로","화물차","소형","00","00","1042617 ","1822711 ",127.97526751,36.4009497
"2014","2014071409","03","주간","월",1,1,0,0,0,"경북","영덕군","차대사람","횡단중","횡단중","운전자법규위반","과속","교차로","교차로내","화물차","중형","보행자","보행자","1168313 ","1811530 ",129.3741958,36.28640302
"2014","2014071302","40","야간","일",1,2,1,0,0,"서울","용산구","차대차","측면직각충돌","측면직각충돌","운전자법규위반","신호위반","교차로","교차로내","이륜차","중형","승용차","중형","956511  ","1948361 ",127.00776907,37.53353857
"2014","2014071202","20","야간","토",1,2,1,0,0,"충남","서천군","차량단독","공작물충돌","공작물충돌","운전자법규위반","안전운전 의무 불이행","단일로","기타단일로","승합차","소형","00","00","918564  ","1794592 ",126.59478877,36.1449666
"2014","2014071204","55","야간","토",1,1,0,0,0,"서울","마포구","차대사람","횡단중","횡단중","운전자법규위반","안전운전 의무 불이행","단일로","기타단일로","승용차","중형","보행자","보행자","951369  ","1949609 ",126.9494889,37.54453012
"2014","2014071003","20","야간","목",1,1,0,0,0,"경기","포천시","차량단독","공작물충돌","공작물충돌","운전자법규위반","안전운전 의무 불이행","단일로","기타단일로","승용차","소형","00","00","974925  ","1990059 ",127.21474739,37.91005641
"2014","2014071121","45","야간","금",1,1,0,0,0,"충북","청주시","차대차","측면직각충돌","측면직각충돌","운전자법규위반","안전운전 의무 불이행","단일로","기타단일로","승용차","중형","이륜차","소형","984398  ","1846322 ",127.33170517,36.62208022
"2014","2014072010","00","주간","일",1,1,0,0,0,"경북","청송군","차량단독","공작물충돌","공작물충돌","운전자법규위반","기타(운전자법규위반)","단일로","기타단일로","이륜차","중형","00","00","1139130 ","1811996 ",129.04943927,36.29525424
"2014","2014071809","59","주간","금",1,1,0,0,0,"서울","서초구","차대사람","기타","기타","운전자법규위반","안전운전 의무 불이행","단일로","기타단일로","화물차","중형","보행자","보행자","956193  ","1943509 ",127.00445913,37.48979093
"2014","2014071918","32","야간","토",3,13,5,4,1,"서울","금천구","차대차","정면충돌","정면충돌","운전자법규위반","안전운전 의무 불이행","단일로","기타단일로","승용차","중형","승용차","중형","947263  ","1940998 ",126.90362824,37.46669189
"2014","2014071600","10","야간","수",1,3,1,1,0,"서울","관악구","차대차","추돌","주정차중 추돌","운전자법규위반","안전운전 의무 불이행","단일로","기타단일로","승합차","중형","승용차","중형","950377  ","1940776 ",126.93885607,37.46485439
"2014","2014041621","15","야간","수",1,1,0,0,0,"대구","달성군","차대차","추돌","진행중 추돌","운전자법규위반","안전운전 의무 불이행","단일로","기타단일로","화물차","소형","화물차","중형","1089180 ","1756698 ",128.48701732,35.80268446
"2014","2014052012","00","주간","화",1,1,0,0,0,"경남","김해시","차대차","기타","기타","운전자법규위반","안전운전 의무 불이행","단일로","기타단일로","화물차","중형","화물차","소형","1119172 ","1692404 ",128.80944582,35.219936
"2014","2014010209","30","주간","목",1,1,0,0,0,"인천","남동구","차대차","기타","기타","운전자법규위반","안전운전 의무 불이행","교차로","교차로내","특수차","대형","원동기장치자전거","원동기장치자전거","930078  ","1936212 ",126.70976184,37.42241567
"2014","2014010121","00","야간","수",1,1,0,0,0,"대전","동구","차대사람","횡단중","횡단중","운전자법규위반","안전운전 의무 불이행","단일로","기타단일로","승용차","중형","보행자","보행자","993745  ","1815667 ",127.43048998,36.33839239
"2014","2014010118","22","야간","수",1,2,0,1,0,"경기","광주시","차대사람","보도통행중","보도통행중","운전자법규위반","보행자 보호의무 위반","단일로","횡단보도상","승용차","중형","보행자","보행자","978861  ","1935006 ",127.26111824,37.41394503
"2014","2014010219","37","야간","목",1,1,0,0,0,"전남","영암군","차량단독","공작물충돌","공작물충돌","운전자법규위반","신호위반","교차로","교차로내","승용차","중형","00","00","904702  ","1642659 ",126.45853305,34.77399112
"2014","2014011518","10","야간","수",1,1,0,0,0,"충남","당진시","차대사람","기타","기타","운전자법규위반","안전운전 의무 불이행","교차로","교차로부근","승용차","경형","보행자","보행자","923156  ","1877904 ",126.63753074,36.89632777
"2014","2014011706","50","주간","금",1,1,0,0,0,"전남","영암군","차대사람","기타","기타","운전자법규위반","안전운전 의무 불이행","단일로","기타단일로","화물차","소형","보행자","보행자","919767  ","1649515 ",126.62249766,34.83710646
"2014","2014011706","45","주간","금",1,1,0,0,0,"경기","화성시","차량단독","공작물충돌","공작물충돌","운전자법규위반","안전운전 의무 불이행","교차로","교차로부근","승용차","경형","00","00","946782  ","1900999 ",126.9018205,37.10593
"2014","2014011122","29","야간","토",1,1,0,0,0,"경기","과천시","차대사람","차도통행중","차도통행중","운전자법규위반","안전운전 의무 불이행","단일로","기타단일로","승용차","중형","보행자","보행자","955262  ","1939016 ",126.99420105,37.44924926
"2014","2014010911","20","주간","목",1,1,0,0,0,"충북","증평군","차대사람","기타","기타","운전자법규위반","안전운전 의무 불이행","기타/불명","기타/불명","승합차","대형","보행자","보행자","1007389 ","1865289 ",127.58281298,36.78570917
"2014","2014012108","15","주간","화",1,2,1,0,0,"제주","서귀포시","차량단독","도로이탈","도로이탈 기타","운전자법규위반","안전운전 의무 불이행","단일로","기타단일로","승용차","중형","00","00","934814  ","1494418 ",126.79870458,33.43951353
"2014","2014012812","40","주간","화",1,1,0,0,0,"충남","태안군","차대차","측면직각충돌","측면직각충돌","운전자법규위반","앞지르기 방법위반","단일로","기타단일로","승용차","소형","이륜차","소형","897717  ","1833556 ",126.35798592,36.49420001
"2014","2014012919","00","야간","수",1,1,0,0,0,"강원","속초시","차대사람","횡단중","횡단중","운전자법규위반","보행자 보호의무 위반","단일로","횡단보도상","승합차","대형","보행자","보행자","1095844 ","2024032 ",128.59478631,38.21148889
"2014","2014012715","10","주간","월",1,1,0,0,0,"전북","익산시","차대차","측면직각충돌","측면직각충돌","운전자법규위반","안전운전 의무 불이행","단일로","기타단일로","화물차","중형","자전거","자전거","951214  ","1790419 ",126.9579528,36.10953879
"2014","2014012711","35","주간","월",1,1,0,0,0,"경기","포천시","차량단독","기타","기타","운전자법규위반","안전운전 의무 불이행","단일로","기타단일로","이륜차","사발이","00","00","973922  ","1999095 ",127.20300974,37.99146835
"2014","2014012420","20","야간","금",1,1,0,0,0,"경기","군포시","차대사람","기타","기타","운전자법규위반","안전운전 의무 불이행","단일로","기타단일로","승합차","중형","보행자","보행자","949291  ","1929702 ",126.92733636,37.36499067
"2014","2014012419","20","야간","금",1,1,0,0,0,"제주","제주시","차대사람","기타","기타","운전자법규위반","안전운전 의무 불이행","단일로","기타단일로","승용차","소형","보행자","보행자","886386  ","1493111 ",126.27794448,33.42368733
"2014","2014012416","00","주간","금",1,1,0,0,0,"경북","포항시","차대차","기타","기타","운전자법규위반","안전운전 의무 불이행","교차로","교차로내","원동기장치자전거","원동기장치자전거","화물차","중형","1166134 ","1793249 ",129.34610058,36.1228312
"2014","2014020706","35","주간","금",1,1,0,0,0,"경기","성남시","차대사람","기타","기타","운전자법규위반","안전운전 의무 불이행","교차로","교차로내","승용차","중형","보행자","보행자","968119  ","1937774 ",127.13961028,37.43858709
"2014","2014020619","15","야간","목",1,1,0,0,0,"전북","완주군","차대사람","기타","기타","운전자법규위반","신호위반","교차로","교차로내","화물차","소형","보행자","보행자","970569  ","1771213 ",127.17371115,35.93716199
"2014","2014021406","25","주간","금",1,1,0,0,0,"서울","성북구","차대사람","기타","기타","운전자법규위반","안전운전 의무 불이행","단일로","기타단일로","승용차","중형","보행자","보행자","961493  ","1956810 ",127.06371231,37.60991347
"2014","2014021402","08","야간","금",1,1,0,0,0,"경기","고양시","차대차","측면직각충돌","측면직각충돌","운전자법규위반","안전운전 의무 불이행","교차로","교차로내","승용차","중형","원동기장치자전거","원동기장치자전거","935430  ","1962825 ",126.76790213,37.66266392
"2014","2014021505","11","야간","토",1,4,0,3,0,"경기","평택시","차대차","기타","기타","운전자법규위반","교차로 통행방법 위반","교차로","교차로내","승용차","중형","승합차","대형","964788  ","1887547 ",127.10432796,36.98572566
"2014","2014021516","15","주간","토",1,2,1,0,0,"전남","완도군","차량단독","전도전복","전도전복","운전자법규위반","안전운전 의무 불이행","단일로","기타단일로","승용차","소형","00","00","937800  ","1601265 ",126.82325039,34.40328115
"2014","2014020823","10","야간","토",1,1,0,0,0,"경북","포항시","차대사람","기타","기타","운전자법규위반","안전운전 의무 불이행","단일로","기타단일로","승용차","중형","보행자","보행자","1166797 ","1781258 ",129.35090001,36.01388587
"2014","2014021023","30","야간","월",1,3,1,1,0,"부산","해운대구","차대차","추돌","진행중 추돌","운전자법규위반","안전운전 의무 불이행","단일로","교량위","승용차","중형","승합차","중형","1148312 ","1684563 ",129.12811788,35.14537507
"2014","2014021221","20","야간","수",1,1,0,0,0,"경기","이천시","차대사람","기타","기타","운전자법규위반","안전운전 의무 불이행","단일로","기타단일로","승용차","중형","보행자","보행자","996298  ","1916910 ",127.45825566,37.25106307
"2014","2014021319","37","야간","목",1,1,0,0,0,"충남","공주시","차대사람","횡단중","횡단중","운전자법규위반","안전운전 의무 불이행","교차로","교차로내","승용차","중형","보행자","보행자","969435  ","1834379 ",127.158674,36.50659708
"2014","2014021101","00","야간","화",1,2,1,0,0,"전남","여수시","차량단독","공작물충돌","공작물충돌","운전자법규위반","안전운전 의무 불이행","단일로","기타단일로","승용차","소형","00","00","1019178 ","1643829 ",127.70962873,34.7888163
"2014","2014021214","41","주간","수",1,1,0,0,0,"전남","여수시","차대차","기타","기타","운전자법규위반","안전거리 미확보","단일로","기타단일로","이륜차","소형","승용차","대형","1010665 ","1648107 ",127.61617303,34.82892594
"2014","2014021309","30","주간","목",1,1,0,0,0,"경기","군포시","차대사람","기타","기타","운전자법규위반","안전운전 의무 불이행","단일로","기타단일로","특수차","대형","보행자","보행자","949151  ","1927912 ",126.9258783,37.34884897
"2014","2014021303","45","야간","목",1,1,0,0,0,"경기","부천시","차량단독","기타","기타","운전자법규위반","안전운전 의무 불이행","단일로","기타단일로","이륜차","소형","00","00","933832  ","1944529 ",126.75143816,37.49765242
"2014","2014020720","57","야간","금",1,1,0,0,0,"부산","수영구","차대사람","횡단중","횡단중","운전자법규위반","안전운전 의무 불이행","단일로","기타단일로","화물차","중형","보행자","보행자","1146972 ","1686192 ",129.113703,35.16025501
"2014","2014020713","00","주간","금",1,3,0,2,0,"인천","계양구","차대차","측면직각충돌","측면직각충돌","운전자법규위반","안전운전 의무 불이행","교차로","교차로내","원동기장치자전거","원동기장치자전거","승용차","중형","929795  ","1948104 ",126.70542975,37.52957489
"2014","2014022105","28","야간","금",1,1,0,0,0,"경기","안양시","차대차","추돌","주정차중 추돌","운전자법규위반","안전운전 의무 불이행","교차로","교차로부근","승용차","대형","이륜차","중형","952516  ","1932065 ",126.96360357,37.3864602
"2014","2014022106","38","주간","금",1,1,0,0,0,"제주","서귀포시","차대사람","횡단중","횡단중","운전자법규위반","안전운전 의무 불이행","단일로","기타단일로","승용차","중형","보행자","보행자","933169  ","1479773 ",126.7820942,33.30732711
"2014","2014022104","40","야간","금",1,1,0,0,0,"경기","안산시","차대사람","기타","기타","운전자법규위반","안전운전 의무 불이행","교차로","교차로내","승용차","중형","보행자","보행자","943231  ","1922188 ",126.85947892,37.29691316
"2014","2014101400","45","야간","화",1,1,0,0,0,"인천","서구","차대차","추돌","진행중 추돌","운전자법규위반","안전운전 의무 불이행","단일로","기타단일로","이륜차","대형","화물차","중형","927330  ","1946830 ",126.67765986,37.51790172
"2014","2014082918","02","야간","금",1,1,0,0,0,"경북","상주시","차대차","추돌","주정차중 추돌","운전자법규위반","안전운전 의무 불이행","단일로","기타단일로","화물차","경형","화물차","중형","1055084 ","1820644 ",128.1141473,36.38168187
"2014","2014082517","40","주간","월",1,2,1,0,0,"경남","거창군","차대차","정면충돌","정면충돌","운전자법규위반","중앙선 침범","단일로","기타단일로","승합차","중형","화물차","중형","1040588 ","1744943 ",127.94100381,35.68342367
"2014","2014021705","35","야간","월",1,1,0,0,0,"경기","안성시","차대차","추돌","진행중 추돌","운전자법규위반","안전운전 의무 불이행","단일로","기타단일로","화물차","대형","화물차","중형","971487  ","1884494 ",127.17971777,36.95843193
"2014","2014032913","34","주간","토",1,4,3,0,0,"강원","원주시","차량단독","공작물충돌","공작물충돌","운전자법규위반","안전운전 의무 불이행","단일로","교량위","승합차","소형","00","00","1035793 ","1929703 ",127.9042199,37.36569529
"2014","2014021307","10","주간","목",1,1,0,0,0,"경기","시흥시","차대사람","기타","기타","운전자법규위반","안전운전 의무 불이행","단일로","기타단일로","화물차","중형","보행자","보행자","944016  ","1931992 ",126.86759496,37.38532774
"2014","2014032707","31","주간","목",1,1,0,0,0,"인천","부평구","차대차","추돌","주정차중 추돌","운전자법규위반","안전운전 의무 불이행","단일로","기타단일로","승용차","소형","화물차","경형","934100  ","1941727 ",126.75472074,37.47241738
"2014","2014012911","30","주간","수",1,2,0,1,0,"경북","김천시","차대차","추돌","진행중 추돌","운전자법규위반","안전거리 미확보","단일로","기타단일로","화물차","대형","화물차","대형","1068834 ","1797089 ",128.26536328,36.16845363
"2014","2014011222","00","야간","일",1,1,0,0,0,"경북","고령군","차량단독","도로이탈","도로이탈 추락","운전자법규위반","안전운전 의무 불이행","단일로","기타단일로","승용차","경형","00","00","1079670 ","1751788 ",128.38128664,35.75923781
"2014","2014072002","05","야간","일",1,1,0,0,0,"전북","고창군","차대차","기타","기타","운전자법규위반","안전운전 의무 불이행","단일로","기타단일로","화물차","대형","화물차","중형","924197  ","1716605 ",126.66478732,35.44234847
"2014","2014061915","52","주간","목",1,1,0,0,0,"경남","밀양시","차대차","기타","기타","운전자법규위반","안전운전 의무 불이행","단일로","기타단일로","화물차","대형","승용차","대형","1116452 ","1722907 ",128.80643934,35.48393388
"2014","2014081806","10","주간","월",1,1,0,0,0,"충북","청주시","차량단독","공작물충돌","공작물충돌","운전자법규위반","안전운전 의무 불이행","단일로","기타단일로","승용차","대형","00","00","991050  ","1845911 ",127.39927381,36.61159631
"2014","2014072801","35","야간","월",2,4,1,1,0,"경기","광주시","차대차","기타","기타","운전자법규위반","안전운전 의무 불이행","단일로","기타단일로","승용차","중형","승용차","대형","983903  ","1929434 ",127.31821648,37.36382158
"2014","2014051411","50","주간","수",1,1,0,0,0,"경기","고양시","차대차","기타","기타","운전자법규위반","안전운전 의무 불이행","단일로","기타단일로","승용차","중형","화물차","중형","942255  ","1962993 ",126.84526611,37.66463296
"2014","2014052309","35","주간","금",1,1,0,0,0,"인천","남동구","차대사람","횡단중","횡단중","운전자법규위반","신호위반","교차로","교차로내","승용차","대형","보행자","보행자","932136  ","1933066 ",126.73330785,37.39421397
"2014","2014052217","10","주간","목",1,1,0,0,0,"전북","순창군","차대차","추돌","주정차중 추돌","운전자법규위반","안전운전 의무 불이행","단일로","기타단일로","이륜차","중형","화물차","소형","953533  ","1716959 ",126.98798188,35.44734361
"2014","2014053017","00","주간","금",1,2,1,0,0,"경기","안산시","차대차","측면직각충돌","측면직각충돌","운전자법규위반","안전운전 의무 불이행","단일로","기타단일로","승용차","중형","승용차","중형","944134  ","1923190 ",126.86959146,37.30599931
"2014","2014060611","40","주간","금",1,1,0,0,0,"서울","강남구","차대사람","기타","기타","운전자법규위반","보행자 보호의무 위반","단일로","횡단보도상","승용차","중형","보행자","보행자","961642  ","1943604 ",127.06609104,37.49088966
"2014","2014060602","40","야간","금",1,2,1,0,0,"전북","군산시","차대차","측면직각충돌","측면직각충돌","운전자법규위반","신호위반","교차로","교차로내","화물차","대형","승용차","중형","924780  ","1774718 ",126.65682063,35.95579504
"2014","2014060601","00","야간","금",1,1,0,0,0,"인천","남동구","차대사람","기타","기타","운전자법규위반","안전운전 의무 불이행","단일로","기타단일로","승용차","중형","보행자","보행자","931063  ","1933796 ",126.72111858,37.40071423
"2014","2014053116","50","주간","토",1,1,0,0,0,"충남","아산시","차대차","정면충돌","정면충돌","운전자법규위반","안전운전 의무 불이행","교차로","교차로내","승용차","중형","이륜차","대형","954207  ","1864806 ",126.98680836,36.78027691
"2014","2014061100","06","야간","수",1,1,0,0,0,"서울","강남구","차대사람","횡단중","횡단중","운전자법규위반","과속","단일로","기타단일로","승용차","대형","보행자","보행자","961503  ","1942304 ",127.06458671,37.47916642
"2014","2014061114","10","주간","수",1,3,0,2,0,"강원","홍천군","차대차","추돌","주정차중 추돌","운전자법규위반","안전운전 의무 불이행","교차로","교차로부근","화물차","대형","건설기계","건설기계","1031209 ","1963726 ",127.85409742,37.67275166
"2014","2014061120","18","야간","수",1,1,0,0,0,"인천","강화군","차대사람","횡단중","횡단중","운전자법규위반","안전운전 의무 불이행","단일로","횡단보도상","승용차","소형","보행자","보행자","904761  ","1963403 ",126.42014755,37.6652023
"2014","2014061306","55","주간","금",1,2,1,0,0,"경기","양주시","차대차","추돌","진행중 추돌","운전자법규위반","중앙선 침범","단일로","기타단일로","화물차","중형","승용차","소형","955474  ","1987710 ",126.99362455,37.88814131
"2014","2014061113","30","주간","수",1,1,0,0,0,"전남","해남군","차대차","기타","기타","운전자법규위반","안전운전 의무 불이행","단일로","기타단일로","이륜차","중형","화물차","중형","913889  ","1621677 ",126.56105891,34.58562018
"2014","2014062804","35","야간","토",1,2,1,0,0,"경남","통영시","차대차","측면직각충돌","측면직각충돌","운전자법규위반","안전운전 의무 불이행","교차로","교차로내","승용차","중형","이륜차","소형","1084541 ","1651266 ",128.42478991,34.85254536
"2014","2014061713","20","주간","화",1,1,0,0,0,"충남","태안군","차대사람","길가장자리구역통행중","길가장자리구역통행중","운전자법규위반","안전운전 의무 불이행","단일로","기타단일로","건설기계","건설기계","보행자","보행자","892259  ","1862159 ",126.29278972,36.75053221
"2014","2014061620","35","야간","월",1,1,0,0,0,"전북","부안군","차대차","측면직각충돌","측면직각충돌","운전자법규위반","신호위반","교차로","교차로내","자전거","자전거","화물차","중형","932328  ","1749147 ",126.75164366,35.73632687
"2014","2014061810","40","주간","수",1,1,0,0,0,"강원","춘천시","차대사람","횡단중","횡단중","운전자법규위반","안전운전 의무 불이행","단일로","기타단일로","승용차","소형","보행자","보행자","1022114 ","1992055 ",127.75162995,37.92812305
"2014","2014061810","15","주간","수",1,1,0,0,0,"전북","군산시","차대차","추돌","진행중 추돌","운전자법규위반","안전운전 의무 불이행","교차로","교차로내","원동기장치자전거","원동기장치자전거","승용차","중형","930158  ","1776360 ",126.72526483,35.98150947
"2014","2014060920","48","야간","월",1,1,0,0,0,"경기","이천시","차대사람","길가장자리구역통행중","길가장자리구역통행중","운전자법규위반","안전운전 의무 불이행","단일로","기타단일로","화물차","소형","보행자","보행자","1001168 ","1905057 ",127.51315201,37.14422523
"2014","2014022200","10","야간","토",1,1,0,0,0,"서울","중구","차대사람","기타","기타","운전자법규위반","안전운전 의무 불이행","교차로","교차로부근","승용차","중형","보행자","보행자","954759  ","1951936 ",126.98771809,37.5658478
"2014","2014022122","54","야간","금",1,1,0,0,0,"경북","구미시","차대사람","기타","기타","운전자법규위반","안전운전 의무 불이행","교차로","교차로내","승용차","경형","보행자","보행자","1074874 ","1793364 ",128.33216088,36.13442553
"2014","2014022111","15","주간","금",1,1,0,0,0,"경기","안성시","차대사람","횡단중","횡단중","운전자법규위반","안전운전 의무 불이행","단일로","기타단일로","화물차","소형","보행자","보행자","978125  ","1889306 ",127.25414118,37.00198681
"2014","2014022414","35","주간","월",1,1,0,0,0,"제주","제주시","차량단독","공작물충돌","공작물충돌","운전자법규위반","안전운전 의무 불이행","단일로","기타단일로","승용차","대형","00","00","909810  ","1501929 ",126.52897587,33.50543791
"2014","2014022022","35","야간","목",1,1,0,0,0,"제주","제주시","차량단독","공작물충돌","공작물충돌","운전자법규위반","안전운전 의무 불이행","단일로","기타단일로","승용차","소형","00","00","913701  ","1503428 ",126.57071862,33.5192778
"2014","2014080713","12","주간","목",1,1,0,0,0,"전북","부안군","차대차","추돌","진행중 추돌","운전자법규위반","안전운전 의무 불이행","단일로","기타단일로","화물차","소형","화물차","대형","933707  ","1747778 ",126.76706656,35.7241626
"2014","2014030314","28","주간","월",2,2,0,0,0,"전북","장수군","차량단독","공작물충돌","공작물충돌","운전자법규위반","안전운전 의무 불이행","기타/불명","기타/불명","승용차","대형","00","00","1005109 ","1748129 ",127.55649396,35.72946233
"2014","2014052813","55","주간","수",1,2,1,0,0,"경기","여주시","차량단독","전도전복","전도전복","운전자법규위반","안전운전 의무 불이행","단일로","기타단일로","화물차","소형","00","00","1006460 ","1915554 ",127.57283221,37.23882497
"2014","2014042718","00","야간","일",1,2,1,0,0,"경기","여주시","차량단독","전도전복","전도전복","운전자법규위반","안전운전 의무 불이행","단일로","기타단일로","승용차","중형","00","00","1007258 ","1923209 ",127.58190384,37.30782129
"2014","2014091219","35","야간","금",1,5,3,1,0,"충북","청주시","차대차","추돌","주정차중 추돌","운전자법규위반","안전거리 미확보","단일로","기타단일로","화물차","소형","승용차","대형","992839  ","1850015 ",127.42408509,36.66873538
"2014","2014122019","09","야간","토",2,2,0,0,0,"경남","함양군","차량단독","도로이탈","도로이탈 추락","운전자법규위반","안전운전 의무 불이행","단일로","기타단일로","승용차","중형","00","00","1014421 ","1743289 ",127.65937644,35.68573081
"2014","2014010808","00","주간","수",1,3,1,1,0,"전남","순천시","차대차","정면충돌","정면충돌","운전자법규위반","안전운전 의무 불이행","교차로","교차로내","화물차","중형","승용차","중형","1003145 ","1662810 ",127.53444844,34.96015552
"2014","2014010807","10","주간","수",1,2,0,1,0,"전남","목포시","차대사람","기타","기타","운전자법규위반","안전운전 의무 불이행","단일로","기타단일로","승합차","중형","보행자","보행자","900834  ","1645757 ",126.41596865,34.80151871
"2014","2014010615","00","주간","월",1,1,0,0,0,"인천","계양구","차대사람","횡단중","횡단중","운전자법규위반","안전운전 의무 불이행","교차로","교차로내","승합차","대형","보행자","보행자","932701  ","1948206 ",126.73830738,37.5307109