"발생년","발생년월일시","발생분","주야","요일","사망자수","사상자수","중상자수","경상자수","부상신고자수","발생지시도","발생지시군구","사고유형_대분류","사고유형_중분류","사고유형","법규위반_대분류","법규위반","도로형태_대분류","도로형태","당사자종별_1당_대분류","당사자종별_1당","당사자종별_2당_대분류","당사자종별_2당","발생위치X_UTMK","발생위치Y_UTMK","경도","위도"
"2014","2014010921","30","야간","목",1,2,0,1,0,"강원","춘천시","차대사람","차도통행중","차도통행중","운전자법규위반","안전운전 의무 불이행","단일로","기타단일로","승용차","중형","보행자","보행자","1018194 ","1994010 ",127.70777764,37.94519091
"2014","2014050918","10","야간","금",1,2,1,0,0,"경기","평택시","차대차","추돌","진행중 추돌","운전자법규위반","안전거리 미확보","단일로","기타단일로","화물차","중형","화물차","대형","946136  ","1895105 ",126.89420637,37.05296915
"2014","2014061300","29","야간","금",1,2,0,1,0,"충남","논산시","차대차","추돌","진행중 추돌","운전자법규위반","안전운전 의무 불이행","단일로","기타단일로","화물차","중형","화물차","중형","964183  ","1786341 ",127.10222923,36.07333848
"2014","2014072803","50","야간","월",1,2,0,1,0,"경기","안산시","차대차","추돌","진행중 추돌","운전자법규위반","안전운전 의무 불이행","단일로","기타단일로","화물차","소형","화물차","중형","939862  ","1928101 ",126.8209897,37.34999701
"2014","2014082113","00","주간","목",1,1,0,0,0,"충남","당진시","차량단독","공작물충돌","공작물충돌","운전자법규위반","안전운전 의무 불이행","단일로","기타단일로","승용차","소형","00","00","928719  ","1876946 ",126.70005221,36.88812942
"2014","2014080217","00","주간","토",1,1,0,0,0,"경남","진주시","차량단독","기타","기타","운전자법규위반","안전운전 의무 불이행","단일로","기타단일로","승용차","중형","00","00","1064318 ","1687604 ",128.20640084,35.18167621
"2014","2014081406","55","주간","목",1,1,0,0,0,"울산","울주군","차량단독","전도전복","전도전복","운전자법규위반","안전운전 의무 불이행","단일로","기타단일로","승용차","중형","00","00","1146148 ","1727874 ",129.1121081,35.53607
"2014","2014091209","57","주간","금",1,4,1,2,0,"경남","하동군","차대사람","기타","기타","운전자법규위반","안전운전 의무 불이행","단일로","기타단일로","화물차","중형","보행자","보행자","1030216 ","1667665 ",127.83114166,35.00348856
"2014","2014051705","55","야간","토",1,1,0,0,0,"서울","동대문구","차대사람","횡단중","횡단중","운전자법규위반","안전운전 의무 불이행","단일로","기타단일로","승용차","중형","보행자","보행자","958306  ","1953161 ",127.02781243,37.57685819
"2014","2014051921","45","야간","월",1,18,1,16,0,"전북","전주시","차대차","추돌","주정차중 추돌","운전자법규위반","안전운전 의무 불이행","교차로","교차로부근","화물차","소형","승합차","대형","965899  ","1755265 ",127.12262009,35.79322372
"2014","2014051803","55","야간","일",1,1,0,0,0,"전남","광양시","차대차","측면직각충돌","측면직각충돌","운전자법규위반","안전운전 의무 불이행","교차로","교차로내","승용차","소형","화물차","대형","1013009 ","1655313 ",127.64237575,34.89247245
"2014","2014051916","30","주간","월",1,1,0,0,0,"전북","고창군","차량단독","기타","기타","운전자법규위반","안전운전 의무 불이행","기타/불명","기타/불명","농기계","농기계","00","00","916416  ","1716176 ",126.57910817,35.4378573
"2014","2014051814","10","주간","일",1,1,0,0,0,"대구","중구","차대차","기타","기타","운전자법규위반","신호위반","교차로","교차로내","자전거","자전거","승용차","중형","1097304 ","1765173 ",128.57795088,35.87831135
"2014","2014051416","04","주간","수",2,2,0,0,0,"대전","대덕구","차량단독","공작물충돌","공작물충돌","운전자법규위반","안전운전 의무 불이행","교차로","교차로부근","화물차","소형","00","00","995653  ","1817844 ",127.45154846,36.35800771
"2014","2014051706","00","주간","토",1,1,0,0,0,"서울","관악구","차대차","기타","기타","운전자법규위반","안전운전 의무 불이행","단일로","횡단보도부근","승용차","소형","화물차","소형","950208  ","1941461 ",126.9368987,37.47102841
"2014","2014051509","50","주간","목",1,1,0,0,0,"전남","여수시","차대사람","횡단중","횡단중","운전자법규위반","신호위반","교차로","교차로내","화물차","대형","보행자","보행자","1017812 ","1643222 ",127.695951,34.76886477
"2014","2014051405","25","야간","수",1,2,1,0,0,"경기","구리시","차량단독","공작물충돌","공작물충돌","운전자법규위반","과속","단일로","기타단일로","승용차","중형","00","00","965993  ","1951650 ",127.11493624,37.56358216
"2014","2014052517","27","주간","일",2,4,1,1,0,"경기","고양시","차대차","측면직각충돌","측면직각충돌","운전자법규위반","신호위반","교차로","교차로내","승용차","소형","승용차","대형","930731  ","1966315 ",126.71429742,37.69377502
"2014","2014052222","35","야간","목",1,1,0,0,0,"경기","양평군","차대사람","횡단중","횡단중","운전자법규위반","과속","교차로","교차로부근","승용차","대형","보행자","보행자","991251  ","1945810 ",127.40100309,37.51152915
"2014","2014052023","40","야간","화",1,1,0,0,0,"충북","진천군","차대사람","횡단중","횡단중","운전자법규위반","안전운전 의무 불이행","단일로","기타단일로","승용차","중형","보행자","보행자","993868  ","1874136 ",127.43120361,36.8654711
"2014","2014053011","00","주간","금",1,1,0,0,0,"강원","속초시","차대사람","횡단중","횡단중","운전자법규위반","안전운전 의무 불이행","단일로","기타단일로","승용차","소형","보행자","보행자","1096421 ","2021060 ",128.60097265,38.18464677
"2014","2014053012","15","주간","금",1,1,0,0,0,"강원","태백시","차대사람","횡단중","횡단중","운전자법규위반","보행자 보호의무 위반","단일로","횡단보도상","승용차","중형","보행자","보행자","1132420 ","1906833 ",128.99117051,37.15085335
"2014","2014052913","00","주간","목",1,1,0,0,0,"경남","창원시(통합)","차대차","기타","기타","운전자법규위반","안전운전 의무 불이행","단일로","기타단일로","승용차","경형","자전거","자전거","1108259 ","1684250 ",128.68848858,35.14766345
"2014","2014052916","35","주간","목",1,1,0,0,0,"전북","김제시","차대차","정면충돌","정면충돌","운전자법규위반","안전운전 의무 불이행","교차로","교차로내","화물차","소형","자전거","자전거","933768  ","1762697 ",126.76644472,35.85858501
"2014","2014053022","30","야간","금",1,1,0,0,0,"경기","포천시","차대사람","횡단중","횡단중","운전자법규위반","안전운전 의무 불이행","교차로","교차로내","화물차","중형","보행자","보행자","967094  ","1977261 ",127.12624642,37.79445925
"2014","2014060519","35","야간","목",1,1,0,0,0,"충남","당진시","차대사람","기타","기타","운전자법규위반","안전운전 의무 불이행","기타/불명","기타/불명","화물차","소형","보행자","보행자","935129  ","1867944 ",126.77275158,36.80744848
"2014","2014061223","45","야간","목",1,1,0,0,0,"경남","김해시","차대차","추돌","주정차중 추돌","운전자법규위반","과속","교차로","교차로부근","승용차","중형","화물차","중형","1136616 ","1697336 ",129.00188286,35.26216834
"2014","2014061016","07","주간","화",1,2,1,0,0,"경남","거창군","차량단독","공작물충돌","공작물충돌","운전자법규위반","안전운전 의무 불이행","교차로","교차로부근","농기계","농기계","00","00","1037115 ","1737214 ",127.90989952,35.63036396
"2014","2014061315","17","주간","금",1,1,0,0,0,"서울","구로구","차대사람","기타","기타","운전자법규위반","보행자 보호의무 위반","단일로","횡단보도상","건설기계","건설기계","보행자","보행자","943080  ","1943396 ",126.85614237,37.48805718
"2014","2014060919","00","야간","월",1,1,0,0,0,"충남","천안시","차대사람","기타","기타","운전자법규위반","안전운전 의무 불이행","단일로","기타단일로","화물차","중형","보행자","보행자","969647  ","1864827 ",127.15983659,36.78108684
"2014","2014062321","14","야간","월",1,1,0,0,0,"경기","평택시","차대차","추돌","진행중 추돌","운전자법규위반","안전운전 의무 불이행","단일로","기타단일로","승용차","중형","자전거","자전거","941860  ","1885883 ",126.84682985,36.96958835
"2014","2014062416","27","주간","화",1,1,0,0,0,"경기","부천시","차대사람","횡단중","횡단중","운전자법규위반","보행자 보호의무 위반","교차로","교차로내","승합차","중형","보행자","보행자","938774  ","1946810 ",126.80715336,37.51855209
"2014","2014062412","22","주간","화",1,1,0,0,0,"경남","합천군","차대차","추돌","진행중 추돌","운전자법규위반","안전거리 미확보","단일로","기타단일로","원동기장치자전거","원동기장치자전거","화물차","소형","1056109 ","1711570 ",128.11788675,35.39825754
"2014","2014062313","45","주간","월",1,1,0,0,0,"경기","양주시","차대차","정면충돌","정면충돌","운전자법규위반","중앙선 침범","단일로","기타단일로","승용차","중형","승합차","대형","953927  ","1979665 ",126.97654475,37.81555675
"2014","2014092514","58","주간","목",1,1,0,0,0,"경북","칠곡군","차량단독","공작물충돌","공작물충돌","운전자법규위반","안전운전 의무 불이행","단일로","기타단일로","승용차","중형","00","00","1091551 ","1783719 ",128.51636761,36.04605076
"2014","2014112519","40","야간","화",1,1,0,0,0,"인천","중구","차대사람","기타","기타","운전자법규위반","안전운전 의무 불이행","단일로","기타단일로","승용차","중형","보행자","보행자","910229  ","1943655 ",126.48455626,37.4877821
"2014","2014020607","18","주간","목",1,2,1,0,0,"충북","단양군","차대차","추돌","진행중 추돌","운전자법규위반","안전운전 의무 불이행","기타/불명","기타/불명","승용차","중형","화물차","중형","1070368 ","1886499 ",128.29059141,36.97430559
"2014","2014061911","00","주간","목",1,1,0,0,0,"강원","횡성군","차대사람","기타","기타","운전자법규위반","안전운전 의무 불이행","단일로","기타단일로","화물차","대형","보행자","보행자","1053256 ","1939341 ",128.10212077,37.4517272
"2014","2014120415","36","주간","목",1,2,0,1,0,"경기","평택시","차대차","추돌","진행중 추돌","운전자법규위반","안전운전 의무 불이행","단일로","기타단일로","화물차","경형","화물차","경형","962222  ","1892270 ",127.07525809,37.02819998
"2014","2014010704","25","야간","화",1,1,0,0,0,"서울","강동구","차대사람","기타","기타","운전자법규위반","안전운전 의무 불이행","교차로","교차로내","승용차","대형","보행자","보행자","966808  ","1949158 ",127.12427714,37.54115053
"2014","2014010706","45","주간","화",1,1,0,0,0,"경기","파주시","차대사람","보도통행중","보도통행중","운전자법규위반","안전운전 의무 불이행","단일로","기타단일로","승용차","중형","보행자","보행자","944611  ","1984087 ",126.87036838,37.85489262
"2014","2014010813","00","주간","수",1,1,0,0,0,"경기","여주시","차량단독","공작물충돌","공작물충돌","운전자법규위반","안전운전 의무 불이행","단일로","기타단일로","승용차","중형","00","00","1015007 ","1920385 ",127.66929112,37.2822731
"2014","2014010514","00","주간","일",1,1,0,0,0,"경북","구미시","차대차","기타","기타","운전자법규위반","중앙선 침범","단일로","기타단일로","이륜차","소형","불명","불명","1074160 ","1793124 ",128.3242035,36.13231685
"2014","2014010611","05","주간","월",1,1,0,0,0,"경남","거창군","차대차","측면직각충돌","측면직각충돌","운전자법규위반","교차로 통행방법 위반","교차로","교차로내","화물차","중형","이륜차","소형","1045695 ","1745618 ",128.00513152,35.70577553
"2014","2014010606","30","주간","월",1,1,0,0,0,"서울","송파구","차대사람","횡단중","횡단중","운전자법규위반","보행자 보호의무 위반","교차로","교차로부근","화물차","중형","보행자","보행자","965683  ","1947161 ",127.1116361,37.52310954
"2014","2014010315","40","주간","금",1,1,0,0,0,"경남","진주시","차대차","추돌","주정차중 추돌","운전자법규위반","안전운전 의무 불이행","단일로","기타단일로","이륜차","사발이","승용차","중형","1055250 ","1684723 ",128.10661995,35.15623904
"2014","2014011315","35","주간","월",1,3,2,0,0,"경기","용인시","차대차","측면직각충돌","측면직각충돌","운전자법규위반","신호위반","교차로","교차로내","승용차","중형","승용차","중형","964924  ","1919558 ",127.10435683,37.27427844
"2014","2014011315","42","주간","월",1,1,0,0,0,"서울","노원구","차대사람","차도통행중","차도통행중","운전자법규위반","안전운전 의무 불이행","교차로","교차로부근","화물차","소형","보행자","보행자","962297  ","1960149 ",127.07264921,37.64004195
"2014","2014011317","00","주간","월",1,1,0,0,0,"전남","함평군","차량단독","공작물충돌","공작물충돌","운전자법규위반","안전운전 의무 불이행","단일로","기타단일로","이륜차","소형","00","00","901257  ","1683921 ",126.41600184,35.14567691
"2014","2014072323","23","야간","수",1,1,0,0,0,"충북","청주시","차대차","추돌","진행중 추돌","운전자법규위반","안전운전 의무 불이행","단일로","기타단일로","승용차","중형","화물차","대형","989107  ","1849112 ",127.37814615,36.63984219
"2014","2014062314","15","주간","월",1,1,0,0,0,"강원","강릉시","차대사람","횡단중","횡단중","운전자법규위반","보행자 보호의무 위반","단일로","기타단일로","승용차","중형","보행자","보행자","1123210 ","1974461 ",128.8987927,37.76151278
"2014","2014060802","00","야간","일",1,1,0,0,0,"충남","천안시","차량단독","전도전복","전도전복","운전자법규위반","안전운전 의무 불이행","단일로","기타단일로","승용차","소형","00","00","974325  ","1864626 ",127.21226864,36.77941325
"2014","2014061007","00","주간","화",1,1,0,0,0,"전남","장흥군","차량단독","도로이탈","도로이탈 추락","운전자법규위반","안전운전 의무 불이행","단일로","기타단일로","원동기장치자전거","원동기장치자전거","00","00","949160  ","1645264 ",126.94420694,34.80066817
"2014","2014062217","30","주간","일",1,1,0,0,0,"경북","상주시","차량단독","도로이탈","도로이탈 추락","운전자법규위반","안전운전 의무 불이행","단일로","기타단일로","승용차","대형","00","00","1036751 ","1830520 ",127.91022146,36.47159066
"2014","2014062114","05","주간","토",1,2,0,1,0,"대전","서구","차대차","정면충돌","정면충돌","운전자법규위반","중앙선 침범","단일로","기타단일로","승용차","소형","승용차","대형","984488  ","1811491 ",127.3272305,36.30061757
"2014","2014062213","00","주간","일",1,1,0,0,0,"경북","포항시","차대사람","기타","기타","운전자법규위반","기타(운전자법규위반)","단일로","기타단일로","건설기계","건설기계","보행자","보행자","1163316 ","1808118 ",129.31786588,36.25651661
"2014","2014062005","50","야간","금",1,1,0,0,0,"충북","제천시","차량단독","전도전복","전도전복","운전자법규위반","안전운전 의무 불이행","단일로","기타단일로","화물차","소형","00","00","1057955 ","1890112 ",128.15141689,37.00771939
"2014","2014062308","35","주간","월",1,5,0,4,0,"충북","충주시","차량단독","공작물충돌","공작물충돌","운전자법규위반","안전운전 의무 불이행","단일로","기타단일로","승합차","소형","00","00","1038099 ","1893354 ",127.92840574,37.03795832
"2014","2014062013","55","주간","금",1,1,0,0,0,"인천","서구","차대사람","보도통행중","보도통행중","운전자법규위반","신호위반","교차로","교차로부근","화물차","소형","보행자","보행자","925891  ","1945011 ",126.661561,37.50139316
"2014","2014062223","12","야간","일",1,1,0,0,0,"전북","군산시","차대사람","기타","기타","운전자법규위반","안전운전 의무 불이행","단일로","기타단일로","승용차","대형","보행자","보행자","941647  ","1778107 ",126.85257196,35.99801456
"2014","2014051107","20","주간","일",1,1,0,0,0,"경기","성남시","차량단독","기타","기타","운전자법규위반","안전운전 의무 불이행","단일로","기타단일로","화물차","소형","00","00","966768  ","1938422 ",127.12430938,37.44438033
"2014","2014051116","32","주간","일",1,1,0,0,0,"경남","함안군","차대차","기타","기타","운전자법규위반","과속","지하도로내","지하도로내","승용차","중형","자전거","자전거","1083544 ","1698172 ",128.41861092,35.27554119
"2014","2014051914","23","주간","월",1,1,0,0,0,"제주","제주시","차량단독","전도전복","전도전복","운전자법규위반","안전운전 의무 불이행","단일로","기타단일로","승용차","중형","00","00","902373  ","1491857 ",126.45001285,33.41395332
"2014","2014051510","35","주간","목",1,1,0,0,0,"경북","영주시","차대사람","횡단중","횡단중","운전자법규위반","안전운전 의무 불이행","단일로","기타단일로","화물차","소형","보행자","보행자","1109085 ","1860915 ",128.72183016,36.74003464
"2014","2014051500","40","야간","목",1,1,0,0,0,"대구","달성군","차대차","추돌","주정차중 추돌","운전자법규위반","안전운전 의무 불이행","단일로","기타단일로","승용차","소형","건설기계","건설기계","1085337 ","1744372 ",128.44317752,35.69190602
"2014","2014052514","00","주간","일",1,1,0,0,0,"충남","부여군","차량단독","도로이탈","도로이탈 기타","운전자법규위반","안전운전 의무 불이행","단일로","기타단일로","승용차","중형","00","00","940436  ","1809788 ",126.83630625,36.2739188
"2014","2014052217","00","주간","목",1,1,0,0,0,"경남","하동군","차대차","정면충돌","정면충돌","운전자법규위반","중앙선 침범","단일로","기타단일로","이륜차","소형","화물차","소형","1028974 ","1670541 ",127.81763085,35.02945862
"2014","2014121207","30","주간","금",1,1,0,0,0,"경기","안산시","차대차","기타","기타","운전자법규위반","안전운전 의무 불이행","단일로","터널안","화물차","대형","화물차","소형","944710  ","1926146 ",126.87587058,37.33267738
"2014","2014111906","50","주간","수",1,2,0,1,0,"전북","익산시","차대차","추돌","진행중 추돌","운전자법규위반","안전운전 의무 불이행","단일로","기타단일로","화물차","대형","화물차","대형","964293  ","1783207 ",127.10359257,36.04508751
"2014","2014041111","10","주간","금",1,1,0,0,0,"충북","충주시","차량단독","전도전복","전도전복","운전자법규위반","안전운전 의무 불이행","단일로","기타단일로","특수차","대형","00","00","1030894 ","1886977 ",127.84712884,36.98073931
"2014","2014040607","00","주간","일",1,1,0,0,0,"강원","강릉시","차량단독","공작물충돌","공작물충돌","운전자법규위반","안전운전 의무 불이행","단일로","기타단일로","승용차","중형","00","00","1116361 ","1975505 ",128.82123829,37.77175495
"2014","2014042813","00","주간","월",1,3,2,0,0,"경기","이천시","차대사람","기타","기타","운전자법규위반","안전운전 의무 불이행","단일로","기타단일로","화물차","소형","보행자","보행자","994553  ","1905382 ",127.4386629,37.14713971
"2014","2014011614","05","주간","목",1,1,0,0,0,"경북","청도군","차량단독","도로이탈","도로이탈 기타","운전자법규위반","안전운전 의무 불이행","단일로","기타단일로","이륜차","사발이","00","00","1097387 ","1746394 ",128.57658406,35.70901689
"2014","2014011618","30","야간","목",1,1,0,0,0,"경북","경산시","차대사람","길가장자리구역통행중","길가장자리구역통행중","운전자법규위반","안전운전 의무 불이행","단일로","기타단일로","승용차","대형","보행자","보행자","1118847 ","1762997 ",128.81623218,35.85631896
"2014","2014011609","55","주간","목",1,1,0,0,0,"강원","강릉시","차대사람","기타","기타","운전자법규위반","안전운전 의무 불이행","교차로","교차로내","승용차","중형","보행자","보행자","1124090 ","1975687 ",128.90899011,37.77244069
"2014","2014011304","20","야간","월",1,1,0,0,0,"서울","성동구","차대차","추돌","진행중 추돌","운전자법규위반","안전운전 의무 불이행","단일로","기타단일로","화물차","경형","화물차","경형","959425  ","1948904 ",127.04072021,37.53856567
"2014","2014011102","40","야간","토",1,1,0,0,0,"경북","영덕군","차대사람","기타","기타","운전자법규위반","안전운전 의무 불이행","단일로","기타단일로","승용차","소형","보행자","보행자","1168093 ","1825304 ",129.38090293,36.41023964
"2014","2014011010","33","주간","금",1,1,0,0,0,"부산","강서구","차대차","측면직각충돌","측면직각충돌","운전자법규위반","신호위반","단일로","횡단보도상","자전거","자전거","화물차","대형","1121544 ","1677214 ",128.83460993,35.08321982
"2014","2014011004","45","야간","금",1,3,1,1,0,"부산","해운대구","차대차","측면직각충돌","측면직각충돌","운전자법규위반","신호위반","교차로","교차로내","승합차","대형","승용차","중형","1150545 ","1694283 ",129.15439731,35.23265346
"2014","2014011006","30","주간","금",1,1,0,0,0,"충남","당진시","차대차","추돌","주정차중 추돌","운전자법규위반","안전운전 의무 불이행","기타/불명","기타/불명","승용차","중형","화물차","대형","919478  ","1885896 ",126.59540385,36.96805613
"2014","2014012021","15","야간","월",1,1,0,0,0,"서울","중랑구","차대차","측면직각충돌","측면직각충돌","운전자법규위반","교차로 통행방법 위반","교차로","교차로내","승용차","중형","승용차","중형","963447  ","1952467 ",127.08606761,37.57084851
"2014","2014012823","50","야간","화",1,4,0,2,1,"경기","의왕시","차대차","추돌","주정차중 추돌","운전자법규위반","안전운전 의무 불이행","교차로","교차로부근","승용차","중형","승용차","중형","953996  ","1926384 ",126.98042618,37.33532803
"2014","2014013101","05","야간","금",1,1,0,0,0,"충북","괴산군","차량단독","도로이탈","도로이탈 추락","운전자법규위반","안전운전 의무 불이행","단일로","기타단일로","화물차","소형","00","00","1014985 ","1867989 ",127.66799883,36.80995913
"2014","2014012522","10","야간","토",2,2,0,0,0,"서울","구로구","차대사람","기타","기타","운전자법규위반","안전운전 의무 불이행","단일로","기타단일로","승합차","대형","보행자","보행자","946100  ","1945818 ",126.89012413,37.51006828
"2014","2014012506","50","주간","토",1,1,0,0,0,"경남","하동군","차대사람","기타","기타","운전자법규위반","안전운전 의무 불이행","단일로","기타단일로","승용차","경형","보행자","보행자","1026638 ","1661743 ",127.79174087,34.95018839
"2014","2014012510","00","주간","토",1,4,1,2,0,"경북","봉화군","차량단독","공작물충돌","공작물충돌","운전자법규위반","안전운전 의무 불이행","단일로","기타단일로","승합차","소형","00","00","1129156 ","1871558 ",128.94838413,36.83342792
"2014","2014020809","47","주간","토",1,2,1,0,0,"전북","순창군","차대차","측면직각충돌","측면직각충돌","운전자법규위반","직진 및 우회전차의 통행방해","교차로","교차로내","이륜차","사발이","화물차","소형","953728  ","1721212 ",126.98988842,35.4856994
"2014","2014020722","00","야간","금",1,3,0,2,0,"경기","용인시","차대차","정면충돌","정면충돌","운전자법규위반","신호위반","교차로","교차로부근","승용차","중형","승합차","대형","976844  ","1914548 ",127.23896388,37.22949154
"2014","2014062215","55","주간","일",1,2,1,0,0,"충남","서산시","차량단독","전도전복","전도전복","운전자법규위반","안전운전 의무 불이행","단일로","기타단일로","승용차","중형","00","00","916696  ","1866114 ",126.56632741,36.78951061
"2014","2014090301","23","야간","수",2,7,1,4,0,"경기","용인시","차량단독","공작물충돌","공작물충돌","운전자법규위반","과속","단일로","기타단일로","승합차","소형","00","00","966260  ","1921463 ",127.11933959,37.29149913
"2014","2014060521","40","야간","목",1,2,0,1,0,"충북","음성군","차대사람","기타","기타","운전자법규위반","안전운전 의무 불이행","단일로","기타단일로","자전거","자전거","보행자","보행자","1009000 ","1888534 ",127.60114448,36.9952392
"2014","2014060616","20","주간","금",1,1,0,0,0,"경기","파주시","차대사람","횡단중","횡단중","운전자법규위반","안전운전 의무 불이행","단일로","기타단일로","승용차","중형","보행자","보행자","935842  ","1972966 ",126.77167912,37.75408979
"2014","2014061103","50","야간","수",1,1,0,0,0,"서울","동대문구","차대사람","횡단중","횡단중","운전자법규위반","안전운전 의무 불이행","교차로","교차로부근","화물차","소형","보행자","보행자","960657  ","1951894 ",127.05450478,37.56556889
"2014","2014061109","35","주간","수",1,4,3,0,0,"경북","상주시","차대차","정면충돌","정면충돌","운전자법규위반","중앙선 침범","단일로","기타단일로","승용차","소형","화물차","소형","1053414 ","1823399 ",128.0957184,36.40661208
"2014","2014062509","00","주간","수",1,1,0,0,0,"울산","남구","차대차","기타","기타","운전자법규위반","차로위반(진로변경 위반)","단일로","기타단일로","이륜차","중형","화물차","대형","1167262 ","1725218 ",129.34436039,35.5087967
"2014","2014062308","37","주간","월",1,1,0,0,0,"전남","구례군","차량단독","기타","기타","운전자법규위반","기타(운전자법규위반)","기타/불명","기타/불명","승합차","소형","00","00","996972  ","1702760 ",127.46668667,35.32039426
"2014","2014060907","25","주간","월",1,3,2,0,0,"경남","함안군","차량단독","전도전복","전도전복","운전자법규위반","안전운전 의무 불이행","고가도로위","고가도로위","화물차","소형","00","00","1088052 ","1697293 ",128.46807835,35.26722984
"2014","2014060905","50","야간","월",1,3,1,1,0,"충남","천안시","차대차","기타","기타","운전자법규위반","신호위반","교차로","교차로내","화물차","소형","승용차","중형","975996  ","1879543 ",127.23052331,36.91392731
"2014","2014060709","30","주간","토",1,1,0,0,0,"충북","청주시","차대사람","기타","기타","운전자법규위반","중앙선 침범","단일로","기타단일로","승용차","중형","보행자","보행자","1000802 ","1846256 ",127.50896855,36.61415734
"2014","2014060917","30","주간","월",1,1,0,0,0,"대전","대덕구","차대차","측면직각충돌","측면직각충돌","운전자법규위반","안전운전 의무 불이행","단일로","기타단일로","화물차","중형","자전거","자전거","992340  ","1816582 ",127.4146343,36.34660959
"2014","2014062007","15","주간","금",1,1,0,0,0,"서울","광진구","차대차","추돌","진행중 추돌","운전자법규위반","안전운전 의무 불이행","교차로","교차로내","승용차","중형","자전거","자전거","963846  ","1950147 ",127.09070026,37.54995331
"2014","2014062218","50","야간","일",1,1,0,0,0,"경기","여주시","차대차","기타","기타","운전자법규위반","안전운전 의무 불이행","기타/불명","기타/불명","승용차","중형","자전거","자전거","1011847 ","1919496 ",127.63362969,37.27430528
"2014","2014062204","50","야간","일",1,1,0,0,0,"서울","강서구","차대사람","횡단중","횡단중","운전자법규위반","안전운전 의무 불이행","단일로","횡단보도상","승용차","중형","보행자","보행자","942979  ","1951313 ",126.85444195,37.55940764
"2014","2014062008","32","주간","금",1,1,0,0,0,"서울","성북구","차대사람","횡단중","횡단중","운전자법규위반","중앙선 침범","단일로","기타단일로","건설기계","건설기계","보행자","보행자","958386  ","1953738 ",127.0286858,37.58203541
"2014","2014062111","50","주간","토",1,2,1,0,0,"경기","포천시","차대차","추돌","진행중 추돌","운전자법규위반","안전운전 의무 불이행","단일로","기타단일로","승용차","소형","원동기장치자전거","원동기장치자전거","973742  ","1984360 ",127.20149718,37.85865819
"2014","2014062100","55","야간","토",1,1,0,0,0,"인천","연수구","차대사람","횡단중","횡단중","운전자법규위반","과속","단일로","기타단일로","승용차","중형","보행자","보행자","924693  ","1933204 ",126.64921471,37.39488267
"2014","2014062720","55","야간","금",1,1,0,0,0,"경북","의성군","차대사람","길가장자리구역통행중","길가장자리구역통행중","운전자법규위반","안전운전 의무 불이행","단일로","기타단일로","승용차","중형","보행자","보행자","1106422 ","1818927 ",128.68621028,36.36189236
"2014","2014062804","30","야간","토",1,1,0,0,0,"인천","부평구","차대사람","횡단중","횡단중","운전자법규위반","안전운전 의무 불이행","단일로","기타단일로","승용차","중형","보행자","보행자","932106  ","1943366 ",126.73202076,37.48704512
"2014","2014061722","28","야간","화",1,3,2,0,0,"경기","수원시","차대차","측면직각충돌","측면직각충돌","운전자법규위반","신호위반","교차로","교차로내","이륜차","중형","승용차","경형","957313  ","1916906 ",127.01866249,37.25005604
"2014","2014061805","51","야간","수",2,3,1,0,0,"전남","고흥군","차량단독","전도전복","전도전복","운전자법규위반","안전운전 의무 불이행","단일로","기타단일로","화물차","소형","00","00","977219  ","1620769 ",127.25161014,34.58079107
"2014","2014061908","55","주간","목",1,1,0,0,0,"경남","양산시","차대차","기타","기타","운전자법규위반","교차로 통행방법 위반","교차로","교차로부근","원동기장치자전거","원동기장치자전거","승용차","중형","1135122 ","1702621 ",128.98633416,35.31000992
"2014","2014050911","58","주간","금",1,1,0,0,0,"강원","원주시","차량단독","도로이탈","도로이탈 추락","운전자법규위반","안전운전 의무 불이행","단일로","기타단일로","승용차","중형","00","00","1034660 ","1932835 ",127.89157166,37.39396905
"2014","2014051715","30","주간","토",1,1,0,0,0,"충북","보은군","차량단독","전도전복","전도전복","운전자법규위반","안전운전 의무 불이행","기타/불명","기타/불명","농기계","농기계","00","00","1027787 ","1829850 ",127.81014111,36.46585252
"2014","2014051516","48","주간","목",1,1,0,0,0,"경남","산청군","차대사람","길가장자리구역통행중","길가장자리구역통행중","운전자법규위반","안전운전 의무 불이행","단일로","기타단일로","승용차","중형","보행자","보행자","1039215 ","1721279 ",127.93231922,35.48660729
"2014","2014051611","07","주간","금",1,1,0,0,0,"충북","괴산군","차량단독","전도전복","전도전복","운전자법규위반","안전운전 의무 불이행","단일로","기타단일로","이륜차","사발이","00","00","1032970 ","1873634 ",127.86987322,36.86039018
"2014","2014051602","07","야간","금",1,1,0,0,0,"경기","의정부시","차대사람","횡단중","횡단중","운전자법규위반","과속","교차로","교차로부근","승용차","중형","보행자","보행자","959972  ","1971997 ",127.04564571,37.74673061
"2014","2014052407","20","주간","토",1,6,4,1,0,"충남","태안군","차대차","측면직각충돌","측면직각충돌","운전자법규위반","중앙선 침범","단일로","기타단일로","건설기계","건설기계","승합차","소형","902233  ","1829671 ",126.40889074,36.45965418
"2014","2014052310","05","주간","금",1,1,0,0,0,"전북","정읍시","차대차","기타","기타","운전자법규위반","과속","단일로","기타단일로","승용차","소형","자전거","자전거","940777  ","1730218 ",126.84646341,35.56621016
"2014","2014121119","01","야간","목",1,1,0,0,0,"전남","광양시","차대사람","기타","기타","운전자법규위반","안전운전 의무 불이행","단일로","기타단일로","불명","불명","보행자","보행자","1024649 ","1665606 ",127.77007175,34.98507293