"발생년","발생년월일시","발생분","주야","요일","사망자수","사상자수","중상자수","경상자수","부상신고자수","발생지시도","발생지시군구","사고유형_대분류","사고유형_중분류","사고유형","법규위반_대분류","법규위반","도로형태_대분류","도로형태","당사자종별_1당_대분류","당사자종별_1당","당사자종별_2당_대분류","당사자종별_2당","발생위치X_UTMK","발생위치Y_UTMK","경도","위도"
"2014","2014010618","35","야간","월",1,1,0,0,0,"충남","서천군","차량단독","공작물충돌","공작물충돌","운전자법규위반","안전운전 의무 불이행","교차로","교차로부근","승용차","중형","00","00","928478  ","1784593 ",126.7058864,36.05560859
"2014","2014092223","10","야간","월",1,1,0,0,0,"경남","함안군","차대차","추돌","진행중 추돌","운전자법규위반","안전운전 의무 불이행","단일로","기타단일로","특수차","대형","건설기계","건설기계","1079432 ","1699869 ",128.37356641,35.29117613
"2014","2014090722","25","야간","일",1,2,1,0,0,"경북","청도군","차대차","기타","기타","운전자법규위반","안전운전 의무 불이행","단일로","교량위","승용차","소형","승용차","중형","1113762 ","1738306 ",128.75642531,35.63435436
"2014","2014012718","15","야간","월",1,1,0,0,0,"전북","완주군","차대사람","횡단중","횡단중","운전자법규위반","안전운전 의무 불이행","단일로","기타단일로","승용차","대형","보행자","보행자","963340  ","1767843 ",127.09372339,35.90653404
"2014","2014012722","00","야간","월",1,1,0,0,0,"전남","고흥군","차대차","정면충돌","정면충돌","운전자법규위반","안전운전 의무 불이행","단일로","기타단일로","화물차","소형","이륜차","소형","981367  ","1626276 ",127.29671609,34.63053669
"2014","2014012715","00","주간","월",1,1,0,0,0,"경기","양주시","차대차","추돌","진행중 추돌","운전자법규위반","교차로 통행방법 위반","교차로","교차로내","화물차","중형","승용차","중형","952682  ","1978312 ",126.96248873,37.80329873
"2014","2014012709","10","주간","월",1,1,0,0,0,"경북","경주시","차대차","측면직각충돌","측면직각충돌","운전자법규위반","안전운전 의무 불이행","교차로","교차로내","승용차","중형","이륜차","소형","1154141 ","1762857 ",129.20694883,35.8501405
"2014","2014020706","08","주간","금",1,1,0,0,0,"전남","나주시","차대차","측면직각충돌","측면직각충돌","운전자법규위반","신호위반","교차로","교차로내","승용차","중형","이륜차","소형","928031  ","1668045 ",126.71127542,35.00480436
"2014","2014020708","45","주간","금",1,3,1,1,0,"경북","영주시","차대차","정면충돌","정면충돌","운전자법규위반","중앙선 침범","단일로","기타단일로","승용차","경형","화물차","경형","1101898 ","1881213 ",128.64406696,36.92377742
"2014","2014021418","10","야간","금",1,1,0,0,0,"충북","괴산군","차량단독","기타","기타","운전자법규위반","안전운전 의무 불이행","단일로","기타단일로","원동기장치자전거","원동기장치자전거","00","00","1034669 ","1876107 ",127.88028511,36.88326335
"2014","2014021602","15","야간","일",1,1,0,0,0,"경기","성남시","차대사람","기타","기타","운전자법규위반","안전운전 의무 불이행","단일로","기타단일로","승용차","중형","보행자","보행자","965352  ","1926770 ",127.10884781,37.33930165
"2014","2014021513","10","주간","토",1,1,0,0,0,"대전","중구","차대사람","횡단중","횡단중","운전자법규위반","보행자 보호의무 위반","단일로","기타단일로","승합차","경형","보행자","보행자","992512  ","1813043 ",127.41658514,36.31470532
"2014","2014021619","50","야간","일",1,1,0,0,0,"경남","남해군","차대차","기타","기타","운전자법규위반","안전운전 의무 불이행","기타/불명","기타/불명","승용차","중형","농기계","농기계","1033865 ","1643857 ",127.87016654,34.78868646
"2014","2014021516","40","주간","토",1,1,0,0,0,"충북","청주시","차대사람","횡단중","횡단중","운전자법규위반","안전운전 의무 불이행","단일로","기타단일로","승합차","대형","보행자","보행자","1001052 ","1846692 ",127.51176483,36.61808764
"2014","2014021712","50","주간","월",1,1,0,0,0,"충남","예산군","차대차","정면충돌","정면충돌","운전자법규위반","신호위반","교차로","교차로내","화물차","대형","원동기장치자전거","원동기장치자전거","942927  ","1859655 ",126.86090063,36.73313354
"2014","2014021511","38","주간","토",1,1,0,0,0,"전북","부안군","차대사람","기타","기타","운전자법규위반","안전운전 의무 불이행","교차로","교차로부근","건설기계","건설기계","보행자","보행자","931019  ","1748123 ",126.73725715,35.72700405
"2014","2014062220","31","야간","일",1,5,2,2,0,"강원","원주시","차대차","정면충돌","정면충돌","운전자법규위반","중앙선 침범","교차로","교차로내","승용차","중형","승용차","경형","1044633 ","1936109 ",128.00443599,37.42305234
"2014","2014051722","10","야간","토",1,2,1,0,0,"충남","보령시","차대차","추돌","진행중 추돌","운전자법규위반","안전운전 의무 불이행","교차로","교차로부근","승용차","대형","농기계","농기계","924941  ","1821852 ",126.6630476,36.39121877
"2014","2014051516","05","주간","목",1,1,0,0,0,"경기","용인시","차대사람","횡단중","횡단중","운전자법규위반","안전운전 의무 불이행","단일로","기타단일로","승용차","중형","보행자","보행자","974144  ","1912558 ",127.20836636,37.20973343
"2014","2014070309","30","주간","목",1,1,0,0,0,"충북","청주시","차량단독","공작물충돌","공작물충돌","운전자법규위반","안전운전 의무 불이행","단일로","기타단일로","화물차","대형","00","00","1009358 ","1858328 ",127.60479533,36.72293982
"2014","2014071313","20","주간","일",1,1,0,0,0,"강원","강릉시","차대사람","기타","기타","운전자법규위반","기타(운전자법규위반)","단일로","기타단일로","승용차","중형","보행자","보행자","1123504 ","1975439 ",128.90229595,37.77028544
"2014","2014071421","37","야간","월",1,1,0,0,0,"경남","사천시","차대차","추돌","주정차중 추돌","운전자법규위반","안전운전 의무 불이행","단일로","기타단일로","승용차","중형","특수차","대형","1050212 ","1674837 ",128.05070731,35.06736272
"2014","2014071417","15","주간","월",1,2,1,0,0,"울산","울주군","차대사람","기타","기타","운전자법규위반","안전운전 의무 불이행","단일로","기타단일로","화물차","소형","보행자","보행자","1150112 ","1728989 ",129.15602412,35.54552699
"2014","2014071016","07","주간","목",1,1,0,0,0,"충북","보은군","차대사람","보도통행중","보도통행중","운전자법규위반","안전운전 의무 불이행","기타/불명","기타/불명","승합차","대형","보행자","보행자","1019863 ","1831810 ",127.72174943,36.48371929
"2014","2014071822","50","야간","금",1,1,0,0,0,"경북","칠곡군","차량단독","기타","기타","운전자법규위반","안전운전 의무 불이행","단일로","기타단일로","이륜차","소형","00","00","1076129 ","1784081 ",128.34521123,36.05064325
"2014","2014071719","34","야간","목",1,1,0,0,0,"전북","고창군","차량단독","전도전복","전도전복","운전자법규위반","안전운전 의무 불이행","단일로","기타단일로","화물차","소형","00","00","922429  ","1716448 ",126.64532401,35.44079667
"2014","2014062602","56","야간","목",1,1,0,0,0,"경북","경주시","차대차","추돌","진행중 추돌","운전자법규위반","안전운전 의무 불이행","단일로","기타단일로","승용차","중형","화물차","중형","1152969 ","1755819 ",129.19262796,35.7868958
"2014","2014071905","20","야간","토",1,1,0,0,0,"전남","구례군","차량단독","공작물충돌","공작물충돌","운전자법규위반","안전운전 의무 불이행","단일로","기타단일로","승용차","경형","00","00","994393  ","1702511 ",127.43831484,35.31813789
"2014","2014072517","00","주간","금",1,2,1,0,0,"충남","아산시","차대차","정면충돌","정면충돌","운전자법규위반","중앙선 침범","단일로","기타단일로","화물차","소형","화물차","중형","942669  ","1868654 ",126.85722151,36.81433538
"2014","2014072501","20","야간","금",1,2,1,0,0,"서울","용산구","차대사람","횡단중","횡단중","운전자법규위반","보행자 보호의무 위반","단일로","횡단보도상","승용차","중형","보행자","보행자","953717  ","1948484 ",126.97613856,37.53451116
"2014","2014072116","15","주간","월",1,1,0,0,0,"서울","동대문구","차대차","기타","기타","운전자법규위반","신호위반","교차로","교차로내","승용차","중형","원동기장치자전거","원동기장치자전거","958536  ","1953261 ",127.03041129,37.57779694
"2014","2014080212","40","주간","토",1,1,0,0,0,"충북","음성군","차대차","기타","기타","운전자법규위반","교차로 통행방법 위반","교차로","교차로내","화물차","소형","원동기장치자전거","원동기장치자전거","1023914 ","1879727 ",127.77342516,36.91618093
"2014","2014080205","25","야간","토",1,1,0,0,0,"서울","관악구","차대차","기타","기타","운전자법규위반","신호위반","교차로","교차로내","원동기장치자전거","원동기장치자전거","승용차","중형","948962  ","1943561 ",126.92266263,37.48988822
"2014","2014073000","30","야간","수",1,1,0,0,0,"경기","용인시","차대사람","횡단중","횡단중","운전자법규위반","안전운전 의무 불이행","단일로","기타단일로","승용차","중형","보행자","보행자","963884  ","1924419 ",127.09238996,37.31805449
"2014","2014080519","55","야간","화",1,1,0,0,0,"경북","봉화군","차량단독","도로이탈","도로이탈 추락","운전자법규위반","안전운전 의무 불이행","단일로","기타단일로","이륜차","사발이","00","00","1113996 ","1869668 ",128.77813411,36.81834381
"2014","2014080613","35","주간","수",1,2,1,0,0,"경남","하동군","차대차","정면충돌","정면충돌","운전자법규위반","중앙선 침범","단일로","기타단일로","승합차","소형","승합차","대형","1024927 ","1674192 ",127.77337529,35.06248868
"2014","2014080601","56","야간","수",1,1,0,0,0,"서울","종로구","차대사람","횡단중","횡단중","운전자법규위반","안전운전 의무 불이행","단일로","횡단보도상","승용차","중형","보행자","보행자","956945  ","1952634 ",127.0124303,37.5720726
"2014","2014080603","00","야간","수",1,3,1,1,0,"강원","삼척시","차대차","정면충돌","정면충돌","운전자법규위반","중앙선 침범","단일로","기타단일로","승용차","소형","화물차","중형","1163025 ","1913704 ",129.33716362,37.20792169
"2014","2014080310","13","주간","일",1,3,2,0,0,"부산","해운대구","차대차","추돌","주정차중 추돌","운전자법규위반","안전운전 의무 불이행","단일로","기타단일로","승용차","중형","화물차","중형","1148200 ","1692837 ",129.12837607,35.21996945
"2014","2014080601","25","야간","수",1,1,0,0,0,"대전","서구","차대사람","기타","기타","운전자법규위반","안전운전 의무 불이행","단일로","기타단일로","화물차","소형","보행자","보행자","988408  ","1817884 ",127.37079542,36.35830829
"2014","2014080307","30","주간","일",1,1,0,0,0,"전남","보성군","차량단독","공작물충돌","공작물충돌","운전자법규위반","안전운전 의무 불이행","단일로","기타단일로","승용차","중형","00","00","985864  ","1647949 ",127.34541423,34.82605164
"2014","2014080301","10","야간","일",1,1,0,0,0,"대구","북구","차대사람","횡단중","횡단중","운전자법규위반","안전운전 의무 불이행","교차로","교차로내","승용차","중형","보행자","보행자","1100935 ","1767437 ",128.61845598,35.89835225
"2014","2014081217","48","주간","화",1,1,0,0,0,"인천","부평구","차대사람","횡단중","횡단중","운전자법규위반","신호위반","교차로","교차로내","승합차","대형","보행자","보행자","932819  ","1943560 ",126.74006746,37.48884577
"2014","2014081221","00","야간","화",1,1,0,0,0,"전북","군산시","차량단독","공작물충돌","공작물충돌","운전자법규위반","안전운전 의무 불이행","단일로","기타단일로","승용차","중형","00","00","912798  ","1771297 ",126.53327445,35.93447008
"2014","2014070213","40","주간","수",1,1,0,0,0,"경기","성남시","차대차","추돌","진행중 추돌","운전자법규위반","신호위반","교차로","교차로내","원동기장치자전거","원동기장치자전거","승용차","대형","965288  ","1940154 ",127.10749663,37.45993739
"2014","2014070123","50","야간","화",1,1,0,0,0,"전남","영암군","차대차","기타","기타","운전자법규위반","안전운전 의무 불이행","단일로","기타단일로","승용차","중형","승용차","중형","926811  ","1645242 ",126.699903,34.79910887
"2014","2014070712","50","주간","월",1,1,0,0,0,"경남","김해시","차대사람","차도통행중","차도통행중","운전자법규위반","안전운전 의무 불이행","교차로","교차로부근","승용차","중형","보행자","보행자","1124696 ","1696926 ",128.87081354,35.26002789
"2014","2014070807","40","주간","화",1,3,1,1,0,"경기","광주시","차대사람","기타","기타","운전자법규위반","안전운전 의무 불이행","단일로","기타단일로","승합차","소형","보행자","보행자","979314  ","1934828 ",127.26624233,37.41235082
"2014","2014070515","00","주간","토",1,1,0,0,0,"강원","홍천군","차대차","추돌","진행중 추돌","운전자법규위반","안전거리 미확보","단일로","기타단일로","승용차","중형","이륜차","대형","1037579 ","1968865 ",127.91442227,37.71013072
"2014","2014070305","00","야간","목",1,3,2,0,0,"경남","양산시","차대차","기타","기타","운전자법규위반","중앙선 침범","지하도로내","지하도로내","승용차","소형","승용차","소형","1139497 ","1705333 ",129.03490578,35.33385411
"2014","2014071409","26","주간","월",1,1,0,0,0,"광주","남구","차대사람","횡단중","횡단중","운전자법규위반","안전운전 의무 불이행","교차로","교차로부근","승용차","대형","보행자","보행자","947089  ","1682789 ",126.91918393,35.13892649
"2014","2014071307","51","주간","일",1,1,0,0,0,"서울","구로구","차대차","정면충돌","정면충돌","운전자법규위반","신호위반","교차로","교차로내","승합차","소형","원동기장치자전거","원동기장치자전거","945777  ","1942668 ",126.88670182,37.48165791
"2014","2014071304","13","야간","일",1,1,0,0,0,"부산","진구","차량단독","공작물충돌","공작물충돌","운전자법규위반","안전운전 의무 불이행","단일로","기타단일로","승용차","중형","00","00","1142790 ","1685016 ",129.06759817,35.15025759
"2014","2014071215","00","주간","토",1,1,0,0,0,"제주","서귀포시","차량단독","공작물충돌","공작물충돌","운전자법규위반","안전운전 의무 불이행","단일로","기타단일로","이륜차","사발이","00","00","932040  ","1479298 ",126.77000291,33.30297233
"2014","2014071407","10","주간","월",1,1,0,0,0,"경기","평택시","차대차","측면직각충돌","측면직각충돌","운전자법규위반","중앙선 침범","단일로","기타단일로","자전거","자전거","승용차","중형","941796  ","1887633 ",126.84597591,36.98535867
"2014","2014071100","04","야간","금",1,1,0,0,0,"경기","이천시","차량단독","공작물충돌","공작물충돌","운전자법규위반","안전운전 의무 불이행","교차로","교차로내","승용차","소형","00","00","995590  ","1913117 ",127.45029459,37.21686962
"2014","2014070912","38","주간","수",1,1,0,0,0,"강원","정선군","차량단독","전도전복","전도전복","운전자법규위반","안전운전 의무 불이행","단일로","기타단일로","화물차","대형","00","00","1113302 ","1916660 ",128.77742866,37.24192613
"2014","2014070917","20","주간","수",1,1,0,0,0,"충남","당진시","차대사람","차도통행중","차도통행중","운전자법규위반","안전운전 의무 불이행","단일로","기타단일로","화물차","대형","보행자","보행자","922958  ","1881908 ",126.63490116,36.93240179
"2014","2014071800","15","야간","금",1,1,0,0,0,"인천","남동구","차대사람","차도통행중","차도통행중","운전자법규위반","안전운전 의무 불이행","단일로","기타단일로","승용차","중형","보행자","보행자","933770  ","1939228 ",126.75121362,37.44987041
"2014","2014071817","00","주간","금",1,1,0,0,0,"경북","상주시","차대차","측면직각충돌","측면직각충돌","운전자법규위반","교차로 통행방법 위반","교차로","교차로내","화물차","중형","이륜차","소형","1056200 ","1815432 ",128.12621273,36.33463178
"2014","2014112623","32","야간","수",1,1,0,0,0,"경기","성남시","차대사람","횡단중","횡단중","운전자법규위반","안전운전 의무 불이행","단일로","기타단일로","승용차","중형","보행자","보행자","966775  ","1936520 ",127.12447418,37.42723677
"2014","2014071712","55","주간","목",1,1,0,0,0,"경남","진주시","차대사람","횡단중","횡단중","운전자법규위반","안전운전 의무 불이행","단일로","기타단일로","화물차","소형","보행자","보행자","1052627 ","1688600 ",128.07806933,35.19133764
"2014","2014071717","16","주간","목",1,1,0,0,0,"경기","평택시","차대사람","횡단중","횡단중","운전자법규위반","안전운전 의무 불이행","교차로","교차로부근","건설기계","건설기계","보행자","보행자","959519  ","1884441 ",127.04528915,36.95751549
"2014","2014071422","27","야간","월",1,1,0,0,0,"전북","익산시","차량단독","공작물충돌","공작물충돌","운전자법규위반","안전운전 의무 불이행","교차로","교차로내","승용차","중형","00","00","954150  ","1783075 ",126.97855161,36.03387111
"2014","2014071422","00","야간","월",1,1,0,0,0,"인천","연수구","차대사람","횡단중","횡단중","운전자법규위반","안전운전 의무 불이행","단일로","기타단일로","승용차","중형","보행자","보행자","926324  ","1936657 ",126.6672948,37.42613517
"2014","2014071709","40","주간","목",1,1,0,0,0,"전남","해남군","차대사람","기타","기타","운전자법규위반","안전운전 의무 불이행","교차로","교차로내","화물차","소형","보행자","보행자","907134  ","1613564 ",126.48829902,34.51187884
"2014","2014071504","50","야간","화",1,1,0,0,0,"경기","포천시","차대사람","기타","기타","운전자법규위반","안전운전 의무 불이행","단일로","기타단일로","화물차","소형","보행자","보행자","968391  ","1981210 ",127.14080537,37.83009744
"2014","2014071420","20","야간","월",1,1,0,0,0,"충북","제천시","차대사람","횡단중","횡단중","운전자법규위반","안전운전 의무 불이행","교차로","교차로부근","승용차","중형","보행자","보행자","1064449 ","1902606 ",128.22547638,37.11991238
"2014","2014072515","20","주간","금",1,4,2,1,0,"전남","신안군","차대차","정면충돌","정면충돌","운전자법규위반","중앙선 침범","단일로","기타단일로","화물차","경형","승용차","중형","884842  ","1674635 ",126.23712658,35.0602169
"2014","2014072602","50","야간","토",1,1,0,0,0,"대전","중구","차대사람","횡단중","횡단중","운전자법규위반","안전운전 의무 불이행","교차로","교차로내","승용차","소형","보행자","보행자","990961  ","1812542 ",127.39931314,36.31017527
"2014","2014072519","50","야간","금",1,1,0,0,0,"충남","당진시","차대사람","기타","기타","운전자법규위반","안전운전 의무 불이행","기타/불명","기타/불명","화물차","중형","보행자","보행자","929259  ","1871944 ",126.70657816,36.8430832
"2014","2014072604","20","야간","토",1,1,0,0,0,"서울","동대문구","차대사람","횡단중","횡단중","운전자법규위반","안전운전 의무 불이행","교차로","교차로내","승용차","중형","보행자","보행자","961603  ","1952475 ",127.06518596,37.57084555
"2014","2014072316","30","주간","수",1,1,0,0,0,"경남","김해시","차대차","기타","기타","운전자법규위반","안전운전 의무 불이행","교차로","교차로부근","건설기계","건설기계","자전거","자전거","1122853 ","1693871 ",128.85044348,35.23280347
"2014","2014072221","20","야간","화",1,1,0,0,0,"대구","달서구","차대차","측면직각충돌","측면직각충돌","운전자법규위반","안전운전 의무 불이행","교차로","교차로내","화물차","소형","자전거","자전거","1092464 ","1758122 ",128.52352325,35.81521765
"2014","2014072221","10","야간","화",1,1,0,0,0,"전남","여수시","차대사람","횡단중","횡단중","운전자법규위반","과속","단일로","교량위","승용차","소형","보행자","보행자","1020976 ","1638463 ",127.72873309,34.74039257
"2014","2014080215","40","주간","토",1,4,0,3,0,"경기","남양주시","차대차","추돌","진행중 추돌","운전자법규위반","안전운전 의무 불이행","단일로","기타단일로","건설기계","건설기계","승용차","대형","971026  ","1966948 ",127.17131759,37.70163997
"2014","2014080206","00","주간","토",1,1,0,0,0,"전남","여수시","차량단독","공작물충돌","공작물충돌","운전자법규위반","안전운전 의무 불이행","교차로","교차로내","승용차","중형","00","00","1020269 ","1638858 ",127.72143429,34.74396809
"2014","2014073113","50","주간","목",1,1,0,0,0,"경남","김해시","차량단독","공작물충돌","공작물충돌","운전자법규위반","안전운전 의무 불이행","교차로","교차로내","화물차","소형","00","00","1130101 ","1702316 ",128.93107068,35.30792677
"2014","2014072720","00","야간","일",1,1,0,0,0,"경북","김천시","차량단독","기타","기타","운전자법규위반","안전운전 의무 불이행","교차로","교차로내","원동기장치자전거","원동기장치자전거","00","00","1047819 ","1778631 ",128.03058969,36.00331254
"2014","2014073005","45","야간","수",1,1,0,0,0,"경기","광주시","차량단독","기타","기타","운전자법규위반","안전운전 의무 불이행","단일로","기타단일로","자전거","자전거","00","00","981337  ","1932246 ",127.28916786,37.38912029
"2014","2014072717","18","주간","일",1,1,0,0,0,"제주","제주시","차량단독","공작물충돌","공작물충돌","운전자법규위반","안전운전 의무 불이행","단일로","기타단일로","승용차","소형","00","00","919153  ","1505148 ",126.62926505,33.53521624
"2014","2014072719","29","야간","일",1,2,0,1,0,"광주","동구","차대사람","기타","기타","운전자법규위반","안전운전 의무 불이행","교차로","교차로내","승용차","중형","보행자","보행자","948362  ","1683945 ",126.93308505,35.14941606
"2014","2014072720","00","야간","일",1,1,0,0,0,"경북","김천시","차대차","측면직각충돌","측면직각충돌","운전자법규위반","과속","단일로","기타단일로","승합차","소형","자전거","자전거","1050186 ","1792699 ",128.0577469,36.13002237
"2014","2014070304","47","야간","목",1,1,0,0,0,"부산","금정구","차대사람","기타","기타","운전자법규위반","안전운전 의무 불이행","단일로","기타단일로","화물차","소형","보행자","보행자","1147130 ","1694076 ",129.11684499,35.23129473
"2014","2014070301","04","야간","목",1,1,0,0,0,"인천","남동구","차대사람","기타","기타","운전자법규위반","안전운전 의무 불이행","단일로","기타단일로","승용차","중형","보행자","보행자","929453  ","1940164 ",126.70232088,37.45798716
"2014","2014063010","25","주간","월",1,1,0,0,0,"경남","거창군","차대차","기타","기타","운전자법규위반","교차로 통행방법 위반","교차로","교차로내","이륜차","소형","화물차","대형","1035931 ","1742900 ",127.89707735,35.68167411
"2014","2014070706","26","주간","월",1,2,1,0,0,"인천","연수구","차대차","측면직각충돌","측면직각충돌","운전자법규위반","중앙선 침범","단일로","기타단일로","승용차","중형","승용차","소형","925200  ","1933824 ",126.65487925,37.4005117
"2014","2014070313","35","주간","목",1,1,0,0,0,"강원","평창군","차대차","기타","기타","운전자법규위반","안전운전 의무 불이행","단일로","기타단일로","승용차","중형","승합차","소형","1077931 ","1938881 ",128.3810262,37.44583088
"2014","2014070402","40","야간","금",1,1,0,0,0,"대전","서구","차대사람","기타","기타","운전자법규위반","안전운전 의무 불이행","단일로","기타단일로","승용차","대형","보행자","보행자","988505  ","1817817 ",127.36493285,36.35817559
"2014","2014071407","40","주간","월",1,1,0,0,0,"전북","익산시","차대차","측면직각충돌","측면직각충돌","운전자법규위반","안전운전 의무 불이행","단일로","기타단일로","승합차","중형","자전거","자전거","953333  ","1773446 ",126.98249747,35.95662249
"2014","2014071204","05","야간","토",1,1,0,0,0,"경기","부천시","차대사람","횡단중","횡단중","운전자법규위반","안전운전 의무 불이행","교차로","교차로내","승용차","중형","보행자","보행자","934313  ","1944797 ",126.75685538,37.50010224
"2014","2014070818","48","야간","화",1,1,0,0,0,"경기","광주시","차대사람","기타","기타","운전자법규위반","안전운전 의무 불이행","교차로","교차로내","승용차","대형","보행자","보행자","974614  ","1934101 ",127.21315653,37.40568093
"2014","2014070815","25","주간","화",1,1,0,0,0,"인천","남동구","차대사람","차도통행중","차도통행중","운전자법규위반","안전운전 의무 불이행","단일로","기타단일로","승용차","중형","보행자","보행자","930591  ","1940517 ",126.71515395,37.46125486
"2014","2014071522","00","야간","화",1,4,1,2,0,"경기","김포시","차대차","측면직각충돌","측면직각충돌","운전자법규위반","교차로 통행방법 위반","교차로","교차로내","승용차","중형","이륜차","소형","930486  ","1958948 ",126.71222064,37.6273609
"2014","2014071604","25","야간","수",1,1,0,0,0,"광주","북구","차대사람","횡단중","횡단중","운전자법규위반","안전운전 의무 불이행","단일로","기타단일로","승용차","중형","보행자","보행자","947032  ","1688104 ",126.91821708,35.18684743
"2014","2014072523","15","야간","금",1,1,0,0,0,"경기","수원시","차대사람","횡단중","횡단중","운전자법규위반","안전운전 의무 불이행","단일로","기타단일로","승용차","대형","보행자","보행자","956658  ","1917275 ",127.01125548,37.25335185
"2014","2014072617","00","주간","토",1,1,0,0,0,"경남","하동군","차량단독","공작물충돌","공작물충돌","운전자법규위반","안전운전 의무 불이행","단일로","기타단일로","자전거","자전거","00","00","1035325 ","1664256 ",127.88698622,34.97258309
"2014","2014010523","25","야간","일",1,1,0,0,0,"광주","북구","차대사람","횡단중","횡단중","운전자법규위반","안전운전 의무 불이행","단일로","기타단일로","승용차","중형","보행자","보행자","942911  ","1686814 ",126.87304504,35.17499009
"2014","2014010605","35","야간","월",1,1,0,0,0,"경기","하남시","차대사람","횡단중","횡단중","운전자법규위반","안전운전 의무 불이행","교차로","교차로내","승용차","중형","보행자","보행자","973432  ","1950416 ",127.19921208,37.55270424
"2014","2014010800","20","야간","수",1,1,0,0,0,"부산","동구","차대사람","기타","기타","운전자법규위반","신호위반","단일로","기타단일로","화물차","소형","보행자","보행자","1141379 ","1682276 ",129.05172604,35.12586149
"2014","2014010806","00","주간","수",1,1,0,0,0,"인천","남동구","차량단독","기타","기타","운전자법규위반","안전운전 의무 불이행","단일로","기타단일로","이륜차","중형","00","00","930490  ","1935420 ",126.71449231,37.41530846
"2014","2014010804","32","야간","수",1,1,0,0,0,"경기","성남시","차대사람","기타","기타","운전자법규위반","안전운전 의무 불이행","단일로","기타단일로","승합차","대형","보행자","보행자","970975  ","1938894 ",127.17185053,37.44877636
"2014","2014010219","23","야간","목",1,1,0,0,0,"대구","동구","차대사람","횡단중","횡단중","운전자법규위반","안전운전 의무 불이행","단일로","기타단일로","승합차","대형","보행자","보행자","1111048 ","1764408 ",128.73007317,35.86995292
"2014","2014112706","40","주간","목",1,1,0,0,0,"충북","청주시","차대차","기타","기타","운전자법규위반","안전거리 미확보","단일로","기타단일로","화물차","소형","승용차","중형","989454  ","1847957 ",127.38204371,36.62943381
"2014","2014110507","00","주간","수",1,2,1,0,0,"경북","문경시","차대차","추돌","진행중 추돌","운전자법규위반","안전운전 의무 불이행","단일로","터널안","화물차","소형","화물차","대형","1046722 ","1860997 ",128.02336897,36.74589565
"2014","2014110616","45","주간","목",1,4,2,1,0,"대구","달성군","차대차","추돌","주정차중 추돌","운전자법규위반","안전운전 의무 불이행","단일로","기타단일로","화물차","대형","화물차","중형","1084585 ","1742672 ",128.43468833,35.67664498
"2014","2014052518","50","야간","일",1,1,0,0,0,"서울","강서구","차대차","기타","기타","운전자법규위반","안전운전 의무 불이행","교차로","교차로내","원동기장치자전거","원동기장치자전거","승합차","대형","942302  ","1951525 ",126.84670384,37.56127592
"2014","2014052220","20","야간","목",1,1,0,0,0,"경기","광주시","차대사람","길가장자리구역통행중","길가장자리구역통행중","운전자법규위반","안전운전 의무 불이행","단일로","기타단일로","화물차","경형","보행자","보행자","981794  ","1932859 ",127.29431537,37.39465482
"2014","2014052018","02","야간","화",1,1,0,0,0,"충북","영동군","차량단독","공작물충돌","공작물충돌","운전자법규위반","안전운전 의무 불이행","단일로","기타단일로","승용차","중형","00","00","1023116 ","1795869 ",127.7569994,36.15962496
"2014","2014052113","45","주간","수",1,5,4,0,0,"경북","경주시","차대차","기타","기타","운전자법규위반","중앙선 침범","단일로","기타단일로","승용차","중형","승용차","중형","1140663 ","1754323 ",129.05693092,35.77643305
"2014","2014053100","45","야간","토",1,1,0,0,0,"경남","김해시","차량단독","공작물충돌","공작물충돌","운전자법규위반","안전운전 의무 불이행","단일로","기타단일로","승용차","경형","00","00","1117862 ","1687124 ",128.7797236,35.17991459
"2014","2014053115","50","주간","토",1,1,0,0,0,"강원","평창군","차량단독","공작물충돌","공작물충돌","운전자법규위반","안전운전 의무 불이행","단일로","기타단일로","승용차","중형","00","00","1092328 ","1957926 ",128.54669187,37.61639177
"2014","2014053017","35","주간","금",1,1,0,0,0,"전남","여수시","차대차","측면직각충돌","측면직각충돌","운전자법규위반","신호위반","교차로","교차로내","승용차","중형","원동기장치자전거","원동기장치자전거","1020267 ","1638865 ",127.7214126,34.74403125
"2014","2014053009","28","주간","금",1,1,0,0,0,"전북","완주군","차대차","기타","기타","운전자법규위반","안전운전 의무 불이행","교차로","교차로내","화물차","중형","자전거","자전거","968972  ","1771106 ",127.15601036,35.93614786
"2014","2014052817","20","주간","수",1,7,3,3,0,"충남","당진시","차대차","측면직각충돌","측면직각충돌","운전자법규위반","교차로 통행방법 위반","교차로","교차로내","화물차","소형","승용차","중형","915224  ","1891583 ",126.54698022,37.01894045
"2014","2014060605","53","야간","금",2,2,0,0,0,"강원","동해시","차대차","기타","기타","운전자법규위반","안전운전 의무 불이행","단일로","기타단일로","승용차","중형","화물차","대형","1145600 ","1944014 ",129.14683092,37.48390278
"2014","2014060600","47","야간","금",1,3,1,1,0,"서울","송파구","차대차","추돌","진행중 추돌","운전자법규위반","안전운전 의무 불이행","고가도로위","고가도로위","승합차","중형","화물차","대형","966800  ","1941124 ",127.1245494,37.46873606
"2014","2014053114","50","주간","토",1,1,0,0,0,"경기","동두천시","차대사람","기타","기타","운전자법규위반","신호위반","단일로","기타단일로","화물차","소형","보행자","보행자","960770  ","1990895 ",127.0536786,37.91709067
"2014","2014072418","35","야간","목",1,1,0,0,0,"경기","고양시","차대사람","횡단중","횡단중","운전자법규위반","신호위반","교차로","교차로부근","승합차","중형","보행자","보행자","936006  ","1964155 ",126.77431565,37.67469114