"발생년","발생년월일시","발생분","주야","요일","사망자수","사상자수","중상자수","경상자수","부상신고자수","발생지시도","발생지시군구","사고유형_대분류","사고유형_중분류","사고유형","법규위반_대분류","법규위반","도로형태_대분류","도로형태","당사자종별_1당_대분류","당사자종별_1당","당사자종별_2당_대분류","당사자종별_2당","발생위치X_UTMK","발생위치Y_UTMK","경도","위도"
"2014","2014072523","40","야간","금",1,1,0,0,0,"전남","광양시","차량단독","공작물충돌","공작물충돌","운전자법규위반","안전운전 의무 불이행","교차로","교차로내","승용차","대형","00","00","1019009 ","1660793 ",127.70816657,34.94179374
"2014","2014072617","07","주간","토",1,3,1,1,0,"충남","논산시","차대사람","길가장자리구역통행중","길가장자리구역통행중","운전자법규위반","안전운전 의무 불이행","단일로","기타단일로","화물차","소형","보행자","보행자","970600  ","1803118 ",127.17286545,36.22480805
"2014","2014072116","25","주간","월",1,1,0,0,0,"경기","시흥시","차대차","정면충돌","정면충돌","운전자법규위반","중앙선 침범","교차로","교차로부근","원동기장치자전거","원동기장치자전거","승용차","중형","937455  ","1938055 ",126.79297219,37.43955469
"2014","2014072209","05","주간","화",1,1,0,0,0,"경북","안동시","차대사람","기타","기타","운전자법규위반","과속","단일로","기타단일로","승용차","대형","보행자","보행자","1110635 ","1840114 ",128.73618743,36.55237867
"2014","2014073107","14","주간","목",1,1,0,0,0,"경기","양주시","차량단독","공작물충돌","공작물충돌","운전자법규위반","안전운전 의무 불이행","교차로","교차로내","승용차","소형","00","00","956418  ","1978200 ",127.00493324,37.80247527
"2014","2014053116","30","주간","토",1,2,1,0,0,"전북","무주군","차량단독","전도전복","전도전복","운전자법규위반","안전운전 의무 불이행","단일로","기타단일로","승용차","중형","00","00","1013262 ","1759947 ",127.6468433,35.83594018
"2014","2014072115","20","주간","월",1,1,0,0,0,"충남","천안시","차대사람","차도통행중","차도통행중","운전자법규위반","안전운전 의무 불이행","단일로","기타단일로","승용차","중형","보행자","보행자","981487  ","1859459 ",127.29265567,36.73300113
"2014","2014080301","14","야간","일",1,1,0,0,0,"충남","천안시","차대차","기타","기타","운전자법규위반","안전운전 의무 불이행","단일로","기타단일로","승용차","대형","승용차","대형","976550  ","1860725 ",127.2373232,36.74430461
"2014","2014081020","30","야간","일",1,3,1,1,0,"울산","울주군","차대차","기타","기타","운전자법규위반","안전거리 미확보","단일로","기타단일로","승용차","경형","화물차","중형","1158564 ","1730507 ",129.24952541,35.55789148
"2014","2014072307","00","주간","수",1,3,1,1,0,"강원","원주시","차량단독","공작물충돌","공작물충돌","운전자법규위반","안전운전 의무 불이행","단일로","기타단일로","특수차","소형","00","00","1035952 ","1929015 ",127.90593125,37.35948522
"2014","2014053118","37","야간","토",1,7,2,4,0,"충남","논산시","차대차","측면직각충돌","측면직각충돌","운전자법규위반","신호위반","교차로","교차로내","자전거","자전거","승용차","소형","969506  ","1801855 ",127.16074184,36.21338763
"2014","2014060214","25","주간","월",1,2,1,0,0,"경북","영천시","차대차","기타","기타","운전자법규위반","중앙선 침범","단일로","기타단일로","화물차","소형","화물차","소형","1126288 ","1777357 ",128.90090101,35.98481997
"2014","2014060213","30","주간","월",1,1,0,0,0,"서울","영등포구","차대사람","횡단중","횡단중","운전자법규위반","안전운전 의무 불이행","단일로","기타단일로","승합차","대형","보행자","보행자","947857  ","1946637 ",126.90994541,37.51755103
"2014","2014061116","25","주간","수",1,1,0,0,0,"경기","안산시","차대차","기타","기타","운전자법규위반","과속","교차로","교차로부근","승용차","중형","자전거","자전거","939884  ","1924713 ",126.8215128,37.31946142
"2014","2014061615","43","주간","월",1,1,0,0,0,"서울","강서구","차대사람","기타","기타","운전자법규위반","안전운전 의무 불이행","단일로","기타단일로","승용차","중형","보행자","보행자","938536  ","1954846 ",126.80383209,37.59096433
"2014","2014061616","40","주간","월",1,1,0,0,0,"대전","유성구","차대차","추돌","주정차중 추돌","운전자법규위반","안전운전 의무 불이행","단일로","기타단일로","승용차","대형","특수차","대형","979621  ","1808183 ",127.27310952,36.27070387
"2014","2014061617","55","주간","월",1,1,0,0,0,"전남","광양시","차량단독","전도전복","전도전복","운전자법규위반","안전운전 의무 불이행","단일로","기타단일로","건설기계","건설기계","00","00","1015575 ","1667174 ",127.6632562,35.00223435
"2014","2014061419","30","야간","토",1,1,0,0,0,"경북","안동시","차량단독","공작물충돌","공작물충돌","운전자법규위반","안전운전 의무 불이행","교차로","교차로부근","농기계","농기계","00","00","1130091 ","1848021 ",128.9548587,36.62118613
"2014","2014061421","50","야간","토",1,1,0,0,0,"전북","익산시","차대사람","횡단중","횡단중","운전자법규위반","보행자 보호의무 위반","기타/불명","기타/불명","승용차","중형","보행자","보행자","950640  ","1770623 ",126.95281078,35.93103892
"2014","2014062523","10","야간","수",2,2,0,0,0,"전남","나주시","차대차","정면충돌","정면충돌","운전자법규위반","중앙선 침범","단일로","교량위","승용차","소형","승용차","대형","939288  ","1672671 ",126.83429728,35.04725493
"2014","2014062523","50","야간","수",1,4,3,0,0,"경기","수원시","차대차","정면충돌","정면충돌","운전자법규위반","신호위반","교차로","교차로내","승용차","중형","승용차","중형","957314  ","1916909 ",127.01867359,37.25008313
"2014","2014051817","00","주간","일",1,2,1,0,0,"충북","청원군","차량단독","공작물충돌","공작물충돌","운전자법규위반","안전운전 의무 불이행","단일로","기타단일로","화물차","소형","00","00","1004845 ","1862584 ",127.54184398,36.73486016
"2014","2014051911","10","주간","월",1,1,0,0,0,"대구","동구","차대차","기타","기타","운전자법규위반","신호위반","교차로","교차로내","승합차","대형","원동기장치자전거","원동기장치자전거","1108585 ","1764711 ",128.70405429,35.87285809
"2014","2014051910","25","주간","월",1,1,0,0,0,"경북","김천시","차량단독","공작물충돌","공작물충돌","운전자법규위반","안전운전 의무 불이행","단일로","기타단일로","화물차","경형","00","00","1055172 ","1788395 ",128.11285504,36.09094987
"2014","2014052320","00","야간","금",1,2,1,0,0,"경북","구미시","차대차","추돌","진행중 추돌","운전자법규위반","안전운전 의무 불이행","단일로","기타단일로","승용차","소형","농기계","농기계","1071612 ","1800798 ",128.29749185,36.20090673
"2014","2014052518","30","야간","일",1,1,0,0,0,"경남","진주시","차량단독","전도전복","전도전복","운전자법규위반","안전운전 의무 불이행","교차로","교차로내","이륜차","사발이","00","00","1069337 ","1686770 ",128.26144992,35.17382253
"2014","2014052301","50","야간","금",1,1,0,0,0,"경기","파주시","차대사람","기타","기타","운전자법규위반","안전운전 의무 불이행","단일로","기타단일로","승용차","중형","보행자","보행자","943295  ","1978846 ",126.8558205,37.80757671
"2014","2014052217","30","주간","목",1,2,1,0,0,"전북","익산시","차대차","추돌","진행중 추돌","운전자법규위반","안전운전 의무 불이행","단일로","기타단일로","승합차","소형","이륜차","소형","951220  ","1783538 ",126.95844501,36.04750398
"2014","2014053001","49","야간","금",1,1,0,0,0,"충북","청주시","차대사람","횡단중","횡단중","운전자법규위반","과속","단일로","기타단일로","승용차","중형","보행자","보행자","996542  ","1849276 ",127.46131653,36.64137668
"2014","2014052812","15","주간","수",1,1,0,0,0,"서울","송파구","차대사람","차도통행중","차도통행중","운전자법규위반","안전운전 의무 불이행","단일로","기타단일로","화물차","중형","보행자","보행자","966914  ","1945510 ",127.12564134,37.50827332
"2014","2014052907","15","주간","목",1,2,1,0,0,"서울","마포구","차대차","정면충돌","정면충돌","운전자법규위반","안전운전 의무 불이행","기타/불명","기타/불명","자전거","자전거","자전거","자전거","945789  ","1953543 ",126.8860346,37.5796761
"2014","2014060415","42","주간","수",1,1,0,0,0,"전남","함평군","차대차","추돌","진행중 추돌","운전자법규위반","과속","교차로","교차로내","화물차","소형","이륜차","소형","918786  ","1679912 ",126.60880571,35.11109979
"2014","2014060404","10","야간","수",1,2,1,0,0,"전북","전주시","차대사람","횡단중","횡단중","운전자법규위반","과속","교차로","교차로내","승용차","중형","보행자","보행자","963591  ","1757542 ",127.09697539,35.81367032
"2014","2014060212","13","주간","월",1,4,2,1,0,"서울","강동구","차대차","기타","기타","운전자법규위반","중앙선 침범","단일로","기타단일로","승용차","경형","승용차","대형","969047  ","1948111 ",127.14964297,37.53179131
"2014","2014060207","30","주간","월",1,1,0,0,0,"경북","구미시","차대차","추돌","진행중 추돌","운전자법규위반","차로위반(진로변경 위반)","단일로","기타단일로","이륜차","소형","승용차","대형","1073919 ","1793750 ",128.32158413,36.13797852
"2014","2014060217","30","주간","월",1,2,1,0,0,"경기","안성시","차대차","정면충돌","정면충돌","운전자법규위반","중앙선 침범","단일로","기타단일로","화물차","소형","화물차","중형","992200  ","1896078 ",127.42364466,37.07634202
"2014","2014060314","00","주간","화",1,1,0,0,0,"충북","제천시","차대차","기타","기타","운전자법규위반","안전운전 의무 불이행","교차로","교차로내","승용차","소형","자전거","자전거","1063003 ","1904770 ",128.20938253,37.13951616
"2014","2014061211","10","주간","목",1,1,0,0,0,"전남","나주시","차대차","기타","기타","운전자법규위반","직진 및 우회전차의 통행방해","교차로","교차로내","특수차","중형","원동기장치자전거","원동기장치자전거","940098  ","1672112 ",126.84321869,35.04226296
"2014","2014062513","13","주간","수",2,3,1,0,0,"경기","평택시","차대차","기타","기타","운전자법규위반","안전거리 미확보","단일로","교량위","화물차","중형","화물차","소형","961833  ","1886938 ",127.07115469,36.98012069
"2014","2014062506","50","주간","수",1,1,0,0,0,"경남","거제시","차대차","측면직각충돌","측면직각충돌","운전자법규위반","신호위반","교차로","교차로부근","이륜차","중형","승용차","중형","1105348 ","1658077 ",128.65321743,34.91200843
"2014","2014071820","36","야간","금",1,1,0,0,0,"서울","동작구","차대사람","기타","기타","운전자법규위반","안전운전 의무 불이행","단일로","횡단보도상","승용차","중형","보행자","보행자","947639  ","1943623 ",126.90748832,37.49054229
"2014","2014071520","20","야간","화",1,1,0,0,0,"광주","북구","차대사람","횡단중","횡단중","운전자법규위반","안전운전 의무 불이행","단일로","기타단일로","승용차","중형","보행자","보행자","947641  ","1685502 ",126.92492976,35.16336579
"2014","2014071520","15","야간","화",1,1,0,0,0,"경기","부천시","차대사람","횡단중","횡단중","운전자법규위반","안전운전 의무 불이행","단일로","기타단일로","승용차","중형","보행자","보행자","935721  ","1946451 ",126.77263885,37.51510875
"2014","2014071812","35","주간","금",1,4,0,3,0,"경기","시흥시","차대차","추돌","진행중 추돌","운전자법규위반","안전운전 의무 불이행","단일로","기타단일로","화물차","경형","승용차","중형","938869  ","1939062 ",126.80887192,37.44872541
"2014","2014071806","40","주간","금",1,1,0,0,0,"충남","부여군","차대차","기타","기타","운전자법규위반","안전운전 의무 불이행","단일로","기타단일로","화물차","소형","자전거","자전거","943431  ","1811325 ",126.8699739,36.29758589
"2014","2014072613","30","주간","토",1,1,0,0,0,"경기","부천시","차대차","정면충돌","정면충돌","운전자법규위반","신호위반","교차로","교차로내","승용차","중형","이륜차","소형","934108  ","1946148 ",126.75441521,37.51226404
"2014","2014072620","35","야간","토",1,1,0,0,0,"경기","시흥시","차대사람","횡단중","횡단중","운전자법규위반","안전운전 의무 불이행","단일로","기타단일로","승용차","중형","보행자","보행자","942190  ","1934024 ",126.83134752,37.40549922
"2014","2014072715","15","주간","일",1,3,1,0,1,"경기","용인시","차대차","측면직각충돌","측면직각충돌","운전자법규위반","중앙선 침범","단일로","기타단일로","승합차","대형","화물차","소형","973320  ","1904285 ",127.19960511,37.13688636
"2014","2014072311","25","주간","수",1,2,1,0,0,"충남","서천군","차량단독","기타","기타","운전자법규위반","안전운전 의무 불이행","단일로","기타단일로","승용차","중형","00","00","929570  ","1781429 ",126.71829192,36.02716471
"2014","2014073106","35","주간","목",1,1,0,0,0,"경기","양주시","차대차","측면직각충돌","측면직각충돌","운전자법규위반","신호위반","교차로","교차로내","승용차","대형","화물차","소형","960197  ","1977174 ",127.04791561,37.79340058
"2014","2014080723","01","야간","목",1,1,0,0,0,"부산","기장군","차대사람","횡단중","횡단중","운전자법규위반","안전운전 의무 불이행","단일로","기타단일로","승용차","대형","보행자","보행자","1158378 ","1698390 ",129.24123422,35.26846247
"2014","2014080713","38","주간","목",1,2,0,1,0,"서울","중랑구","차대차","정면충돌","정면충돌","운전자법규위반","중앙선 침범","단일로","기타단일로","원동기장치자전거","원동기장치자전거","승용차","소형","962645  ","1957271 ",127.07674069,37.61411611
"2014","2014073114","37","주간","목",1,1,0,0,0,"경기","가평군","차량단독","기타","기타","운전자법규위반","안전운전 의무 불이행","단일로","기타단일로","이륜차","중형","00","00","1002234 ","1986224 ",127.5254022,37.87583423
"2014","2014073110","10","주간","목",1,1,0,0,0,"경북","청송군","차량단독","도로이탈","도로이탈 추락","운전자법규위반","안전운전 의무 불이행","단일로","기타단일로","승용차","경형","00","00","1133800 ","1828150 ",128.99287889,36.44159374
"2014","2014073110","50","주간","목",1,1,0,0,0,"전북","정읍시","차량단독","도로이탈","도로이탈 추락","운전자법규위반","안전운전 의무 불이행","단일로","기타단일로","이륜차","소형","00","00","937569  ","1735206 ",126.8106794,35.61098441
"2014","2014080105","30","야간","금",1,1,0,0,0,"충남","예산군","차량단독","공작물충돌","공작물충돌","운전자법규위반","안전운전 의무 불이행","단일로","기타단일로","원동기장치자전거","원동기장치자전거","00","00","941186  ","1845687 ",126.84236226,36.60721355
"2014","2014072822","20","야간","월",1,1,0,0,0,"전남","광양시","차대사람","횡단중","횡단중","운전자법규위반","안전운전 의무 불이행","단일로","기타단일로","승용차","대형","보행자","보행자","1019342 ","1660384 ",127.71724046,34.94426668
"2014","2014072901","42","야간","화",1,4,2,1,0,"경기","수원시","차대차","기타","기타","운전자법규위반","신호위반","교차로","교차로내","화물차","소형","승용차","중형","957383  ","1921612 ",127.01918211,37.29247771
"2014","2014072820","20","야간","월",1,1,0,0,0,"경북","구미시","차량단독","전도전복","전도전복","운전자법규위반","안전운전 의무 불이행","단일로","기타단일로","원동기장치자전거","원동기장치자전거","00","00","1081010 ","1797910 ",128.40081864,36.1749127
"2014","2014072904","27","야간","화",1,1,0,0,0,"경기","평택시","차대사람","기타","기타","운전자법규위반","안전운전 의무 불이행","단일로","기타단일로","승합차","소형","보행자","보행자","946418  ","1889108 ",126.89780465,36.998929
"2014","2014072721","40","야간","일",1,1,0,0,0,"부산","남구","차대사람","횡단중","횡단중","운전자법규위반","안전운전 의무 불이행","단일로","기타단일로","이륜차","중형","보행자","보행자","1146806 ","1681259 ",129.11100458,35.11581489
"2014","2014080812","35","주간","금",1,1,0,0,0,"충남","당진시","차대사람","기타","기타","운전자법규위반","안전운전 의무 불이행","단일로","기타단일로","화물차","소형","보행자","보행자","920680  ","1884212 ",126.60908267,36.95297967
"2014","2014080611","20","주간","수",1,1,0,0,0,"충남","논산시","차대사람","횡단중","횡단중","운전자법규위반","안전운전 의무 불이행","교차로","교차로내","승용차","소형","보행자","보행자","956407  ","1795607 ",127.01536126,36.15655793
"2014","2014063012","35","주간","월",1,1,0,0,0,"광주","광산구","차대사람","횡단중","횡단중","운전자법규위반","안전운전 의무 불이행","단일로","기타단일로","화물차","소형","보행자","보행자","932539  ","1681344 ",126.75404117,35.12614707
"2014","2014070520","25","야간","토",1,1,0,0,0,"경남","남해군","차대사람","횡단중","횡단중","운전자법규위반","신호위반","기타/불명","기타/불명","화물차","소형","보행자","보행자","1042849 ","1645775 ",127.96846274,34.80564367
"2014","2014070723","13","야간","월",1,1,0,0,0,"강원","평창군","차량단독","공작물충돌","공작물충돌","운전자법규위반","안전운전 의무 불이행","단일로","기타단일로","승용차","소형","00","00","1082367 ","1956816 ",128.43348987,37.60708734
"2014","2014070800","50","야간","화",1,1,0,0,0,"경북","포항시","차대차","기타","기타","운전자법규위반","보행자 보호의무 위반","단일로","횡단보도상","승용차","중형","승용차","중형","1167563 ","1780757 ",129.35929003,36.00923982
"2014","2014070319","15","야간","목",1,4,1,2,0,"경북","김천시","차대차","기타","기타","운전자법규위반","안전운전 의무 불이행","단일로","기타단일로","승용차","대형","농기계","농기계","1048387 ","1794605 ",128.03787162,36.14729703
"2014","2014071402","10","야간","월",2,4,2,0,0,"경기","동두천시","차량단독","공작물충돌","공작물충돌","운전자법규위반","안전운전 의무 불이행","단일로","기타단일로","승용차","소형","00","00","961075  ","1986338 ",127.05739451,37.8760325
"2014","2014071216","20","주간","토",1,1,0,0,0,"강원","강릉시","차량단독","공작물충돌","공작물충돌","운전자법규위반","안전운전 의무 불이행","단일로","기타단일로","이륜차","중형","00","00","1112434 ","1968070 ",128.77549443,37.70531154
"2014","2014071101","25","야간","금",1,1,0,0,0,"서울","강남구","차대사람","기타","기타","운전자법규위반","안전운전 의무 불이행","단일로","기타단일로","승용차","중형","보행자","보행자","960367  ","1944476 ",127.05162155,37.49869549
"2014","2014071010","52","주간","목",1,1,0,0,0,"경기","안양시","차대차","측면직각충돌","측면직각충돌","운전자법규위반","신호위반","교차로","교차로내","승용차","중형","이륜차","중형","950732  ","1931952 ",126.94345924,37.38534856
"2014","2014071903","00","야간","토",1,1,0,0,0,"세종","세종","차량단독","공작물충돌","공작물충돌","운전자법규위반","안전운전 의무 불이행","단일로","기타단일로","원동기장치자전거","원동기장치자전거","00","00","973638  ","1852838 ",127.20497652,36.67312879
"2014","2014071907","30","주간","토",1,3,2,0,0,"울산","동구","차대차","측면직각충돌","측면직각충돌","운전자법규위반","신호위반","교차로","교차로내","이륜차","중형","이륜차","중형","1174377 ","1723043 ",129.42231005,35.48797171
"2014","2014072104","30","야간","월",1,1,0,0,0,"경기","이천시","차량단독","공작물충돌","공작물충돌","운전자법규위반","안전운전 의무 불이행","단일로","기타단일로","승용차","소형","00","00","1006199 ","1908047 ",127.56672051,37.17367455
"2014","2014071523","02","야간","화",1,1,0,0,0,"강원","강릉시","차량단독","전도전복","전도전복","운전자법규위반","안전운전 의무 불이행","단일로","기타단일로","승용차","경형","00","00","1120662 ","1972264 ",128.86950816,37.74205604
"2014","2014071608","20","주간","수",1,1,0,0,0,"경북","군위군","차량단독","전도전복","전도전복","운전자법규위반","안전운전 의무 불이행","단일로","기타단일로","농기계","농기계","00","00","1105372 ","1799492 ",128.67188756,36.18682798
"2014","2014071617","30","주간","수",1,1,0,0,0,"충북","괴산군","차량단독","전도전복","전도전복","운전자법규위반","안전운전 의무 불이행","단일로","기타단일로","이륜차","소형","00","00","1012666 ","1863759 ",127.64192994,36.77186075
"2014","2014071615","00","주간","수",1,1,0,0,0,"경기","김포시","차량단독","기타","기타","운전자법규위반","안전운전 의무 불이행","단일로","기타단일로","자전거","자전거","00","00","917238  ","1969156 ",126.56447324,37.71728714
"2014","2014071622","45","야간","수",1,1,0,0,0,"경기","화성시","차대차","추돌","진행중 추돌","운전자법규위반","과속","단일로","기타단일로","승용차","중형","승합차","소형","944657  ","1906530 ",126.87673012,37.15586499
"2014","2014071517","10","주간","화",1,2,1,0,0,"경기","양평군","차량단독","도로이탈","도로이탈 추락","운전자법규위반","안전운전 의무 불이행","단일로","기타단일로","화물차","소형","00","00","996523  ","1952285 ",127.46062626,37.56992716
"2014","2014072619","35","야간","토",1,2,0,1,0,"대구","서구","차대차","기타","기타","운전자법규위반","신호위반","교차로","교차로내","이륜차","중형","승용차","중형","1096720 ","1765293 ",128.57149681,35.87945097
"2014","2014072420","27","야간","목",1,1,0,0,0,"전남","나주시","차대사람","기타","기타","운전자법규위반","안전운전 의무 불이행","단일로","기타단일로","불명","불명","보행자","보행자","927966  ","1660313 ",126.71123171,34.93508316
"2014","2014072411","00","주간","목",1,1,0,0,0,"경기","고양시","차대사람","횡단중","횡단중","운전자법규위반","안전운전 의무 불이행","교차로","교차로부근","화물차","중형","보행자","보행자","941681  ","1962355 ",126.83880929,37.65884648
"2014","2014072410","50","주간","목",1,1,0,0,0,"충남","서천군","차대차","기타","기타","운전자법규위반","신호위반","교차로","교차로내","원동기장치자전거","원동기장치자전거","승합차","대형","923502  ","1788791 ",126.65023578,36.0930742
"2014","2014072411","47","주간","목",1,1,0,0,0,"전북","전주시","차대차","측면직각충돌","측면직각충돌","운전자법규위반","안전운전 의무 불이행","교차로","교차로내","승용차","중형","이륜차","소형","966734  ","1763743 ",127.13150724,35.86969011
"2014","2014080116","20","주간","금",2,5,3,0,0,"강원","인제군","차대차","정면충돌","정면충돌","운전자법규위반","중앙선 침범","단일로","기타단일로","승용차","경형","승합차","소형","1067544 ","2015230 ",128.27072396,38.13473645
"2014","2014073114","00","주간","목",1,2,1,0,0,"충남","서천군","차대차","기타","기타","운전자법규위반","중앙선 침범","단일로","기타단일로","원동기장치자전거","원동기장치자전거","화물차","소형","935039  ","1797431 ",126.77766903,36.17180427
"2014","2014073122","35","야간","목",1,1,0,0,0,"경남","진주시","차량단독","공작물충돌","공작물충돌","운전자법규위반","안전운전 의무 불이행","단일로","기타단일로","원동기장치자전거","원동기장치자전거","00","00","1041235 ","1685689 ",127.95279487,35.16562211
"2014","2014073022","10","야간","수",1,3,2,0,0,"경북","안동시","차대차","추돌","진행중 추돌","운전자법규위반","안전운전 의무 불이행","단일로","기타단일로","승용차","소형","승용차","중형","1113319 ","1843284 ",128.7666372,36.58063485
"2014","2014072904","45","야간","화",1,1,0,0,0,"인천","남동구","차량단독","기타","기타","운전자법규위반","안전운전 의무 불이행","단일로","기타단일로","원동기장치자전거","원동기장치자전거","00","00","931860  ","1934061 ",126.73009826,37.40316165
"2014","2014080422","45","야간","월",3,3,0,0,0,"전남","보성군","차대차","정면충돌","정면충돌","운전자법규위반","중앙선 침범","단일로","교량위","승용차","중형","승용차","소형","960955  ","1648581 ",127.0729943,34.83109965
"2014","2014080419","35","야간","월",1,2,1,0,0,"광주","광산구","차대차","측면직각충돌","측면직각충돌","운전자법규위반","신호위반","교차로","교차로내","승용차","중형","원동기장치자전거","원동기장치자전거","936698  ","1688618 ",126.80467921,35.1908835
"2014","2014080511","11","주간","화",1,2,1,0,0,"충북","청주시","차대차","측면직각충돌","측면직각충돌","운전자법규위반","안전운전 의무 불이행","단일로","기타단일로","승용차","소형","이륜차","소형","1000870 ","1840863 ",127.50972287,36.5655391
"2014","2014080419","15","야간","월",1,1,0,0,0,"전남","신안군","차량단독","전도전복","전도전복","운전자법규위반","안전운전 의무 불이행","기타/불명","기타/불명","농기계","농기계","00","00","876566  ","1629734 ",126.15350402,34.65467116
"2014","2014080500","30","야간","화",1,3,0,2,0,"대구","서구","차대사람","기타","기타","운전자법규위반","과속","단일로","기타단일로","승용차","중형","보행자","보행자","1095388 ","1763274 ",128.55650107,35.86138121
"2014","2014081503","55","야간","금",1,1,0,0,0,"경기","양주시","차대차","측면직각충돌","측면직각충돌","운전자법규위반","신호위반","교차로","교차로내","화물차","소형","화물차","소형","960062  ","1976136 ",127.0464395,37.78403925
"2014","2014081317","30","주간","수",1,3,0,2,0,"경기","여주시","차량단독","도로이탈","도로이탈 기타","운전자법규위반","안전운전 의무 불이행","단일로","기타단일로","원동기장치자전거","원동기장치자전거","00","00","1014314 ","1920792 ",127.66148139,37.2859527
"2014","2014081403","20","야간","목",1,1,0,0,0,"경북","포항시","차대사람","횡단중","횡단중","운전자법규위반","안전운전 의무 불이행","단일로","횡단보도상","승용차","경형","보행자","보행자","1168049 ","1783609 ",129.36528596,36.03485583
"2014","2014072813","29","주간","월",1,1,0,0,0,"경기","성남시","차대차","기타","기타","운전자법규위반","안전거리 미확보","교차로","교차로부근","이륜차","중형","승합차","대형","967041  ","1938099 ",127.12741004,37.44147872
"2014","2014080708","50","주간","목",1,1,0,0,0,"광주","광산구","차대차","측면직각충돌","측면직각충돌","운전자법규위반","안전운전 의무 불이행","교차로","교차로부근","승용차","중형","원동기장치자전거","원동기장치자전거","939850  ","1689311 ",126.83924866,35.1973258
"2014","2014080707","14","주간","목",1,1,0,0,0,"경기","오산시","차대차","측면직각충돌","측면직각충돌","운전자법규위반","안전운전 의무 불이행","교차로","교차로내","화물차","중형","자전거","자전거","961481  ","1906894 ",127.06617632,37.15999101
"2014","2014080810","48","주간","금",1,3,0,1,1,"서울","도봉구","차대사람","기타","기타","운전자법규위반","안전운전 의무 불이행","단일로","기타단일로","화물차","소형","보행자","보행자","959752  ","1964190 ",127.04358039,37.67635603
"2014","2014080810","10","주간","금",1,1,0,0,0,"광주","서구","차대사람","횡단중","횡단중","운전자법규위반","안전운전 의무 불이행","교차로","교차로내","승용차","경형","보행자","보행자","942040  ","1685858 ",126.86354736,35.16632031
"2014","2014063004","35","야간","월",1,3,2,0,0,"경북","경주시","차량단독","전도전복","전도전복","운전자법규위반","안전운전 의무 불이행","단일로","기타단일로","승용차","중형","00","00","1157385 ","1757613 ",129.24080258,35.80471549
"2014","2014070719","42","야간","월",1,1,0,0,0,"경기","파주시","차대사람","횡단중","횡단중","운전자법규위반","보행자 보호의무 위반","교차로","교차로부근","건설기계","건설기계","보행자","보행자","934444  ","1970775 ",126.75600795,37.7342442
"2014","2014070619","45","야간","일",2,2,0,0,0,"제주","제주시","차대사람","횡단중","횡단중","운전자법규위반","보행자 보호의무 위반","교차로","교차로부근","승합차","대형","보행자","보행자","906797  ","1500264 ",126.49660635,33.4892432
"2014","2014070511","40","주간","토",1,1,0,0,0,"서울","강북구","차대차","측면직각충돌","측면직각충돌","운전자법규위반","기타(운전자법규위반)","단일로","기타단일로","화물차","소형","자전거","자전거","958638  ","1959859 ",127.03119332,37.63727062
"2014","2014070321","17","야간","목",1,1,0,0,0,"부산","강서구","차대차","추돌","주정차중 추돌","운전자법규위반","안전운전 의무 불이행","교차로","교차로부근","화물차","소형","특수차","대형","1124475 ","1683102 ",128.86629594,35.13543795
"2014","2014071510","25","주간","화",1,1,0,0,0,"광주","북구","차대차","측면직각충돌","측면직각충돌","운전자법규위반","교차로 통행방법 위반","교차로","교차로내","승용차","중형","원동기장치자전거","원동기장치자전거","943094  ","1692355 ",126.87467183,35.22496149
"2014","2014071213","25","주간","토",1,3,1,1,0,"경북","청송군","차대차","정면충돌","정면충돌","운전자법규위반","중앙선 침범","단일로","기타단일로","승용차","소형","승용차","대형","1125987 ","1806672 ",128.9026657,36.25220032
"2014","2014071201","10","야간","토",1,2,1,0,0,"전북","군산시","차대차","기타","기타","운전자법규위반","안전운전 의무 불이행","단일로","기타단일로","화물차","소형","승용차","중형","924014  ","1773970 ",126.65734676,35.95950419
"2014","2014071117","25","주간","금",1,1,0,0,0,"충남","계룡시","차대사람","횡단중","횡단중","운전자법규위반","안전운전 의무 불이행","교차로","교차로부근","승용차","중형","보행자","보행자","979215  ","1807913 ",127.26859652,36.26826103
"2014","2014071010","45","주간","목",1,2,1,0,0,"경북","청도군","차량단독","전도전복","전도전복","운전자법규위반","안전운전 의무 불이행","단일로","기타단일로","승용차","중형","00","00","1139239 ","1739603 ",129.03794336,35.64278164
"2014","2014071613","55","주간","수",1,1,0,0,0,"강원","원주시","차대사람","기타","기타","운전자법규위반","안전운전 의무 불이행","교차로","교차로내","건설기계","건설기계","보행자","보행자","1041758 ","1927123 ",127.97143684,37.34219085
"2014","2014072402","25","야간","목",1,1,0,0,0,"인천","연수구","차대차","기타","기타","운전자법규위반","안전운전 의무 불이행","단일로","기타단일로","불명","불명","이륜차","소형","928662  ","1935694 ",126.69381011,37.41763894
"2014","2014072413","50","주간","목",1,1,0,0,0,"세종","세종","차대사람","기타","기타","운전자법규위반","신호위반","교차로","교차로부근","승용차","중형","보행자","보행자","979213  ","1834509 ",127.26786255,36.50803149
"2014","2014072320","35","야간","수",1,1,0,0,0,"광주","북구","차대사람","기타","기타","운전자법규위반","보행자 보호의무 위반","단일로","횡단보도상","승용차","중형","보행자","보행자","947942  ","1695219 ",126.92776166,35.25104859