"발생년","발생년월일시","발생분","주야","요일","사망자수","사상자수","중상자수","경상자수","부상신고자수","발생지시도","발생지시군구","사고유형_대분류","사고유형_중분류","사고유형","법규위반_대분류","법규위반","도로형태_대분류","도로형태","당사자종별_1당_대분류","당사자종별_1당","당사자종별_2당_대분류","당사자종별_2당","발생위치X_UTMK","발생위치Y_UTMK","경도","위도"
"2014","2014051013","43","주간","토",1,1,0,0,0,"경북","군위군","차량단독","도로이탈","도로이탈 기타","운전자법규위반","안전운전 의무 불이행","단일로","기타단일로","건설기계","건설기계","00","00","1110547 ","1797111 ",128.72991816,36.1641679
"2014","2014051910","06","주간","월",1,1,0,0,0,"강원","화천군","차대사람","횡단중","횡단중","운전자법규위반","안전운전 의무 불이행","교차로","교차로내","승합차","중형","보행자","보행자","1018098 ","2011569 ",127.70638016,38.10407005
"2014","2014051811","49","주간","일",1,1,0,0,0,"경북","칠곡군","차량단독","전도전복","전도전복","운전자법규위반","기타(운전자법규위반)","단일로","기타단일로","화물차","소형","00","00","1093230 ","1788567 ",128.53557726,36.08959296
"2014","2014051617","05","주간","금",1,1,0,0,0,"대구","중구","차대사람","횡단중","횡단중","운전자법규위반","안전운전 의무 불이행","교차로","교차로부근","승합차","대형","보행자","보행자","1099675 ","1764575 ",128.6041381,35.87268214
"2014","2014051617","13","주간","금",1,1,0,0,0,"전남","영암군","차대차","측면직각충돌","측면직각충돌","운전자법규위반","안전운전 의무 불이행","교차로","교차로부근","승용차","중형","화물차","소형","921396  ","1650123 ",126.64025512,34.8427158
"2014","2014051603","58","야간","금",2,2,0,0,0,"경기","시흥시","차대차","추돌","진행중 추돌","운전자법규위반","안전운전 의무 불이행","단일로","기타단일로","이륜차","대형","원동기장치자전거","원동기장치자전거","923932  ","1925053 ",126.64145541,37.32135661
"2014","2014051500","10","야간","목",1,1,0,0,0,"경기","남양주시","차대사람","기타","기타","운전자법규위반","안전운전 의무 불이행","단일로","기타단일로","화물차","소형","보행자","보행자","971654  ","1957427 ",127.17881146,37.61584416
"2014","2014051421","42","야간","수",1,1,0,0,0,"경북","영천시","차대차","정면충돌","정면충돌","운전자법규위반","중앙선 침범","단일로","기타단일로","승용차","경형","화물차","중형","1123892 ","1771408 ",128.87340054,35.93150658
"2014","2014052118","45","야간","수",1,1,0,0,0,"충남","금산군","차대차","측면직각충돌","측면직각충돌","운전자법규위반","교차로 통행방법 위반","교차로","교차로내","원동기장치자전거","원동기장치자전거","승용차","중형","999610  ","1791277 ",127.49566631,36.11850041
"2014","2014052007","00","주간","화",1,1,0,0,0,"경북","울릉군","차량단독","기타","기타","운전자법규위반","안전운전 의무 불이행","단일로","기타단일로","이륜차","사발이","00","00","1298055 ","1954209 ",130.87214405,37.54117143
"2014","2014052923","30","야간","목",2,5,3,0,0,"경기","평택시","차량단독","전도전복","전도전복","운전자법규위반","과속","단일로","기타단일로","승용차","중형","00","00","961751  ","1893174 ",127.06991677,37.03632968
"2014","2014052909","30","주간","목",1,1,0,0,0,"경남","양산시","차대사람","기타","기타","운전자법규위반","안전운전 의무 불이행","단일로","기타단일로","승합차","중형","보행자","보행자","1136251 ","1705021 ",128.99914865,35.33148994
"2014","2014053019","19","야간","금",1,3,2,0,0,"전남","함평군","차대차","측면직각충돌","측면직각충돌","운전자법규위반","안전운전 의무 불이행","교차로","교차로내","화물차","소형","화물차","소형","911776  ","1670129 ",126.53293247,35.02230587
"2014","2014053019","55","야간","금",1,1,0,0,0,"충북","청주시","차대차","기타","기타","운전자법규위반","안전운전 의무 불이행","단일로","기타단일로","승용차","소형","자전거","자전거","997776  ","1845985 ",127.4751304,36.61171201
"2014","2014053017","25","주간","금",1,2,0,1,0,"경북","칠곡군","차대차","추돌","진행중 추돌","운전자법규위반","안전운전 의무 불이행","단일로","기타단일로","화물차","소형","승용차","중형","1088025 ","1773949 ",128.47614221,35.95830328
"2014","2014053002","40","야간","금",1,1,0,0,0,"서울","관악구","차량단독","기타","기타","운전자법규위반","안전운전 의무 불이행","단일로","기타단일로","화물차","중형","00","00","948713  ","1941269 ",126.92000579,37.46921609
"2014","2014052820","05","야간","수",1,2,1,0,0,"광주","광산구","차대차","측면직각충돌","측면직각충돌","운전자법규위반","신호위반","교차로","교차로내","승합차","대형","원동기장치자전거","원동기장치자전거","932681  ","1682261 ",126.76107751,35.13330459
"2014","2014052812","20","주간","수",1,1,0,0,0,"충남","당진시","차대차","측면직각충돌","측면직각충돌","운전자법규위반","교차로 통행방법 위반","교차로","교차로부근","이륜차","소형","승용차","중형","938831  ","1864317 ",126.8145421,36.77500088
"2014","2014052823","50","야간","수",1,5,3,1,0,"경기","여주시","차량단독","공작물충돌","공작물충돌","운전자법규위반","안전운전 의무 불이행","단일로","교량위","승용차","중형","00","00","1013665 ","1917789 ",127.65410463,37.25889348
"2014","2014072305","50","야간","수",1,5,4,0,0,"충남","보령시","차대차","측면직각충돌","측면직각충돌","운전자법규위반","신호위반","교차로","교차로내","승합차","소형","승용차","중형","912295  ","1812852 ",126.52306855,36.30902062
"2014","2014072113","35","주간","월",1,4,2,1,0,"전남","광양시","차대차","추돌","주정차중 추돌","운전자법규위반","안전운전 의무 불이행","교차로","교차로부근","승용차","중형","승합차","대형","1009313 ","1676433 ",127.60216162,35.08296155
"2014","2014080220","00","야간","토",1,1,0,0,0,"경북","포항시","차대차","기타","기타","운전자법규위반","안전운전 의무 불이행","단일로","기타단일로","승용차","대형","승용차","중형","1165716 ","1797932 ",129.3424143,36.16432218
"2014","2014080223","00","야간","토",1,6,1,4,0,"경기","안양시","차대차","추돌","주정차중 추돌","운전자법규위반","안전운전 의무 불이행","교차로","교차로부근","승용차","경형","승용차","중형","951534  ","1931699 ",126.95253498,37.38311045
"2014","2014073101","08","야간","목",1,1,0,0,0,"충남","당진시","차대사람","횡단중","횡단중","운전자법규위반","안전운전 의무 불이행","단일로","기타단일로","승용차","중형","보행자","보행자","928951  ","1878373 ",126.70252178,36.90100949
"2014","2014081321","30","야간","수",1,1,0,0,0,"인천","계양구","차대사람","차도통행중","차도통행중","운전자법규위반","안전운전 의무 불이행","교차로","교차로부근","승용차","중형","보행자","보행자","931301  ","1948412 ",126.72253723,37.53331215
"2014","2014081223","13","야간","화",1,1,0,0,0,"인천","남동구","차대사람","횡단중","횡단중","운전자법규위반","안전운전 의무 불이행","교차로","교차로부근","승용차","중형","보행자","보행자","930651  ","1933956 ",126.716449,37.40212556
"2014","2014081221","10","야간","화",1,1,0,0,0,"울산","동구","차대차","측면직각충돌","측면직각충돌","운전자법규위반","교차로 통행방법 위반","교차로","교차로내","승용차","중형","이륜차","대형","1175261 ","1727724 ",129.4330613,35.52999911
"2014","2014081411","30","주간","목",1,2,0,1,0,"전북","전주시","차량단독","공작물충돌","공작물충돌","운전자법규위반","안전운전 의무 불이행","단일로","기타단일로","승용차","중형","00","00","971651  ","1757146 ",127.18620717,35.81036595
"2014","2014081402","01","야간","목",2,3,0,1,0,"전북","전주시","차대차","추돌","진행중 추돌","운전자법규위반","신호위반","교차로","교차로내","승용차","대형","승용차","중형","966014  ","1759951 ",127.12369342,35.83547682
"2014","2014081400","50","야간","목",1,1,0,0,0,"경북","영덕군","차량단독","공작물충돌","공작물충돌","운전자법규위반","안전운전 의무 불이행","교차로","교차로내","화물차","소형","00","00","1168437 ","1825846 ",129.37867367,36.4153766
"2014","2014081015","20","주간","일",1,2,0,1,0,"경북","포항시","차대차","기타","기타","운전자법규위반","중앙선 침범","단일로","기타단일로","승용차","경형","농기계","농기계","1157874 ","1790646 ",129.25380352,36.09997402
"2014","2014080909","20","주간","토",1,1,0,0,0,"전북","부안군","차대차","측면직각충돌","측면직각충돌","운전자법규위반","과속","단일로","기타단일로","승용차","중형","자전거","자전거","933884  ","1748486 ",126.76890401,35.73047334
"2014","2014081109","50","주간","월",1,1,0,0,0,"경기","안양시","차대사람","기타","기타","운전자법규위반","신호위반","교차로","교차로내","화물차","대형","보행자","보행자","947669  ","1935892 ",126.90858159,37.42069321
"2014","2014080905","25","야간","토",1,1,0,0,0,"대구","달서구","차대차","정면충돌","정면충돌","운전자법규위반","안전운전 의무 불이행","교차로","교차로내","이륜차","중형","건설기계","건설기계","1089572 ","1761344 ",128.49187626,35.84453178
"2014","2014081020","50","야간","일",1,1,0,0,0,"경기","용인시","차대차","추돌","진행중 추돌","운전자법규위반","안전운전 의무 불이행","교차로","교차로부근","승용차","중형","원동기장치자전거","원동기장치자전거","966187  ","1925711 ",127.11832249,37.32978691
"2014","2014062920","23","야간","일",1,1,0,0,0,"경남","함양군","차대차","추돌","진행중 추돌","운전자법규위반","과속","단일로","기타단일로","승용차","중형","농기계","농기계","1019612 ","1737789 ",127.71661148,35.63605105
"2014","2014070216","15","주간","수",1,1,0,0,0,"제주","제주시","차대차","기타","기타","운전자법규위반","신호위반","교차로","교차로내","원동기장치자전거","원동기장치자전거","승용차","소형","877586  ","1479485 ",126.18581821,33.29966433
"2014","2014070822","50","야간","화",1,1,0,0,0,"경기","수원시","차대차","추돌","진행중 추돌","운전자법규위반","안전운전 의무 불이행","단일로","기타단일로","승용차","중형","자전거","자전거","961406  ","1917903 ",127.06476207,37.25922139
"2014","2014070506","08","주간","토",1,1,0,0,0,"전남","여수시","차대사람","횡단중","횡단중","운전자법규위반","보행자 보호의무 위반","단일로","횡단보도상","승합차","소형","보행자","보행자","1019302 ","1640484 ",127.71090736,34.7586497
"2014","2014070509","50","주간","토",1,2,0,1,0,"전남","순천시","차대차","기타","기타","운전자법규위반","안전거리 미확보","단일로","기타단일로","특수차","대형","승용차","중형","1007793 ","1653227 ",127.58527038,34.87371518
"2014","2014071413","07","주간","월",1,1,0,0,0,"경남","고성군","차대차","측면직각충돌","측면직각충돌","운전자법규위반","안전운전 의무 불이행","교차로","교차로부근","이륜차","중형","특수차","대형","1076805 ","1662764 ",128.34123134,34.95683233
"2014","2014071210","50","주간","토",1,1,0,0,0,"경북","영주시","차대사람","기타","기타","운전자법규위반","안전운전 의무 불이행","교차로","교차로내","화물차","소형","보행자","보행자","1102956 ","1885373 ",128.65651013,36.96115517
"2014","2014071102","35","야간","금",1,1,0,0,0,"대전","서구","차대사람","횡단중","횡단중","운전자법규위반","안전운전 의무 불이행","단일로","횡단보도상","승용차","대형","보행자","보행자","988730  ","1817828 ",127.37438524,36.35780726
"2014","2014071011","55","주간","목",1,1,0,0,0,"서울","동작구","차대사람","횡단중","횡단중","운전자법규위반","안전운전 의무 불이행","단일로","기타단일로","승합차","대형","보행자","보행자","950456  ","1945286 ",126.93944566,37.50551744
"2014","2014071916","15","주간","토",1,1,0,0,0,"전북","부안군","차대차","측면직각충돌","측면직각충돌","운전자법규위반","안전운전 의무 불이행","교차로","교차로내","화물차","소형","이륜차","중형","931253  ","1747708 ",126.7398799,35.72327896
"2014","2014071815","00","주간","금",1,1,0,0,0,"경북","상주시","차대차","기타","기타","운전자법규위반","교차로 통행방법 위반","교차로","교차로내","승용차","소형","자전거","자전거","1058711 ","1824829 ",128.15487139,36.41977999
"2014","2014071812","20","주간","금",1,2,1,0,0,"충남","아산시","차량단독","공작물충돌","공작물충돌","운전자법규위반","안전운전 의무 불이행","교차로","교차로부근","화물차","소형","00","00","944468  ","1861295 ",126.87792664,36.74810697
"2014","2014072509","27","주간","금",1,1,0,0,0,"제주","서귀포시","차대사람","기타","기타","운전자법규위반","안전운전 의무 불이행","단일로","기타단일로","승용차","소형","보행자","보행자","886927  ","1471258 ",126.2864974,33.22667695
"2014","2014072705","24","야간","일",1,1,0,0,0,"경기","성남시","차량단독","기타","기타","운전자법규위반","안전운전 의무 불이행","고가도로위","고가도로위","자전거","자전거","00","00","967725  ","1937203 ",127.13518148,37.43342667
"2014","2014072411","55","주간","목",1,3,1,1,0,"전남","목포시","차대차","측면직각충돌","측면직각충돌","운전자법규위반","중앙선 침범","단일로","기타단일로","승용차","소형","이륜차","소형","900906  ","1646498 ",126.41660216,34.80824214
"2014","2014073120","05","야간","목",1,1,0,0,0,"경북","고령군","차대사람","횡단중","횡단중","운전자법규위반","안전운전 의무 불이행","단일로","기타단일로","승용차","소형","보행자","보행자","1068485 ","1744400 ",128.25694143,35.69347364
"2014","2014073106","39","주간","목",1,1,0,0,0,"부산","남구","차대차","측면직각충돌","측면직각충돌","운전자법규위반","중앙선 침범","단일로","기타단일로","승합차","대형","이륜차","대형","1143514 ","1683338 ",129.07525232,35.13502934
"2014","2014073102","55","야간","목",1,6,0,2,3,"경기","수원시","차대차","추돌","주정차중 추돌","운전자법규위반","안전운전 의무 불이행","교차로","교차로부근","승용차","소형","화물차","중형","958531  ","1916540 ",127.03241659,37.24681204
"2014","2014080200","40","야간","토",1,1,0,0,0,"대구","달서구","차대차","추돌","진행중 추돌","운전자법규위반","신호위반","단일로","기타단일로","승용차","중형","원동기장치자전거","원동기장치자전거","1089578 ","1761813 ",128.49199535,35.84875919
"2014","2014073120","43","야간","목",1,1,0,0,0,"서울","강서구","차대차","기타","기타","운전자법규위반","안전운전 의무 불이행","교차로","교차로부근","화물차","중형","자전거","자전거","941859  ","1952561 ",126.84160601,37.57058549
"2014","2014080107","15","주간","금",1,1,0,0,0,"경기","고양시","차대차","측면직각충돌","측면직각충돌","운전자법규위반","안전운전 의무 불이행","단일로","기타단일로","승용차","중형","이륜차","소형","943086  ","1960933 ",126.85484841,37.6461184
"2014","2014072721","36","야간","일",1,1,0,0,0,"경기","화성시","차대차","추돌","진행중 추돌","운전자법규위반","안전운전 의무 불이행","단일로","기타단일로","승용차","소형","자전거","자전거","937635  ","1897523 ",126.79840333,37.07423746
"2014","2014081208","49","주간","화",1,2,1,0,0,"전남","목포시","차량단독","공작물충돌","공작물충돌","운전자법규위반","안전운전 의무 불이행","단일로","교량위","승용차","중형","00","00","895854  ","1640311 ",126.36214415,34.75195601
"2014","2014081218","25","야간","화",1,1,0,0,0,"경기","광주시","차대사람","차도통행중","차도통행중","운전자법규위반","안전운전 의무 불이행","교차로","교차로내","승용차","중형","보행자","보행자","977868  ","1935118 ",127.24968391,37.41680578
"2014","2014081115","15","주간","월",1,2,0,1,0,"인천","서구","차대차","추돌","주정차중 추돌","운전자법규위반","안전운전 의무 불이행","단일로","기타단일로","화물차","소형","화물차","소형","925802  ","1943231 ",126.66073373,37.48534339
"2014","2014061705","01","야간","화",1,1,0,0,0,"인천","서구","차대차","기타","기타","운전자법규위반","중앙선 침범","단일로","기타단일로","화물차","대형","화물차","소형","927725  ","1947293 ",126.68208375,37.52210565
"2014","2014082223","50","야간","금",1,1,0,0,0,"경북","문경시","차대차","추돌","진행중 추돌","운전자법규위반","안전운전 의무 불이행","단일로","기타단일로","화물차","중형","화물차","중형","1054667 ","1855183 ",128.11194685,36.69306159
"2014","2014052603","40","야간","월",1,1,0,0,0,"충남","부여군","차량단독","공작물충돌","공작물충돌","운전자법규위반","안전운전 의무 불이행","교차로","교차로부근","승용차","소형","00","00","933561  ","1801741 ",126.76087064,36.21055823
"2014","2014052800","52","야간","수",1,1,0,0,0,"강원","철원군","차대사람","횡단중","횡단중","운전자법규위반","중앙선 침범","단일로","기타단일로","승용차","소형","보행자","보행자","992657  ","2018187 ",127.41932635,38.18604967
"2014","2014052807","00","주간","수",2,5,2,1,0,"인천","중구","차대차","측면직각충돌","측면직각충돌","운전자법규위반","앞지르기 금지위반","교차로","교차로내","화물차","소형","승용차","중형","904706  ","1943020 ",126.42217495,37.48150599
"2014","2014052620","25","야간","월",1,2,0,1,0,"울산","남구","차대차","기타","기타","운전자법규위반","안전운전 의무 불이행","단일로","기타단일로","승용차","대형","승용차","소형","1163830 ","1729293 ",129.30735705,35.5460938
"2014","2014060323","25","야간","화",1,1,0,0,0,"전남","여수시","차대사람","횡단중","횡단중","운전자법규위반","안전운전 의무 불이행","단일로","기타단일로","승용차","대형","보행자","보행자","1015045 ","1640695 ",127.66439632,34.76062412
"2014","2014060421","00","야간","수",1,2,1,0,0,"경기","시흥시","차대차","추돌","진행중 추돌","운전자법규위반","신호위반","교차로","교차로부근","승용차","중형","이륜차","소형","942706  ","1933871 ",126.85265219,37.40218358
"2014","2014060320","53","야간","화",1,1,0,0,0,"경북","영천시","차대차","기타","기타","운전자법규위반","안전운전 의무 불이행","단일로","기타단일로","자전거","자전거","승용차","중형","1126762 ","1773326 ",128.90551344,35.94842597
"2014","2014060202","45","야간","월",1,1,0,0,0,"경기","광주시","차대차","추돌","주정차중 추돌","운전자법규위반","안전운전 의무 불이행","단일로","기타단일로","승용차","중형","화물차","대형","979654  ","1933771 ",127.27011351,37.40283084
"2014","2014060119","29","야간","일",1,2,0,1,0,"인천","남구","차대차","측면직각충돌","측면직각충돌","운전자법규위반","중앙선 침범","단일로","기타단일로","이륜차","소형","승용차","소형","924760  ","1939344 ",126.64934574,37.45022664
"2014","2014060211","40","주간","월",1,1,0,0,0,"전북","순창군","차대차","정면충돌","정면충돌","운전자법규위반","중앙선 침범","단일로","기타단일로","화물차","소형","이륜차","소형","972183  ","1711525 ",127.19366758,35.39904362
"2014","2014060223","10","야간","월",1,1,0,0,0,"충남","천안시","차대사람","횡단중","횡단중","운전자법규위반","안전운전 의무 불이행","교차로","교차로부근","승용차","대형","보행자","보행자","968504  ","1875410 ",127.14658879,36.87645017
"2014","2014061216","00","주간","목",1,1,0,0,0,"전남","여수시","차대차","기타","기타","운전자법규위반","안전운전 의무 불이행","교차로","교차로내","원동기장치자전거","원동기장치자전거","승합차","중형","1022171 ","1639193 ",127.74222187,34.74694948
"2014","2014061202","35","야간","목",1,1,0,0,0,"전남","광양시","차량단독","공작물충돌","공작물충돌","운전자법규위반","안전운전 의무 불이행","교차로","교차로내","승용차","중형","00","00","1015486 ","1657459 ",127.6695247,34.91178934
"2014","2014060907","20","주간","월",1,8,0,6,1,"서울","은평구","차대차","정면충돌","정면충돌","운전자법규위반","중앙선 침범","단일로","기타단일로","이륜차","중형","승합차","대형","948797  ","1958370 ",126.91976219,37.62335435
"2014","2014060717","04","주간","토",1,3,2,0,0,"인천","서구","차량단독","공작물충돌","공작물충돌","운전자법규위반","안전운전 의무 불이행","교차로","교차로내","승용차","중형","00","00","924287  ","1951060 ",126.6123429,37.55433846
"2014","2014050913","05","주간","금",1,1,0,0,0,"서울","강서구","차대차","기타","기타","운전자법규위반","안전운전 의무 불이행","단일로","기타단일로","원동기장치자전거","원동기장치자전거","승합차","대형","939337  ","1951520 ",126.81313466,37.56104032
"2014","2014050821","50","야간","목",1,1,0,0,0,"전북","익산시","차대사람","기타","기타","운전자법규위반","과속","단일로","기타단일로","승용차","소형","보행자","보행자","945264  ","1770582 ",126.89321983,35.93038286
"2014","2014051917","35","주간","월",1,1,0,0,0,"광주","북구","차대차","추돌","진행중 추돌","운전자법규위반","안전운전 의무 불이행","단일로","기타단일로","원동기장치자전거","원동기장치자전거","승합차","대형","945637  ","1691978 ",126.90263985,35.22170334
"2014","2014051913","49","주간","월",1,1,0,0,0,"경기","화성시","차대차","측면직각충돌","측면직각충돌","운전자법규위반","안전운전 의무 불이행","단일로","기타단일로","자전거","자전거","승합차","대형","960500  ","1911228 ",127.05489887,37.19901623
"2014","2014051717","20","주간","토",1,1,0,0,0,"대전","동구","차량단독","공작물충돌","공작물충돌","운전자법규위반","안전운전 의무 불이행","단일로","기타단일로","원동기장치자전거","원동기장치자전거","00","00","999381  ","1816539 ",127.49310168,36.34625222
"2014","2014051601","22","야간","금",1,1,0,0,0,"경남","창원시(통합)","차대차","측면직각충돌","측면직각충돌","운전자법규위반","안전운전 의무 불이행","고가도로위","고가도로위","승용차","중형","승용차","중형","1100299 ","1695885 ",128.60269739,35.25328334
"2014","2014051517","30","주간","목",1,1,0,0,0,"서울","관악구","차대차","기타","기타","운전자법규위반","중앙선 침범","단일로","기타단일로","승용차","중형","이륜차","대형","949143  ","1942870 ",126.92451816,37.48364276
"2014","2014051521","45","야간","목",1,1,0,0,0,"전남","나주시","차대차","추돌","주정차중 추돌","운전자법규위반","안전운전 의무 불이행","단일로","기타단일로","화물차","소형","화물차","대형","928157  ","1666859 ",126.71275859,34.99411965
"2014","2014052319","20","야간","금",1,1,0,0,0,"대전","중구","차대차","측면직각충돌","측면직각충돌","운전자법규위반","안전운전 의무 불이행","교차로","교차로내","승용차","소형","원동기장치자전거","원동기장치자전거","995355  ","1812212 ",127.44826054,36.30723137
"2014","2014052417","00","주간","토",1,1,0,0,0,"경기","남양주시","차량단독","전도전복","전도전복","운전자법규위반","안전운전 의무 불이행","단일로","기타단일로","이륜차","사발이","00","00","982256  ","1969980 ",127.29863634,37.72925453
"2014","2014052123","17","야간","수",1,1,0,0,0,"대구","달서구","차대사람","차도통행중","차도통행중","운전자법규위반","안전운전 의무 불이행","교차로","교차로내","승용차","소형","보행자","보행자","1093638 ","1760598 ",128.53680715,35.83742677
"2014","2014052106","00","주간","수",1,1,0,0,0,"부산","사하구","차량단독","공작물충돌","공작물충돌","운전자법규위반","안전운전 의무 불이행","단일로","기타단일로","승용차","소형","00","00","1134370 ","1674051 ",128.97340861,35.05257641
"2014","2014052909","26","주간","목",1,1,0,0,0,"전북","완주군","차대사람","기타","기타","운전자법규위반","안전운전 의무 불이행","교차로","교차로부근","승용차","소형","보행자","보행자","973738  ","1762254 ",127.20903936,35.85665824
"2014","2014053020","00","야간","금",1,1,0,0,0,"경북","경산시","차대차","기타","기타","운전자법규위반","부당한 회전","단일로","기타단일로","이륜차","소형","승합차","대형","1117095 ","1758033 ",128.79610521,35.81178505
"2014","2014052807","50","주간","수",1,1,0,0,0,"충북","보은군","차량단독","전도전복","전도전복","운전자법규위반","안전운전 의무 불이행","기타/불명","기타/불명","농기계","농기계","00","00","1021338 ","1822214 ",127.74814368,36.40047458
"2014","2014052617","10","주간","월",1,1,0,0,0,"충북","진천군","차량단독","공작물충돌","공작물충돌","운전자법규위반","안전운전 의무 불이행","단일로","기타단일로","승용차","대형","00","00","1004882 ","1864952 ",127.55471337,36.78268744
"2014","2014052811","45","주간","수",1,1,0,0,0,"경북","구미시","차량단독","공작물충돌","공작물충돌","운전자법규위반","안전운전 의무 불이행","단일로","기타단일로","이륜차","소형","00","00","1073924 ","1810992 ",128.32326656,36.29340938
"2014","2014052712","40","주간","화",1,4,2,1,0,"충남","서산시","차대차","측면직각충돌","측면직각충돌","운전자법규위반","신호위반","교차로","교차로내","승용차","대형","승용차","중형","904975  ","1882757 ",126.43289354,36.93841156
"2014","2014060418","30","야간","수",1,1,0,0,0,"충북","청주시","차대차","측면직각충돌","측면직각충돌","운전자법규위반","신호위반","교차로","교차로내","이륜차","소형","승용차","소형","999958  ","1853573 ",127.49939114,36.67988309
"2014","2014060508","40","주간","목",1,2,0,1,0,"경기","포천시","차대차","측면직각충돌","측면직각충돌","운전자법규위반","중앙선 침범","단일로","기타단일로","자전거","자전거","승용차","중형","984288  ","1995830 ",127.32113404,37.96228011
"2014","2014060304","23","야간","화",1,1,0,0,0,"경기","안양시","차대사람","기타","기타","운전자법규위반","안전운전 의무 불이행","단일로","기타단일로","승용차","소형","보행자","보행자","952074  ","1933952 ",126.95848843,37.40344578
"2014","2014060106","50","주간","일",1,3,1,0,1,"강원","홍천군","차량단독","공작물충돌","공작물충돌","운전자법규위반","안전운전 의무 불이행","단일로","기타단일로","승용차","소형","00","00","1070987 ","1972169 ",128.26783788,37.678363
"2014","2014060216","00","주간","월",1,1,0,0,0,"경남","양산시","차대사람","기타","기타","운전자법규위반","안전운전 의무 불이행","단일로","기타단일로","농기계","농기계","보행자","보행자","1141868 ","1713694 ",129.06243778,35.40888222
"2014","2014060213","55","주간","월",1,3,1,1,0,"강원","삼척시","차대차","정면충돌","정면충돌","운전자법규위반","중앙선 침범","단일로","기타단일로","승용차","중형","건설기계","건설기계","1138857 ","1921698 ",129.06640063,37.28386378
"2014","2014060404","41","야간","수",1,1,0,0,0,"경기","용인시","차대차","추돌","진행중 추돌","운전자법규위반","안전운전 의무 불이행","단일로","기타단일로","화물차","소형","특수차","대형","970968  ","1920501 ",127.17249277,37.28298671
"2014","2014060220","45","야간","월",1,1,0,0,0,"경남","사천시","차대사람","횡단중","횡단중","운전자법규위반","안전운전 의무 불이행","단일로","기타단일로","승용차","소형","보행자","보행자","1054445 ","1676229 ",128.09722264,35.07969449
"2014","2014060222","05","야간","월",1,17,0,15,1,"강원","춘천시","차대차","측면직각충돌","측면직각충돌","운전자법규위반","교차로 통행방법 위반","교차로","교차로내","화물차","소형","승합차","대형","1023982 ","1983392 ",127.77259724,37.84999633
"2014","2014081201","30","야간","화",1,1,0,0,0,"서울","영등포구","차대사람","횡단중","횡단중","운전자법규위반","안전운전 의무 불이행","단일로","기타단일로","승용차","대형","보행자","보행자","948124  ","1946763 ",126.91467971,37.51976217
"2014","2014081120","30","야간","월",1,3,2,0,0,"전남","무안군","차대차","기타","기타","운전자법규위반","중앙선 침범","단일로","기타단일로","화물차","소형","승용차","경형","901279  ","1670348 ",126.41786083,35.02330897
"2014","2014082117","35","주간","목",1,1,0,0,0,"전북","남원시","차대차","측면직각충돌","측면직각충돌","운전자법규위반","차로위반(진로변경 위반)","단일로","교량위","이륜차","중형","승용차","경형","989001  ","1711601 ",127.37887274,35.40005657
"2014","2014082102","27","야간","목",1,1,0,0,0,"전남","여수시","차대사람","횡단중","횡단중","운전자법규위반","과속","교차로","교차로부근","승용차","중형","보행자","보행자","1019142 ","1640695 ",127.7091639,34.76055546
"2014","2014082022","55","야간","수",1,1,0,0,0,"경기","성남시","차대차","기타","기타","운전자법규위반","안전운전 의무 불이행","교차로","교차로부근","승용차","대형","원동기장치자전거","원동기장치자전거","968407  ","1938397 ",127.14283915,37.44421243
"2014","2014063005","57","야간","월",1,1,0,0,0,"경북","칠곡군","차대차","정면충돌","정면충돌","운전자법규위반","중앙선 침범","단일로","기타단일로","이륜차","소형","화물차","대형","1086022 ","1773685 ",128.45390437,35.95610199
"2014","2014070815","30","주간","화",1,1,0,0,0,"대구","수성구","차대사람","횡단중","횡단중","운전자법규위반","안전운전 의무 불이행","교차로","교차로내","승용차","중형","보행자","보행자","1103465 ","1758411 ",128.64531475,35.81672438
"2014","2014070309","30","주간","목",1,1,0,0,0,"전북","고창군","차대사람","기타","기타","운전자법규위반","보행자 보호의무 위반","교차로","교차로부근","승용차","중형","보행자","보행자","927244  ","1715776 ",126.69843087,35.43510185
"2014","2014070223","45","야간","수",1,1,0,0,0,"경기","구리시","차대사람","기타","기타","운전자법규위반","안전운전 의무 불이행","단일로","기타단일로","승용차","중형","보행자","보행자","967982  ","1955737 ",127.13727873,37.60049107
"2014","2014070514","10","주간","토",1,1,0,0,0,"부산","동래구","차대차","추돌","주정차중 추돌","운전자법규위반","안전운전 의무 불이행","단일로","기타단일로","자전거","자전거","화물차","소형","1144037 ","1691616 ",129.08243641,35.20957032
"2014","2014071221","25","야간","토",1,1,0,0,0,"충남","천안시","차대사람","횡단중","횡단중","운전자법규위반","안전운전 의무 불이행","교차로","교차로내","승용차","소형","보행자","보행자","968710  ","1870482 ",127.14910336,36.83203365
"2014","2014071322","12","야간","일",1,1,0,0,0,"대전","대덕구","차대사람","횡단중","횡단중","운전자법규위반","과속","단일로","기타단일로","승용차","중형","보행자","보행자","993688  ","1827521 ",127.42956795,36.44523818
"2014","2014071104","30","야간","금",1,1,0,0,0,"대구","수성구","차대사람","기타","기타","운전자법규위반","안전운전 의무 불이행","단일로","기타단일로","승용차","중형","보행자","보행자","1103239 ","1763944 ",128.64352921,35.86662477
"2014","2014071106","55","주간","금",1,1,0,0,0,"충북","충주시","차대차","추돌","진행중 추돌","운전자법규위반","신호위반","교차로","교차로내","화물차","소형","이륜차","소형","1031260 ","1891458 ",127.85142704,37.02112011