"발생년","발생년월일시","발생분","주야","요일","사망자수","사상자수","중상자수","경상자수","부상신고자수","발생지시도","발생지시군구","사고유형_대분류","사고유형_중분류","사고유형","법규위반_대분류","법규위반","도로형태_대분류","도로형태","당사자종별_1당_대분류","당사자종별_1당","당사자종별_2당_대분류","당사자종별_2당","발생위치X_UTMK","발생위치Y_UTMK","경도","위도"
"2014","2014072000","56","야간","일",1,1,0,0,0,"제주","제주시","차대사람","횡단중","횡단중","운전자법규위반","보행자 보호의무 위반","단일로","횡단보도상","승용차","소형","보행자","보행자","909168  ","1501310 ",126.52212748,33.4998012
"2014","2014071716","47","주간","목",1,1,0,0,0,"강원","양구군","차량단독","전도전복","전도전복","운전자법규위반","안전운전 의무 불이행","단일로","기타단일로","원동기장치자전거","원동기장치자전거","00","00","1048848 ","2002630 ",128.05653938,38.02238678
"2014","2014071523","31","야간","화",1,1,0,0,0,"제주","제주시","차대사람","기타","기타","운전자법규위반","안전운전 의무 불이행","단일로","기타단일로","승용차","중형","보행자","보행자","910387  ","1500865 ",126.53529379,33.4958909
"2014","2014072421","40","야간","목",1,1,0,0,0,"부산","사하구","차대사람","횡단중","횡단중","운전자법규위반","안전운전 의무 불이행","단일로","기타단일로","승용차","중형","보행자","보행자","1136151 ","1678958 ",128.993738,35.09657064
"2014","2014072421","26","야간","목",1,1,0,0,0,"서울","도봉구","차대차","측면직각충돌","측면직각충돌","운전자법규위반","신호위반","교차로","교차로내","원동기장치자전거","원동기장치자전거","승합차","대형","959956  ","1965411 ",127.04582662,37.68736996
"2014","2014072417","10","주간","목",1,1,0,0,0,"전남","무안군","차량단독","기타","기타","운전자법규위반","안전운전 의무 불이행","단일로","기타단일로","이륜차","사발이","00","00","891268  ","1664361 ",126.30892683,34.96830518
"2014","2014072505","00","야간","금",1,1,0,0,0,"경기","여주시","차량단독","도로이탈","도로이탈 기타","운전자법규위반","안전운전 의무 불이행","단일로","기타단일로","승용차","중형","00","00","1003858 ","1911535 ",127.5434756,37.20261175
"2014","2014072501","00","야간","금",1,1,0,0,0,"경북","성주군","차대차","추돌","주정차중 추돌","운전자법규위반","안전운전 의무 불이행","단일로","기타단일로","이륜차","중형","건설기계","건설기계","1070192 ","1769761 ",128.27803371,35.92199315
"2014","2014072400","15","야간","목",1,1,0,0,0,"경기","화성시","차대사람","길가장자리구역통행중","길가장자리구역통행중","운전자법규위반","과속","단일로","기타단일로","승용차","경형","보행자","보행자","950233  ","1910708 ",126.93924558,37.19383795
"2014","2014072413","55","주간","목",1,1,0,0,0,"경남","김해시","차량단독","기타","기타","운전자법규위반","안전운전 의무 불이행","단일로","기타단일로","화물차","소형","00","00","1120555 ","1709571 ",128.82716292,35.37452394
"2014","2014072116","17","주간","월",1,1,0,0,0,"서울","용산구","차량단독","공작물충돌","공작물충돌","운전자법규위반","안전운전 의무 불이행","단일로","기타단일로","이륜차","소형","00","00","954323  ","1946855 ",126.98309873,37.51985879
"2014","2014073123","10","야간","목",1,1,0,0,0,"경기","부천시","차대사람","횡단중","횡단중","운전자법규위반","안전운전 의무 불이행","교차로","교차로내","승합차","중형","보행자","보행자","938558  ","1946741 ",126.804715,37.51791584
"2014","2014073122","55","야간","목",1,1,0,0,0,"경기","성남시","차대사람","길가장자리구역통행중","길가장자리구역통행중","운전자법규위반","안전운전 의무 불이행","교차로","교차로부근","승용차","대형","보행자","보행자","968815  ","1939343 ",127.14741151,37.45275312
"2014","2014080100","31","야간","금",1,1,0,0,0,"전북","전주시","차대차","기타","기타","운전자법규위반","안전운전 의무 불이행","교차로","교차로부근","원동기장치자전거","원동기장치자전거","승용차","중형","968644  ","1756688 ",127.15294141,35.80614511
"2014","2014080210","05","주간","토",1,1,0,0,0,"대전","동구","차량단독","도로이탈","도로이탈 기타","운전자법규위반","안전운전 의무 불이행","단일로","기타단일로","승용차","중형","00","00","997476  ","1811708 ",127.47188744,36.30269545
"2014","2014073120","00","야간","목",1,1,0,0,0,"충북","충주시","차대차","기타","기타","운전자법규위반","안전운전 의무 불이행","단일로","기타단일로","화물차","중형","자전거","자전거","1037133 ","1888132 ",127.9172816,36.99129377
"2014","2014072823","00","야간","월",1,1,0,0,0,"경기","남양주시","차대사람","차도통행중","차도통행중","운전자법규위반","안전운전 의무 불이행","단일로","기타단일로","승용차","소형","보행자","보행자","967243  ","1966240 ",127.12843569,37.69513122
"2014","2014073003","43","야간","수",1,1,0,0,0,"서울","성동구","차량단독","공작물충돌","공작물충돌","운전자법규위반","안전운전 의무 불이행","단일로","기타단일로","승용차","중형","00","00","961987  ","1950820 ",127.06962015,37.55594445
"2014","2014072800","03","야간","월",1,1,0,0,0,"대전","유성구","차대사람","횡단중","횡단중","운전자법규위반","보행자 보호의무 위반","단일로","횡단보도상","승용차","중형","보행자","보행자","986183  ","1817230 ",127.34600723,36.35238285
"2014","2014072717","00","주간","일",1,1,0,0,0,"충북","옥천군","차대사람","기타","기타","운전자법규위반","안전운전 의무 불이행","단일로","기타단일로","화물차","소형","보행자","보행자","1031461 ","1817810 ",127.85065916,36.35719647
"2014","2014080902","35","야간","토",1,2,1,0,0,"서울","동작구","차대차","기타","기타","운전자법규위반","안전운전 의무 불이행","단일로","기타단일로","화물차","소형","화물차","소형","951692  ","1946357 ",126.95335912,37.51523615
"2014","2014082002","05","야간","수",1,1,0,0,0,"경기","성남시","차대사람","기타","기타","운전자법규위반","안전운전 의무 불이행","단일로","기타단일로","승용차","중형","보행자","보행자","970063  ","1938268 ",127.16156526,37.44310477
"2014","2014082112","25","주간","목",1,3,1,1,0,"경기","여주시","차대차","정면충돌","정면충돌","운전자법규위반","중앙선 침범","교차로","교차로부근","건설기계","건설기계","화물차","소형","1004381 ","1933092 ",127.54949643,37.39692357
"2014","2014081920","40","야간","화",1,1,0,0,0,"경기","성남시","차대차","기타","기타","운전자법규위반","안전운전 의무 불이행","교차로","교차로부근","승용차","중형","화물차","소형","967613  ","1934315 ",127.13404222,37.40739147
"2014","2014080611","00","주간","수",1,1,0,0,0,"세종","세종","차대사람","기타","기타","운전자법규위반","안전운전 의무 불이행","단일로","기타단일로","승용차","소형","보행자","보행자","972076  ","1851041 ",127.18756151,36.6568846
"2014","2014080616","30","주간","수",2,2,0,0,0,"경남","하동군","차량단독","도로이탈","도로이탈 추락","운전자법규위반","안전운전 의무 불이행","단일로","기타단일로","화물차","소형","00","00","1014237 ","1686429 ",127.65634888,35.17304012
"2014","2014080708","30","주간","목",1,2,1,0,0,"경기","가평군","차대차","기타","기타","운전자법규위반","안전운전 의무 불이행","교차로","교차로부근","농기계","농기계","이륜차","사발이","987047  ","1985487 ",127.35272846,37.86910222
"2014","2014080620","14","야간","수",1,2,0,1,0,"전북","익산시","차대사람","길가장자리구역통행중","길가장자리구역통행중","운전자법규위반","안전운전 의무 불이행","단일로","기타단일로","화물차","소형","보행자","보행자","963054  ","1784009 ",127.0859919,36.05868696
"2014","2014070204","15","야간","수",1,1,0,0,0,"서울","서대문구","차대사람","횡단중","횡단중","운전자법규위반","안전운전 의무 불이행","단일로","횡단보도상","승합차","중형","보행자","보행자","949718  ","1951680 ",126.93065815,37.56310772
"2014","2014112322","36","야간","일",1,1,0,0,0,"충북","단양군","차대사람","기타","기타","운전자법규위반","안전운전 의무 불이행","단일로","기타단일로","승용차","중형","보행자","보행자","1070424 ","1888824 ",128.29143758,36.99525799
"2014","2014061110","40","주간","수",1,2,1,0,0,"전남","함평군","차량단독","공작물충돌","공작물충돌","운전자법규위반","안전운전 의무 불이행","단일로","기타단일로","승용차","중형","00","00","907175  ","1682671 ",126.48110052,35.13497091
"2014","2014091108","40","주간","목",2,3,1,0,0,"전북","완주군","차량단독","공작물충돌","공작물충돌","운전자법규위반","안전운전 의무 불이행","단일로","기타단일로","승용차","중형","00","00","968636  ","1766592 ",127.15246344,35.89543934
"2014","2014112406","25","주간","월",1,4,1,2,0,"경남","진주시","차대차","기타","기타","운전자법규위반","안전운전 의무 불이행","단일로","기타단일로","승용차","대형","화물차","소형","1047519 ","1689668 ",128.02202545,35.20122237
"2014","2014112111","55","주간","금",1,4,1,2,0,"경북","경주시","차대차","추돌","진행중 추돌","운전자법규위반","안전운전 의무 불이행","단일로","기타단일로","화물차","대형","화물차","대형","1147159 ","1759756 ",129.12908766,35.823266
"2014","2014061100","00","야간","수",1,1,0,0,0,"충남","천안시","차대사람","횡단중","횡단중","운전자법규위반","안전운전 의무 불이행","교차로","교차로내","승용차","중형","보행자","보행자","967414  ","1881331 ",127.13410354,36.92978739
"2014","2014060917","30","주간","월",1,2,1,0,0,"경북","청도군","차대차","기타","기타","운전자법규위반","앞지르기 금지위반","교차로","교차로내","원동기장치자전거","원동기장치자전거","승합차","소형","1115735 ","1731235 ",128.77719759,35.57038506
"2014","2014060920","15","야간","월",1,1,0,0,0,"전북","군산시","차대차","추돌","주정차중 추돌","운전자법규위반","안전운전 의무 불이행","단일로","기타단일로","승합차","대형","농기계","농기계","941757  ","1771949 ",126.85424463,35.94250422
"2014","2014061004","00","야간","화",1,1,0,0,0,"부산","동래구","차대사람","기타","기타","운전자법규위반","안전운전 의무 불이행","교차로","교차로부근","승용차","중형","보행자","보행자","1146723 ","1690000 ",129.11164751,35.19461518
"2014","2014060621","25","야간","금",1,1,0,0,0,"강원","원주시","차대사람","횡단중","횡단중","운전자법규위반","안전운전 의무 불이행","단일로","기타단일로","승용차","중형","보행자","보행자","1035763 ","1918587 ",127.90334539,37.26549989
"2014","2014050813","42","주간","목",1,1,0,0,0,"경남","진주시","차대차","정면충돌","정면충돌","운전자법규위반","중앙선 침범","단일로","기타단일로","이륜차","소형","화물차","소형","1052043 ","1690204 ",128.07175614,35.20583087
"2014","2014051705","07","야간","토",1,2,0,1,0,"부산","강서구","차대차","추돌","주정차중 추돌","운전자법규위반","안전운전 의무 불이행","단일로","기타단일로","승용차","중형","특수차","대형","1121691 ","1675755 ",128.83466473,35.06954662
"2014","2014051922","04","야간","월",1,1,0,0,0,"경기","평택시","차대사람","기타","기타","운전자법규위반","안전운전 의무 불이행","단일로","기타단일로","화물차","대형","보행자","보행자","967566  ","1888396 ",127.13550682,36.9934787
"2014","2014051322","13","야간","화",1,1,0,0,0,"충북","영동군","차량단독","공작물충돌","공작물충돌","운전자법규위반","안전운전 의무 불이행","단일로","기타단일로","화물차","대형","00","00","1028287 ","1808668 ",127.81495107,36.2748769
"2014","2014061601","50","야간","월",1,2,1,0,0,"경북","포항시","차량단독","기타","기타","운전자법규위반","안전운전 의무 불이행","교차로","교차로내","원동기장치자전거","원동기장치자전거","00","00","1169124 ","1780682 ",129.37658665,36.00829428
"2014","2014061604","20","야간","월",1,2,1,0,0,"대구","달서구","차량단독","공작물충돌","공작물충돌","운전자법규위반","안전운전 의무 불이행","단일로","기타단일로","이륜차","중형","00","00","1088568 ","1762268 ",128.48086251,35.85295275
"2014","2014061415","08","주간","토",1,1,0,0,0,"경북","구미시","차량단독","전도전복","전도전복","운전자법규위반","안전운전 의무 불이행","단일로","기타단일로","이륜차","소형","00","00","1090558 ","1791173 ",128.50465588,36.1141526
"2014","2014062420","00","야간","화",1,1,0,0,0,"전북","김제시","차대사람","횡단중","횡단중","운전자법규위반","보행자 보호의무 위반","단일로","횡단보도상","승용차","대형","보행자","보행자","954958  ","1764521 ",126.99911345,35.87681157
"2014","2014062511","40","주간","수",1,1,0,0,0,"전남","화순군","차대차","측면직각충돌","측면직각충돌","운전자법규위반","중앙선 침범","단일로","기타단일로","화물차","소형","건설기계","건설기계","951798  ","1665060 ",126.97190402,34.97930138
"2014","2014062511","50","주간","수",2,8,2,3,1,"대구","중구","차대사람","횡단중","횡단중","운전자법규위반","중앙선 침범","교차로","교차로내","승용차","대형","보행자","보행자","1099886 ","1764162 ",128.60642327,35.86893767
"2014","2014062500","15","야간","수",1,2,1,0,0,"경기","양주시","차대차","정면충돌","정면충돌","운전자법규위반","중앙선 침범","교차로","교차로부근","승용차","대형","이륜차","소형","955180  ","1984392 ",126.99048714,37.85822262
"2014","2014062423","30","야간","화",1,1,0,0,0,"전남","완도군","차대사람","차도통행중","차도통행중","운전자법규위반","과속","교차로","교차로부근","승용차","중형","보행자","보행자","933803  ","1593708 ",126.78034807,34.33488639
"2014","2014051010","07","주간","토",1,1,0,0,0,"경기","고양시","차대차","측면직각충돌","측면직각충돌","운전자법규위반","안전운전 의무 불이행","단일로","기타단일로","이륜차","중형","승용차","대형","932979  ","1966447 ",126.73978173,37.69513181
"2014","2014051807","05","주간","일",1,1,0,0,0,"경남","의령군","차대차","측면직각충돌","측면직각충돌","운전자법규위반","직진 및 우회전차의 통행방해","교차로","교차로내","승용차","중형","이륜차","소형","1078881 ","1705419 ",128.36804188,35.34125817
"2014","2014051403","40","야간","수",1,2,0,1,0,"제주","제주시","차량단독","공작물충돌","공작물충돌","운전자법규위반","안전운전 의무 불이행","단일로","기타단일로","이륜차","중형","00","00","909508  ","1500469 ",126.52587232,33.4922456
"2014","2014051411","40","주간","수",1,1,0,0,0,"전북","진안군","차대사람","길가장자리구역통행중","길가장자리구역통행중","운전자법규위반","안전운전 의무 불이행","단일로","기타단일로","건설기계","건설기계","보행자","보행자","981775  ","1743181 ",127.29858559,35.68469404
"2014","2014052505","06","야간","일",1,1,0,0,0,"경기","안산시","차대사람","횡단중","횡단중","운전자법규위반","신호위반","교차로","교차로내","화물차","대형","보행자","보행자","942143  ","1920539 ",126.8473322,37.28198299
"2014","2014052222","02","야간","목",1,1,0,0,0,"경기","양평군","차대차","정면충돌","정면충돌","운전자법규위반","중앙선 침범","단일로","기타단일로","이륜차","소형","승합차","중형","988627  ","1947366 ",127.37128791,37.52552572
"2014","2014052007","30","주간","화",1,1,0,0,0,"서울","성북구","차대사람","횡단중","횡단중","운전자법규위반","안전운전 의무 불이행","단일로","기타단일로","화물차","소형","보행자","보행자","960358  ","1957481 ",127.05106706,37.61572477
"2014","2014052215","33","주간","목",1,1,0,0,0,"경기","고양시","차대차","기타","기타","운전자법규위반","안전운전 의무 불이행","교차로","교차로부근","화물차","대형","원동기장치자전거","원동기장치자전거","943119  ","1964201 ",126.85496766,37.67557443
"2014","2014052217","05","주간","목",1,2,1,0,0,"경남","함양군","차대차","정면충돌","정면충돌","운전자법규위반","중앙선 침범","단일로","기타단일로","화물차","소형","이륜차","사발이","1019778 ","1724647 ",127.71812342,35.5175527
"2014","2014053110","16","주간","토",1,1,0,0,0,"인천","남구","차대사람","기타","기타","운전자법규위반","안전운전 의무 불이행","단일로","기타단일로","승합차","대형","보행자","보행자","929145  ","1936759 ",126.69899999,37.42692212
"2014","2014052915","10","주간","목",1,1,0,0,0,"부산","강서구","차대차","측면직각충돌","측면직각충돌","운전자법규위반","안전운전 의무 불이행","단일로","기타단일로","화물차","소형","자전거","자전거","1130445 ","1691463 ",128.93284706,35.20958508
"2014","2014052704","30","야간","화",1,1,0,0,0,"경기","의정부시","차대사람","기타","기타","운전자법규위반","안전운전 의무 불이행","단일로","기타단일로","승용차","경형","보행자","보행자","963672  ","1970073 ",127.08773921,37.72954387
"2014","2014052704","55","야간","화",1,1,0,0,0,"서울","강남구","차대사람","횡단중","횡단중","운전자법규위반","안전운전 의무 불이행","단일로","기타단일로","승용차","소형","보행자","보행자","958125  ","1944706 ",127.02624489,37.50066957
"2014","2014061713","25","주간","화",1,1,0,0,0,"경기","이천시","차량단독","기타","기타","운전자법규위반","안전운전 의무 불이행","기타/불명","기타/불명","이륜차","소형","00","00","995198  ","1918366 ",127.44584249,37.26418248
"2014","2014061814","25","주간","수",1,1,0,0,0,"경북","예천군","차대차","추돌","진행중 추돌","운전자법규위반","안전운전 의무 불이행","단일로","기타단일로","승합차","소형","농기계","농기계","1079944 ","1839308 ",128.39322088,36.54817549
"2014","2014061410","23","주간","토",1,1,0,0,0,"광주","광산구","차대차","기타","기타","운전자법규위반","안전운전 의무 불이행","단일로","기타단일로","화물차","소형","이륜차","소형","931273  ","1681505 ",126.74568673,35.12639293
"2014","2014062413","50","주간","화",1,1,0,0,0,"경남","양산시","차대차","측면직각충돌","측면직각충돌","운전자법규위반","신호위반","교차로","교차로내","원동기장치자전거","원동기장치자전거","승용차","중형","1140124 ","1707618 ",129.04219398,35.35436253
"2014","2014062520","45","야간","수",1,1,0,0,0,"경기","남양주시","차대차","기타","기타","운전자법규위반","안전운전 의무 불이행","단일로","기타단일로","승용차","소형","자전거","자전거","970551  ","1958753 ",127.16626013,37.62776116
"2014","2014062522","10","야간","수",1,1,0,0,0,"경기","수원시","차대사람","횡단중","횡단중","운전자법규위반","안전운전 의무 불이행","교차로","교차로부근","승용차","중형","보행자","보행자","958961  ","1918662 ",127.03714789,37.26595825
"2014","2014062611","20","주간","목",1,1,0,0,0,"충북","영동군","차량단독","기타","기타","운전자법규위반","안전운전 의무 불이행","단일로","기타단일로","원동기장치자전거","원동기장치자전거","00","00","1016659 ","1788346 ",127.68505281,36.09193234
"2014","2014062215","30","주간","일",1,2,0,1,0,"서울","중랑구","차대차","기타","기타","운전자법규위반","안전운전 의무 불이행","단일로","기타단일로","승용차","소형","화물차","소형","962816  ","1956374 ",127.0787238,37.60603815
"2014","2014062317","48","주간","월",1,1,0,0,0,"울산","중구","차량단독","전도전복","전도전복","운전자법규위반","안전운전 의무 불이행","단일로","기타단일로","자전거","자전거","00","00","1163578 ","1730186 ",129.30475865,35.55418326
"2014","2014062406","50","주간","화",1,1,0,0,0,"대구","동구","차대사람","기타","기타","운전자법규위반","안전운전 의무 불이행","교차로","교차로내","승합차","소형","보행자","보행자","1102662 ","1767085 ",128.63754402,35.89499948
"2014","2014062012","14","주간","금",1,1,0,0,0,"충남","천안시","차량단독","전도전복","전도전복","운전자법규위반","안전운전 의무 불이행","단일로","기타단일로","이륜차","소형","00","00","981460  ","1865711 ",127.29220129,36.78936072
"2014","2014051912","40","주간","월",1,1,0,0,0,"충남","홍성군","차량단독","주/정차차량 충돌","주/정차차량 충돌","운전자법규위반","안전운전 의무 불이행","단일로","기타단일로","이륜차","소형","화물차","소형","921147  ","1834142 ",126.61949556,36.50169942
"2014","2014051418","30","야간","수",1,1,0,0,0,"경남","사천시","차대차","기타","기타","운전자법규위반","안전운전 의무 불이행","단일로","기타단일로","승용차","중형","승용차","소형","1055871 ","1679045 ",128.11305406,35.10500773
"2014","2014051505","28","야간","목",1,1,0,0,0,"서울","성북구","차대사람","기타","기타","운전자법규위반","과속","단일로","기타단일로","승용차","중형","보행자","보행자","958143  ","1956256 ",127.02578936,37.60477374
"2014","2014052523","50","야간","일",1,1,0,0,0,"서울","은평구","차대사람","기타","기타","운전자법규위반","안전운전 의무 불이행","단일로","횡단보도상","승합차","대형","보행자","보행자","947159  ","1953370 ",126.9015622,37.57819652
"2014","2014052420","00","야간","토",1,2,0,1,0,"전북","정읍시","차대차","기타","기타","운전자법규위반","안전운전 의무 불이행","단일로","기타단일로","승용차","중형","농기계","농기계","942554  ","1742857 ",126.8704759,35.68592152
"2014","2014052422","05","야간","토",1,1,0,0,0,"경북","영천시","차대사람","횡단중","횡단중","운전자법규위반","과속","기타/불명","기타/불명","승용차","중형","보행자","보행자","1129746 ","1775360 ",128.93892276,35.96636677
"2014","2014052403","40","야간","토",1,1,0,0,0,"전남","목포시","차량단독","공작물충돌","공작물충돌","운전자법규위반","안전운전 의무 불이행","교차로","교차로부근","승용차","중형","00","00","900756  ","1645704 ",126.41505629,34.80106874
"2014","2014052015","10","주간","화",1,3,1,1,0,"전남","무안군","차대차","기타","기타","운전자법규위반","중앙선 침범","단일로","기타단일로","승용차","소형","화물차","대형","901995  ","1669485 ",126.42580987,35.01559804
"2014","2014052004","50","야간","화",1,1,0,0,0,"전남","고흥군","차대사람","횡단중","횡단중","운전자법규위반","보행자 보호의무 위반","단일로","횡단보도상","승용차","소형","보행자","보행자","966984  ","1615421 ",127.1402234,34.5322851
"2014","2014052118","10","야간","수",1,1,0,0,0,"전북","정읍시","차대차","기타","기타","운전자법규위반","안전운전 의무 불이행","단일로","기타단일로","승용차","소형","자전거","자전거","942260  ","1732824 ",126.86264155,35.5897935
"2014","2014052306","55","주간","금",1,10,1,3,5,"경기","안산시","차대차","추돌","진행중 추돌","운전자법규위반","안전운전 의무 불이행","단일로","기타단일로","승용차","중형","승합차","대형","936796  ","1925825 ",126.78656836,37.32927918
"2014","2014053012","30","주간","금",1,2,1,0,0,"전남","영암군","차대사람","기타","기타","운전자법규위반","안전운전 의무 불이행","단일로","기타단일로","승용차","중형","보행자","보행자","920615  ","1651518 ",126.63158152,34.85523332
"2014","2014052613","15","주간","월",1,1,0,0,0,"인천","서구","차대사람","기타","기타","운전자법규위반","안전운전 의무 불이행","단일로","기타단일로","건설기계","건설기계","보행자","보행자","927002  ","1947329 ",126.67389895,37.52237316
"2014","2014060510","50","주간","목",1,1,0,0,0,"경기","부천시","차대사람","기타","기타","운전자법규위반","안전운전 의무 불이행","단일로","기타단일로","건설기계","건설기계","보행자","보행자","937764  ","1942780 ",126.79606585,37.48216217
"2014","2014060712","05","주간","토",1,2,0,0,1,"강원","정선군","차량단독","기타","기타","운전자법규위반","기타(운전자법규위반)","단일로","기타단일로","승용차","대형","00","00","1121870 ","1912058 ",128.87325236,37.19937386
"2014","2014060515","15","주간","목",1,1,0,0,0,"전북","고창군","차량단독","공작물충돌","공작물충돌","운전자법규위반","안전운전 의무 불이행","교차로","교차로내","화물차","중형","00","00","924289  ","1711178 ",126.66630512,35.3934264
"2014","2014060310","51","주간","화",1,1,0,0,0,"전남","영광군","차대차","기타","기타","운전자법규위반","안전운전 의무 불이행","단일로","기타단일로","화물차","중형","자전거","자전거","910407  ","1695663 ",126.51515932,35.25239748
"2014","2014060115","30","주간","일",1,2,1,0,0,"대전","동구","차량단독","도로이탈","도로이탈 추락","운전자법규위반","안전운전 의무 불이행","단일로","기타단일로","농기계","농기계","00","00","998727  ","1820984 ",127.48580603,36.38632499
"2014","2014060104","20","야간","일",1,1,0,0,0,"경북","포항시","차대사람","차도통행중","차도통행중","운전자법규위반","안전운전 의무 불이행","단일로","기타단일로","승용차","중형","보행자","보행자","1169210 ","1786206 ",129.37872258,36.05805632
"2014","2014061715","12","주간","화",1,1,0,0,0,"경기","양평군","차대사람","횡단중","횡단중","운전자법규위반","안전운전 의무 불이행","단일로","기타단일로","승용차","소형","보행자","보행자","1000212 ","1943771 ",127.50239824,37.49319175
"2014","2014061908","55","주간","목",1,1,0,0,0,"강원","춘천시","차량단독","전도전복","전도전복","운전자법규위반","안전운전 의무 불이행","단일로","기타단일로","농기계","농기계","00","00","1018107 ","1970293 ",127.70549085,37.73206857
"2014","2014061816","38","주간","수",1,1,0,0,0,"전남","여수시","차량단독","공작물충돌","공작물충돌","운전자법규위반","안전운전 의무 불이행","단일로","기타단일로","화물차","소형","00","00","1012468 ","1640708 ",127.63623778,34.76077612
"2014","2014061920","48","야간","목",1,1,0,0,0,"경기","평택시","차대사람","보도통행중","보도통행중","운전자법규위반","신호위반","단일로","횡단보도상","화물차","소형","보행자","보행자","947126  ","1880495 ",126.90636431,36.92133148
"2014","2014061503","35","야간","일",2,2,0,0,0,"서울","송파구","차량단독","공작물충돌","공작물충돌","운전자법규위반","안전운전 의무 불이행","교차로","교차로부근","원동기장치자전거","원동기장치자전거","00","00","967942  ","1944230 ",127.13732846,37.49677236
"2014","2014061618","27","야간","월",1,4,1,2,0,"강원","철원군","차대차","측면직각충돌","측면직각충돌","운전자법규위반","교차로 통행방법 위반","교차로","교차로내","승용차","소형","승용차","중형","986642  ","2025339 ",127.34737988,38.22827421
"2014","2014061511","33","주간","일",1,1,0,0,0,"서울","양천구","차대차","측면직각충돌","측면직각충돌","운전자법규위반","중앙선 침범","단일로","기타단일로","자전거","자전거","승용차","중형","942874  ","1946817 ",126.8535465,37.51887823
"2014","2014050921","13","야간","금",1,1,0,0,0,"서울","동대문구","차대사람","횡단중","횡단중","운전자법규위반","안전운전 의무 불이행","단일로","기타단일로","승용차","중형","보행자","보행자","960826  ","1954402 ",127.05625446,37.58824077
"2014","2014051101","50","야간","일",1,2,1,0,0,"충남","천안시","차대차","추돌","진행중 추돌","운전자법규위반","안전운전 의무 불이행","단일로","기타단일로","승용차","중형","자전거","자전거","969234  ","1869822 ",127.15500629,36.82610126
"2014","2014050815","55","주간","목",1,1,0,0,0,"경기","화성시","차대사람","기타","기타","운전자법규위반","안전운전 의무 불이행","교차로","교차로내","화물차","중형","보행자","보행자","946042  ","1916723 ",126.8915901,37.24782175
"2014","2014051715","17","주간","토",1,2,0,1,0,"전남","보성군","차대차","추돌","진행중 추돌","운전자법규위반","안전운전 의무 불이행","단일로","기타단일로","화물차","대형","농기계","농기계","968550  ","1642551 ",127.1562794,34.77698688
"2014","2014051900","40","야간","월",1,1,0,0,0,"인천","남동구","차대차","측면직각충돌","측면직각충돌","운전자법규위반","중앙선 침범","단일로","기타단일로","승용차","중형","이륜차","중형","932715  ","1934244 ",126.73974131,37.40487354
"2014","2014051419","55","야간","수",1,2,0,1,0,"충남","보령시","차대차","추돌","진행중 추돌","운전자법규위반","안전운전 의무 불이행","단일로","기타단일로","승용차","중형","농기계","농기계","919315  ","1829616 ",126.59951321,36.46074888
"2014","2014051409","02","주간","수",1,1,0,0,0,"서울","도봉구","차대사람","횡단중","횡단중","운전자법규위반","신호위반","교차로","교차로내","승합차","중형","보행자","보행자","958426  ","1960684 ",127.02874356,37.6446969
"2014","2014070203","54","야간","수",1,1,0,0,0,"서울","강동구","차대차","기타","기타","운전자법규위반","안전운전 의무 불이행","단일로","기타단일로","자전거","자전거","승용차","중형","966637  ","1947490 ",127.12241731,37.52610997
"2014","2014070612","50","주간","일",1,1,0,0,0,"경남","진주시","차량단독","전도전복","전도전복","운전자법규위반","안전운전 의무 불이행","단일로","기타단일로","화물차","중형","00","00","1047268 ","1692601 ",128.01943661,35.22768036
"2014","2014070407","30","주간","금",1,1,0,0,0,"경북","상주시","차량단독","전도전복","전도전복","운전자법규위반","안전운전 의무 불이행","단일로","기타단일로","원동기장치자전거","원동기장치자전거","00","00","1059957 ","1823999 ",128.16559652,36.40736094
"2014","2014070222","23","야간","수",1,1,0,0,0,"경남","창원시(통합)","차량단독","공작물충돌","공작물충돌","운전자법규위반","안전운전 의무 불이행","단일로","기타단일로","승용차","대형","00","00","1106148 ","1695616 ",128.66678254,35.25035611
"2014","2014070510","40","주간","토",1,1,0,0,0,"경북","경주시","차대차","측면직각충돌","측면직각충돌","운전자법규위반","신호위반","교차로","교차로내","승합차","대형","원동기장치자전거","원동기장치자전거","1148448 ","1757157 ",129.14286931,35.79964827
"2014","2014070516","30","주간","토",1,1,0,0,0,"경북","의성군","차대사람","기타","기타","운전자법규위반","중앙선 침범","단일로","기타단일로","승용차","중형","보행자","보행자","1111720 ","1805062 ",128.74326592,36.23632128
"2014","2014071218","20","야간","토",1,8,2,5,0,"전북","익산시","차대차","측면직각충돌","측면직각충돌","운전자법규위반","중앙선 침범","단일로","기타단일로","화물차","소형","승용차","소형","957496  ","1775019 ",127.02857631,35.97099435
"2014","2014071504","30","야간","화",2,6,2,2,0,"경북","경산시","차대차","기타","기타","운전자법규위반","중앙선 침범","단일로","기타단일로","승용차","중형","승용차","소형","1112317 ","1757467 ",128.74315019,35.8072416
"2014","2014071020","40","야간","목",1,3,0,2,0,"경남","합천군","차대차","추돌","진행중 추돌","운전자법규위반","안전운전 의무 불이행","단일로","기타단일로","화물차","소형","농기계","농기계","1047968 ","1725622 ",128.02906864,35.52538081
"2014","2014072010","20","주간","일",1,1,0,0,0,"경남","통영시","차량단독","전도전복","전도전복","운전자법규위반","안전운전 의무 불이행","단일로","기타단일로","원동기장치자전거","원동기장치자전거","00","00","1086277 ","1652588 ",128.44391383,34.8643192